  0
SECTION
  2
HEADER
  9
$ANGBASE
  50
0.0
  9
$ANGDIR
  70
1
  9
$MEASUREMENT
  70
0
  0
ENDSEC
  0
SECTION
  2
TABLES
  0
TABLE
  2
LTYPE
  70
4
  0
LTYPE
  5
40F
  2
CONTINUOUS
  70
0
  3
Solid line
  72
65
  73
0
  40
0.0
  0
LTYPE
  5
410
  2
DASHDOT
 70
0
  3
Dash Dot ____ _ ____ _
 72
65
 73
4
 40
2.0
 49
1.25
 49
-0.25
 49
0.25
 49
-0.25
  0
LTYPE
  5
411
  2
DASHED
 70
0
  3
Dashed __ __ __ __ __
 72
65
 73
2
 40
0.75
 49
0.5
 49
-0.25
  0
LTYPE
  5
43B
  2
DOTTED
 70
0
  3
Dotted .  .  .  .
 72
65
 73
2
 40
0.2
 49
0.0
 49
-0.2
  0
ENDTAB
  0
TABLE
  2
STYLE
  70
4
  0
STYLE
  2
KICAD
  70
0
  40
0
  41
1
  42
1
  50
0
  71
0
  3
isocp.shx
  0
STYLE
  2
KICADB
  70
0
  40
0
  41
1
  42
1
  50
0
  71
0
  3
isocp.shx
  0
STYLE
  2
KICADI
  70
0
  40
0
  41
1
  42
1
  50
15
  71
0
  3
isocp.shx
  0
STYLE
  2
KICADBI
  70
0
  40
0
  41
1
  42
1
  50
15
  71
0
  3
isocp.shx
  0
ENDTAB
  0
TABLE
  2
LAYER
  70
1
  0
LAYER
  2
BLACK
  70
0
  62
7
  6
CONTINUOUS
  0
ENDTAB
  0
ENDSEC
  0
SECTION
  2
ENTITIES
0
LINE
8
BLACK
6
CONTINUOUS
10
0.4022619291338583
20
0.3818979921259842
11
0.4029527559055118
21
0.38
0
LINE
8
BLACK
6
CONTINUOUS
10
0.4029527559055118
20
0.38
11
0.4029527559055118
21
0.34
0
LINE
8
BLACK
6
CONTINUOUS
10
0.4029527559055118
20
0.34
11
0.4028851181102362
21
0.3396164566929134
0
LINE
8
BLACK
6
CONTINUOUS
10
0.4028851181102362
20
0.3396164566929134
11
0.4029079133858268
21
0.3394872440944882
0
LINE
8
BLACK
6
CONTINUOUS
10
0.4029079133858268
20
0.3394872440944882
11
0.4028422834645669
21
0.3393736220472441
0
LINE
8
BLACK
6
CONTINUOUS
10
0.4028422834645669
20
0.3393736220472441
11
0.4027746850393701
21
0.3389900787401575
0
LINE
8
BLACK
6
CONTINUOUS
10
0.4027746850393701
20
0.3389900787401575
11
0.4022815354330709
21
0.3384023622047244
0
LINE
8
BLACK
6
CONTINUOUS
10
0.4022815354330709
20
0.3384023622047244
11
0.4018979921259843
21
0.3377380708661417
0
LINE
8
BLACK
6
CONTINUOUS
10
0.4018979921259843
20
0.3377380708661417
11
0.4016476377952756
21
0.3376469291338582
0
LINE
8
BLACK
6
CONTINUOUS
10
0.4016476377952756
20
0.3376469291338582
11
0.4014763779527559
21
0.3374428346456693
0
LINE
8
BLACK
6
CONTINUOUS
10
0.4014763779527559
20
0.3374428346456693
11
0.4007207874015748
21
0.3373095669291338
0
LINE
8
BLACK
6
CONTINUOUS
10
0.4007207874015748
20
0.3373095669291338
11
0.4
21
0.3370472440944882
0
LINE
8
BLACK
6
CONTINUOUS
10
0.4
20
0.3370472440944882
11
0.3474855118110236
21
0.3370472440944882
0
LINE
8
BLACK
6
CONTINUOUS
10
0.3474855118110236
20
0.3370472440944882
11
0.3479527559055118
21
0.335
0
LINE
8
BLACK
6
CONTINUOUS
10
0.3479527559055118
20
0.335
11
0.3471651968503937
21
0.3315494094488189
0
LINE
8
BLACK
6
CONTINUOUS
10
0.3471651968503937
20
0.3315494094488189
11
0.3449584645669291
21
0.3287822834645669
0
LINE
8
BLACK
6
CONTINUOUS
10
0.3449584645669291
20
0.3287822834645669
11
0.3417696456692914
21
0.3272466535433071
0
LINE
8
BLACK
6
CONTINUOUS
10
0.3417696456692914
20
0.3272466535433071
11
0.3382303543307086
21
0.3272466535433071
0
LINE
8
BLACK
6
CONTINUOUS
10
0.3382303543307086
20
0.3272466535433071
11
0.3350415354330709
21
0.3287822834645669
0
LINE
8
BLACK
6
CONTINUOUS
10
0.3350415354330709
20
0.3287822834645669
11
0.3328348031496063
21
0.3315494094488189
0
LINE
8
BLACK
6
CONTINUOUS
10
0.3328348031496063
20
0.3315494094488189
11
0.3320472440944882
21
0.335
0
LINE
8
BLACK
6
CONTINUOUS
10
0.3320472440944882
20
0.335
11
0.3328348031496063
21
0.3384505905511811
0
LINE
8
BLACK
6
CONTINUOUS
10
0.3328348031496063
20
0.3384505905511811
11
0.3350415354330709
21
0.341217716535433
0
LINE
8
BLACK
6
CONTINUOUS
10
0.3350415354330709
20
0.341217716535433
11
0.3370472440944882
21
0.3421835826771654
0
LINE
8
BLACK
6
CONTINUOUS
10
0.3370472440944882
20
0.3421835826771654
11
0.3370472440944882
21
0.38
0
LINE
8
BLACK
6
CONTINUOUS
10
0.3370472440944882
20
0.38
11
0.3372253149606299
21
0.3810099212598425
0
LINE
8
BLACK
6
CONTINUOUS
10
0.3372253149606299
20
0.3810099212598425
11
0.3385236220472441
21
0.3825571653543307
0
LINE
8
BLACK
6
CONTINUOUS
10
0.3385236220472441
20
0.3825571653543307
11
0.3405127559055118
21
0.3829079133858267
0
LINE
8
BLACK
6
CONTINUOUS
10
0.3405127559055118
20
0.3829079133858267
11
0.3422619291338583
21
0.3818979921259842
0
LINE
8
BLACK
6
CONTINUOUS
10
0.3422619291338583
20
0.3818979921259842
11
0.3429527559055118
21
0.38
0
LINE
8
BLACK
6
CONTINUOUS
10
0.3429527559055118
20
0.38
11
0.3429527559055118
21
0.3733351181102362
0
LINE
8
BLACK
6
CONTINUOUS
10
0.3429527559055118
20
0.3733351181102362
11
0.3441899606299212
21
0.3738475984251968
0
LINE
8
BLACK
6
CONTINUOUS
10
0.3441899606299212
20
0.3738475984251968
11
0.3638899606299212
21
0.3738475984251968
0
LINE
8
BLACK
6
CONTINUOUS
10
0.3638899606299212
20
0.3738475984251968
11
0.3654102362204724
21
0.373217874015748
0
LINE
8
BLACK
6
CONTINUOUS
10
0.3654102362204724
20
0.373217874015748
11
0.3660399606299212
21
0.3716975984251968
0
LINE
8
BLACK
6
CONTINUOUS
10
0.3660399606299212
20
0.3716975984251968
11
0.3654102362204724
21
0.3701773228346457
0
LINE
8
BLACK
6
CONTINUOUS
10
0.3654102362204724
20
0.3701773228346457
11
0.3638899606299212
21
0.3695475984251969
0
LINE
8
BLACK
6
CONTINUOUS
10
0.3638899606299212
20
0.3695475984251969
11
0.355720905511811
21
0.3695475984251969
0
LINE
8
BLACK
6
CONTINUOUS
10
0.355720905511811
20
0.3695475984251969
11
0.355720905511811
21
0.3651309448818897
0
LINE
8
BLACK
6
CONTINUOUS
10
0.355720905511811
20
0.3651309448818897
11
0.3550911811023622
21
0.3636106692913386
0
LINE
8
BLACK
6
CONTINUOUS
10
0.3550911811023622
20
0.3636106692913386
11
0.353570905511811
21
0.3629809448818898
0
LINE
8
BLACK
6
CONTINUOUS
10
0.353570905511811
20
0.3629809448818898
11
0.3520506299212598
21
0.3636106692913386
0
LINE
8
BLACK
6
CONTINUOUS
10
0.3520506299212598
20
0.3636106692913386
11
0.351420905511811
21
0.3651309448818897
0
LINE
8
BLACK
6
CONTINUOUS
10
0.351420905511811
20
0.3651309448818897
11
0.351420905511811
21
0.3695475984251969
0
LINE
8
BLACK
6
CONTINUOUS
10
0.351420905511811
20
0.3695475984251969
11
0.3463399606299212
21
0.3695475984251969
0
LINE
8
BLACK
6
CONTINUOUS
10
0.3463399606299212
20
0.3695475984251969
11
0.3463399606299212
21
0.3623166535433071
0
LINE
8
BLACK
6
CONTINUOUS
10
0.3463399606299212
20
0.3623166535433071
11
0.3457102362204724
21
0.3607963779527559
0
LINE
8
BLACK
6
CONTINUOUS
10
0.3457102362204724
20
0.3607963779527559
11
0.3441899606299212
21
0.3601666535433071
0
LINE
8
BLACK
6
CONTINUOUS
10
0.3441899606299212
20
0.3601666535433071
11
0.3429527559055118
21
0.360679094488189
0
LINE
8
BLACK
6
CONTINUOUS
10
0.3429527559055118
20
0.360679094488189
11
0.3429527559055118
21
0.3429527559055118
0
LINE
8
BLACK
6
CONTINUOUS
10
0.3429527559055118
20
0.3429527559055118
11
0.3970472440944882
21
0.3429527559055118
0
LINE
8
BLACK
6
CONTINUOUS
10
0.3970472440944882
20
0.3429527559055118
11
0.3970472440944882
21
0.38
0
LINE
8
BLACK
6
CONTINUOUS
10
0.3970472440944882
20
0.38
11
0.3972253149606299
21
0.3810099212598425
0
LINE
8
BLACK
6
CONTINUOUS
10
0.3972253149606299
20
0.3810099212598425
11
0.3985236220472441
21
0.3825571653543307
0
LINE
8
BLACK
6
CONTINUOUS
10
0.3985236220472441
20
0.3825571653543307
11
0.4005127559055118
21
0.3829079133858267
0
LINE
8
BLACK
6
CONTINUOUS
10
0.4005127559055118
20
0.3829079133858267
11
0.4022619291338583
21
0.3818979921259842
0
LINE
8
BLACK
6
CONTINUOUS
10
0.3384331102362205
20
0.3334331102362205
11
0.34
21
0.332784094488189
0
LINE
8
BLACK
6
CONTINUOUS
10
0.34
20
0.332784094488189
11
0.3415668897637795
21
0.3334331102362205
0
LINE
8
BLACK
6
CONTINUOUS
10
0.3415668897637795
20
0.3334331102362205
11
0.342215905511811
21
0.335
0
LINE
8
BLACK
6
CONTINUOUS
10
0.342215905511811
20
0.335
11
0.3415668897637795
21
0.3365668897637795
0
LINE
8
BLACK
6
CONTINUOUS
10
0.3415668897637795
20
0.3365668897637795
11
0.3404072047244094
21
0.3370472440944882
0
LINE
8
BLACK
6
CONTINUOUS
10
0.3404072047244094
20
0.3370472440944882
11
0.34
21
0.3370472440944882
0
LINE
8
BLACK
6
CONTINUOUS
10
0.34
20
0.3370472440944882
11
0.3397143700787402
21
0.3370975984251968
0
LINE
8
BLACK
6
CONTINUOUS
10
0.3397143700787402
20
0.3370975984251968
11
0.3384331102362205
21
0.3365668897637795
0
LINE
8
BLACK
6
CONTINUOUS
10
0.3384331102362205
20
0.3365668897637795
11
0.337784094488189
21
0.335
0
LINE
8
BLACK
6
CONTINUOUS
10
0.337784094488189
20
0.335
11
0.3384331102362205
21
0.3334331102362205
0
LINE
8
BLACK
6
CONTINUOUS
10
0.3654102362204724
20
0.3910416929133858
11
0.3660399606299212
21
0.3895214173228346
0
LINE
8
BLACK
6
CONTINUOUS
10
0.3660399606299212
20
0.3895214173228346
11
0.3654102362204724
21
0.3880011417322834
0
LINE
8
BLACK
6
CONTINUOUS
10
0.3654102362204724
20
0.3880011417322834
11
0.3638899606299212
21
0.3873714173228346
0
LINE
8
BLACK
6
CONTINUOUS
10
0.3638899606299212
20
0.3873714173228346
11
0.3535233464566929
21
0.3873714173228346
0
LINE
8
BLACK
6
CONTINUOUS
10
0.3535233464566929
20
0.3873714173228346
11
0.3534616535433071
21
0.3873097244094488
0
LINE
8
BLACK
6
CONTINUOUS
10
0.3534616535433071
20
0.3873097244094488
11
0.3529066141732283
21
0.3861996062992126
0
LINE
8
BLACK
6
CONTINUOUS
10
0.3529066141732283
20
0.3861996062992126
11
0.3529066141732283
21
0.3844004330708661
0
LINE
8
BLACK
6
CONTINUOUS
10
0.3529066141732283
20
0.3844004330708661
11
0.3532972047244095
21
0.3836191732283464
0
LINE
8
BLACK
6
CONTINUOUS
10
0.3532972047244095
20
0.3836191732283464
11
0.3540784645669292
21
0.3832285826771654
0
LINE
8
BLACK
6
CONTINUOUS
10
0.3540784645669292
20
0.3832285826771654
11
0.3638899606299212
21
0.3832285826771654
0
LINE
8
BLACK
6
CONTINUOUS
10
0.3638899606299212
20
0.3832285826771654
11
0.3654102362204724
21
0.3825988582677165
0
LINE
8
BLACK
6
CONTINUOUS
10
0.3654102362204724
20
0.3825988582677165
11
0.3660399606299212
21
0.3810785826771653
0
LINE
8
BLACK
6
CONTINUOUS
10
0.3660399606299212
20
0.3810785826771653
11
0.3654102362204724
21
0.3795583070866141
0
LINE
8
BLACK
6
CONTINUOUS
10
0.3654102362204724
20
0.3795583070866141
11
0.3638899606299212
21
0.3789285826771653
0
LINE
8
BLACK
6
CONTINUOUS
10
0.3638899606299212
20
0.3789285826771653
11
0.353570905511811
21
0.3789285826771653
0
LINE
8
BLACK
6
CONTINUOUS
10
0.353570905511811
20
0.3789285826771653
11
0.3531085433070866
21
0.3791200787401575
0
LINE
8
BLACK
6
CONTINUOUS
10
0.3531085433070866
20
0.3791200787401575
11
0.3526094094488189
21
0.3791555511811023
0
LINE
8
BLACK
6
CONTINUOUS
10
0.3526094094488189
20
0.3791555511811023
11
0.3507332283464567
21
0.3800936220472441
0
LINE
8
BLACK
6
CONTINUOUS
10
0.3507332283464567
20
0.3800936220472441
11
0.3502865748031496
21
0.3806085826771654
0
LINE
8
BLACK
6
CONTINUOUS
10
0.3502865748031496
20
0.3806085826771654
11
0.3497716929133858
21
0.3810551574803149
0
LINE
8
BLACK
6
CONTINUOUS
10
0.3497716929133858
20
0.3810551574803149
11
0.3488335826771654
21
0.3829313779527559
0
LINE
8
BLACK
6
CONTINUOUS
10
0.3488335826771654
20
0.3829313779527559
11
0.3487981102362205
21
0.3834305118110236
0
LINE
8
BLACK
6
CONTINUOUS
10
0.3487981102362205
20
0.3834305118110236
11
0.3486066141732284
21
0.383892874015748
0
LINE
8
BLACK
6
CONTINUOUS
10
0.3486066141732284
20
0.383892874015748
11
0.3486066141732284
21
0.3867071653543307
0
LINE
8
BLACK
6
CONTINUOUS
10
0.3486066141732284
20
0.3867071653543307
11
0.3487981102362205
21
0.3871695275590551
0
LINE
8
BLACK
6
CONTINUOUS
10
0.3487981102362205
20
0.3871695275590551
11
0.3488336220472441
21
0.3876687007874016
0
LINE
8
BLACK
6
CONTINUOUS
10
0.3488336220472441
20
0.3876687007874016
11
0.3491291732283465
21
0.3882598031496063
0
LINE
8
BLACK
6
CONTINUOUS
10
0.3491291732283465
20
0.3882598031496063
11
0.3486066141732284
21
0.3895214173228346
0
LINE
8
BLACK
6
CONTINUOUS
10
0.3486066141732284
20
0.3895214173228346
11
0.3492363385826772
21
0.3910416929133858
0
LINE
8
BLACK
6
CONTINUOUS
10
0.3492363385826772
20
0.3910416929133858
11
0.3507566141732283
21
0.3916714173228346
0
LINE
8
BLACK
6
CONTINUOUS
10
0.3507566141732283
20
0.3916714173228346
11
0.3638899606299212
21
0.3916714173228346
0
LINE
8
BLACK
6
CONTINUOUS
10
0.3638899606299212
20
0.3916714173228346
11
0.3654102362204724
21
0.3910416929133858
0
LINE
8
BLACK
6
CONTINUOUS
10
0.3732102362204724
20
0.3982369291338583
11
0.3738399606299213
21
0.3967166535433071
0
LINE
8
BLACK
6
CONTINUOUS
10
0.3738399606299213
20
0.3967166535433071
11
0.3738399606299213
21
0.3868438188976378
0
LINE
8
BLACK
6
CONTINUOUS
10
0.3738399606299213
20
0.3868438188976378
11
0.390543031496063
21
0.3940023228346456
0
LINE
8
BLACK
6
CONTINUOUS
10
0.390543031496063
20
0.3940023228346456
11
0.3921884251968504
21
0.3940224015748031
0
LINE
8
BLACK
6
CONTINUOUS
10
0.3921884251968504
20
0.3940224015748031
11
0.3933661023622047
21
0.3928731102362205
0
LINE
8
BLACK
6
CONTINUOUS
10
0.3933661023622047
20
0.3928731102362205
11
0.3933861811023622
21
0.3912276771653543
0
LINE
8
BLACK
6
CONTINUOUS
10
0.3933861811023622
20
0.3912276771653543
11
0.3922368897637795
21
0.39005
0
LINE
8
BLACK
6
CONTINUOUS
10
0.3922368897637795
20
0.39005
11
0.3725368897637795
21
0.3816071653543307
0
LINE
8
BLACK
6
CONTINUOUS
10
0.3725368897637795
20
0.3816071653543307
11
0.3720966929133858
21
0.3816017716535433
0
LINE
8
BLACK
6
CONTINUOUS
10
0.3720966929133858
20
0.3816017716535433
11
0.3716899606299213
21
0.3814333070866142
0
LINE
8
BLACK
6
CONTINUOUS
10
0.3716899606299213
20
0.3814333070866142
11
0.3713064566929134
21
0.381592125984252
0
LINE
8
BLACK
6
CONTINUOUS
10
0.3713064566929134
20
0.381592125984252
11
0.3708914566929134
21
0.3815870866141732
0
LINE
8
BLACK
6
CONTINUOUS
10
0.3708914566929134
20
0.3815870866141732
11
0.3705763779527559
21
0.3818945275590551
0
LINE
8
BLACK
6
CONTINUOUS
10
0.3705763779527559
20
0.3818945275590551
11
0.3701696850393701
21
0.382063031496063
0
LINE
8
BLACK
6
CONTINUOUS
10
0.3701696850393701
20
0.382063031496063
11
0.3700108267716535
21
0.3824464960629921
0
LINE
8
BLACK
6
CONTINUOUS
10
0.3700108267716535
20
0.3824464960629921
11
0.3697138188976378
21
0.3827363779527559
0
LINE
8
BLACK
6
CONTINUOUS
10
0.3697138188976378
20
0.3827363779527559
11
0.3697084251968504
21
0.3831765354330708
0
LINE
8
BLACK
6
CONTINUOUS
10
0.3697084251968504
20
0.3831765354330708
11
0.3695399606299212
21
0.3835833070866141
0
LINE
8
BLACK
6
CONTINUOUS
10
0.3695399606299212
20
0.3835833070866141
11
0.3695399606299212
21
0.3967166535433071
0
LINE
8
BLACK
6
CONTINUOUS
10
0.3695399606299212
20
0.3967166535433071
11
0.3701696850393701
21
0.3982369291338583
0
LINE
8
BLACK
6
CONTINUOUS
10
0.3701696850393701
20
0.3982369291338583
11
0.3716899606299213
21
0.3988666535433071
0
LINE
8
BLACK
6
CONTINUOUS
10
0.3716899606299213
20
0.3988666535433071
11
0.3732102362204724
21
0.3982369291338583
0
LINE
8
BLACK
6
CONTINUOUS
10
0.3566370472440945
20
0.4112670866141732
11
0.3569066535433071
21
0.4113072047244095
0
LINE
8
BLACK
6
CONTINUOUS
10
0.3569066535433071
20
0.4113072047244095
11
0.3606590551181102
21
0.4103691338582677
0
LINE
8
BLACK
6
CONTINUOUS
10
0.3606590551181102
20
0.4103691338582677
11
0.3608553937007874
21
0.4102236220472441
0
LINE
8
BLACK
6
CONTINUOUS
10
0.3608553937007874
20
0.4102236220472441
11
0.3610990944881889
21
0.4102063385826771
0
LINE
8
BLACK
6
CONTINUOUS
10
0.3610990944881889
20
0.4102063385826771
11
0.3629752755905511
21
0.4092682677165354
0
LINE
8
BLACK
6
CONTINUOUS
10
0.3629752755905511
20
0.4092682677165354
11
0.363207125984252
21
0.409000905511811
0
LINE
8
BLACK
6
CONTINUOUS
10
0.363207125984252
20
0.409000905511811
11
0.3635340551181102
21
0.4088655118110236
0
LINE
8
BLACK
6
CONTINUOUS
10
0.3635340551181102
20
0.4088655118110236
11
0.3644721653543307
21
0.4079274015748031
0
LINE
8
BLACK
6
CONTINUOUS
10
0.3644721653543307
20
0.4079274015748031
11
0.3646075590551181
21
0.4076004724409449
0
LINE
8
BLACK
6
CONTINUOUS
10
0.3646075590551181
20
0.4076004724409449
11
0.3648749212598425
21
0.4073686220472441
0
LINE
8
BLACK
6
CONTINUOUS
10
0.3648749212598425
20
0.4073686220472441
11
0.3658129921259842
21
0.4054924409448819
0
LINE
8
BLACK
6
CONTINUOUS
10
0.3658129921259842
20
0.4054924409448819
11
0.3658484251968504
21
0.4049932677165354
0
LINE
8
BLACK
6
CONTINUOUS
10
0.3658484251968504
20
0.4049932677165354
11
0.3660399606299212
21
0.4045309448818897
0
LINE
8
BLACK
6
CONTINUOUS
10
0.3660399606299212
20
0.4045309448818897
11
0.3660399606299212
21
0.4026547637795275
0
LINE
8
BLACK
6
CONTINUOUS
10
0.3660399606299212
20
0.4026547637795275
11
0.3658484251968504
21
0.4021924015748031
0
LINE
8
BLACK
6
CONTINUOUS
10
0.3658484251968504
20
0.4021924015748031
11
0.3658129921259842
21
0.4016933070866142
0
LINE
8
BLACK
6
CONTINUOUS
10
0.3658129921259842
20
0.4016933070866142
11
0.3648749212598425
21
0.3998170472440945
0
LINE
8
BLACK
6
CONTINUOUS
10
0.3648749212598425
20
0.3998170472440945
11
0.3646075196850393
21
0.399585157480315
0
LINE
8
BLACK
6
CONTINUOUS
10
0.3646075196850393
20
0.399585157480315
11
0.3644721259842519
21
0.3992582283464567
0
LINE
8
BLACK
6
CONTINUOUS
10
0.3644721259842519
20
0.3992582283464567
11
0.3635340157480315
21
0.398320157480315
0
LINE
8
BLACK
6
CONTINUOUS
10
0.3635340157480315
20
0.398320157480315
11
0.363207125984252
21
0.3981847637795276
0
LINE
8
BLACK
6
CONTINUOUS
10
0.363207125984252
20
0.3981847637795276
11
0.3629753149606299
21
0.3979174409448819
0
LINE
8
BLACK
6
CONTINUOUS
10
0.3629753149606299
20
0.3979174409448819
11
0.3610991338582677
21
0.3969793700787401
0
LINE
8
BLACK
6
CONTINUOUS
10
0.3610991338582677
20
0.3969793700787401
11
0.3608553937007874
21
0.3969620078740158
0
LINE
8
BLACK
6
CONTINUOUS
10
0.3608553937007874
20
0.3969620078740158
11
0.3606590157480315
21
0.3968165354330709
0
LINE
8
BLACK
6
CONTINUOUS
10
0.3606590157480315
20
0.3968165354330709
11
0.3569066141732283
21
0.3958784645669291
0
LINE
8
BLACK
6
CONTINUOUS
10
0.3569066141732283
20
0.3958784645669291
11
0.356636968503937
21
0.3959185826771653
0
LINE
8
BLACK
6
CONTINUOUS
10
0.356636968503937
20
0.3959185826771653
11
0.3563851968503937
21
0.3958142913385826
0
LINE
8
BLACK
6
CONTINUOUS
10
0.3563851968503937
20
0.3958142913385826
11
0.3516947244094488
21
0.3958142913385826
0
LINE
8
BLACK
6
CONTINUOUS
10
0.3516947244094488
20
0.3958142913385826
11
0.351442874015748
21
0.3959185826771653
0
LINE
8
BLACK
6
CONTINUOUS
10
0.351442874015748
20
0.3959185826771653
11
0.3511732677165354
21
0.3958784645669291
0
LINE
8
BLACK
6
CONTINUOUS
10
0.3511732677165354
20
0.3958784645669291
11
0.347420905511811
21
0.3968165354330709
0
LINE
8
BLACK
6
CONTINUOUS
10
0.347420905511811
20
0.3968165354330709
11
0.3472245275590551
21
0.3969620078740158
0
LINE
8
BLACK
6
CONTINUOUS
10
0.3472245275590551
20
0.3969620078740158
11
0.3469808661417323
21
0.3969793307086614
0
LINE
8
BLACK
6
CONTINUOUS
10
0.3469808661417323
20
0.3969793307086614
11
0.3451046456692913
21
0.3979174409448819
0
LINE
8
BLACK
6
CONTINUOUS
10
0.3451046456692913
20
0.3979174409448819
11
0.3448727559055118
21
0.3981847637795276
0
LINE
8
BLACK
6
CONTINUOUS
10
0.3448727559055118
20
0.3981847637795276
11
0.3445458661417323
21
0.3983201968503937
0
LINE
8
BLACK
6
CONTINUOUS
10
0.3445458661417323
20
0.3983201968503937
11
0.3436077952755905
21
0.3992582677165354
0
LINE
8
BLACK
6
CONTINUOUS
10
0.3436077952755905
20
0.3992582677165354
11
0.3434723622047244
21
0.399585157480315
0
LINE
8
BLACK
6
CONTINUOUS
10
0.3434723622047244
20
0.399585157480315
11
0.3432050393700787
21
0.3998170472440945
0
LINE
8
BLACK
6
CONTINUOUS
10
0.3432050393700787
20
0.3998170472440945
11
0.3422669291338583
21
0.4016932677165354
0
LINE
8
BLACK
6
CONTINUOUS
10
0.3422669291338583
20
0.4016932677165354
11
0.3422314566929134
21
0.4021924015748031
0
LINE
8
BLACK
6
CONTINUOUS
10
0.3422314566929134
20
0.4021924015748031
11
0.3420399606299213
21
0.4026547637795275
0
LINE
8
BLACK
6
CONTINUOUS
10
0.3420399606299213
20
0.4026547637795275
11
0.3420399606299213
21
0.4045309448818897
0
LINE
8
BLACK
6
CONTINUOUS
10
0.3420399606299213
20
0.4045309448818897
11
0.3422314566929134
21
0.4049933070866142
0
LINE
8
BLACK
6
CONTINUOUS
10
0.3422314566929134
20
0.4049933070866142
11
0.342266968503937
21
0.4054924803149606
0
LINE
8
BLACK
6
CONTINUOUS
10
0.342266968503937
20
0.4054924803149606
11
0.3432050393700787
21
0.4073686614173228
0
LINE
8
BLACK
6
CONTINUOUS
10
0.3432050393700787
20
0.4073686614173228
11
0.3434723622047244
21
0.4076004724409449
0
LINE
8
BLACK
6
CONTINUOUS
10
0.3434723622047244
20
0.4076004724409449
11
0.3436077559055118
21
0.4079273622047244
0
LINE
8
BLACK
6
CONTINUOUS
10
0.3436077559055118
20
0.4079273622047244
11
0.3445458267716535
21
0.4088654724409449
0
LINE
8
BLACK
6
CONTINUOUS
10
0.3445458267716535
20
0.4088654724409449
11
0.3448727559055118
21
0.4090008661417323
0
LINE
8
BLACK
6
CONTINUOUS
10
0.3448727559055118
20
0.4090008661417323
11
0.3451046456692913
21
0.4092682677165354
0
LINE
8
BLACK
6
CONTINUOUS
10
0.3451046456692913
20
0.4092682677165354
11
0.346980905511811
21
0.4102063385826771
0
LINE
8
BLACK
6
CONTINUOUS
10
0.346980905511811
20
0.4102063385826771
11
0.3472246062992126
21
0.4102236220472441
0
LINE
8
BLACK
6
CONTINUOUS
10
0.3472246062992126
20
0.4102236220472441
11
0.347420905511811
21
0.410369094488189
0
LINE
8
BLACK
6
CONTINUOUS
10
0.347420905511811
20
0.410369094488189
11
0.3511732283464567
21
0.4113072047244095
0
LINE
8
BLACK
6
CONTINUOUS
10
0.3511732283464567
20
0.4113072047244095
11
0.3514428346456693
21
0.4112670866141732
0
LINE
8
BLACK
6
CONTINUOUS
10
0.3514428346456693
20
0.4112670866141732
11
0.3516947244094488
21
0.4113714173228346
0
LINE
8
BLACK
6
CONTINUOUS
10
0.3516947244094488
20
0.4113714173228346
11
0.3563851968503937
21
0.4113714173228346
0
LINE
8
BLACK
6
CONTINUOUS
10
0.3563851968503937
20
0.4113714173228346
11
0.3566370472440945
21
0.4112670866141732
0
LINE
8
BLACK
6
CONTINUOUS
10
0.3486928346456693
20
0.4062547637795276
11
0.3473396850393701
21
0.4055781889763779
0
LINE
8
BLACK
6
CONTINUOUS
10
0.3473396850393701
20
0.4055781889763779
11
0.3468950393700787
21
0.4051335433070866
0
LINE
8
BLACK
6
CONTINUOUS
10
0.3468950393700787
20
0.4051335433070866
11
0.3463399606299212
21
0.4040233858267717
0
LINE
8
BLACK
6
CONTINUOUS
10
0.3463399606299212
20
0.4040233858267717
11
0.3463399606299212
21
0.4031623228346456
0
LINE
8
BLACK
6
CONTINUOUS
10
0.3463399606299212
20
0.4031623228346456
11
0.3468950787401575
21
0.4020520866141732
0
LINE
8
BLACK
6
CONTINUOUS
10
0.3468950787401575
20
0.4020520866141732
11
0.3473396850393701
21
0.4016074803149606
0
LINE
8
BLACK
6
CONTINUOUS
10
0.3473396850393701
20
0.4016074803149606
11
0.3486926771653543
21
0.4009309448818897
0
LINE
8
BLACK
6
CONTINUOUS
10
0.3486926771653543
20
0.4009309448818897
11
0.3519594488188976
21
0.4001142913385827
0
LINE
8
BLACK
6
CONTINUOUS
10
0.3519594488188976
20
0.4001142913385827
11
0.3561204724409449
21
0.4001142913385827
0
LINE
8
BLACK
6
CONTINUOUS
10
0.3561204724409449
20
0.4001142913385827
11
0.3593872834645669
21
0.4009309842519685
0
LINE
8
BLACK
6
CONTINUOUS
10
0.3593872834645669
20
0.4009309842519685
11
0.3607401968503937
21
0.4016074409448819
0
LINE
8
BLACK
6
CONTINUOUS
10
0.3607401968503937
20
0.4016074409448819
11
0.361184842519685
21
0.4020520866141732
0
LINE
8
BLACK
6
CONTINUOUS
10
0.361184842519685
20
0.4020520866141732
11
0.3617399606299213
21
0.4031622834645669
0
LINE
8
BLACK
6
CONTINUOUS
10
0.3617399606299213
20
0.4031622834645669
11
0.3617399606299213
21
0.4040233858267717
0
LINE
8
BLACK
6
CONTINUOUS
10
0.3617399606299213
20
0.4040233858267717
11
0.361184842519685
21
0.4051335826771654
0
LINE
8
BLACK
6
CONTINUOUS
10
0.361184842519685
20
0.4051335826771654
11
0.3607402362204724
21
0.4055781889763779
0
LINE
8
BLACK
6
CONTINUOUS
10
0.3607402362204724
20
0.4055781889763779
11
0.3593870866141732
21
0.4062547637795276
0
LINE
8
BLACK
6
CONTINUOUS
10
0.3593870866141732
20
0.4062547637795276
11
0.3561205905511811
21
0.4070714173228346
0
LINE
8
BLACK
6
CONTINUOUS
10
0.3561205905511811
20
0.4070714173228346
11
0.3519594881889764
21
0.4070714173228346
0
LINE
8
BLACK
6
CONTINUOUS
10
0.3519594881889764
20
0.4070714173228346
11
0.3486928346456693
21
0.4062547637795276
0
LINE
8
BLACK
6
CONTINUOUS
10
0.3831989763779527
20
0.4175242125984252
11
0.3834685826771653
21
0.4175643307086614
0
LINE
8
BLACK
6
CONTINUOUS
10
0.3834685826771653
20
0.4175643307086614
11
0.3872209448818897
21
0.4166262598425197
0
LINE
8
BLACK
6
CONTINUOUS
10
0.3872209448818897
20
0.4166262598425197
11
0.3874172440944882
21
0.416480748031496
0
LINE
8
BLACK
6
CONTINUOUS
10
0.3874172440944882
20
0.416480748031496
11
0.3876609842519685
21
0.4164634645669291
0
LINE
8
BLACK
6
CONTINUOUS
10
0.3876609842519685
20
0.4164634645669291
11
0.3895371653543307
21
0.4155253937007874
0
LINE
8
BLACK
6
CONTINUOUS
10
0.3895371653543307
20
0.4155253937007874
11
0.3897689763779528
21
0.4152580708661417
0
LINE
8
BLACK
6
CONTINUOUS
10
0.3897689763779528
20
0.4152580708661417
11
0.3900959448818898
21
0.4151226771653543
0
LINE
8
BLACK
6
CONTINUOUS
10
0.3900959448818898
20
0.4151226771653543
11
0.3919721653543307
21
0.4132464960629921
0
LINE
8
BLACK
6
CONTINUOUS
10
0.3919721653543307
20
0.4132464960629921
11
0.3921636614173228
21
0.412784094488189
0
LINE
8
BLACK
6
CONTINUOUS
10
0.3921636614173228
20
0.412784094488189
11
0.3924915748031496
21
0.412406062992126
0
LINE
8
BLACK
6
CONTINUOUS
10
0.3924915748031496
20
0.412406062992126
11
0.3934296456692913
21
0.4095917716535433
0
LINE
8
BLACK
6
CONTINUOUS
10
0.3934296456692913
20
0.4095917716535433
11
0.3934045275590551
21
0.409238779527559
0
LINE
8
BLACK
6
CONTINUOUS
10
0.3934045275590551
20
0.409238779527559
11
0.3935399606299212
21
0.4089118897637795
0
LINE
8
BLACK
6
CONTINUOUS
10
0.3935399606299212
20
0.4089118897637795
11
0.3935399606299212
21
0.4070356692913386
0
LINE
8
BLACK
6
CONTINUOUS
10
0.3935399606299212
20
0.4070356692913386
11
0.3934045275590551
21
0.4067087795275591
0
LINE
8
BLACK
6
CONTINUOUS
10
0.3934045275590551
20
0.4067087795275591
11
0.3934296456692913
21
0.4063557874015748
0
LINE
8
BLACK
6
CONTINUOUS
10
0.3934296456692913
20
0.4063557874015748
11
0.3924915748031496
21
0.4035415354330709
0
LINE
8
BLACK
6
CONTINUOUS
10
0.3924915748031496
20
0.4035415354330709
11
0.3921636614173228
21
0.4031634645669291
0
LINE
8
BLACK
6
CONTINUOUS
10
0.3921636614173228
20
0.4031634645669291
11
0.3919721653543307
21
0.4027011417322834
0
LINE
8
BLACK
6
CONTINUOUS
10
0.3919721653543307
20
0.4027011417322834
11
0.3910340551181102
21
0.401763031496063
0
LINE
8
BLACK
6
CONTINUOUS
10
0.3910340551181102
20
0.401763031496063
11
0.3895137795275591
21
0.4011333070866142
0
LINE
8
BLACK
6
CONTINUOUS
10
0.3895137795275591
20
0.4011333070866142
11
0.3879935039370079
21
0.401763031496063
0
LINE
8
BLACK
6
CONTINUOUS
10
0.3879935039370079
20
0.401763031496063
11
0.3873637795275591
21
0.4032833070866141
0
LINE
8
BLACK
6
CONTINUOUS
10
0.3873637795275591
20
0.4032833070866141
11
0.3879935039370079
21
0.4048035826771653
0
LINE
8
BLACK
6
CONTINUOUS
10
0.3879935039370079
20
0.4048035826771653
11
0.3885726771653543
21
0.4053827559055118
0
LINE
8
BLACK
6
CONTINUOUS
10
0.3885726771653543
20
0.4053827559055118
11
0.3892399606299213
21
0.4073845669291338
0
LINE
8
BLACK
6
CONTINUOUS
10
0.3892399606299213
20
0.4073845669291338
11
0.3892399606299213
21
0.4085629921259842
0
LINE
8
BLACK
6
CONTINUOUS
10
0.3892399606299213
20
0.4085629921259842
11
0.3885726771653543
21
0.4105648031496063
0
LINE
8
BLACK
6
CONTINUOUS
10
0.3885726771653543
20
0.4105648031496063
11
0.3873020472440945
21
0.4118353543307087
0
LINE
8
BLACK
6
CONTINUOUS
10
0.3873020472440945
20
0.4118353543307087
11
0.3859490157480315
21
0.4125118897637795
0
LINE
8
BLACK
6
CONTINUOUS
10
0.3859490157480315
20
0.4125118897637795
11
0.3826825196850394
21
0.4133285433070866
0
LINE
8
BLACK
6
CONTINUOUS
10
0.3826825196850394
20
0.4133285433070866
11
0.3803975984251968
21
0.4133285433070866
0
LINE
8
BLACK
6
CONTINUOUS
10
0.3803975984251968
20
0.4133285433070866
11
0.377130905511811
21
0.4125118897637795
0
LINE
8
BLACK
6
CONTINUOUS
10
0.377130905511811
20
0.4125118897637795
11
0.3757777559055118
21
0.4118353149606299
0
LINE
8
BLACK
6
CONTINUOUS
10
0.3757777559055118
20
0.4118353149606299
11
0.3745072440944882
21
0.4105648031496063
0
LINE
8
BLACK
6
CONTINUOUS
10
0.3745072440944882
20
0.4105648031496063
11
0.3738399606299213
21
0.4085629133858268
0
LINE
8
BLACK
6
CONTINUOUS
10
0.3738399606299213
20
0.4085629133858268
11
0.3738399606299213
21
0.4073845275590551
0
LINE
8
BLACK
6
CONTINUOUS
10
0.3738399606299213
20
0.4073845275590551
11
0.3745072047244095
21
0.4053827952755906
0
LINE
8
BLACK
6
CONTINUOUS
10
0.3745072047244095
20
0.4053827952755906
11
0.3750864566929134
21
0.4048035433070866
0
LINE
8
BLACK
6
CONTINUOUS
10
0.3750864566929134
20
0.4048035433070866
11
0.3757161417322835
21
0.4032832677165354
0
LINE
8
BLACK
6
CONTINUOUS
10
0.3757161417322835
20
0.4032832677165354
11
0.3750863779527559
21
0.4017629921259843
0
LINE
8
BLACK
6
CONTINUOUS
10
0.3750863779527559
20
0.4017629921259843
11
0.3735661023622047
21
0.4011333070866142
0
LINE
8
BLACK
6
CONTINUOUS
10
0.3735661023622047
20
0.4011333070866142
11
0.3720458267716535
21
0.4017630708661417
0
LINE
8
BLACK
6
CONTINUOUS
10
0.3720458267716535
20
0.4017630708661417
11
0.3711077559055118
21
0.4027011811023622
0
LINE
8
BLACK
6
CONTINUOUS
10
0.3711077559055118
20
0.4027011811023622
11
0.3709162598425197
21
0.4031634645669291
0
LINE
8
BLACK
6
CONTINUOUS
10
0.3709162598425197
20
0.4031634645669291
11
0.3705884251968504
21
0.4035414960629921
0
LINE
8
BLACK
6
CONTINUOUS
10
0.3705884251968504
20
0.4035414960629921
11
0.3696503149606299
21
0.406355748031496
0
LINE
8
BLACK
6
CONTINUOUS
10
0.3696503149606299
20
0.406355748031496
11
0.3696753543307086
21
0.4067087007874016
0
LINE
8
BLACK
6
CONTINUOUS
10
0.3696753543307086
20
0.4067087007874016
11
0.3695399606299212
21
0.4070356692913386
0
LINE
8
BLACK
6
CONTINUOUS
10
0.3695399606299212
20
0.4070356692913386
11
0.3695399606299212
21
0.4089118897637795
0
LINE
8
BLACK
6
CONTINUOUS
10
0.3695399606299212
20
0.4089118897637795
11
0.3696753543307086
21
0.4092387401574803
0
LINE
8
BLACK
6
CONTINUOUS
10
0.3696753543307086
20
0.4092387401574803
11
0.3696502755905512
21
0.4095917716535433
0
LINE
8
BLACK
6
CONTINUOUS
10
0.3696502755905512
20
0.4095917716535433
11
0.3705884251968504
21
0.4124061023622047
0
LINE
8
BLACK
6
CONTINUOUS
10
0.3705884251968504
20
0.4124061023622047
11
0.3709162598425197
21
0.4127841338582677
0
LINE
8
BLACK
6
CONTINUOUS
10
0.3709162598425197
20
0.4127841338582677
11
0.3711077952755906
21
0.4132464566929134
0
LINE
8
BLACK
6
CONTINUOUS
10
0.3711077952755906
20
0.4132464566929134
11
0.3729839763779528
21
0.4151226377952756
0
LINE
8
BLACK
6
CONTINUOUS
10
0.3729839763779528
20
0.4151226377952756
11
0.3733108661417323
21
0.415258031496063
0
LINE
8
BLACK
6
CONTINUOUS
10
0.3733108661417323
20
0.415258031496063
11
0.3735427559055118
21
0.4155253937007874
0
LINE
8
BLACK
6
CONTINUOUS
10
0.3735427559055118
20
0.4155253937007874
11
0.375418937007874
21
0.4164634645669291
0
LINE
8
BLACK
6
CONTINUOUS
10
0.375418937007874
20
0.4164634645669291
11
0.3756626771653543
21
0.416480748031496
0
LINE
8
BLACK
6
CONTINUOUS
10
0.3756626771653543
20
0.416480748031496
11
0.3758589763779527
21
0.4166262204724409
0
LINE
8
BLACK
6
CONTINUOUS
10
0.3758589763779527
20
0.4166262204724409
11
0.3796113779527559
21
0.4175643307086614
0
LINE
8
BLACK
6
CONTINUOUS
10
0.3796113779527559
20
0.4175643307086614
11
0.3798809448818898
21
0.4175242125984252
0
LINE
8
BLACK
6
CONTINUOUS
10
0.3798809448818898
20
0.4175242125984252
11
0.3801328346456693
21
0.4176285433070866
0
LINE
8
BLACK
6
CONTINUOUS
10
0.3801328346456693
20
0.4176285433070866
11
0.382947125984252
21
0.4176285433070866
0
LINE
8
BLACK
6
CONTINUOUS
10
0.382947125984252
20
0.4176285433070866
11
0.3831989763779527
21
0.4175242125984252
0
LINE
8
BLACK
6
CONTINUOUS
10
0.4003835039370079
20
0.4628851181102362
11
0.4005127559055118
21
0.4629079133858268
0
LINE
8
BLACK
6
CONTINUOUS
10
0.4005127559055118
20
0.4629079133858268
11
0.4006263385826772
21
0.4628422834645669
0
LINE
8
BLACK
6
CONTINUOUS
10
0.4006263385826772
20
0.4628422834645669
11
0.4010099212598425
21
0.4627746850393701
0
LINE
8
BLACK
6
CONTINUOUS
10
0.4010099212598425
20
0.4627746850393701
11
0.4015975984251968
21
0.4622815354330709
0
LINE
8
BLACK
6
CONTINUOUS
10
0.4015975984251968
20
0.4622815354330709
11
0.4022619291338583
21
0.4618979921259843
0
LINE
8
BLACK
6
CONTINUOUS
10
0.4022619291338583
20
0.4618979921259843
11
0.402353031496063
21
0.4616476377952756
0
LINE
8
BLACK
6
CONTINUOUS
10
0.402353031496063
20
0.4616476377952756
11
0.4025571653543307
21
0.4614763779527559
0
LINE
8
BLACK
6
CONTINUOUS
10
0.4025571653543307
20
0.4614763779527559
11
0.4026903937007874
21
0.4607207874015748
0
LINE
8
BLACK
6
CONTINUOUS
10
0.4026903937007874
20
0.4607207874015748
11
0.4029527559055118
21
0.46
0
LINE
8
BLACK
6
CONTINUOUS
10
0.4029527559055118
20
0.46
11
0.4029527559055118
21
0.42
0
LINE
8
BLACK
6
CONTINUOUS
10
0.4029527559055118
20
0.42
11
0.4027746850393701
21
0.4189900787401575
0
LINE
8
BLACK
6
CONTINUOUS
10
0.4027746850393701
20
0.4189900787401575
11
0.4014763779527559
21
0.4174428346456693
0
LINE
8
BLACK
6
CONTINUOUS
10
0.4014763779527559
20
0.4174428346456693
11
0.3994872440944882
21
0.4170920866141732
0
LINE
8
BLACK
6
CONTINUOUS
10
0.3994872440944882
20
0.4170920866141732
11
0.3977380708661417
21
0.4181020078740157
0
LINE
8
BLACK
6
CONTINUOUS
10
0.3977380708661417
20
0.4181020078740157
11
0.3970472440944882
21
0.42
0
LINE
8
BLACK
6
CONTINUOUS
10
0.3970472440944882
20
0.42
11
0.3970472440944882
21
0.4570472440944882
0
LINE
8
BLACK
6
CONTINUOUS
10
0.3970472440944882
20
0.4570472440944882
11
0.3429527559055118
21
0.4570472440944882
0
LINE
8
BLACK
6
CONTINUOUS
10
0.3429527559055118
20
0.4570472440944882
11
0.3429527559055118
21
0.4428388976377953
0
LINE
8
BLACK
6
CONTINUOUS
10
0.3429527559055118
20
0.4428388976377953
11
0.3429973622047244
21
0.4429055118110236
0
LINE
8
BLACK
6
CONTINUOUS
10
0.3429973622047244
20
0.4429055118110236
11
0.3456345275590551
21
0.4446636614173228
0
LINE
8
BLACK
6
CONTINUOUS
10
0.3456345275590551
20
0.4446636614173228
11
0.3471134251968504
21
0.4461425590551181
0
LINE
8
BLACK
6
CONTINUOUS
10
0.3471134251968504
20
0.4461425590551181
11
0.3478955118110236
21
0.4477067322834646
0
LINE
8
BLACK
6
CONTINUOUS
10
0.3478955118110236
20
0.4477067322834646
11
0.3491386614173228
21
0.448784842519685
0
LINE
8
BLACK
6
CONTINUOUS
10
0.3491386614173228
20
0.448784842519685
11
0.3507800787401575
21
0.4486681889763779
0
LINE
8
BLACK
6
CONTINUOUS
10
0.3507800787401575
20
0.4486681889763779
11
0.3518582283464567
21
0.4474250787401575
0
LINE
8
BLACK
6
CONTINUOUS
10
0.3518582283464567
20
0.4474250787401575
11
0.3517415354330709
21
0.4457836614173228
0
LINE
8
BLACK
6
CONTINUOUS
10
0.3517415354330709
20
0.4457836614173228
11
0.3508034251968504
21
0.4439074803149606
0
LINE
8
BLACK
6
CONTINUOUS
10
0.3508034251968504
20
0.4439074803149606
11
0.3505361023622047
21
0.4436756299212598
0
LINE
8
BLACK
6
CONTINUOUS
10
0.3505361023622047
20
0.4436756299212598
11
0.3504007086614173
21
0.4433487401574803
0
LINE
8
BLACK
6
CONTINUOUS
10
0.3504007086614173
20
0.4433487401574803
11
0.3503185826771654
21
0.4432666141732283
0
LINE
8
BLACK
6
CONTINUOUS
10
0.3503185826771654
20
0.4432666141732283
11
0.3617399606299213
21
0.4432666141732283
0
LINE
8
BLACK
6
CONTINUOUS
10
0.3617399606299213
20
0.4432666141732283
11
0.3617399606299213
21
0.4467451968503937
0
LINE
8
BLACK
6
CONTINUOUS
10
0.3617399606299213
20
0.4467451968503937
11
0.3623696850393701
21
0.4482654724409449
0
LINE
8
BLACK
6
CONTINUOUS
10
0.3623696850393701
20
0.4482654724409449
11
0.3638899606299212
21
0.4488951968503937
0
LINE
8
BLACK
6
CONTINUOUS
10
0.3638899606299212
20
0.4488951968503937
11
0.3654102362204724
21
0.4482654724409449
0
LINE
8
BLACK
6
CONTINUOUS
10
0.3654102362204724
20
0.4482654724409449
11
0.3660399606299212
21
0.4467451968503937
0
LINE
8
BLACK
6
CONTINUOUS
10
0.3660399606299212
20
0.4467451968503937
11
0.3660399606299212
21
0.4354880708661417
0
LINE
8
BLACK
6
CONTINUOUS
10
0.3660399606299212
20
0.4354880708661417
11
0.3654102362204724
21
0.4339677952755905
0
LINE
8
BLACK
6
CONTINUOUS
10
0.3654102362204724
20
0.4339677952755905
11
0.3638899606299212
21
0.4333380708661417
0
LINE
8
BLACK
6
CONTINUOUS
10
0.3638899606299212
20
0.4333380708661417
11
0.3623696850393701
21
0.4339677952755905
0
LINE
8
BLACK
6
CONTINUOUS
10
0.3623696850393701
20
0.4339677952755905
11
0.3617399606299213
21
0.4354880708661417
0
LINE
8
BLACK
6
CONTINUOUS
10
0.3617399606299213
20
0.4354880708661417
11
0.3617399606299213
21
0.4389666141732284
0
LINE
8
BLACK
6
CONTINUOUS
10
0.3617399606299213
20
0.4389666141732284
11
0.3441899606299212
21
0.4389666141732284
0
LINE
8
BLACK
6
CONTINUOUS
10
0.3441899606299212
20
0.4389666141732284
11
0.3439853937007874
21
0.4390512992125984
0
LINE
8
BLACK
6
CONTINUOUS
10
0.3439853937007874
20
0.4390512992125984
11
0.3437683070866142
21
0.4390083858267717
0
LINE
8
BLACK
6
CONTINUOUS
10
0.3437683070866142
20
0.4390083858267717
11
0.3432481496062992
21
0.4393566929133858
0
LINE
8
BLACK
6
CONTINUOUS
10
0.3432481496062992
20
0.4393566929133858
11
0.3429527559055118
21
0.4394790551181103
0
LINE
8
BLACK
6
CONTINUOUS
10
0.3429527559055118
20
0.4394790551181103
11
0.3429527559055118
21
0.4256259448818898
0
LINE
8
BLACK
6
CONTINUOUS
10
0.3429527559055118
20
0.4256259448818898
11
0.3432050393700787
21
0.4261305511811024
0
LINE
8
BLACK
6
CONTINUOUS
10
0.3432050393700787
20
0.4261305511811024
11
0.3434723622047244
21
0.4263623622047244
0
LINE
8
BLACK
6
CONTINUOUS
10
0.3434723622047244
20
0.4263623622047244
11
0.3436077559055118
21
0.4266892519685039
0
LINE
8
BLACK
6
CONTINUOUS
10
0.3436077559055118
20
0.4266892519685039
11
0.3445458267716535
21
0.4276273622047244
0
LINE
8
BLACK
6
CONTINUOUS
10
0.3445458267716535
20
0.4276273622047244
11
0.3448727559055118
21
0.4277627559055118
0
LINE
8
BLACK
6
CONTINUOUS
10
0.3448727559055118
20
0.4277627559055118
11
0.3451046456692913
21
0.428030157480315
0
LINE
8
BLACK
6
CONTINUOUS
10
0.3451046456692913
20
0.428030157480315
11
0.346980905511811
21
0.4289682283464567
0
LINE
8
BLACK
6
CONTINUOUS
10
0.346980905511811
20
0.4289682283464567
11
0.3472246062992126
21
0.4289855118110236
0
LINE
8
BLACK
6
CONTINUOUS
10
0.3472246062992126
20
0.4289855118110236
11
0.347420905511811
21
0.4291309842519685
0
LINE
8
BLACK
6
CONTINUOUS
10
0.347420905511811
20
0.4291309842519685
11
0.3511732283464567
21
0.430069094488189
0
LINE
8
BLACK
6
CONTINUOUS
10
0.3511732283464567
20
0.430069094488189
11
0.3514428346456693
21
0.4300289763779527
0
LINE
8
BLACK
6
CONTINUOUS
10
0.3514428346456693
20
0.4300289763779527
11
0.3516947244094488
21
0.4301333070866142
0
LINE
8
BLACK
6
CONTINUOUS
10
0.3516947244094488
20
0.4301333070866142
11
0.3563851968503937
21
0.4301333070866142
0
LINE
8
BLACK
6
CONTINUOUS
10
0.3563851968503937
20
0.4301333070866142
11
0.3566370472440945
21
0.4300289763779527
0
LINE
8
BLACK
6
CONTINUOUS
10
0.3566370472440945
20
0.4300289763779527
11
0.3569066535433071
21
0.430069094488189
0
LINE
8
BLACK
6
CONTINUOUS
10
0.3569066535433071
20
0.430069094488189
11
0.3606590551181102
21
0.4291310236220472
0
LINE
8
BLACK
6
CONTINUOUS
10
0.3606590551181102
20
0.4291310236220472
11
0.3608553937007874
21
0.4289855118110236
0
LINE
8
BLACK
6
CONTINUOUS
10
0.3608553937007874
20
0.4289855118110236
11
0.3610990944881889
21
0.4289682283464567
0
LINE
8
BLACK
6
CONTINUOUS
10
0.3610990944881889
20
0.4289682283464567
11
0.3629752755905511
21
0.428030157480315
0
LINE
8
BLACK
6
CONTINUOUS
10
0.3629752755905511
20
0.428030157480315
11
0.363207125984252
21
0.4277627952755905
0
LINE
8
BLACK
6
CONTINUOUS
10
0.363207125984252
20
0.4277627952755905
11
0.3635340551181102
21
0.4276274015748032
0
LINE
8
BLACK
6
CONTINUOUS
10
0.3635340551181102
20
0.4276274015748032
11
0.3644721653543307
21
0.4266892913385827
0
LINE
8
BLACK
6
CONTINUOUS
10
0.3644721653543307
20
0.4266892913385827
11
0.3646075590551181
21
0.4263623622047244
0
LINE
8
BLACK
6
CONTINUOUS
10
0.3646075590551181
20
0.4263623622047244
11
0.3648749212598425
21
0.4261305118110236
0
LINE
8
BLACK
6
CONTINUOUS
10
0.3648749212598425
20
0.4261305118110236
11
0.3658129921259842
21
0.4242543307086614
0
LINE
8
BLACK
6
CONTINUOUS
10
0.3658129921259842
20
0.4242543307086614
11
0.3658484251968504
21
0.4237551574803149
0
LINE
8
BLACK
6
CONTINUOUS
10
0.3658484251968504
20
0.4237551574803149
11
0.3660399606299212
21
0.4232928346456693
0
LINE
8
BLACK
6
CONTINUOUS
10
0.3660399606299212
20
0.4232928346456693
11
0.3660399606299212
21
0.4214166535433071
0
LINE
8
BLACK
6
CONTINUOUS
10
0.3660399606299212
20
0.4214166535433071
11
0.3658484251968504
21
0.4209542913385826
0
LINE
8
BLACK
6
CONTINUOUS
10
0.3658484251968504
20
0.4209542913385826
11
0.3658129921259842
21
0.4204551968503937
0
LINE
8
BLACK
6
CONTINUOUS
10
0.3658129921259842
20
0.4204551968503937
11
0.3648749212598425
21
0.418578937007874
0
LINE
8
BLACK
6
CONTINUOUS
10
0.3648749212598425
20
0.418578937007874
11
0.3646075196850393
21
0.4183470472440945
0
LINE
8
BLACK
6
CONTINUOUS
10
0.3646075196850393
20
0.4183470472440945
11
0.3644721259842519
21
0.4180201181102362
0
LINE
8
BLACK
6
CONTINUOUS
10
0.3644721259842519
20
0.4180201181102362
11
0.3635340157480315
21
0.4170820472440945
0
LINE
8
BLACK
6
CONTINUOUS
10
0.3635340157480315
20
0.4170820472440945
11
0.363207125984252
21
0.4169466535433071
0
LINE
8
BLACK
6
CONTINUOUS
10
0.363207125984252
20
0.4169466535433071
11
0.3629753149606299
21
0.4166793307086614
0
LINE
8
BLACK
6
CONTINUOUS
10
0.3629753149606299
20
0.4166793307086614
11
0.3610991338582677
21
0.4157412598425197
0
LINE
8
BLACK
6
CONTINUOUS
10
0.3610991338582677
20
0.4157412598425197
11
0.3608553937007874
21
0.4157238976377953
0
LINE
8
BLACK
6
CONTINUOUS
10
0.3608553937007874
20
0.4157238976377953
11
0.3606590157480315
21
0.4155784251968504
0
LINE
8
BLACK
6
CONTINUOUS
10
0.3606590157480315
20
0.4155784251968504
11
0.3569066141732283
21
0.4146403543307087
0
LINE
8
BLACK
6
CONTINUOUS
10
0.3569066141732283
20
0.4146403543307087
11
0.356636968503937
21
0.4146804724409449
0
LINE
8
BLACK
6
CONTINUOUS
10
0.356636968503937
20
0.4146804724409449
11
0.3563851968503937
21
0.4145761811023622
0
LINE
8
BLACK
6
CONTINUOUS
10
0.3563851968503937
20
0.4145761811023622
11
0.3516947244094488
21
0.4145761811023622
0
LINE
8
BLACK
6
CONTINUOUS
10
0.3516947244094488
20
0.4145761811023622
11
0.351442874015748
21
0.4146804724409449
0
LINE
8
BLACK
6
CONTINUOUS
10
0.351442874015748
20
0.4146804724409449
11
0.3511732677165354
21
0.4146403543307087
0
LINE
8
BLACK
6
CONTINUOUS
10
0.3511732677165354
20
0.4146403543307087
11
0.347420905511811
21
0.4155784251968504
0
LINE
8
BLACK
6
CONTINUOUS
10
0.347420905511811
20
0.4155784251968504
11
0.3472245275590551
21
0.4157238976377953
0
LINE
8
BLACK
6
CONTINUOUS
10
0.3472245275590551
20
0.4157238976377953
11
0.3469808661417323
21
0.4157412204724409
0
LINE
8
BLACK
6
CONTINUOUS
10
0.3469808661417323
20
0.4157412204724409
11
0.3451046456692913
21
0.4166793307086614
0
LINE
8
BLACK
6
CONTINUOUS
10
0.3451046456692913
20
0.4166793307086614
11
0.3448727559055118
21
0.4169466535433071
0
LINE
8
BLACK
6
CONTINUOUS
10
0.3448727559055118
20
0.4169466535433071
11
0.3445458661417323
21
0.4170820866141732
0
LINE
8
BLACK
6
CONTINUOUS
10
0.3445458661417323
20
0.4170820866141732
11
0.3436077952755905
21
0.418020157480315
0
LINE
8
BLACK
6
CONTINUOUS
10
0.3436077952755905
20
0.418020157480315
11
0.3434723622047244
21
0.4183470472440945
0
LINE
8
BLACK
6
CONTINUOUS
10
0.3434723622047244
20
0.4183470472440945
11
0.3432050393700787
21
0.418578937007874
0
LINE
8
BLACK
6
CONTINUOUS
10
0.3432050393700787
20
0.418578937007874
11
0.3428332677165354
21
0.4193224015748032
0
LINE
8
BLACK
6
CONTINUOUS
10
0.3428332677165354
20
0.4193224015748032
11
0.3427746850393701
21
0.4189900787401575
0
LINE
8
BLACK
6
CONTINUOUS
10
0.3427746850393701
20
0.4189900787401575
11
0.3414763779527559
21
0.4174428346456693
0
LINE
8
BLACK
6
CONTINUOUS
10
0.3414763779527559
20
0.4174428346456693
11
0.3394872440944882
21
0.4170920866141732
0
LINE
8
BLACK
6
CONTINUOUS
10
0.3394872440944882
20
0.4170920866141732
11
0.3377380708661417
21
0.4181020078740157
0
LINE
8
BLACK
6
CONTINUOUS
10
0.3377380708661417
20
0.4181020078740157
11
0.3370472440944882
21
0.42
0
LINE
8
BLACK
6
CONTINUOUS
10
0.3370472440944882
20
0.42
11
0.3370472440944882
21
0.46
0
LINE
8
BLACK
6
CONTINUOUS
10
0.3370472440944882
20
0.46
11
0.337114842519685
21
0.4603835039370079
0
LINE
8
BLACK
6
CONTINUOUS
10
0.337114842519685
20
0.4603835039370079
11
0.3370920866141732
21
0.4605127559055118
0
LINE
8
BLACK
6
CONTINUOUS
10
0.3370920866141732
20
0.4605127559055118
11
0.3371576771653543
21
0.4606263385826772
0
LINE
8
BLACK
6
CONTINUOUS
10
0.3371576771653543
20
0.4606263385826772
11
0.3372253149606299
21
0.4610099212598425
0
LINE
8
BLACK
6
CONTINUOUS
10
0.3372253149606299
20
0.4610099212598425
11
0.3377184251968504
21
0.4615975984251968
0
LINE
8
BLACK
6
CONTINUOUS
10
0.3377184251968504
20
0.4615975984251968
11
0.3381020078740157
21
0.4622619291338583
0
LINE
8
BLACK
6
CONTINUOUS
10
0.3381020078740157
20
0.4622619291338583
11
0.3383523228346457
21
0.462353031496063
0
LINE
8
BLACK
6
CONTINUOUS
10
0.3383523228346457
20
0.462353031496063
11
0.3385236220472441
21
0.4625571653543307
0
LINE
8
BLACK
6
CONTINUOUS
10
0.3385236220472441
20
0.4625571653543307
11
0.3392791732283464
21
0.4626903937007874
0
LINE
8
BLACK
6
CONTINUOUS
10
0.3392791732283464
20
0.4626903937007874
11
0.34
21
0.4629527559055118
0
LINE
8
BLACK
6
CONTINUOUS
10
0.34
20
0.4629527559055118
11
0.4
21
0.4629527559055118
0
LINE
8
BLACK
6
CONTINUOUS
10
0.4
20
0.4629527559055118
11
0.4003835039370079
21
0.4628851181102362
0
LINE
8
BLACK
6
CONTINUOUS
10
0.3486928346456693
20
0.4250166535433071
11
0.3473396850393701
21
0.4243400787401574
0
LINE
8
BLACK
6
CONTINUOUS
10
0.3473396850393701
20
0.4243400787401574
11
0.3468950393700787
21
0.4238954330708661
0
LINE
8
BLACK
6
CONTINUOUS
10
0.3468950393700787
20
0.4238954330708661
11
0.3463399606299212
21
0.4227852755905512
0
LINE
8
BLACK
6
CONTINUOUS
10
0.3463399606299212
20
0.4227852755905512
11
0.3463399606299212
21
0.4219242125984252
0
LINE
8
BLACK
6
CONTINUOUS
10
0.3463399606299212
20
0.4219242125984252
11
0.3468950787401575
21
0.4208139763779528
0
LINE
8
BLACK
6
CONTINUOUS
10
0.3468950787401575
20
0.4208139763779528
11
0.3473396850393701
21
0.4203693700787401
0
LINE
8
BLACK
6
CONTINUOUS
10
0.3473396850393701
20
0.4203693700787401
11
0.3486926771653543
21
0.4196928346456693
0
LINE
8
BLACK
6
CONTINUOUS
10
0.3486926771653543
20
0.4196928346456693
11
0.3519594488188976
21
0.4188761811023622
0
LINE
8
BLACK
6
CONTINUOUS
10
0.3519594488188976
20
0.4188761811023622
11
0.3561204724409449
21
0.4188761811023622
0
LINE
8
BLACK
6
CONTINUOUS
10
0.3561204724409449
20
0.4188761811023622
11
0.3593872834645669
21
0.419692874015748
0
LINE
8
BLACK
6
CONTINUOUS
10
0.3593872834645669
20
0.419692874015748
11
0.3607401968503937
21
0.4203693307086614
0
LINE
8
BLACK
6
CONTINUOUS
10
0.3607401968503937
20
0.4203693307086614
11
0.361184842519685
21
0.4208139763779528
0
LINE
8
BLACK
6
CONTINUOUS
10
0.361184842519685
20
0.4208139763779528
11
0.3617399606299213
21
0.4219241732283465
0
LINE
8
BLACK
6
CONTINUOUS
10
0.3617399606299213
20
0.4219241732283465
11
0.3617399606299213
21
0.4227852755905512
0
LINE
8
BLACK
6
CONTINUOUS
10
0.3617399606299213
20
0.4227852755905512
11
0.361184842519685
21
0.4238954724409449
0
LINE
8
BLACK
6
CONTINUOUS
10
0.361184842519685
20
0.4238954724409449
11
0.3607402362204724
21
0.4243400787401574
0
LINE
8
BLACK
6
CONTINUOUS
10
0.3607402362204724
20
0.4243400787401574
11
0.3593870866141732
21
0.4250166535433071
0
LINE
8
BLACK
6
CONTINUOUS
10
0.3593870866141732
20
0.4250166535433071
11
0.3561205905511811
21
0.4258333070866142
0
LINE
8
BLACK
6
CONTINUOUS
10
0.3561205905511811
20
0.4258333070866142
11
0.3519594881889764
21
0.4258333070866142
0
LINE
8
BLACK
6
CONTINUOUS
10
0.3519594881889764
20
0.4258333070866142
11
0.3486928346456693
21
0.4250166535433071
0
LINE
8
BLACK
6
CONTINUOUS
10
0.3199584645669291
20
0.5862177165354331
11
0.3221651968503937
21
0.5834505905511811
0
LINE
8
BLACK
6
CONTINUOUS
10
0.3221651968503937
20
0.5834505905511811
11
0.3222788188976378
21
0.5829527559055118
0
LINE
8
BLACK
6
CONTINUOUS
10
0.3222788188976378
20
0.5829527559055118
11
0.36
21
0.5829527559055118
0
LINE
8
BLACK
6
CONTINUOUS
10
0.36
20
0.5829527559055118
11
0.3610099212598425
21
0.58277468503937
0
LINE
8
BLACK
6
CONTINUOUS
10
0.3610099212598425
20
0.58277468503937
11
0.3625571653543307
21
0.5814763779527559
0
LINE
8
BLACK
6
CONTINUOUS
10
0.3625571653543307
20
0.5814763779527559
11
0.3629079133858268
21
0.5794872440944882
0
LINE
8
BLACK
6
CONTINUOUS
10
0.3629079133858268
20
0.5794872440944882
11
0.3618979921259842
21
0.5777380708661417
0
LINE
8
BLACK
6
CONTINUOUS
10
0.3618979921259842
20
0.5777380708661417
11
0.36
21
0.5770472440944882
0
LINE
8
BLACK
6
CONTINUOUS
10
0.36
20
0.5770472440944882
11
0.3229527559055118
21
0.5770472440944882
0
LINE
8
BLACK
6
CONTINUOUS
10
0.3229527559055118
20
0.5770472440944882
11
0.3229527559055118
21
0.5229527559055118
0
LINE
8
BLACK
6
CONTINUOUS
10
0.3229527559055118
20
0.5229527559055118
11
0.36
21
0.5229527559055118
0
LINE
8
BLACK
6
CONTINUOUS
10
0.36
20
0.5229527559055118
11
0.3610099212598425
21
0.5227746850393701
0
LINE
8
BLACK
6
CONTINUOUS
10
0.3610099212598425
20
0.5227746850393701
11
0.3625571653543307
21
0.5214763779527559
0
LINE
8
BLACK
6
CONTINUOUS
10
0.3625571653543307
20
0.5214763779527559
11
0.3629079133858268
21
0.5194872440944882
0
LINE
8
BLACK
6
CONTINUOUS
10
0.3629079133858268
20
0.5194872440944882
11
0.3618979921259842
21
0.5177380708661418
0
LINE
8
BLACK
6
CONTINUOUS
10
0.3618979921259842
20
0.5177380708661418
11
0.36
21
0.5170472440944882
0
LINE
8
BLACK
6
CONTINUOUS
10
0.36
20
0.5170472440944882
11
0.32
21
0.5170472440944882
0
LINE
8
BLACK
6
CONTINUOUS
10
0.32
20
0.5170472440944882
11
0.3196164566929134
21
0.517114842519685
0
LINE
8
BLACK
6
CONTINUOUS
10
0.3196164566929134
20
0.517114842519685
11
0.3194872440944882
21
0.5170920866141732
0
LINE
8
BLACK
6
CONTINUOUS
10
0.3194872440944882
20
0.5170920866141732
11
0.3193736220472441
21
0.5171576771653543
0
LINE
8
BLACK
6
CONTINUOUS
10
0.3193736220472441
20
0.5171576771653543
11
0.3189900787401574
21
0.51722531496063
0
LINE
8
BLACK
6
CONTINUOUS
10
0.3189900787401574
20
0.51722531496063
11
0.3184023622047244
21
0.5177184251968504
0
LINE
8
BLACK
6
CONTINUOUS
10
0.3184023622047244
20
0.5177184251968504
11
0.3177380708661417
21
0.5181020078740157
0
LINE
8
BLACK
6
CONTINUOUS
10
0.3177380708661417
20
0.5181020078740157
11
0.3176469291338583
21
0.5183523228346456
0
LINE
8
BLACK
6
CONTINUOUS
10
0.3176469291338583
20
0.5183523228346456
11
0.3174428346456693
21
0.5185236220472441
0
LINE
8
BLACK
6
CONTINUOUS
10
0.3174428346456693
20
0.5185236220472441
11
0.3173095669291339
21
0.5192791732283465
0
LINE
8
BLACK
6
CONTINUOUS
10
0.3173095669291339
20
0.5192791732283465
11
0.3170472440944882
21
0.52
0
LINE
8
BLACK
6
CONTINUOUS
10
0.3170472440944882
20
0.52
11
0.3170472440944882
21
0.5723803149606299
0
LINE
8
BLACK
6
CONTINUOUS
10
0.3170472440944882
20
0.5723803149606299
11
0.3167696456692913
21
0.5722466535433071
0
LINE
8
BLACK
6
CONTINUOUS
10
0.3167696456692913
20
0.5722466535433071
11
0.3132303543307087
21
0.5722466535433071
0
LINE
8
BLACK
6
CONTINUOUS
10
0.3132303543307087
20
0.5722466535433071
11
0.3100415354330708
21
0.5737822834645669
0
LINE
8
BLACK
6
CONTINUOUS
10
0.3100415354330708
20
0.5737822834645669
11
0.3078348031496063
21
0.5765494094488189
0
LINE
8
BLACK
6
CONTINUOUS
10
0.3078348031496063
20
0.5765494094488189
11
0.3070472440944882
21
0.58
0
LINE
8
BLACK
6
CONTINUOUS
10
0.3070472440944882
20
0.58
11
0.3078348031496063
21
0.5834505905511811
0
LINE
8
BLACK
6
CONTINUOUS
10
0.3078348031496063
20
0.5834505905511811
11
0.3100415354330708
21
0.5862177165354331
0
LINE
8
BLACK
6
CONTINUOUS
10
0.3100415354330708
20
0.5862177165354331
11
0.3132303543307087
21
0.5877533464566929
0
LINE
8
BLACK
6
CONTINUOUS
10
0.3132303543307087
20
0.5877533464566929
11
0.3167696456692913
21
0.5877533464566929
0
LINE
8
BLACK
6
CONTINUOUS
10
0.3167696456692913
20
0.5877533464566929
11
0.3199584645669291
21
0.5862177165354331
0
LINE
8
BLACK
6
CONTINUOUS
10
0.3134331102362204
20
0.5784331102362205
11
0.315
21
0.577784094488189
0
LINE
8
BLACK
6
CONTINUOUS
10
0.315
20
0.577784094488189
11
0.3165668897637795
21
0.5784331102362205
0
LINE
8
BLACK
6
CONTINUOUS
10
0.3165668897637795
20
0.5784331102362205
11
0.3170472440944882
21
0.5795927952755905
0
LINE
8
BLACK
6
CONTINUOUS
10
0.3170472440944882
20
0.5795927952755905
11
0.3170472440944882
21
0.58
0
LINE
8
BLACK
6
CONTINUOUS
10
0.3170472440944882
20
0.58
11
0.3170975984251969
21
0.5802855905511811
0
LINE
8
BLACK
6
CONTINUOUS
10
0.3170975984251969
20
0.5802855905511811
11
0.3165668897637795
21
0.5815668897637795
0
LINE
8
BLACK
6
CONTINUOUS
10
0.3165668897637795
20
0.5815668897637795
11
0.315
21
0.582215905511811
0
LINE
8
BLACK
6
CONTINUOUS
10
0.315
20
0.582215905511811
11
0.3134331102362204
21
0.5815668897637795
0
LINE
8
BLACK
6
CONTINUOUS
10
0.3134331102362204
20
0.5815668897637795
11
0.3127840944881889
21
0.58
0
LINE
8
BLACK
6
CONTINUOUS
10
0.3127840944881889
20
0.58
11
0.3134331102362204
21
0.5784331102362205
0
LINE
8
BLACK
6
CONTINUOUS
10
0.4403835039370079
20
0.5828851181102362
11
0.4405127559055118
21
0.5829079133858267
0
LINE
8
BLACK
6
CONTINUOUS
10
0.4405127559055118
20
0.5829079133858267
11
0.4406263385826771
21
0.5828422834645669
0
LINE
8
BLACK
6
CONTINUOUS
10
0.4406263385826771
20
0.5828422834645669
11
0.4410099212598425
21
0.58277468503937
0
LINE
8
BLACK
6
CONTINUOUS
10
0.4410099212598425
20
0.58277468503937
11
0.4415975984251969
21
0.5822815354330708
0
LINE
8
BLACK
6
CONTINUOUS
10
0.4415975984251969
20
0.5822815354330708
11
0.4422619291338583
21
0.5818979921259843
0
LINE
8
BLACK
6
CONTINUOUS
10
0.4422619291338583
20
0.5818979921259843
11
0.442353031496063
21
0.5816476377952756
0
LINE
8
BLACK
6
CONTINUOUS
10
0.442353031496063
20
0.5816476377952756
11
0.4425571653543307
21
0.5814763779527559
0
LINE
8
BLACK
6
CONTINUOUS
10
0.4425571653543307
20
0.5814763779527559
11
0.4426903937007874
21
0.5807207874015748
0
LINE
8
BLACK
6
CONTINUOUS
10
0.4426903937007874
20
0.5807207874015748
11
0.4429527559055118
21
0.58
0
LINE
8
BLACK
6
CONTINUOUS
10
0.4429527559055118
20
0.58
11
0.4429527559055118
21
0.52
0
LINE
8
BLACK
6
CONTINUOUS
10
0.4429527559055118
20
0.52
11
0.4428851181102362
21
0.5196164566929133
0
LINE
8
BLACK
6
CONTINUOUS
10
0.4428851181102362
20
0.5196164566929133
11
0.4429079133858267
21
0.5194872440944882
0
LINE
8
BLACK
6
CONTINUOUS
10
0.4429079133858267
20
0.5194872440944882
11
0.4428422834645669
21
0.5193736220472441
0
LINE
8
BLACK
6
CONTINUOUS
10
0.4428422834645669
20
0.5193736220472441
11
0.4427746850393701
21
0.5189900787401575
0
LINE
8
BLACK
6
CONTINUOUS
10
0.4427746850393701
20
0.5189900787401575
11
0.4422815354330709
21
0.5184023622047244
0
LINE
8
BLACK
6
CONTINUOUS
10
0.4422815354330709
20
0.5184023622047244
11
0.4418979921259842
21
0.5177380708661418
0
LINE
8
BLACK
6
CONTINUOUS
10
0.4418979921259842
20
0.5177380708661418
11
0.4416476377952756
21
0.5176469291338582
0
LINE
8
BLACK
6
CONTINUOUS
10
0.4416476377952756
20
0.5176469291338582
11
0.4414763779527559
21
0.5174428346456693
0
LINE
8
BLACK
6
CONTINUOUS
10
0.4414763779527559
20
0.5174428346456693
11
0.4407207874015748
21
0.5173095669291339
0
LINE
8
BLACK
6
CONTINUOUS
10
0.4407207874015748
20
0.5173095669291339
11
0.44
21
0.5170472440944882
0
LINE
8
BLACK
6
CONTINUOUS
10
0.44
20
0.5170472440944882
11
0.4
21
0.5170472440944882
0
LINE
8
BLACK
6
CONTINUOUS
10
0.4
20
0.5170472440944882
11
0.3989900787401575
21
0.51722531496063
0
LINE
8
BLACK
6
CONTINUOUS
10
0.3989900787401575
20
0.51722531496063
11
0.3974428346456693
21
0.5185236220472441
0
LINE
8
BLACK
6
CONTINUOUS
10
0.3974428346456693
20
0.5185236220472441
11
0.3970920866141732
21
0.5205127559055118
0
LINE
8
BLACK
6
CONTINUOUS
10
0.3970920866141732
20
0.5205127559055118
11
0.3981020078740157
21
0.5222619291338583
0
LINE
8
BLACK
6
CONTINUOUS
10
0.3981020078740157
20
0.5222619291338583
11
0.4
21
0.5229527559055118
0
LINE
8
BLACK
6
CONTINUOUS
10
0.4
20
0.5229527559055118
11
0.4370472440944882
21
0.5229527559055118
0
LINE
8
BLACK
6
CONTINUOUS
10
0.4370472440944882
20
0.5229527559055118
11
0.4370472440944882
21
0.5770472440944882
0
LINE
8
BLACK
6
CONTINUOUS
10
0.4370472440944882
20
0.5770472440944882
11
0.4
21
0.5770472440944882
0
LINE
8
BLACK
6
CONTINUOUS
10
0.4
20
0.5770472440944882
11
0.3989900787401575
21
0.5772253149606299
0
LINE
8
BLACK
6
CONTINUOUS
10
0.3989900787401575
20
0.5772253149606299
11
0.3974428346456693
21
0.5785236220472441
0
LINE
8
BLACK
6
CONTINUOUS
10
0.3974428346456693
20
0.5785236220472441
11
0.3970920866141732
21
0.5805127559055118
0
LINE
8
BLACK
6
CONTINUOUS
10
0.3970920866141732
20
0.5805127559055118
11
0.3981020078740157
21
0.5822619291338582
0
LINE
8
BLACK
6
CONTINUOUS
10
0.3981020078740157
20
0.5822619291338582
11
0.4
21
0.5829527559055118
0
LINE
8
BLACK
6
CONTINUOUS
10
0.4
20
0.5829527559055118
11
0.44
21
0.5829527559055118
0
LINE
8
BLACK
6
CONTINUOUS
10
0.44
20
0.5829527559055118
11
0.4403835039370079
21
0.5828851181102362
0
LINE
8
BLACK
6
CONTINUOUS
10
0.3706122834645669
20
0.5502684645669291
11
0.3711114566929134
21
0.550233031496063
0
LINE
8
BLACK
6
CONTINUOUS
10
0.3711114566929134
20
0.550233031496063
11
0.3729876771653543
21
0.5492949212598425
0
LINE
8
BLACK
6
CONTINUOUS
10
0.3729876771653543
20
0.5492949212598425
11
0.3732195275590551
21
0.5490275590551181
0
LINE
8
BLACK
6
CONTINUOUS
10
0.3732195275590551
20
0.5490275590551181
11
0.3735464566929134
21
0.5488921653543307
0
LINE
8
BLACK
6
CONTINUOUS
10
0.3735464566929134
20
0.5488921653543307
11
0.3744845275590551
21
0.547954094488189
0
LINE
8
BLACK
6
CONTINUOUS
10
0.3744845275590551
20
0.547954094488189
11
0.3745692125984252
21
0.5477495669291338
0
LINE
8
BLACK
6
CONTINUOUS
10
0.3745692125984252
20
0.5477495669291338
11
0.3747531496062992
21
0.5476264173228347
0
LINE
8
BLACK
6
CONTINUOUS
10
0.3747531496062992
20
0.5476264173228347
11
0.3766293700787401
21
0.544812125984252
0
LINE
8
BLACK
6
CONTINUOUS
10
0.3766293700787401
20
0.544812125984252
11
0.3767023622047244
21
0.5444430708661417
0
LINE
8
BLACK
6
CONTINUOUS
10
0.3767023622047244
20
0.5444430708661417
11
0.376926220472441
21
0.5441409842519684
0
LINE
8
BLACK
6
CONTINUOUS
10
0.376926220472441
20
0.5441409842519684
11
0.3778643307086614
21
0.5403885826771654
0
LINE
8
BLACK
6
CONTINUOUS
10
0.3778643307086614
20
0.5403885826771654
11
0.3778242125984252
21
0.5401189763779527
0
LINE
8
BLACK
6
CONTINUOUS
10
0.3778242125984252
20
0.5401189763779527
11
0.3779285433070866
21
0.5398671259842519
0
LINE
8
BLACK
6
CONTINUOUS
10
0.3779285433070866
20
0.5398671259842519
11
0.3779285433070866
21
0.5323623622047244
0
LINE
8
BLACK
6
CONTINUOUS
10
0.3779285433070866
20
0.5323623622047244
11
0.3777370078740158
21
0.5318999606299213
0
LINE
8
BLACK
6
CONTINUOUS
10
0.3777370078740158
20
0.5318999606299213
11
0.3777015354330708
21
0.5314008267716536
0
LINE
8
BLACK
6
CONTINUOUS
10
0.3777015354330708
20
0.5314008267716536
11
0.3767634251968504
21
0.5295246456692914
0
LINE
8
BLACK
6
CONTINUOUS
10
0.3767634251968504
20
0.5295246456692914
11
0.3764961023622047
21
0.5292927952755906
0
LINE
8
BLACK
6
CONTINUOUS
10
0.3764961023622047
20
0.5292927952755906
11
0.3763607086614173
21
0.528965905511811
0
LINE
8
BLACK
6
CONTINUOUS
10
0.3763607086614173
20
0.528965905511811
11
0.3754226377952756
21
0.5280278346456693
0
LINE
8
BLACK
6
CONTINUOUS
10
0.3754226377952756
20
0.5280278346456693
11
0.375095748031496
21
0.5278924015748031
0
LINE
8
BLACK
6
CONTINUOUS
10
0.375095748031496
20
0.5278924015748031
11
0.3748638976377953
21
0.5276250787401575
0
LINE
8
BLACK
6
CONTINUOUS
10
0.3748638976377953
20
0.5276250787401575
11
0.3729877165354331
21
0.5266870078740158
0
LINE
8
BLACK
6
CONTINUOUS
10
0.3729877165354331
20
0.5266870078740158
11
0.3724885433070866
21
0.5266514960629921
0
LINE
8
BLACK
6
CONTINUOUS
10
0.3724885433070866
20
0.5266514960629921
11
0.3720261811023622
21
0.52646
0
LINE
8
BLACK
6
CONTINUOUS
10
0.3720261811023622
20
0.52646
11
0.368273779527559
21
0.52646
0
LINE
8
BLACK
6
CONTINUOUS
10
0.368273779527559
20
0.52646
11
0.3678113779527559
21
0.5266514960629921
0
LINE
8
BLACK
6
CONTINUOUS
10
0.3678113779527559
20
0.5266514960629921
11
0.3673122440944882
21
0.5266870078740158
0
LINE
8
BLACK
6
CONTINUOUS
10
0.3673122440944882
20
0.5266870078740158
11
0.365436062992126
21
0.5276251181102362
0
LINE
8
BLACK
6
CONTINUOUS
10
0.365436062992126
20
0.5276251181102362
11
0.3652042125984252
21
0.5278924015748031
0
LINE
8
BLACK
6
CONTINUOUS
10
0.3652042125984252
20
0.5278924015748031
11
0.3648773622047244
21
0.5280277952755905
0
LINE
8
BLACK
6
CONTINUOUS
10
0.3648773622047244
20
0.5280277952755905
11
0.3639392519685039
21
0.5289658661417322
0
LINE
8
BLACK
6
CONTINUOUS
10
0.3639392519685039
20
0.5289658661417322
11
0.3638038188976378
21
0.5292927952755906
0
LINE
8
BLACK
6
CONTINUOUS
10
0.3638038188976378
20
0.5292927952755906
11
0.3635364566929134
21
0.5295246850393701
0
LINE
8
BLACK
6
CONTINUOUS
10
0.3635364566929134
20
0.5295246850393701
11
0.3625983858267716
21
0.5314008661417323
0
LINE
8
BLACK
6
CONTINUOUS
10
0.3625983858267716
20
0.5314008661417323
11
0.3625629133858267
21
0.5319
0
LINE
8
BLACK
6
CONTINUOUS
10
0.3625629133858267
20
0.5319
11
0.3623714173228346
21
0.5323623622047244
0
LINE
8
BLACK
6
CONTINUOUS
10
0.3623714173228346
20
0.5323623622047244
11
0.3623714173228346
21
0.5370528346456693
0
LINE
8
BLACK
6
CONTINUOUS
10
0.3623714173228346
20
0.5370528346456693
11
0.3625629133858267
21
0.537515157480315
0
LINE
8
BLACK
6
CONTINUOUS
10
0.3625629133858267
20
0.537515157480315
11
0.3625983858267716
21
0.5380143307086614
0
LINE
8
BLACK
6
CONTINUOUS
10
0.3625983858267716
20
0.5380143307086614
11
0.3635364566929134
21
0.5398905511811023
0
LINE
8
BLACK
6
CONTINUOUS
10
0.3635364566929134
20
0.5398905511811023
11
0.3638038188976378
21
0.5401224409448819
0
LINE
8
BLACK
6
CONTINUOUS
10
0.3638038188976378
20
0.5401224409448819
11
0.3639392519685039
21
0.5404493700787402
0
LINE
8
BLACK
6
CONTINUOUS
10
0.3639392519685039
20
0.5404493700787402
11
0.3648773622047244
21
0.5413874409448819
0
LINE
8
BLACK
6
CONTINUOUS
10
0.3648773622047244
20
0.5413874409448819
11
0.3652042125984252
21
0.5415227952755906
0
LINE
8
BLACK
6
CONTINUOUS
10
0.3652042125984252
20
0.5415227952755906
11
0.365436062992126
21
0.5417901181102363
0
LINE
8
BLACK
6
CONTINUOUS
10
0.365436062992126
20
0.5417901181102363
11
0.3673122440944882
21
0.5427282283464567
0
LINE
8
BLACK
6
CONTINUOUS
10
0.3673122440944882
20
0.5427282283464567
11
0.3678113779527559
21
0.5427637007874015
0
LINE
8
BLACK
6
CONTINUOUS
10
0.3678113779527559
20
0.5427637007874015
11
0.368273779527559
21
0.5429552362204725
0
LINE
8
BLACK
6
CONTINUOUS
10
0.368273779527559
20
0.5429552362204725
11
0.3720261811023622
21
0.5429552362204725
0
LINE
8
BLACK
6
CONTINUOUS
10
0.3720261811023622
20
0.5429552362204725
11
0.3724885433070866
21
0.5427637007874015
0
LINE
8
BLACK
6
CONTINUOUS
10
0.3724885433070866
20
0.5427637007874015
11
0.3728438188976378
21
0.5427384251968503
0
LINE
8
BLACK
6
CONTINUOUS
10
0.3728438188976378
20
0.5427384251968503
11
0.3712934251968504
21
0.5450640551181102
0
LINE
8
BLACK
6
CONTINUOUS
10
0.3712934251968504
20
0.5450640551181102
11
0.3707526377952756
21
0.5456048818897637
0
LINE
8
BLACK
6
CONTINUOUS
10
0.3707526377952756
20
0.5456048818897637
11
0.3696424015748032
21
0.54616
0
LINE
8
BLACK
6
CONTINUOUS
10
0.3696424015748032
20
0.54616
11
0.3663975984251969
21
0.54616
0
LINE
8
BLACK
6
CONTINUOUS
10
0.3663975984251969
20
0.54616
11
0.3648773228346456
21
0.5467897244094488
0
LINE
8
BLACK
6
CONTINUOUS
10
0.3648773228346456
20
0.5467897244094488
11
0.3642475984251968
21
0.54831
0
LINE
8
BLACK
6
CONTINUOUS
10
0.3642475984251968
20
0.54831
11
0.3648773228346456
21
0.5498302755905512
0
LINE
8
BLACK
6
CONTINUOUS
10
0.3648773228346456
20
0.5498302755905512
11
0.3663975984251969
21
0.5504599999999999
0
LINE
8
BLACK
6
CONTINUOUS
10
0.3663975984251969
20
0.5504599999999999
11
0.3701499606299212
21
0.5504599999999999
0
LINE
8
BLACK
6
CONTINUOUS
10
0.3701499606299212
20
0.5504599999999999
11
0.3706122834645669
21
0.5502684645669291
0
LINE
8
BLACK
6
CONTINUOUS
10
0.3676711417322834
20
0.5381001181102362
11
0.3672264566929134
21
0.5376554330708662
0
LINE
8
BLACK
6
CONTINUOUS
10
0.3672264566929134
20
0.5376554330708662
11
0.3666714173228346
21
0.5365452755905512
0
LINE
8
BLACK
6
CONTINUOUS
10
0.3666714173228346
20
0.5365452755905512
11
0.3666714173228346
21
0.5328698818897638
0
LINE
8
BLACK
6
CONTINUOUS
10
0.3666714173228346
20
0.5328698818897638
11
0.3672264566929134
21
0.5317597244094489
0
LINE
8
BLACK
6
CONTINUOUS
10
0.3672264566929134
20
0.5317597244094489
11
0.3676711417322834
21
0.5313150787401575
0
LINE
8
BLACK
6
CONTINUOUS
10
0.3676711417322834
20
0.5313150787401575
11
0.3687813779527559
21
0.53076
0
LINE
8
BLACK
6
CONTINUOUS
10
0.3687813779527559
20
0.53076
11
0.3715186614173228
21
0.53076
0
LINE
8
BLACK
6
CONTINUOUS
10
0.3715186614173228
20
0.53076
11
0.3726287401574803
21
0.5313150393700787
0
LINE
8
BLACK
6
CONTINUOUS
10
0.3726287401574803
20
0.5313150393700787
11
0.3730734251968504
21
0.5317597244094489
0
LINE
8
BLACK
6
CONTINUOUS
10
0.3730734251968504
20
0.5317597244094489
11
0.3736285433070866
21
0.5328699212598426
0
LINE
8
BLACK
6
CONTINUOUS
10
0.3736285433070866
20
0.5328699212598426
11
0.3736285433070866
21
0.5365452755905512
0
LINE
8
BLACK
6
CONTINUOUS
10
0.3736285433070866
20
0.5365452755905512
11
0.3730734251968504
21
0.5376555118110236
0
LINE
8
BLACK
6
CONTINUOUS
10
0.3730734251968504
20
0.5376555118110236
11
0.3726287401574803
21
0.5381001574803149
0
LINE
8
BLACK
6
CONTINUOUS
10
0.3726287401574803
20
0.5381001574803149
11
0.3715186614173228
21
0.5386552362204724
0
LINE
8
BLACK
6
CONTINUOUS
10
0.3715186614173228
20
0.5386552362204724
11
0.3687813779527559
21
0.5386552362204724
0
LINE
8
BLACK
6
CONTINUOUS
10
0.3687813779527559
20
0.5386552362204724
11
0.3676711417322834
21
0.5381001181102362
0
LINE
8
BLACK
6
CONTINUOUS
10
0.3960607086614173
20
0.5498302755905512
11
0.3966904330708662
21
0.54831
0
LINE
8
BLACK
6
CONTINUOUS
10
0.3966904330708662
20
0.54831
11
0.3966904330708662
21
0.52861
0
LINE
8
BLACK
6
CONTINUOUS
10
0.3966904330708662
20
0.52861
11
0.3960607086614173
21
0.5270897244094488
0
LINE
8
BLACK
6
CONTINUOUS
10
0.3960607086614173
20
0.5270897244094488
11
0.3945404330708661
21
0.52646
0
LINE
8
BLACK
6
CONTINUOUS
10
0.3945404330708661
20
0.52646
11
0.3930201574803149
21
0.5270897244094488
0
LINE
8
BLACK
6
CONTINUOUS
10
0.3930201574803149
20
0.5270897244094488
11
0.3923904330708661
21
0.52861
0
LINE
8
BLACK
6
CONTINUOUS
10
0.3923904330708661
20
0.52861
11
0.3923904330708661
21
0.5358409448818897
0
LINE
8
BLACK
6
CONTINUOUS
10
0.3923904330708661
20
0.5358409448818897
11
0.3909693700787402
21
0.5358409448818897
0
LINE
8
BLACK
6
CONTINUOUS
10
0.3909693700787402
20
0.5358409448818897
11
0.3850446456692913
21
0.5273770472440945
0
LINE
8
BLACK
6
CONTINUOUS
10
0.3850446456692913
20
0.5273770472440945
11
0.3836569291338582
21
0.5264927165354331
0
LINE
8
BLACK
6
CONTINUOUS
10
0.3836569291338582
20
0.5264927165354331
11
0.3820503543307087
21
0.5268486614173228
0
LINE
8
BLACK
6
CONTINUOUS
10
0.3820503543307087
20
0.5268486614173228
11
0.3811660236220472
21
0.5282363779527559
0
LINE
8
BLACK
6
CONTINUOUS
10
0.3811660236220472
20
0.5282363779527559
11
0.381521968503937
21
0.5298429527559055
0
LINE
8
BLACK
6
CONTINUOUS
10
0.381521968503937
20
0.5298429527559055
11
0.3859299212598425
21
0.5361400393700787
0
LINE
8
BLACK
6
CONTINUOUS
10
0.3859299212598425
20
0.5361400393700787
11
0.3841979527559055
21
0.5370060629921259
0
LINE
8
BLACK
6
CONTINUOUS
10
0.3841979527559055
20
0.5370060629921259
11
0.3839661023622047
21
0.5372733464566929
0
LINE
8
BLACK
6
CONTINUOUS
10
0.3839661023622047
20
0.5372733464566929
11
0.3836392125984252
21
0.5374087795275591
0
LINE
8
BLACK
6
CONTINUOUS
10
0.3836392125984252
20
0.5374087795275591
11
0.3827011417322835
21
0.5383468503937008
0
LINE
8
BLACK
6
CONTINUOUS
10
0.3827011417322835
20
0.5383468503937008
11
0.3825657086614173
21
0.5386737401574803
0
LINE
8
BLACK
6
CONTINUOUS
10
0.3825657086614173
20
0.5386737401574803
11
0.3822983858267717
21
0.5389056299212598
0
LINE
8
BLACK
6
CONTINUOUS
10
0.3822983858267717
20
0.5389056299212598
11
0.3813602755905512
21
0.5407818503937007
0
LINE
8
BLACK
6
CONTINUOUS
10
0.3813602755905512
20
0.5407818503937007
11
0.3813248031496063
21
0.5412809842519685
0
LINE
8
BLACK
6
CONTINUOUS
10
0.3813248031496063
20
0.5412809842519685
11
0.3811333070866141
21
0.5417433464566929
0
LINE
8
BLACK
6
CONTINUOUS
10
0.3811333070866141
20
0.5417433464566929
11
0.3811333070866141
21
0.5445575984251968
0
LINE
8
BLACK
6
CONTINUOUS
10
0.3811333070866141
20
0.5445575984251968
11
0.3813248031496063
21
0.5450199212598426
0
LINE
8
BLACK
6
CONTINUOUS
10
0.3813248031496063
20
0.5450199212598426
11
0.3813602755905512
21
0.5455190944881889
0
LINE
8
BLACK
6
CONTINUOUS
10
0.3813602755905512
20
0.5455190944881889
11
0.3822983858267717
21
0.5473953149606299
0
LINE
8
BLACK
6
CONTINUOUS
10
0.3822983858267717
20
0.5473953149606299
11
0.3825657086614173
21
0.5476271653543306
0
LINE
8
BLACK
6
CONTINUOUS
10
0.3825657086614173
20
0.5476271653543306
11
0.3827011417322835
21
0.547954094488189
0
LINE
8
BLACK
6
CONTINUOUS
10
0.3827011417322835
20
0.547954094488189
11
0.3836392125984252
21
0.5488921653543307
0
LINE
8
BLACK
6
CONTINUOUS
10
0.3836392125984252
20
0.5488921653543307
11
0.3839661023622047
21
0.5490275590551181
0
LINE
8
BLACK
6
CONTINUOUS
10
0.3839661023622047
20
0.5490275590551181
11
0.3841979527559055
21
0.5492948818897637
0
LINE
8
BLACK
6
CONTINUOUS
10
0.3841979527559055
20
0.5492948818897637
11
0.3860741338582677
21
0.5502329921259842
0
LINE
8
BLACK
6
CONTINUOUS
10
0.3860741338582677
20
0.5502329921259842
11
0.3865732677165354
21
0.5502684645669291
0
LINE
8
BLACK
6
CONTINUOUS
10
0.3865732677165354
20
0.5502684645669291
11
0.3870356692913386
21
0.5504599999999999
0
LINE
8
BLACK
6
CONTINUOUS
10
0.3870356692913386
20
0.5504599999999999
11
0.3945404330708661
21
0.5504599999999999
0
LINE
8
BLACK
6
CONTINUOUS
10
0.3945404330708661
20
0.5504599999999999
11
0.3960607086614173
21
0.5498302755905512
0
LINE
8
BLACK
6
CONTINUOUS
10
0.386433031496063
20
0.5456048818897637
11
0.3859884251968504
21
0.5451602755905511
0
LINE
8
BLACK
6
CONTINUOUS
10
0.3859884251968504
20
0.5451602755905511
11
0.3854333070866142
21
0.5440500393700787
0
LINE
8
BLACK
6
CONTINUOUS
10
0.3854333070866142
20
0.5440500393700787
11
0.3854333070866142
21
0.542250905511811
0
LINE
8
BLACK
6
CONTINUOUS
10
0.3854333070866142
20
0.542250905511811
11
0.3859884251968504
21
0.5411406692913385
0
LINE
8
BLACK
6
CONTINUOUS
10
0.3859884251968504
20
0.5411406692913385
11
0.386433031496063
21
0.5406960236220473
0
LINE
8
BLACK
6
CONTINUOUS
10
0.386433031496063
20
0.5406960236220473
11
0.3875432677165354
21
0.5401409448818898
0
LINE
8
BLACK
6
CONTINUOUS
10
0.3875432677165354
20
0.5401409448818898
11
0.3923904330708661
21
0.5401409448818898
0
LINE
8
BLACK
6
CONTINUOUS
10
0.3923904330708661
20
0.5401409448818898
11
0.3923904330708661
21
0.54616
0
LINE
8
BLACK
6
CONTINUOUS
10
0.3923904330708661
20
0.54616
11
0.3875432677165354
21
0.54616
0
LINE
8
BLACK
6
CONTINUOUS
10
0.3875432677165354
20
0.54616
11
0.386433031496063
21
0.5456048818897637
0
LINE
8
BLACK
6
CONTINUOUS
10
0.5522619291338583
20
0.5818979921259843
11
0.5529527559055119
21
0.58
0
LINE
8
BLACK
6
CONTINUOUS
10
0.5529527559055119
20
0.58
11
0.5529527559055119
21
0.54
0
LINE
8
BLACK
6
CONTINUOUS
10
0.5529527559055119
20
0.54
11
0.5528851181102362
21
0.5396164566929134
0
LINE
8
BLACK
6
CONTINUOUS
10
0.5528851181102362
20
0.5396164566929134
11
0.5529079133858268
21
0.5394872440944882
0
LINE
8
BLACK
6
CONTINUOUS
10
0.5529079133858268
20
0.5394872440944882
11
0.5528422834645669
21
0.539373622047244
0
LINE
8
BLACK
6
CONTINUOUS
10
0.5528422834645669
20
0.539373622047244
11
0.5527746850393701
21
0.5389900787401575
0
LINE
8
BLACK
6
CONTINUOUS
10
0.5527746850393701
20
0.5389900787401575
11
0.5522815354330709
21
0.5384023622047244
0
LINE
8
BLACK
6
CONTINUOUS
10
0.5522815354330709
20
0.5384023622047244
11
0.5518979921259842
21
0.5377380708661417
0
LINE
8
BLACK
6
CONTINUOUS
10
0.5518979921259842
20
0.5377380708661417
11
0.5516476377952756
21
0.5376469291338583
0
LINE
8
BLACK
6
CONTINUOUS
10
0.5516476377952756
20
0.5376469291338583
11
0.5514763779527559
21
0.5374428346456693
0
LINE
8
BLACK
6
CONTINUOUS
10
0.5514763779527559
20
0.5374428346456693
11
0.5507207874015748
21
0.5373095669291339
0
LINE
8
BLACK
6
CONTINUOUS
10
0.5507207874015748
20
0.5373095669291339
11
0.5499999999999999
21
0.5370472440944882
0
LINE
8
BLACK
6
CONTINUOUS
10
0.5499999999999999
20
0.5370472440944882
11
0.49
21
0.5370472440944882
0
LINE
8
BLACK
6
CONTINUOUS
10
0.49
20
0.5370472440944882
11
0.4896164566929134
21
0.537114842519685
0
LINE
8
BLACK
6
CONTINUOUS
10
0.4896164566929134
20
0.537114842519685
11
0.4894872440944882
21
0.5370920866141732
0
LINE
8
BLACK
6
CONTINUOUS
10
0.4894872440944882
20
0.5370920866141732
11
0.4893736220472441
21
0.5371576771653543
0
LINE
8
BLACK
6
CONTINUOUS
10
0.4893736220472441
20
0.5371576771653543
11
0.4889900787401575
21
0.5372253149606299
0
LINE
8
BLACK
6
CONTINUOUS
10
0.4889900787401575
20
0.5372253149606299
11
0.4884023622047244
21
0.5377184251968504
0
LINE
8
BLACK
6
CONTINUOUS
10
0.4884023622047244
20
0.5377184251968504
11
0.4877380708661417
21
0.5381020078740157
0
LINE
8
BLACK
6
CONTINUOUS
10
0.4877380708661417
20
0.5381020078740157
11
0.4876469291338583
21
0.5383523228346456
0
LINE
8
BLACK
6
CONTINUOUS
10
0.4876469291338583
20
0.5383523228346456
11
0.4874428346456693
21
0.5385236220472441
0
LINE
8
BLACK
6
CONTINUOUS
10
0.4874428346456693
20
0.5385236220472441
11
0.4873095669291339
21
0.5392791732283464
0
LINE
8
BLACK
6
CONTINUOUS
10
0.4873095669291339
20
0.5392791732283464
11
0.4870472440944882
21
0.54
0
LINE
8
BLACK
6
CONTINUOUS
10
0.4870472440944882
20
0.54
11
0.4870472440944882
21
0.58
0
LINE
8
BLACK
6
CONTINUOUS
10
0.4870472440944882
20
0.58
11
0.4872253149606299
21
0.5810099212598425
0
LINE
8
BLACK
6
CONTINUOUS
10
0.4872253149606299
20
0.5810099212598425
11
0.4885236220472441
21
0.5825571653543307
0
LINE
8
BLACK
6
CONTINUOUS
10
0.4885236220472441
20
0.5825571653543307
11
0.4905127559055118
21
0.5829079133858267
0
LINE
8
BLACK
6
CONTINUOUS
10
0.4905127559055118
20
0.5829079133858267
11
0.4922619291338582
21
0.5818979921259843
0
LINE
8
BLACK
6
CONTINUOUS
10
0.4922619291338582
20
0.5818979921259843
11
0.4929527559055118
21
0.58
0
LINE
8
BLACK
6
CONTINUOUS
10
0.4929527559055118
20
0.58
11
0.4929527559055118
21
0.5429527559055118
0
LINE
8
BLACK
6
CONTINUOUS
10
0.4929527559055118
20
0.5429527559055118
11
0.5470472440944881
21
0.5429527559055118
0
LINE
8
BLACK
6
CONTINUOUS
10
0.5470472440944881
20
0.5429527559055118
11
0.5470472440944881
21
0.58
0
LINE
8
BLACK
6
CONTINUOUS
10
0.5470472440944881
20
0.58
11
0.5472253149606299
21
0.5810099212598425
0
LINE
8
BLACK
6
CONTINUOUS
10
0.5472253149606299
20
0.5810099212598425
11
0.548523622047244
21
0.5825571653543307
0
LINE
8
BLACK
6
CONTINUOUS
10
0.548523622047244
20
0.5825571653543307
11
0.5505127559055119
21
0.5829079133858267
0
LINE
8
BLACK
6
CONTINUOUS
10
0.5505127559055119
20
0.5829079133858267
11
0.5522619291338583
21
0.5818979921259843
0
LINE
8
BLACK
6
CONTINUOUS
10
0.7522619291338583
20
0.5818979921259843
11
0.7529527559055118
21
0.58
0
LINE
8
BLACK
6
CONTINUOUS
10
0.7529527559055118
20
0.58
11
0.7529527559055118
21
0.54
0
LINE
8
BLACK
6
CONTINUOUS
10
0.7529527559055118
20
0.54
11
0.7528851181102362
21
0.5396164566929134
0
LINE
8
BLACK
6
CONTINUOUS
10
0.7528851181102362
20
0.5396164566929134
11
0.7529079133858267
21
0.5394872440944882
0
LINE
8
BLACK
6
CONTINUOUS
10
0.7529079133858267
20
0.5394872440944882
11
0.7528422834645669
21
0.539373622047244
0
LINE
8
BLACK
6
CONTINUOUS
10
0.7528422834645669
20
0.539373622047244
11
0.7527746850393701
21
0.5389900787401575
0
LINE
8
BLACK
6
CONTINUOUS
10
0.7527746850393701
20
0.5389900787401575
11
0.7522815354330709
21
0.5384023622047244
0
LINE
8
BLACK
6
CONTINUOUS
10
0.7522815354330709
20
0.5384023622047244
11
0.7518979921259842
21
0.5377380708661417
0
LINE
8
BLACK
6
CONTINUOUS
10
0.7518979921259842
20
0.5377380708661417
11
0.7516476377952755
21
0.5376469291338583
0
LINE
8
BLACK
6
CONTINUOUS
10
0.7516476377952755
20
0.5376469291338583
11
0.7514763779527559
21
0.5374428346456693
0
LINE
8
BLACK
6
CONTINUOUS
10
0.7514763779527559
20
0.5374428346456693
11
0.7507207874015748
21
0.5373095669291339
0
LINE
8
BLACK
6
CONTINUOUS
10
0.7507207874015748
20
0.5373095669291339
11
0.75
21
0.5370472440944882
0
LINE
8
BLACK
6
CONTINUOUS
10
0.75
20
0.5370472440944882
11
0.6899999999999999
21
0.5370472440944882
0
LINE
8
BLACK
6
CONTINUOUS
10
0.6899999999999999
20
0.5370472440944882
11
0.6896164566929134
21
0.537114842519685
0
LINE
8
BLACK
6
CONTINUOUS
10
0.6896164566929134
20
0.537114842519685
11
0.6894872440944881
21
0.5370920866141732
0
LINE
8
BLACK
6
CONTINUOUS
10
0.6894872440944881
20
0.5370920866141732
11
0.6893736220472441
21
0.5371576771653543
0
LINE
8
BLACK
6
CONTINUOUS
10
0.6893736220472441
20
0.5371576771653543
11
0.6889900787401575
21
0.5372253149606299
0
LINE
8
BLACK
6
CONTINUOUS
10
0.6889900787401575
20
0.5372253149606299
11
0.6884023622047244
21
0.5377184251968504
0
LINE
8
BLACK
6
CONTINUOUS
10
0.6884023622047244
20
0.5377184251968504
11
0.6877380708661417
21
0.5381020078740157
0
LINE
8
BLACK
6
CONTINUOUS
10
0.6877380708661417
20
0.5381020078740157
11
0.6876469291338583
21
0.5383523228346456
0
LINE
8
BLACK
6
CONTINUOUS
10
0.6876469291338583
20
0.5383523228346456
11
0.6874428346456692
21
0.5385236220472441
0
LINE
8
BLACK
6
CONTINUOUS
10
0.6874428346456692
20
0.5385236220472441
11
0.6873095669291338
21
0.5392791732283464
0
LINE
8
BLACK
6
CONTINUOUS
10
0.6873095669291338
20
0.5392791732283464
11
0.6870472440944881
21
0.54
0
LINE
8
BLACK
6
CONTINUOUS
10
0.6870472440944881
20
0.54
11
0.6870472440944881
21
0.58
0
LINE
8
BLACK
6
CONTINUOUS
10
0.6870472440944881
20
0.58
11
0.6872253149606299
21
0.5810099212598425
0
LINE
8
BLACK
6
CONTINUOUS
10
0.6872253149606299
20
0.5810099212598425
11
0.688523622047244
21
0.5825571653543307
0
LINE
8
BLACK
6
CONTINUOUS
10
0.688523622047244
20
0.5825571653543307
11
0.6905127559055118
21
0.5829079133858267
0
LINE
8
BLACK
6
CONTINUOUS
10
0.6905127559055118
20
0.5829079133858267
11
0.6922619291338582
21
0.5818979921259843
0
LINE
8
BLACK
6
CONTINUOUS
10
0.6922619291338582
20
0.5818979921259843
11
0.6929527559055118
21
0.58
0
LINE
8
BLACK
6
CONTINUOUS
10
0.6929527559055118
20
0.58
11
0.6929527559055118
21
0.5429527559055118
0
LINE
8
BLACK
6
CONTINUOUS
10
0.6929527559055118
20
0.5429527559055118
11
0.7470472440944882
21
0.5429527559055118
0
LINE
8
BLACK
6
CONTINUOUS
10
0.7470472440944882
20
0.5429527559055118
11
0.7470472440944882
21
0.58
0
LINE
8
BLACK
6
CONTINUOUS
10
0.7470472440944882
20
0.58
11
0.7472253149606299
21
0.5810099212598425
0
LINE
8
BLACK
6
CONTINUOUS
10
0.7472253149606299
20
0.5810099212598425
11
0.7485236220472441
21
0.5825571653543307
0
LINE
8
BLACK
6
CONTINUOUS
10
0.7485236220472441
20
0.5825571653543307
11
0.7505127559055118
21
0.5829079133858267
0
LINE
8
BLACK
6
CONTINUOUS
10
0.7505127559055118
20
0.5829079133858267
11
0.7522619291338583
21
0.5818979921259843
0
LINE
8
BLACK
6
CONTINUOUS
10
0.3822988188976378
20
0.5773302755905512
11
0.3829285433070866
21
0.5758099999999999
0
LINE
8
BLACK
6
CONTINUOUS
10
0.3829285433070866
20
0.5758099999999999
11
0.3829285433070866
21
0.55611
0
LINE
8
BLACK
6
CONTINUOUS
10
0.3829285433070866
20
0.55611
11
0.3822988188976378
21
0.5545897244094488
0
LINE
8
BLACK
6
CONTINUOUS
10
0.3822988188976378
20
0.5545897244094488
11
0.3807785433070866
21
0.55396
0
LINE
8
BLACK
6
CONTINUOUS
10
0.3807785433070866
20
0.55396
11
0.3792582677165354
21
0.5545897244094488
0
LINE
8
BLACK
6
CONTINUOUS
10
0.3792582677165354
20
0.5545897244094488
11
0.3786285433070866
21
0.55611
0
LINE
8
BLACK
6
CONTINUOUS
10
0.3786285433070866
20
0.55611
11
0.3786285433070866
21
0.5633409448818898
0
LINE
8
BLACK
6
CONTINUOUS
10
0.3786285433070866
20
0.5633409448818898
11
0.3772074803149606
21
0.5633409448818898
0
LINE
8
BLACK
6
CONTINUOUS
10
0.3772074803149606
20
0.5633409448818898
11
0.3712827559055118
21
0.5548770472440945
0
LINE
8
BLACK
6
CONTINUOUS
10
0.3712827559055118
20
0.5548770472440945
11
0.3698950393700787
21
0.553992716535433
0
LINE
8
BLACK
6
CONTINUOUS
10
0.3698950393700787
20
0.553992716535433
11
0.3682884645669292
21
0.5543486614173229
0
LINE
8
BLACK
6
CONTINUOUS
10
0.3682884645669292
20
0.5543486614173229
11
0.3674041338582677
21
0.5557363779527559
0
LINE
8
BLACK
6
CONTINUOUS
10
0.3674041338582677
20
0.5557363779527559
11
0.3677600787401575
21
0.5573429527559055
0
LINE
8
BLACK
6
CONTINUOUS
10
0.3677600787401575
20
0.5573429527559055
11
0.372168031496063
21
0.5636400393700788
0
LINE
8
BLACK
6
CONTINUOUS
10
0.372168031496063
20
0.5636400393700788
11
0.370436062992126
21
0.564506062992126
0
LINE
8
BLACK
6
CONTINUOUS
10
0.370436062992126
20
0.564506062992126
11
0.3702042125984252
21
0.5647733464566929
0
LINE
8
BLACK
6
CONTINUOUS
10
0.3702042125984252
20
0.5647733464566929
11
0.3698773228346456
21
0.564908779527559
0
LINE
8
BLACK
6
CONTINUOUS
10
0.3698773228346456
20
0.564908779527559
11
0.3689392519685039
21
0.5658468503937008
0
LINE
8
BLACK
6
CONTINUOUS
10
0.3689392519685039
20
0.5658468503937008
11
0.3688038188976378
21
0.5661737401574803
0
LINE
8
BLACK
6
CONTINUOUS
10
0.3688038188976378
20
0.5661737401574803
11
0.3685364960629921
21
0.5664056299212599
0
LINE
8
BLACK
6
CONTINUOUS
10
0.3685364960629921
20
0.5664056299212599
11
0.3675983858267716
21
0.5682818503937008
0
LINE
8
BLACK
6
CONTINUOUS
10
0.3675983858267716
20
0.5682818503937008
11
0.3675629133858268
21
0.5687809842519684
0
LINE
8
BLACK
6
CONTINUOUS
10
0.3675629133858268
20
0.5687809842519684
11
0.3673714173228346
21
0.5692433464566929
0
LINE
8
BLACK
6
CONTINUOUS
10
0.3673714173228346
20
0.5692433464566929
11
0.3673714173228346
21
0.5720575984251969
0
LINE
8
BLACK
6
CONTINUOUS
10
0.3673714173228346
20
0.5720575984251969
11
0.3675629133858268
21
0.5725199212598425
0
LINE
8
BLACK
6
CONTINUOUS
10
0.3675629133858268
20
0.5725199212598425
11
0.3675983858267716
21
0.573019094488189
0
LINE
8
BLACK
6
CONTINUOUS
10
0.3675983858267716
20
0.573019094488189
11
0.3685364960629921
21
0.57489531496063
0
LINE
8
BLACK
6
CONTINUOUS
10
0.3685364960629921
20
0.57489531496063
11
0.3688038188976378
21
0.5751271653543307
0
LINE
8
BLACK
6
CONTINUOUS
10
0.3688038188976378
20
0.5751271653543307
11
0.3689392519685039
21
0.575454094488189
0
LINE
8
BLACK
6
CONTINUOUS
10
0.3689392519685039
20
0.575454094488189
11
0.3698773228346456
21
0.5763921653543307
0
LINE
8
BLACK
6
CONTINUOUS
10
0.3698773228346456
20
0.5763921653543307
11
0.3702042125984252
21
0.5765275590551181
0
LINE
8
BLACK
6
CONTINUOUS
10
0.3702042125984252
20
0.5765275590551181
11
0.370436062992126
21
0.5767948818897638
0
LINE
8
BLACK
6
CONTINUOUS
10
0.370436062992126
20
0.5767948818897638
11
0.3723122440944882
21
0.5777329921259843
0
LINE
8
BLACK
6
CONTINUOUS
10
0.3723122440944882
20
0.5777329921259843
11
0.3728113779527559
21
0.5777684645669291
0
LINE
8
BLACK
6
CONTINUOUS
10
0.3728113779527559
20
0.5777684645669291
11
0.373273779527559
21
0.57796
0
LINE
8
BLACK
6
CONTINUOUS
10
0.373273779527559
20
0.57796
11
0.3807785433070866
21
0.57796
0
LINE
8
BLACK
6
CONTINUOUS
10
0.3807785433070866
20
0.57796
11
0.3822988188976378
21
0.5773302755905512
0
LINE
8
BLACK
6
CONTINUOUS
10
0.3726711417322834
20
0.5731048818897637
11
0.3722265354330709
21
0.5726602755905512
0
LINE
8
BLACK
6
CONTINUOUS
10
0.3722265354330709
20
0.5726602755905512
11
0.3716714173228347
21
0.5715500393700788
0
LINE
8
BLACK
6
CONTINUOUS
10
0.3716714173228347
20
0.5715500393700788
11
0.3716714173228347
21
0.569750905511811
0
LINE
8
BLACK
6
CONTINUOUS
10
0.3716714173228347
20
0.569750905511811
11
0.3722265354330709
21
0.5686406692913386
0
LINE
8
BLACK
6
CONTINUOUS
10
0.3722265354330709
20
0.5686406692913386
11
0.3726711417322834
21
0.5681960236220472
0
LINE
8
BLACK
6
CONTINUOUS
10
0.3726711417322834
20
0.5681960236220472
11
0.3737813779527559
21
0.5676409448818898
0
LINE
8
BLACK
6
CONTINUOUS
10
0.3737813779527559
20
0.5676409448818898
11
0.3786285433070866
21
0.5676409448818898
0
LINE
8
BLACK
6
CONTINUOUS
10
0.3786285433070866
20
0.5676409448818898
11
0.3786285433070866
21
0.5736599999999999
0
LINE
8
BLACK
6
CONTINUOUS
10
0.3786285433070866
20
0.5736599999999999
11
0.3737813779527559
21
0.5736599999999999
0
LINE
8
BLACK
6
CONTINUOUS
10
0.3737813779527559
20
0.5736599999999999
11
0.3726711417322834
21
0.5731048818897637
0
LINE
8
BLACK
6
CONTINUOUS
10
0.3962504330708662
20
0.5777684645669291
11
0.3967496062992126
21
0.5777329921259843
0
LINE
8
BLACK
6
CONTINUOUS
10
0.3967496062992126
20
0.5777329921259843
11
0.3986257874015748
21
0.5767949212598426
0
LINE
8
BLACK
6
CONTINUOUS
10
0.3986257874015748
20
0.5767949212598426
11
0.3988575984251969
21
0.5765275590551181
0
LINE
8
BLACK
6
CONTINUOUS
10
0.3988575984251969
20
0.5765275590551181
11
0.3991844881889764
21
0.5763922047244094
0
LINE
8
BLACK
6
CONTINUOUS
10
0.3991844881889764
20
0.5763922047244094
11
0.4001225984251968
21
0.5754541338582677
0
LINE
8
BLACK
6
CONTINUOUS
10
0.4001225984251968
20
0.5754541338582677
11
0.4002579921259842
21
0.5751271653543307
0
LINE
8
BLACK
6
CONTINUOUS
10
0.4002579921259842
20
0.5751271653543307
11
0.4005253937007874
21
0.57489531496063
0
LINE
8
BLACK
6
CONTINUOUS
10
0.4005253937007874
20
0.57489531496063
11
0.4014634645669291
21
0.5730190551181102
0
LINE
8
BLACK
6
CONTINUOUS
10
0.4014634645669291
20
0.5730190551181102
11
0.401480748031496
21
0.5727753149606299
0
LINE
8
BLACK
6
CONTINUOUS
10
0.401480748031496
20
0.5727753149606299
11
0.401626220472441
21
0.5725790551181102
0
LINE
8
BLACK
6
CONTINUOUS
10
0.401626220472441
20
0.5725790551181102
11
0.4025643307086614
21
0.5688267322834646
0
LINE
8
BLACK
6
CONTINUOUS
10
0.4025643307086614
20
0.5688267322834646
11
0.4025242125984252
21
0.5685570866141733
0
LINE
8
BLACK
6
CONTINUOUS
10
0.4025242125984252
20
0.5685570866141733
11
0.4026285433070866
21
0.5683052362204725
0
LINE
8
BLACK
6
CONTINUOUS
10
0.4026285433070866
20
0.5683052362204725
11
0.4026285433070866
21
0.5636147637795276
0
LINE
8
BLACK
6
CONTINUOUS
10
0.4026285433070866
20
0.5636147637795276
11
0.4025242125984252
21
0.563362874015748
0
LINE
8
BLACK
6
CONTINUOUS
10
0.4025242125984252
20
0.563362874015748
11
0.4025643307086614
21
0.5630933070866142
0
LINE
8
BLACK
6
CONTINUOUS
10
0.4025643307086614
20
0.5630933070866142
11
0.401626220472441
21
0.559340905511811
0
LINE
8
BLACK
6
CONTINUOUS
10
0.401626220472441
20
0.559340905511811
11
0.401480748031496
21
0.5591446062992126
0
LINE
8
BLACK
6
CONTINUOUS
10
0.401480748031496
20
0.5591446062992126
11
0.4014634645669291
21
0.5589008661417323
0
LINE
8
BLACK
6
CONTINUOUS
10
0.4014634645669291
20
0.5589008661417323
11
0.4005253937007874
21
0.5570246850393701
0
LINE
8
BLACK
6
CONTINUOUS
10
0.4005253937007874
20
0.5570246850393701
11
0.4002579921259842
21
0.5567927952755906
0
LINE
8
BLACK
6
CONTINUOUS
10
0.4002579921259842
20
0.5567927952755906
11
0.4001225984251968
21
0.5564658661417323
0
LINE
8
BLACK
6
CONTINUOUS
10
0.4001225984251968
20
0.5564658661417323
11
0.3991844881889764
21
0.5555277952755905
0
LINE
8
BLACK
6
CONTINUOUS
10
0.3991844881889764
20
0.5555277952755905
11
0.3988575984251969
21
0.5553924015748032
0
LINE
8
BLACK
6
CONTINUOUS
10
0.3988575984251969
20
0.5553924015748032
11
0.3986257874015748
21
0.5551250787401575
0
LINE
8
BLACK
6
CONTINUOUS
10
0.3986257874015748
20
0.5551250787401575
11
0.3967496062992126
21
0.5541870078740158
0
LINE
8
BLACK
6
CONTINUOUS
10
0.3967496062992126
20
0.5541870078740158
11
0.3962504330708662
21
0.5541514960629921
0
LINE
8
BLACK
6
CONTINUOUS
10
0.3962504330708662
20
0.5541514960629921
11
0.3957880708661417
21
0.55396
0
LINE
8
BLACK
6
CONTINUOUS
10
0.3957880708661417
20
0.55396
11
0.3939118897637795
21
0.55396
0
LINE
8
BLACK
6
CONTINUOUS
10
0.3939118897637795
20
0.55396
11
0.3934495275590551
21
0.5541514960629921
0
LINE
8
BLACK
6
CONTINUOUS
10
0.3934495275590551
20
0.5541514960629921
11
0.3929503937007874
21
0.554186968503937
0
LINE
8
BLACK
6
CONTINUOUS
10
0.3929503937007874
20
0.554186968503937
11
0.3910741732283464
21
0.5551250787401575
0
LINE
8
BLACK
6
CONTINUOUS
10
0.3910741732283464
20
0.5551250787401575
11
0.3908422834645669
21
0.5553924015748032
0
LINE
8
BLACK
6
CONTINUOUS
10
0.3908422834645669
20
0.5553924015748032
11
0.3905153937007874
21
0.5555278346456692
0
LINE
8
BLACK
6
CONTINUOUS
10
0.3905153937007874
20
0.5555278346456692
11
0.3895773228346456
21
0.556465905511811
0
LINE
8
BLACK
6
CONTINUOUS
10
0.3895773228346456
20
0.556465905511811
11
0.3894418897637795
21
0.5567927559055118
0
LINE
8
BLACK
6
CONTINUOUS
10
0.3894418897637795
20
0.5567927559055118
11
0.3891745669291338
21
0.5570246456692913
0
LINE
8
BLACK
6
CONTINUOUS
10
0.3891745669291338
20
0.5570246456692913
11
0.3882364960629921
21
0.5589008267716535
0
LINE
8
BLACK
6
CONTINUOUS
10
0.3882364960629921
20
0.5589008267716535
11
0.3882191338582677
21
0.5591445275590551
0
LINE
8
BLACK
6
CONTINUOUS
10
0.3882191338582677
20
0.5591445275590551
11
0.3880736614173228
21
0.5593409448818898
0
LINE
8
BLACK
6
CONTINUOUS
10
0.3880736614173228
20
0.5593409448818898
11
0.3871355905511811
21
0.563093346456693
0
LINE
8
BLACK
6
CONTINUOUS
10
0.3871355905511811
20
0.563093346456693
11
0.3871757086614173
21
0.5633629527559055
0
LINE
8
BLACK
6
CONTINUOUS
10
0.3871757086614173
20
0.5633629527559055
11
0.3870714173228346
21
0.5636147637795276
0
LINE
8
BLACK
6
CONTINUOUS
10
0.3870714173228346
20
0.5636147637795276
11
0.3870714173228346
21
0.5683052362204725
0
LINE
8
BLACK
6
CONTINUOUS
10
0.3870714173228346
20
0.5683052362204725
11
0.3871757086614173
21
0.5685570472440945
0
LINE
8
BLACK
6
CONTINUOUS
10
0.3871757086614173
20
0.5685570472440945
11
0.3871355905511811
21
0.5688266929133858
0
LINE
8
BLACK
6
CONTINUOUS
10
0.3871355905511811
20
0.5688266929133858
11
0.3880736614173228
21
0.5725790157480315
0
LINE
8
BLACK
6
CONTINUOUS
10
0.3880736614173228
20
0.5725790157480315
11
0.3882191338582677
21
0.5727753543307087
0
LINE
8
BLACK
6
CONTINUOUS
10
0.3882191338582677
20
0.5727753543307087
11
0.3882364566929134
21
0.573019094488189
0
LINE
8
BLACK
6
CONTINUOUS
10
0.3882364566929134
20
0.573019094488189
11
0.3891745669291338
21
0.57489531496063
0
LINE
8
BLACK
6
CONTINUOUS
10
0.3891745669291338
20
0.57489531496063
11
0.3894418897637795
21
0.5751271653543307
0
LINE
8
BLACK
6
CONTINUOUS
10
0.3894418897637795
20
0.5751271653543307
11
0.3895773228346456
21
0.575454094488189
0
LINE
8
BLACK
6
CONTINUOUS
10
0.3895773228346456
20
0.575454094488189
11
0.3905153937007874
21
0.5763921653543307
0
LINE
8
BLACK
6
CONTINUOUS
10
0.3905153937007874
20
0.5763921653543307
11
0.3908422834645669
21
0.5765275590551181
0
LINE
8
BLACK
6
CONTINUOUS
10
0.3908422834645669
20
0.5765275590551181
11
0.3910741732283464
21
0.5767949212598426
0
LINE
8
BLACK
6
CONTINUOUS
10
0.3910741732283464
20
0.5767949212598426
11
0.3929503937007874
21
0.577733031496063
0
LINE
8
BLACK
6
CONTINUOUS
10
0.3929503937007874
20
0.577733031496063
11
0.3934495275590551
21
0.5777684645669291
0
LINE
8
BLACK
6
CONTINUOUS
10
0.3934495275590551
20
0.5777684645669291
11
0.3939118897637795
21
0.57796
0
LINE
8
BLACK
6
CONTINUOUS
10
0.3939118897637795
20
0.57796
11
0.3957880708661417
21
0.57796
0
LINE
8
BLACK
6
CONTINUOUS
10
0.3957880708661417
20
0.57796
11
0.3962504330708662
21
0.5777684645669291
0
LINE
8
BLACK
6
CONTINUOUS
10
0.3933092125984252
20
0.5731048818897637
11
0.3928646062992126
21
0.5726602755905512
0
LINE
8
BLACK
6
CONTINUOUS
10
0.3928646062992126
20
0.5726602755905512
11
0.3921880708661417
21
0.5713072440944882
0
LINE
8
BLACK
6
CONTINUOUS
10
0.3921880708661417
20
0.5713072440944882
11
0.3913714173228346
21
0.5680404724409449
0
LINE
8
BLACK
6
CONTINUOUS
10
0.3913714173228346
20
0.5680404724409449
11
0.3913714173228346
21
0.5638794488188976
0
LINE
8
BLACK
6
CONTINUOUS
10
0.3913714173228346
20
0.5638794488188976
11
0.3921881102362205
21
0.5606126377952756
0
LINE
8
BLACK
6
CONTINUOUS
10
0.3921881102362205
20
0.5606126377952756
11
0.3928645275590551
21
0.5592597637795276
0
LINE
8
BLACK
6
CONTINUOUS
10
0.3928645275590551
20
0.5592597637795276
11
0.3933092125984252
21
0.5588151181102362
0
LINE
8
BLACK
6
CONTINUOUS
10
0.3933092125984252
20
0.5588151181102362
11
0.3944194488188976
21
0.55826
0
LINE
8
BLACK
6
CONTINUOUS
10
0.3944194488188976
20
0.55826
11
0.3952805511811023
21
0.55826
0
LINE
8
BLACK
6
CONTINUOUS
10
0.3952805511811023
20
0.55826
11
0.3963906692913386
21
0.5588150787401575
0
LINE
8
BLACK
6
CONTINUOUS
10
0.3963906692913386
20
0.5588150787401575
11
0.3968353543307087
21
0.5592597244094488
0
LINE
8
BLACK
6
CONTINUOUS
10
0.3968353543307087
20
0.5592597244094488
11
0.3975118897637795
21
0.5606128346456692
0
LINE
8
BLACK
6
CONTINUOUS
10
0.3975118897637795
20
0.5606128346456692
11
0.3983285433070866
21
0.5638794881889764
0
LINE
8
BLACK
6
CONTINUOUS
10
0.3983285433070866
20
0.5638794881889764
11
0.3983285433070866
21
0.5680404724409449
0
LINE
8
BLACK
6
CONTINUOUS
10
0.3983285433070866
20
0.5680404724409449
11
0.3975118897637795
21
0.5713070866141732
0
LINE
8
BLACK
6
CONTINUOUS
10
0.3975118897637795
20
0.5713070866141732
11
0.3968353149606299
21
0.5726602362204725
0
LINE
8
BLACK
6
CONTINUOUS
10
0.3968353149606299
20
0.5726602362204725
11
0.3963906692913386
21
0.5731048818897637
0
LINE
8
BLACK
6
CONTINUOUS
10
0.3963906692913386
20
0.5731048818897637
11
0.3952805511811023
21
0.5736599999999999
0
LINE
8
BLACK
6
CONTINUOUS
10
0.3952805511811023
20
0.5736599999999999
11
0.3944194488188976
21
0.5736599999999999
0
LINE
8
BLACK
6
CONTINUOUS
10
0.3944194488188976
20
0.5736599999999999
11
0.3933092125984252
21
0.5731048818897637
0
LINE
8
BLACK
6
CONTINUOUS
10
0.5454102362204725
20
0.5810416929133858
11
0.5460399606299212
21
0.5795214173228347
0
LINE
8
BLACK
6
CONTINUOUS
10
0.5460399606299212
20
0.5795214173228347
11
0.5454102362204725
21
0.5780011417322835
0
LINE
8
BLACK
6
CONTINUOUS
10
0.5454102362204725
20
0.5780011417322835
11
0.5438899606299212
21
0.5773714173228346
0
LINE
8
BLACK
6
CONTINUOUS
10
0.5438899606299212
20
0.5773714173228346
11
0.5403336220472441
21
0.5773714173228346
0
LINE
8
BLACK
6
CONTINUOUS
10
0.5403336220472441
20
0.5773714173228346
11
0.5451799606299212
21
0.5737366535433071
0
LINE
8
BLACK
6
CONTINUOUS
10
0.5451799606299212
20
0.5737366535433071
11
0.5460183464566929
21
0.5723207086614173
0
LINE
8
BLACK
6
CONTINUOUS
10
0.5460183464566929
20
0.5723207086614173
11
0.5456099606299213
21
0.5707266535433071
0
LINE
8
BLACK
6
CONTINUOUS
10
0.5456099606299213
20
0.5707266535433071
11
0.5441940157480315
21
0.5698882677165354
0
LINE
8
BLACK
6
CONTINUOUS
10
0.5441940157480315
20
0.5698882677165354
11
0.5425999606299212
21
0.5702966535433071
0
LINE
8
BLACK
6
CONTINUOUS
10
0.5425999606299212
20
0.5702966535433071
11
0.5365869291338583
21
0.5748064173228347
0
LINE
8
BLACK
6
CONTINUOUS
10
0.5365869291338583
20
0.5748064173228347
11
0.5322768897637795
21
0.5704963779527559
0
LINE
8
BLACK
6
CONTINUOUS
10
0.5322768897637795
20
0.5704963779527559
11
0.5307566141732283
21
0.5698666535433071
0
LINE
8
BLACK
6
CONTINUOUS
10
0.5307566141732283
20
0.5698666535433071
11
0.5292363385826772
21
0.5704963779527559
0
LINE
8
BLACK
6
CONTINUOUS
10
0.5292363385826772
20
0.5704963779527559
11
0.5286066141732283
21
0.5720166535433071
0
LINE
8
BLACK
6
CONTINUOUS
10
0.5286066141732283
20
0.5720166535433071
11
0.5292363385826772
21
0.5735369291338582
0
LINE
8
BLACK
6
CONTINUOUS
10
0.5292363385826772
20
0.5735369291338582
11
0.5330708267716535
21
0.5773714173228346
0
LINE
8
BLACK
6
CONTINUOUS
10
0.5330708267716535
20
0.5773714173228346
11
0.5241899606299213
21
0.5773714173228346
0
LINE
8
BLACK
6
CONTINUOUS
10
0.5241899606299213
20
0.5773714173228346
11
0.5226696850393701
21
0.5780011417322835
0
LINE
8
BLACK
6
CONTINUOUS
10
0.5226696850393701
20
0.5780011417322835
11
0.5220399606299212
21
0.5795214173228347
0
LINE
8
BLACK
6
CONTINUOUS
10
0.5220399606299212
20
0.5795214173228347
11
0.5226696850393701
21
0.5810416929133858
0
LINE
8
BLACK
6
CONTINUOUS
10
0.5226696850393701
20
0.5810416929133858
11
0.5241899606299213
21
0.5816714173228347
0
LINE
8
BLACK
6
CONTINUOUS
10
0.5241899606299213
20
0.5816714173228347
11
0.5438899606299212
21
0.5816714173228347
0
LINE
8
BLACK
6
CONTINUOUS
10
0.5438899606299212
20
0.5816714173228347
11
0.5454102362204725
21
0.5810416929133858
0
LINE
8
BLACK
6
CONTINUOUS
10
0.7454102362204724
20
0.5810416929133858
11
0.7460399606299213
21
0.5795214173228347
0
LINE
8
BLACK
6
CONTINUOUS
10
0.7460399606299213
20
0.5795214173228347
11
0.7454102362204724
21
0.5780011417322835
0
LINE
8
BLACK
6
CONTINUOUS
10
0.7454102362204724
20
0.5780011417322835
11
0.7438899606299212
21
0.5773714173228346
0
LINE
8
BLACK
6
CONTINUOUS
10
0.7438899606299212
20
0.5773714173228346
11
0.7403336220472441
21
0.5773714173228346
0
LINE
8
BLACK
6
CONTINUOUS
10
0.7403336220472441
20
0.5773714173228346
11
0.7451799606299212
21
0.5737366535433071
0
LINE
8
BLACK
6
CONTINUOUS
10
0.7451799606299212
20
0.5737366535433071
11
0.7460183464566928
21
0.5723207086614173
0
LINE
8
BLACK
6
CONTINUOUS
10
0.7460183464566928
20
0.5723207086614173
11
0.7456099606299212
21
0.5707266535433071
0
LINE
8
BLACK
6
CONTINUOUS
10
0.7456099606299212
20
0.5707266535433071
11
0.7441940157480315
21
0.5698882677165354
0
LINE
8
BLACK
6
CONTINUOUS
10
0.7441940157480315
20
0.5698882677165354
11
0.7425999606299213
21
0.5702966535433071
0
LINE
8
BLACK
6
CONTINUOUS
10
0.7425999606299213
20
0.5702966535433071
11
0.7365869291338583
21
0.5748064173228347
0
LINE
8
BLACK
6
CONTINUOUS
10
0.7365869291338583
20
0.5748064173228347
11
0.7322768897637795
21
0.5704963779527559
0
LINE
8
BLACK
6
CONTINUOUS
10
0.7322768897637795
20
0.5704963779527559
11
0.7307566141732283
21
0.5698666535433071
0
LINE
8
BLACK
6
CONTINUOUS
10
0.7307566141732283
20
0.5698666535433071
11
0.7292363385826771
21
0.5704963779527559
0
LINE
8
BLACK
6
CONTINUOUS
10
0.7292363385826771
20
0.5704963779527559
11
0.7286066141732284
21
0.5720166535433071
0
LINE
8
BLACK
6
CONTINUOUS
10
0.7286066141732284
20
0.5720166535433071
11
0.7292363385826771
21
0.5735369291338582
0
LINE
8
BLACK
6
CONTINUOUS
10
0.7292363385826771
20
0.5735369291338582
11
0.7330708267716535
21
0.5773714173228346
0
LINE
8
BLACK
6
CONTINUOUS
10
0.7330708267716535
20
0.5773714173228346
11
0.7241899606299212
21
0.5773714173228346
0
LINE
8
BLACK
6
CONTINUOUS
10
0.7241899606299212
20
0.5773714173228346
11
0.72266968503937
21
0.5780011417322835
0
LINE
8
BLACK
6
CONTINUOUS
10
0.72266968503937
20
0.5780011417322835
11
0.7220399606299213
21
0.5795214173228347
0
LINE
8
BLACK
6
CONTINUOUS
10
0.7220399606299213
20
0.5795214173228347
11
0.72266968503937
21
0.5810416929133858
0
LINE
8
BLACK
6
CONTINUOUS
10
0.72266968503937
20
0.5810416929133858
11
0.7241899606299212
21
0.5816714173228347
0
LINE
8
BLACK
6
CONTINUOUS
10
0.7241899606299212
20
0.5816714173228347
11
0.7438899606299212
21
0.5816714173228347
0
LINE
8
BLACK
6
CONTINUOUS
10
0.7438899606299212
20
0.5816714173228347
11
0.7454102362204724
21
0.5810416929133858
0
LINE
8
BLACK
6
CONTINUOUS
10
0.5179102362204724
20
0.5982369291338583
11
0.5185399606299212
21
0.5967166535433071
0
LINE
8
BLACK
6
CONTINUOUS
10
0.5185399606299212
20
0.5967166535433071
11
0.5185399606299212
21
0.5845214173228346
0
LINE
8
BLACK
6
CONTINUOUS
10
0.5185399606299212
20
0.5845214173228346
11
0.5179102362204724
21
0.5830011417322835
0
LINE
8
BLACK
6
CONTINUOUS
10
0.5179102362204724
20
0.5830011417322835
11
0.5163899606299213
21
0.5823714173228346
0
LINE
8
BLACK
6
CONTINUOUS
10
0.5163899606299213
20
0.5823714173228346
11
0.51486968503937
21
0.5830011417322835
0
LINE
8
BLACK
6
CONTINUOUS
10
0.51486968503937
20
0.5830011417322835
11
0.5142399606299213
21
0.5845214173228346
0
LINE
8
BLACK
6
CONTINUOUS
10
0.5142399606299213
20
0.5845214173228346
11
0.5142399606299213
21
0.591526062992126
0
LINE
8
BLACK
6
CONTINUOUS
10
0.5142399606299213
20
0.591526062992126
11
0.5066531102362205
21
0.5839392125984252
0
LINE
8
BLACK
6
CONTINUOUS
10
0.5066531102362205
20
0.5839392125984252
11
0.506190748031496
21
0.5837476771653544
0
LINE
8
BLACK
6
CONTINUOUS
10
0.506190748031496
20
0.5837476771653544
11
0.5058126771653543
21
0.5834198031496063
0
LINE
8
BLACK
6
CONTINUOUS
10
0.5058126771653543
20
0.5834198031496063
11
0.5029984251968503
21
0.5824817322834646
0
LINE
8
BLACK
6
CONTINUOUS
10
0.5029984251968503
20
0.5824817322834646
11
0.5026454330708662
21
0.582506811023622
0
LINE
8
BLACK
6
CONTINUOUS
10
0.5026454330708662
20
0.582506811023622
11
0.5023185433070866
21
0.5823714173228346
0
LINE
8
BLACK
6
CONTINUOUS
10
0.5023185433070866
20
0.5823714173228346
11
0.5004423622047244
21
0.5823714173228346
0
LINE
8
BLACK
6
CONTINUOUS
10
0.5004423622047244
20
0.5823714173228346
11
0.49998
21
0.5825629133858268
0
LINE
8
BLACK
6
CONTINUOUS
10
0.49998
20
0.5825629133858268
11
0.499480905511811
21
0.5825983858267716
0
LINE
8
BLACK
6
CONTINUOUS
10
0.499480905511811
20
0.5825983858267716
11
0.4976046456692913
21
0.5835364566929133
0
LINE
8
BLACK
6
CONTINUOUS
10
0.4976046456692913
20
0.5835364566929133
11
0.4973727559055118
21
0.5838038188976378
0
LINE
8
BLACK
6
CONTINUOUS
10
0.4973727559055118
20
0.5838038188976378
11
0.4970458267716535
21
0.5839392519685039
0
LINE
8
BLACK
6
CONTINUOUS
10
0.4970458267716535
20
0.5839392519685039
11
0.4961077559055118
21
0.5848773622047244
0
LINE
8
BLACK
6
CONTINUOUS
10
0.4961077559055118
20
0.5848773622047244
11
0.4959723622047244
21
0.5852042125984251
0
LINE
8
BLACK
6
CONTINUOUS
10
0.4959723622047244
20
0.5852042125984251
11
0.4957050393700787
21
0.5854360629921259
0
LINE
8
BLACK
6
CONTINUOUS
10
0.4957050393700787
20
0.5854360629921259
11
0.494766968503937
21
0.5873122440944881
0
LINE
8
BLACK
6
CONTINUOUS
10
0.494766968503937
20
0.5873122440944881
11
0.4947314566929134
21
0.5878113779527558
0
LINE
8
BLACK
6
CONTINUOUS
10
0.4947314566929134
20
0.5878113779527558
11
0.4945399606299212
21
0.588273779527559
0
LINE
8
BLACK
6
CONTINUOUS
10
0.4945399606299212
20
0.588273779527559
11
0.4945399606299212
21
0.5929642519685039
0
LINE
8
BLACK
6
CONTINUOUS
10
0.4945399606299212
20
0.5929642519685039
11
0.4947314566929134
21
0.5934266141732283
0
LINE
8
BLACK
6
CONTINUOUS
10
0.4947314566929134
20
0.5934266141732283
11
0.494766968503937
21
0.5939257874015748
0
LINE
8
BLACK
6
CONTINUOUS
10
0.494766968503937
20
0.5939257874015748
11
0.4957050393700787
21
0.595801968503937
0
LINE
8
BLACK
6
CONTINUOUS
10
0.4957050393700787
20
0.595801968503937
11
0.4959723622047244
21
0.5960337795275591
0
LINE
8
BLACK
6
CONTINUOUS
10
0.4959723622047244
20
0.5960337795275591
11
0.4961077559055118
21
0.5963606692913386
0
LINE
8
BLACK
6
CONTINUOUS
10
0.4961077559055118
20
0.5963606692913386
11
0.4970458267716535
21
0.5972987795275591
0
LINE
8
BLACK
6
CONTINUOUS
10
0.4970458267716535
20
0.5972987795275591
11
0.4985661023622047
21
0.5979285433070866
0
LINE
8
BLACK
6
CONTINUOUS
10
0.4985661023622047
20
0.5979285433070866
11
0.5000863779527559
21
0.5972988582677166
0
LINE
8
BLACK
6
CONTINUOUS
10
0.5000863779527559
20
0.5972988582677166
11
0.5007161417322834
21
0.5957785826771653
0
LINE
8
BLACK
6
CONTINUOUS
10
0.5007161417322834
20
0.5957785826771653
11
0.5000864566929134
21
0.5942583070866142
0
LINE
8
BLACK
6
CONTINUOUS
10
0.5000864566929134
20
0.5942583070866142
11
0.4993950393700787
21
0.5935668503937008
0
LINE
8
BLACK
6
CONTINUOUS
10
0.4993950393700787
20
0.5935668503937008
11
0.4988399606299213
21
0.5924566929133858
0
LINE
8
BLACK
6
CONTINUOUS
10
0.4988399606299213
20
0.5924566929133858
11
0.4988399606299213
21
0.5887812992125984
0
LINE
8
BLACK
6
CONTINUOUS
10
0.4988399606299213
20
0.5887812992125984
11
0.4993950393700787
21
0.5876711417322834
0
LINE
8
BLACK
6
CONTINUOUS
10
0.4993950393700787
20
0.5876711417322834
11
0.49983968503937
21
0.5872264960629922
0
LINE
8
BLACK
6
CONTINUOUS
10
0.49983968503937
20
0.5872264960629922
11
0.5009499212598425
21
0.5866714173228347
0
LINE
8
BLACK
6
CONTINUOUS
10
0.5009499212598425
20
0.5866714173228347
11
0.5019696062992126
21
0.5866714173228347
0
LINE
8
BLACK
6
CONTINUOUS
10
0.5019696062992126
20
0.5866714173228347
11
0.5039714566929133
21
0.5873386614173228
0
LINE
8
BLACK
6
CONTINUOUS
10
0.5039714566929133
20
0.5873386614173228
11
0.51486968503937
21
0.5982369291338583
0
LINE
8
BLACK
6
CONTINUOUS
10
0.51486968503937
20
0.5982369291338583
11
0.5163899606299213
21
0.598866653543307
0
LINE
8
BLACK
6
CONTINUOUS
10
0.5163899606299213
20
0.598866653543307
11
0.5179102362204724
21
0.5982369291338583
0
LINE
8
BLACK
6
CONTINUOUS
10
0.7179102362204725
20
0.5972988188976378
11
0.7185399606299212
21
0.5957785433070866
0
LINE
8
BLACK
6
CONTINUOUS
10
0.7185399606299212
20
0.5957785433070866
11
0.7185399606299212
21
0.5845214173228346
0
LINE
8
BLACK
6
CONTINUOUS
10
0.7185399606299212
20
0.5845214173228346
11
0.7179102362204725
21
0.5830011417322835
0
LINE
8
BLACK
6
CONTINUOUS
10
0.7179102362204725
20
0.5830011417322835
11
0.7163899606299212
21
0.5823714173228346
0
LINE
8
BLACK
6
CONTINUOUS
10
0.7163899606299212
20
0.5823714173228346
11
0.7148696850393701
21
0.5830011417322835
0
LINE
8
BLACK
6
CONTINUOUS
10
0.7148696850393701
20
0.5830011417322835
11
0.7142399606299212
21
0.5845214173228346
0
LINE
8
BLACK
6
CONTINUOUS
10
0.7142399606299212
20
0.5845214173228346
11
0.7142399606299212
21
0.5879999606299212
0
LINE
8
BLACK
6
CONTINUOUS
10
0.7142399606299212
20
0.5879999606299212
11
0.6966899606299213
21
0.5879999606299212
0
LINE
8
BLACK
6
CONTINUOUS
10
0.6966899606299213
20
0.5879999606299212
11
0.6964853937007874
21
0.5880846456692913
0
LINE
8
BLACK
6
CONTINUOUS
10
0.6964853937007874
20
0.5880846456692913
11
0.6962683070866141
21
0.5880417322834646
0
LINE
8
BLACK
6
CONTINUOUS
10
0.6962683070866141
20
0.5880417322834646
11
0.6957481496062992
21
0.5883900393700787
0
LINE
8
BLACK
6
CONTINUOUS
10
0.6957481496062992
20
0.5883900393700787
11
0.69516968503937
21
0.5886296850393701
0
LINE
8
BLACK
6
CONTINUOUS
10
0.69516968503937
20
0.5886296850393701
11
0.6950849606299212
21
0.5888341732283464
0
LINE
8
BLACK
6
CONTINUOUS
10
0.6950849606299212
20
0.5888341732283464
11
0.694901062992126
21
0.5889573622047244
0
LINE
8
BLACK
6
CONTINUOUS
10
0.694901062992126
20
0.5889573622047244
11
0.6947795669291339
21
0.5895714566929133
0
LINE
8
BLACK
6
CONTINUOUS
10
0.6947795669291339
20
0.5895714566929133
11
0.6945399606299213
21
0.5901499606299212
0
LINE
8
BLACK
6
CONTINUOUS
10
0.6945399606299213
20
0.5901499606299212
11
0.6946246456692913
21
0.5903544881889764
0
LINE
8
BLACK
6
CONTINUOUS
10
0.6946246456692913
20
0.5903544881889764
11
0.6945817322834645
21
0.5905716141732283
0
LINE
8
BLACK
6
CONTINUOUS
10
0.6945817322834645
20
0.5905716141732283
11
0.6949300393700787
21
0.5910917322834646
0
LINE
8
BLACK
6
CONTINUOUS
10
0.6949300393700787
20
0.5910917322834646
11
0.69516968503937
21
0.5916702362204724
0
LINE
8
BLACK
6
CONTINUOUS
10
0.69516968503937
20
0.5916702362204724
11
0.6953741732283465
21
0.5917549212598425
0
LINE
8
BLACK
6
CONTINUOUS
10
0.6953741732283465
20
0.5917549212598425
11
0.6954973622047244
21
0.5919388582677165
0
LINE
8
BLACK
6
CONTINUOUS
10
0.6954973622047244
20
0.5919388582677165
11
0.6981345275590551
21
0.5936970078740157
0
LINE
8
BLACK
6
CONTINUOUS
10
0.6981345275590551
20
0.5936970078740157
11
0.6996134251968503
21
0.595175905511811
0
LINE
8
BLACK
6
CONTINUOUS
10
0.6996134251968503
20
0.595175905511811
11
0.7003955118110236
21
0.5967400787401574
0
LINE
8
BLACK
6
CONTINUOUS
10
0.7003955118110236
20
0.5967400787401574
11
0.7016386614173228
21
0.597818188976378
0
LINE
8
BLACK
6
CONTINUOUS
10
0.7016386614173228
20
0.597818188976378
11
0.7032800787401574
21
0.5977015354330708
0
LINE
8
BLACK
6
CONTINUOUS
10
0.7032800787401574
20
0.5977015354330708
11
0.7043582283464567
21
0.5964584251968503
0
LINE
8
BLACK
6
CONTINUOUS
10
0.7043582283464567
20
0.5964584251968503
11
0.7042415354330709
21
0.5948170078740157
0
LINE
8
BLACK
6
CONTINUOUS
10
0.7042415354330709
20
0.5948170078740157
11
0.7033034251968504
21
0.5929408267716535
0
LINE
8
BLACK
6
CONTINUOUS
10
0.7033034251968504
20
0.5929408267716535
11
0.7030361023622047
21
0.5927089763779527
0
LINE
8
BLACK
6
CONTINUOUS
10
0.7030361023622047
20
0.5927089763779527
11
0.7029007086614173
21
0.5923820866141732
0
LINE
8
BLACK
6
CONTINUOUS
10
0.7029007086614173
20
0.5923820866141732
11
0.7028185826771653
21
0.5922999606299213
0
LINE
8
BLACK
6
CONTINUOUS
10
0.7028185826771653
20
0.5922999606299213
11
0.7142399606299212
21
0.5922999606299213
0
LINE
8
BLACK
6
CONTINUOUS
10
0.7142399606299212
20
0.5922999606299213
11
0.7142399606299212
21
0.5957785433070866
0
LINE
8
BLACK
6
CONTINUOUS
10
0.7142399606299212
20
0.5957785433070866
11
0.7148696850393701
21
0.5972988188976378
0
LINE
8
BLACK
6
CONTINUOUS
10
0.7148696850393701
20
0.5972988188976378
11
0.7163899606299212
21
0.5979285433070866
0
LINE
8
BLACK
6
CONTINUOUS
10
0.7163899606299212
20
0.5979285433070866
11
0.7179102362204725
21
0.5972988188976378
0
LINE
8
BLACK
6
CONTINUOUS
10
0.5366370472440944
20
0.6012670866141732
11
0.536906653543307
21
0.6013072047244095
0
LINE
8
BLACK
6
CONTINUOUS
10
0.536906653543307
20
0.6013072047244095
11
0.5406590551181102
21
0.6003691338582677
0
LINE
8
BLACK
6
CONTINUOUS
10
0.5406590551181102
20
0.6003691338582677
11
0.5408553937007874
21
0.6002236220472441
0
LINE
8
BLACK
6
CONTINUOUS
10
0.5408553937007874
20
0.6002236220472441
11
0.5410990944881889
21
0.6002063385826771
0
LINE
8
BLACK
6
CONTINUOUS
10
0.5410990944881889
20
0.6002063385826771
11
0.5429752755905511
21
0.5992682677165354
0
LINE
8
BLACK
6
CONTINUOUS
10
0.5429752755905511
20
0.5992682677165354
11
0.5432071259842519
21
0.599000905511811
0
LINE
8
BLACK
6
CONTINUOUS
10
0.5432071259842519
20
0.599000905511811
11
0.5435340551181103
21
0.5988655118110237
0
LINE
8
BLACK
6
CONTINUOUS
10
0.5435340551181103
20
0.5988655118110237
11
0.5444721653543307
21
0.5979274015748032
0
LINE
8
BLACK
6
CONTINUOUS
10
0.5444721653543307
20
0.5979274015748032
11
0.5446075590551182
21
0.5976004724409448
0
LINE
8
BLACK
6
CONTINUOUS
10
0.5446075590551182
20
0.5976004724409448
11
0.5448749212598425
21
0.5973686220472441
0
LINE
8
BLACK
6
CONTINUOUS
10
0.5448749212598425
20
0.5973686220472441
11
0.5458129921259842
21
0.5954924409448819
0
LINE
8
BLACK
6
CONTINUOUS
10
0.5458129921259842
20
0.5954924409448819
11
0.5458484251968504
21
0.5949932677165354
0
LINE
8
BLACK
6
CONTINUOUS
10
0.5458484251968504
20
0.5949932677165354
11
0.5460399606299212
21
0.5945309448818897
0
LINE
8
BLACK
6
CONTINUOUS
10
0.5460399606299212
20
0.5945309448818897
11
0.5460399606299212
21
0.5926547637795275
0
LINE
8
BLACK
6
CONTINUOUS
10
0.5460399606299212
20
0.5926547637795275
11
0.5458484251968504
21
0.5921924015748031
0
LINE
8
BLACK
6
CONTINUOUS
10
0.5458484251968504
20
0.5921924015748031
11
0.5458129921259842
21
0.5916933070866142
0
LINE
8
BLACK
6
CONTINUOUS
10
0.5458129921259842
20
0.5916933070866142
11
0.5448749212598425
21
0.5898170472440945
0
LINE
8
BLACK
6
CONTINUOUS
10
0.5448749212598425
20
0.5898170472440945
11
0.5446075196850394
21
0.5895851574803149
0
LINE
8
BLACK
6
CONTINUOUS
10
0.5446075196850394
20
0.5895851574803149
11
0.544472125984252
21
0.5892582283464567
0
LINE
8
BLACK
6
CONTINUOUS
10
0.544472125984252
20
0.5892582283464567
11
0.5435340157480315
21
0.588320157480315
0
LINE
8
BLACK
6
CONTINUOUS
10
0.5435340157480315
20
0.588320157480315
11
0.5432071259842519
21
0.5881847637795276
0
LINE
8
BLACK
6
CONTINUOUS
10
0.5432071259842519
20
0.5881847637795276
11
0.5429753149606299
21
0.5879174409448819
0
LINE
8
BLACK
6
CONTINUOUS
10
0.5429753149606299
20
0.5879174409448819
11
0.5410991338582677
21
0.5869793700787401
0
LINE
8
BLACK
6
CONTINUOUS
10
0.5410991338582677
20
0.5869793700787401
11
0.5408553937007874
21
0.5869620078740158
0
LINE
8
BLACK
6
CONTINUOUS
10
0.5408553937007874
20
0.5869620078740158
11
0.5406590157480314
21
0.5868165354330709
0
LINE
8
BLACK
6
CONTINUOUS
10
0.5406590157480314
20
0.5868165354330709
11
0.5369066141732284
21
0.5858784645669292
0
LINE
8
BLACK
6
CONTINUOUS
10
0.5369066141732284
20
0.5858784645669292
11
0.5366369685039371
21
0.5859185826771653
0
LINE
8
BLACK
6
CONTINUOUS
10
0.5366369685039371
20
0.5859185826771653
11
0.5363851968503937
21
0.5858142913385826
0
LINE
8
BLACK
6
CONTINUOUS
10
0.5363851968503937
20
0.5858142913385826
11
0.5316947244094488
21
0.5858142913385826
0
LINE
8
BLACK
6
CONTINUOUS
10
0.5316947244094488
20
0.5858142913385826
11
0.531442874015748
21
0.5859185826771653
0
LINE
8
BLACK
6
CONTINUOUS
10
0.531442874015748
20
0.5859185826771653
11
0.5311732677165354
21
0.5858784645669292
0
LINE
8
BLACK
6
CONTINUOUS
10
0.5311732677165354
20
0.5858784645669292
11
0.527420905511811
21
0.5868165354330709
0
LINE
8
BLACK
6
CONTINUOUS
10
0.527420905511811
20
0.5868165354330709
11
0.5272245275590551
21
0.5869620078740158
0
LINE
8
BLACK
6
CONTINUOUS
10
0.5272245275590551
20
0.5869620078740158
11
0.5269808661417322
21
0.5869793307086614
0
LINE
8
BLACK
6
CONTINUOUS
10
0.5269808661417322
20
0.5869793307086614
11
0.5251046456692914
21
0.5879174409448819
0
LINE
8
BLACK
6
CONTINUOUS
10
0.5251046456692914
20
0.5879174409448819
11
0.5248727559055117
21
0.5881847637795276
0
LINE
8
BLACK
6
CONTINUOUS
10
0.5248727559055117
20
0.5881847637795276
11
0.5245458661417323
21
0.5883201968503937
0
LINE
8
BLACK
6
CONTINUOUS
10
0.5245458661417323
20
0.5883201968503937
11
0.5236077952755905
21
0.5892582677165354
0
LINE
8
BLACK
6
CONTINUOUS
10
0.5236077952755905
20
0.5892582677165354
11
0.5234723622047244
21
0.5895851574803149
0
LINE
8
BLACK
6
CONTINUOUS
10
0.5234723622047244
20
0.5895851574803149
11
0.5232050393700787
21
0.5898170472440945
0
LINE
8
BLACK
6
CONTINUOUS
10
0.5232050393700787
20
0.5898170472440945
11
0.5222669291338583
21
0.5916932677165354
0
LINE
8
BLACK
6
CONTINUOUS
10
0.5222669291338583
20
0.5916932677165354
11
0.5222314566929134
21
0.5921924015748031
0
LINE
8
BLACK
6
CONTINUOUS
10
0.5222314566929134
20
0.5921924015748031
11
0.5220399606299212
21
0.5926547637795275
0
LINE
8
BLACK
6
CONTINUOUS
10
0.5220399606299212
20
0.5926547637795275
11
0.5220399606299212
21
0.5945309448818897
0
LINE
8
BLACK
6
CONTINUOUS
10
0.5220399606299212
20
0.5945309448818897
11
0.5222314566929134
21
0.5949933070866141
0
LINE
8
BLACK
6
CONTINUOUS
10
0.5222314566929134
20
0.5949933070866141
11
0.5222669685039369
21
0.5954924803149606
0
LINE
8
BLACK
6
CONTINUOUS
10
0.5222669685039369
20
0.5954924803149606
11
0.5232050393700787
21
0.5973686614173228
0
LINE
8
BLACK
6
CONTINUOUS
10
0.5232050393700787
20
0.5973686614173228
11
0.5234723622047244
21
0.5976004724409448
0
LINE
8
BLACK
6
CONTINUOUS
10
0.5234723622047244
20
0.5976004724409448
11
0.5236077559055118
21
0.5979273622047244
0
LINE
8
BLACK
6
CONTINUOUS
10
0.5236077559055118
20
0.5979273622047244
11
0.5245458267716535
21
0.5988654724409449
0
LINE
8
BLACK
6
CONTINUOUS
10
0.5245458267716535
20
0.5988654724409449
11
0.5248727559055117
21
0.5990008661417323
0
LINE
8
BLACK
6
CONTINUOUS
10
0.5248727559055117
20
0.5990008661417323
11
0.5251046456692914
21
0.5992682677165354
0
LINE
8
BLACK
6
CONTINUOUS
10
0.5251046456692914
20
0.5992682677165354
11
0.526980905511811
21
0.6002063385826771
0
LINE
8
BLACK
6
CONTINUOUS
10
0.526980905511811
20
0.6002063385826771
11
0.5272246062992126
21
0.6002236220472441
0
LINE
8
BLACK
6
CONTINUOUS
10
0.5272246062992126
20
0.6002236220472441
11
0.527420905511811
21
0.600369094488189
0
LINE
8
BLACK
6
CONTINUOUS
10
0.527420905511811
20
0.600369094488189
11
0.5311732283464566
21
0.6013072047244095
0
LINE
8
BLACK
6
CONTINUOUS
10
0.5311732283464566
20
0.6013072047244095
11
0.5314428346456693
21
0.6012670866141732
0
LINE
8
BLACK
6
CONTINUOUS
10
0.5314428346456693
20
0.6012670866141732
11
0.5316947244094488
21
0.6013714173228346
0
LINE
8
BLACK
6
CONTINUOUS
10
0.5316947244094488
20
0.6013714173228346
11
0.5363851968503937
21
0.6013714173228346
0
LINE
8
BLACK
6
CONTINUOUS
10
0.5363851968503937
20
0.6013714173228346
11
0.5366370472440944
21
0.6012670866141732
0
LINE
8
BLACK
6
CONTINUOUS
10
0.5286928346456693
20
0.5962547637795276
11
0.5273396850393701
21
0.5955781889763779
0
LINE
8
BLACK
6
CONTINUOUS
10
0.5273396850393701
20
0.5955781889763779
11
0.5268950393700788
21
0.5951335433070866
0
LINE
8
BLACK
6
CONTINUOUS
10
0.5268950393700788
20
0.5951335433070866
11
0.5263399606299213
21
0.5940233858267716
0
LINE
8
BLACK
6
CONTINUOUS
10
0.5263399606299213
20
0.5940233858267716
11
0.5263399606299213
21
0.5931623228346457
0
LINE
8
BLACK
6
CONTINUOUS
10
0.5263399606299213
20
0.5931623228346457
11
0.5268950787401575
21
0.5920520866141732
0
LINE
8
BLACK
6
CONTINUOUS
10
0.5268950787401575
20
0.5920520866141732
11
0.5273396850393701
21
0.5916074803149606
0
LINE
8
BLACK
6
CONTINUOUS
10
0.5273396850393701
20
0.5916074803149606
11
0.5286926771653543
21
0.5909309448818898
0
LINE
8
BLACK
6
CONTINUOUS
10
0.5286926771653543
20
0.5909309448818898
11
0.5319594488188977
21
0.5901142913385826
0
LINE
8
BLACK
6
CONTINUOUS
10
0.5319594488188977
20
0.5901142913385826
11
0.5361204724409449
21
0.5901142913385826
0
LINE
8
BLACK
6
CONTINUOUS
10
0.5361204724409449
20
0.5901142913385826
11
0.5393872834645669
21
0.5909309842519684
0
LINE
8
BLACK
6
CONTINUOUS
10
0.5393872834645669
20
0.5909309842519684
11
0.5407401968503937
21
0.5916074409448818
0
LINE
8
BLACK
6
CONTINUOUS
10
0.5407401968503937
20
0.5916074409448818
11
0.541184842519685
21
0.5920520866141732
0
LINE
8
BLACK
6
CONTINUOUS
10
0.541184842519685
20
0.5920520866141732
11
0.5417399606299212
21
0.5931622834645669
0
LINE
8
BLACK
6
CONTINUOUS
10
0.5417399606299212
20
0.5931622834645669
11
0.5417399606299212
21
0.5940233858267716
0
LINE
8
BLACK
6
CONTINUOUS
10
0.5417399606299212
20
0.5940233858267716
11
0.541184842519685
21
0.5951335826771653
0
LINE
8
BLACK
6
CONTINUOUS
10
0.541184842519685
20
0.5951335826771653
11
0.5407402362204724
21
0.5955781889763779
0
LINE
8
BLACK
6
CONTINUOUS
10
0.5407402362204724
20
0.5955781889763779
11
0.5393870866141732
21
0.5962547637795276
0
LINE
8
BLACK
6
CONTINUOUS
10
0.5393870866141732
20
0.5962547637795276
11
0.5361205905511811
21
0.5970714173228346
0
LINE
8
BLACK
6
CONTINUOUS
10
0.5361205905511811
20
0.5970714173228346
11
0.5319594881889763
21
0.5970714173228346
0
LINE
8
BLACK
6
CONTINUOUS
10
0.5319594881889763
20
0.5970714173228346
11
0.5286928346456693
21
0.5962547637795276
0
LINE
8
BLACK
6
CONTINUOUS
10
0.7366370472440945
20
0.6012670866141732
11
0.7369066535433071
21
0.6013072047244095
0
LINE
8
BLACK
6
CONTINUOUS
10
0.7369066535433071
20
0.6013072047244095
11
0.7406590551181103
21
0.6003691338582677
0
LINE
8
BLACK
6
CONTINUOUS
10
0.7406590551181103
20
0.6003691338582677
11
0.7408553937007873
21
0.6002236220472441
0
LINE
8
BLACK
6
CONTINUOUS
10
0.7408553937007873
20
0.6002236220472441
11
0.741099094488189
21
0.6002063385826771
0
LINE
8
BLACK
6
CONTINUOUS
10
0.741099094488189
20
0.6002063385826771
11
0.7429752755905512
21
0.5992682677165354
0
LINE
8
BLACK
6
CONTINUOUS
10
0.7429752755905512
20
0.5992682677165354
11
0.743207125984252
21
0.599000905511811
0
LINE
8
BLACK
6
CONTINUOUS
10
0.743207125984252
20
0.599000905511811
11
0.7435340551181102
21
0.5988655118110237
0
LINE
8
BLACK
6
CONTINUOUS
10
0.7435340551181102
20
0.5988655118110237
11
0.7444721653543307
21
0.5979274015748032
0
LINE
8
BLACK
6
CONTINUOUS
10
0.7444721653543307
20
0.5979274015748032
11
0.7446075590551181
21
0.5976004724409448
0
LINE
8
BLACK
6
CONTINUOUS
10
0.7446075590551181
20
0.5976004724409448
11
0.7448749212598424
21
0.5973686220472441
0
LINE
8
BLACK
6
CONTINUOUS
10
0.7448749212598424
20
0.5973686220472441
11
0.7458129921259843
21
0.5954924409448819
0
LINE
8
BLACK
6
CONTINUOUS
10
0.7458129921259843
20
0.5954924409448819
11
0.7458484251968504
21
0.5949932677165354
0
LINE
8
BLACK
6
CONTINUOUS
10
0.7458484251968504
20
0.5949932677165354
11
0.7460399606299213
21
0.5945309448818897
0
LINE
8
BLACK
6
CONTINUOUS
10
0.7460399606299213
20
0.5945309448818897
11
0.7460399606299213
21
0.5926547637795275
0
LINE
8
BLACK
6
CONTINUOUS
10
0.7460399606299213
20
0.5926547637795275
11
0.7458484251968504
21
0.5921924015748031
0
LINE
8
BLACK
6
CONTINUOUS
10
0.7458484251968504
20
0.5921924015748031
11
0.7458129921259843
21
0.5916933070866142
0
LINE
8
BLACK
6
CONTINUOUS
10
0.7458129921259843
20
0.5916933070866142
11
0.7448749212598424
21
0.5898170472440945
0
LINE
8
BLACK
6
CONTINUOUS
10
0.7448749212598424
20
0.5898170472440945
11
0.7446075196850394
21
0.5895851574803149
0
LINE
8
BLACK
6
CONTINUOUS
10
0.7446075196850394
20
0.5895851574803149
11
0.7444721259842519
21
0.5892582283464567
0
LINE
8
BLACK
6
CONTINUOUS
10
0.7444721259842519
20
0.5892582283464567
11
0.7435340157480315
21
0.588320157480315
0
LINE
8
BLACK
6
CONTINUOUS
10
0.7435340157480315
20
0.588320157480315
11
0.743207125984252
21
0.5881847637795276
0
LINE
8
BLACK
6
CONTINUOUS
10
0.743207125984252
20
0.5881847637795276
11
0.7429753149606299
21
0.5879174409448819
0
LINE
8
BLACK
6
CONTINUOUS
10
0.7429753149606299
20
0.5879174409448819
11
0.7410991338582676
21
0.5869793700787401
0
LINE
8
BLACK
6
CONTINUOUS
10
0.7410991338582676
20
0.5869793700787401
11
0.7408553937007873
21
0.5869620078740158
0
LINE
8
BLACK
6
CONTINUOUS
10
0.7408553937007873
20
0.5869620078740158
11
0.7406590157480315
21
0.5868165354330709
0
LINE
8
BLACK
6
CONTINUOUS
10
0.7406590157480315
20
0.5868165354330709
11
0.7369066141732283
21
0.5858784645669292
0
LINE
8
BLACK
6
CONTINUOUS
10
0.7369066141732283
20
0.5858784645669292
11
0.736636968503937
21
0.5859185826771653
0
LINE
8
BLACK
6
CONTINUOUS
10
0.736636968503937
20
0.5859185826771653
11
0.7363851968503937
21
0.5858142913385826
0
LINE
8
BLACK
6
CONTINUOUS
10
0.7363851968503937
20
0.5858142913385826
11
0.7316947244094488
21
0.5858142913385826
0
LINE
8
BLACK
6
CONTINUOUS
10
0.7316947244094488
20
0.5858142913385826
11
0.731442874015748
21
0.5859185826771653
0
LINE
8
BLACK
6
CONTINUOUS
10
0.731442874015748
20
0.5859185826771653
11
0.7311732677165355
21
0.5858784645669292
0
LINE
8
BLACK
6
CONTINUOUS
10
0.7311732677165355
20
0.5858784645669292
11
0.727420905511811
21
0.5868165354330709
0
LINE
8
BLACK
6
CONTINUOUS
10
0.727420905511811
20
0.5868165354330709
11
0.7272245275590551
21
0.5869620078740158
0
LINE
8
BLACK
6
CONTINUOUS
10
0.7272245275590551
20
0.5869620078740158
11
0.7269808661417323
21
0.5869793307086614
0
LINE
8
BLACK
6
CONTINUOUS
10
0.7269808661417323
20
0.5869793307086614
11
0.7251046456692913
21
0.5879174409448819
0
LINE
8
BLACK
6
CONTINUOUS
10
0.7251046456692913
20
0.5879174409448819
11
0.7248727559055118
21
0.5881847637795276
0
LINE
8
BLACK
6
CONTINUOUS
10
0.7248727559055118
20
0.5881847637795276
11
0.7245458661417322
21
0.5883201968503937
0
LINE
8
BLACK
6
CONTINUOUS
10
0.7245458661417322
20
0.5883201968503937
11
0.7236077952755905
21
0.5892582677165354
0
LINE
8
BLACK
6
CONTINUOUS
10
0.7236077952755905
20
0.5892582677165354
11
0.7234723622047244
21
0.5895851574803149
0
LINE
8
BLACK
6
CONTINUOUS
10
0.7234723622047244
20
0.5895851574803149
11
0.7232050393700787
21
0.5898170472440945
0
LINE
8
BLACK
6
CONTINUOUS
10
0.7232050393700787
20
0.5898170472440945
11
0.7222669291338583
21
0.5916932677165354
0
LINE
8
BLACK
6
CONTINUOUS
10
0.7222669291338583
20
0.5916932677165354
11
0.7222314566929133
21
0.5921924015748031
0
LINE
8
BLACK
6
CONTINUOUS
10
0.7222314566929133
20
0.5921924015748031
11
0.7220399606299213
21
0.5926547637795275
0
LINE
8
BLACK
6
CONTINUOUS
10
0.7220399606299213
20
0.5926547637795275
11
0.7220399606299213
21
0.5945309448818897
0
LINE
8
BLACK
6
CONTINUOUS
10
0.7220399606299213
20
0.5945309448818897
11
0.7222314566929133
21
0.5949933070866141
0
LINE
8
BLACK
6
CONTINUOUS
10
0.7222314566929133
20
0.5949933070866141
11
0.722266968503937
21
0.5954924803149606
0
LINE
8
BLACK
6
CONTINUOUS
10
0.722266968503937
20
0.5954924803149606
11
0.7232050393700787
21
0.5973686614173228
0
LINE
8
BLACK
6
CONTINUOUS
10
0.7232050393700787
20
0.5973686614173228
11
0.7234723622047244
21
0.5976004724409448
0
LINE
8
BLACK
6
CONTINUOUS
10
0.7234723622047244
20
0.5976004724409448
11
0.7236077559055117
21
0.5979273622047244
0
LINE
8
BLACK
6
CONTINUOUS
10
0.7236077559055117
20
0.5979273622047244
11
0.7245458267716536
21
0.5988654724409449
0
LINE
8
BLACK
6
CONTINUOUS
10
0.7245458267716536
20
0.5988654724409449
11
0.7248727559055118
21
0.5990008661417323
0
LINE
8
BLACK
6
CONTINUOUS
10
0.7248727559055118
20
0.5990008661417323
11
0.7251046456692913
21
0.5992682677165354
0
LINE
8
BLACK
6
CONTINUOUS
10
0.7251046456692913
20
0.5992682677165354
11
0.726980905511811
21
0.6002063385826771
0
LINE
8
BLACK
6
CONTINUOUS
10
0.726980905511811
20
0.6002063385826771
11
0.7272246062992126
21
0.6002236220472441
0
LINE
8
BLACK
6
CONTINUOUS
10
0.7272246062992126
20
0.6002236220472441
11
0.727420905511811
21
0.600369094488189
0
LINE
8
BLACK
6
CONTINUOUS
10
0.727420905511811
20
0.600369094488189
11
0.7311732283464567
21
0.6013072047244095
0
LINE
8
BLACK
6
CONTINUOUS
10
0.7311732283464567
20
0.6013072047244095
11
0.7314428346456693
21
0.6012670866141732
0
LINE
8
BLACK
6
CONTINUOUS
10
0.7314428346456693
20
0.6012670866141732
11
0.7316947244094488
21
0.6013714173228346
0
LINE
8
BLACK
6
CONTINUOUS
10
0.7316947244094488
20
0.6013714173228346
11
0.7363851968503937
21
0.6013714173228346
0
LINE
8
BLACK
6
CONTINUOUS
10
0.7363851968503937
20
0.6013714173228346
11
0.7366370472440945
21
0.6012670866141732
0
LINE
8
BLACK
6
CONTINUOUS
10
0.7286928346456693
20
0.5962547637795276
11
0.7273396850393701
21
0.5955781889763779
0
LINE
8
BLACK
6
CONTINUOUS
10
0.7273396850393701
20
0.5955781889763779
11
0.7268950393700787
21
0.5951335433070866
0
LINE
8
BLACK
6
CONTINUOUS
10
0.7268950393700787
20
0.5951335433070866
11
0.7263399606299212
21
0.5940233858267716
0
LINE
8
BLACK
6
CONTINUOUS
10
0.7263399606299212
20
0.5940233858267716
11
0.7263399606299212
21
0.5931623228346457
0
LINE
8
BLACK
6
CONTINUOUS
10
0.7263399606299212
20
0.5931623228346457
11
0.7268950787401575
21
0.5920520866141732
0
LINE
8
BLACK
6
CONTINUOUS
10
0.7268950787401575
20
0.5920520866141732
11
0.7273396850393701
21
0.5916074803149606
0
LINE
8
BLACK
6
CONTINUOUS
10
0.7273396850393701
20
0.5916074803149606
11
0.7286926771653544
21
0.5909309448818898
0
LINE
8
BLACK
6
CONTINUOUS
10
0.7286926771653544
20
0.5909309448818898
11
0.7319594488188976
21
0.5901142913385826
0
LINE
8
BLACK
6
CONTINUOUS
10
0.7319594488188976
20
0.5901142913385826
11
0.7361204724409449
21
0.5901142913385826
0
LINE
8
BLACK
6
CONTINUOUS
10
0.7361204724409449
20
0.5901142913385826
11
0.7393872834645669
21
0.5909309842519684
0
LINE
8
BLACK
6
CONTINUOUS
10
0.7393872834645669
20
0.5909309842519684
11
0.7407401968503937
21
0.5916074409448818
0
LINE
8
BLACK
6
CONTINUOUS
10
0.7407401968503937
20
0.5916074409448818
11
0.741184842519685
21
0.5920520866141732
0
LINE
8
BLACK
6
CONTINUOUS
10
0.741184842519685
20
0.5920520866141732
11
0.7417399606299212
21
0.5931622834645669
0
LINE
8
BLACK
6
CONTINUOUS
10
0.7417399606299212
20
0.5931622834645669
11
0.7417399606299212
21
0.5940233858267716
0
LINE
8
BLACK
6
CONTINUOUS
10
0.7417399606299212
20
0.5940233858267716
11
0.741184842519685
21
0.5951335826771653
0
LINE
8
BLACK
6
CONTINUOUS
10
0.741184842519685
20
0.5951335826771653
11
0.7407402362204725
21
0.5955781889763779
0
LINE
8
BLACK
6
CONTINUOUS
10
0.7407402362204725
20
0.5955781889763779
11
0.7393870866141732
21
0.5962547637795276
0
LINE
8
BLACK
6
CONTINUOUS
10
0.7393870866141732
20
0.5962547637795276
11
0.7361205905511811
21
0.5970714173228346
0
LINE
8
BLACK
6
CONTINUOUS
10
0.7361205905511811
20
0.5970714173228346
11
0.7319594881889764
21
0.5970714173228346
0
LINE
8
BLACK
6
CONTINUOUS
10
0.7319594881889764
20
0.5970714173228346
11
0.7286928346456693
21
0.5962547637795276
0
LINE
8
BLACK
6
CONTINUOUS
10
0.5179102362204724
20
0.6160607086614173
11
0.5185399606299212
21
0.6145404330708661
0
LINE
8
BLACK
6
CONTINUOUS
10
0.5185399606299212
20
0.6145404330708661
11
0.5179102362204724
21
0.6130201574803149
0
LINE
8
BLACK
6
CONTINUOUS
10
0.5179102362204724
20
0.6130201574803149
11
0.5163899606299213
21
0.6123904330708662
0
LINE
8
BLACK
6
CONTINUOUS
10
0.5163899606299213
20
0.6123904330708662
11
0.5091590157480315
21
0.6123904330708662
0
LINE
8
BLACK
6
CONTINUOUS
10
0.5091590157480315
20
0.6123904330708662
11
0.5091590157480315
21
0.6109693307086614
0
LINE
8
BLACK
6
CONTINUOUS
10
0.5091590157480315
20
0.6109693307086614
11
0.5176229133858268
21
0.6050446456692913
0
LINE
8
BLACK
6
CONTINUOUS
10
0.5176229133858268
20
0.6050446456692913
11
0.5185072440944882
21
0.6036569291338583
0
LINE
8
BLACK
6
CONTINUOUS
10
0.5185072440944882
20
0.6036569291338583
11
0.5181512992125984
21
0.6020503543307086
0
LINE
8
BLACK
6
CONTINUOUS
10
0.5181512992125984
20
0.6020503543307086
11
0.5167636220472441
21
0.6011660236220472
0
LINE
8
BLACK
6
CONTINUOUS
10
0.5167636220472441
20
0.6011660236220472
11
0.5151570078740157
21
0.601521968503937
0
LINE
8
BLACK
6
CONTINUOUS
10
0.5151570078740157
20
0.601521968503937
11
0.5088598818897637
21
0.6059299212598425
0
LINE
8
BLACK
6
CONTINUOUS
10
0.5088598818897637
20
0.6059299212598425
11
0.5079938976377952
21
0.6041979527559055
0
LINE
8
BLACK
6
CONTINUOUS
10
0.5079938976377952
20
0.6041979527559055
11
0.5077265748031496
21
0.6039661023622047
0
LINE
8
BLACK
6
CONTINUOUS
10
0.5077265748031496
20
0.6039661023622047
11
0.5075911811023622
21
0.6036392125984252
0
LINE
8
BLACK
6
CONTINUOUS
10
0.5075911811023622
20
0.6036392125984252
11
0.5066531102362205
21
0.6027011417322834
0
LINE
8
BLACK
6
CONTINUOUS
10
0.5066531102362205
20
0.6027011417322834
11
0.5063261811023622
21
0.6025657086614173
0
LINE
8
BLACK
6
CONTINUOUS
10
0.5063261811023622
20
0.6025657086614173
11
0.5060943307086614
21
0.6022983858267716
0
LINE
8
BLACK
6
CONTINUOUS
10
0.5060943307086614
20
0.6022983858267716
11
0.5042181102362204
21
0.6013602755905512
0
LINE
8
BLACK
6
CONTINUOUS
10
0.5042181102362204
20
0.6013602755905512
11
0.503718937007874
21
0.6013248031496062
0
LINE
8
BLACK
6
CONTINUOUS
10
0.503718937007874
20
0.6013248031496062
11
0.5032566141732283
21
0.6011333070866142
0
LINE
8
BLACK
6
CONTINUOUS
10
0.5032566141732283
20
0.6011333070866142
11
0.5004423622047244
21
0.6011333070866142
0
LINE
8
BLACK
6
CONTINUOUS
10
0.5004423622047244
20
0.6011333070866142
11
0.49998
21
0.6013248031496062
0
LINE
8
BLACK
6
CONTINUOUS
10
0.49998
20
0.6013248031496062
11
0.4994808661417323
21
0.6013602755905512
0
LINE
8
BLACK
6
CONTINUOUS
10
0.4994808661417323
20
0.6013602755905512
11
0.4976046456692913
21
0.6022983858267716
0
LINE
8
BLACK
6
CONTINUOUS
10
0.4976046456692913
20
0.6022983858267716
11
0.4973727559055118
21
0.6025657086614173
0
LINE
8
BLACK
6
CONTINUOUS
10
0.4973727559055118
20
0.6025657086614173
11
0.4970458661417323
21
0.6027011417322834
0
LINE
8
BLACK
6
CONTINUOUS
10
0.4970458661417323
20
0.6027011417322834
11
0.4961077952755905
21
0.6036392125984252
0
LINE
8
BLACK
6
CONTINUOUS
10
0.4961077952755905
20
0.6036392125984252
11
0.4959723622047244
21
0.603966062992126
0
LINE
8
BLACK
6
CONTINUOUS
10
0.4959723622047244
20
0.603966062992126
11
0.4957050393700787
21
0.6041979527559055
0
LINE
8
BLACK
6
CONTINUOUS
10
0.4957050393700787
20
0.6041979527559055
11
0.494766968503937
21
0.6060741338582677
0
LINE
8
BLACK
6
CONTINUOUS
10
0.494766968503937
20
0.6060741338582677
11
0.4947314566929134
21
0.6065732677165354
0
LINE
8
BLACK
6
CONTINUOUS
10
0.4947314566929134
20
0.6065732677165354
11
0.4945399606299212
21
0.6070356692913386
0
LINE
8
BLACK
6
CONTINUOUS
10
0.4945399606299212
20
0.6070356692913386
11
0.4945399606299212
21
0.6145404330708661
0
LINE
8
BLACK
6
CONTINUOUS
10
0.4945399606299212
20
0.6145404330708661
11
0.4951696850393701
21
0.6160607086614173
0
LINE
8
BLACK
6
CONTINUOUS
10
0.4951696850393701
20
0.6160607086614173
11
0.4966899606299213
21
0.6166904330708661
0
LINE
8
BLACK
6
CONTINUOUS
10
0.4966899606299213
20
0.6166904330708661
11
0.5163899606299213
21
0.6166904330708661
0
LINE
8
BLACK
6
CONTINUOUS
10
0.5163899606299213
20
0.6166904330708661
11
0.5179102362204724
21
0.6160607086614173
0
LINE
8
BLACK
6
CONTINUOUS
10
0.4988399606299213
20
0.6075431889763779
11
0.499395
21
0.6064330708661417
0
LINE
8
BLACK
6
CONTINUOUS
10
0.499395
20
0.6064330708661417
11
0.49983968503937
21
0.6059884251968504
0
LINE
8
BLACK
6
CONTINUOUS
10
0.49983968503937
20
0.6059884251968504
11
0.5009499212598425
21
0.6054333070866141
0
LINE
8
BLACK
6
CONTINUOUS
10
0.5009499212598425
20
0.6054333070866141
11
0.5027490551181102
21
0.6054333070866141
0
LINE
8
BLACK
6
CONTINUOUS
10
0.5027490551181102
20
0.6054333070866141
11
0.5038592913385826
21
0.6059884251968504
0
LINE
8
BLACK
6
CONTINUOUS
10
0.5038592913385826
20
0.6059884251968504
11
0.5043038976377953
21
0.606433031496063
0
LINE
8
BLACK
6
CONTINUOUS
10
0.5043038976377953
20
0.606433031496063
11
0.5048590157480315
21
0.6075432283464567
0
LINE
8
BLACK
6
CONTINUOUS
10
0.5048590157480315
20
0.6075432283464567
11
0.5048590157480315
21
0.6123904330708662
0
LINE
8
BLACK
6
CONTINUOUS
10
0.5048590157480315
20
0.6123904330708662
11
0.4988399606299213
21
0.6123904330708662
0
LINE
8
BLACK
6
CONTINUOUS
10
0.4988399606299213
20
0.6123904330708662
11
0.4988399606299213
21
0.6075431889763779
0
LINE
8
BLACK
6
CONTINUOUS
10
0.7179102362204725
20
0.6160607086614173
11
0.7185399606299212
21
0.6145404330708661
0
LINE
8
BLACK
6
CONTINUOUS
10
0.7185399606299212
20
0.6145404330708661
11
0.7179102362204725
21
0.6130201574803149
0
LINE
8
BLACK
6
CONTINUOUS
10
0.7179102362204725
20
0.6130201574803149
11
0.7163899606299212
21
0.6123904330708662
0
LINE
8
BLACK
6
CONTINUOUS
10
0.7163899606299212
20
0.6123904330708662
11
0.7091590157480315
21
0.6123904330708662
0
LINE
8
BLACK
6
CONTINUOUS
10
0.7091590157480315
20
0.6123904330708662
11
0.7091590157480315
21
0.6109693307086614
0
LINE
8
BLACK
6
CONTINUOUS
10
0.7091590157480315
20
0.6109693307086614
11
0.7176229133858267
21
0.6050446456692913
0
LINE
8
BLACK
6
CONTINUOUS
10
0.7176229133858267
20
0.6050446456692913
11
0.7185072440944882
21
0.6036569291338583
0
LINE
8
BLACK
6
CONTINUOUS
10
0.7185072440944882
20
0.6036569291338583
11
0.7181512992125985
21
0.6020503543307086
0
LINE
8
BLACK
6
CONTINUOUS
10
0.7181512992125985
20
0.6020503543307086
11
0.7167636220472441
21
0.6011660236220472
0
LINE
8
BLACK
6
CONTINUOUS
10
0.7167636220472441
20
0.6011660236220472
11
0.7151570078740157
21
0.601521968503937
0
LINE
8
BLACK
6
CONTINUOUS
10
0.7151570078740157
20
0.601521968503937
11
0.7088598818897638
21
0.6059299212598425
0
LINE
8
BLACK
6
CONTINUOUS
10
0.7088598818897638
20
0.6059299212598425
11
0.7079938976377953
21
0.6041979527559055
0
LINE
8
BLACK
6
CONTINUOUS
10
0.7079938976377953
20
0.6041979527559055
11
0.7077265748031496
21
0.6039661023622047
0
LINE
8
BLACK
6
CONTINUOUS
10
0.7077265748031496
20
0.6039661023622047
11
0.7075911811023622
21
0.6036392125984252
0
LINE
8
BLACK
6
CONTINUOUS
10
0.7075911811023622
20
0.6036392125984252
11
0.7066531102362205
21
0.6027011417322834
0
LINE
8
BLACK
6
CONTINUOUS
10
0.7066531102362205
20
0.6027011417322834
11
0.7063261811023622
21
0.6025657086614173
0
LINE
8
BLACK
6
CONTINUOUS
10
0.7063261811023622
20
0.6025657086614173
11
0.7060943307086615
21
0.6022983858267716
0
LINE
8
BLACK
6
CONTINUOUS
10
0.7060943307086615
20
0.6022983858267716
11
0.7042181102362205
21
0.6013602755905512
0
LINE
8
BLACK
6
CONTINUOUS
10
0.7042181102362205
20
0.6013602755905512
11
0.703718937007874
21
0.6013248031496062
0
LINE
8
BLACK
6
CONTINUOUS
10
0.703718937007874
20
0.6013248031496062
11
0.7032566141732284
21
0.6011333070866142
0
LINE
8
BLACK
6
CONTINUOUS
10
0.7032566141732284
20
0.6011333070866142
11
0.7004423622047244
21
0.6011333070866142
0
LINE
8
BLACK
6
CONTINUOUS
10
0.7004423622047244
20
0.6011333070866142
11
0.6999799999999999
21
0.6013248031496062
0
LINE
8
BLACK
6
CONTINUOUS
10
0.6999799999999999
20
0.6013248031496062
11
0.6994808661417322
21
0.6013602755905512
0
LINE
8
BLACK
6
CONTINUOUS
10
0.6994808661417322
20
0.6013602755905512
11
0.6976046456692914
21
0.6022983858267716
0
LINE
8
BLACK
6
CONTINUOUS
10
0.6976046456692914
20
0.6022983858267716
11
0.6973727559055118
21
0.6025657086614173
0
LINE
8
BLACK
6
CONTINUOUS
10
0.6973727559055118
20
0.6025657086614173
11
0.6970458661417323
21
0.6027011417322834
0
LINE
8
BLACK
6
CONTINUOUS
10
0.6970458661417323
20
0.6027011417322834
11
0.6961077952755905
21
0.6036392125984252
0
LINE
8
BLACK
6
CONTINUOUS
10
0.6961077952755905
20
0.6036392125984252
11
0.6959723622047244
21
0.603966062992126
0
LINE
8
BLACK
6
CONTINUOUS
10
0.6959723622047244
20
0.603966062992126
11
0.6957050393700788
21
0.6041979527559055
0
LINE
8
BLACK
6
CONTINUOUS
10
0.6957050393700788
20
0.6041979527559055
11
0.694766968503937
21
0.6060741338582677
0
LINE
8
BLACK
6
CONTINUOUS
10
0.694766968503937
20
0.6060741338582677
11
0.6947314566929134
21
0.6065732677165354
0
LINE
8
BLACK
6
CONTINUOUS
10
0.6947314566929134
20
0.6065732677165354
11
0.6945399606299213
21
0.6070356692913386
0
LINE
8
BLACK
6
CONTINUOUS
10
0.6945399606299213
20
0.6070356692913386
11
0.6945399606299213
21
0.6145404330708661
0
LINE
8
BLACK
6
CONTINUOUS
10
0.6945399606299213
20
0.6145404330708661
11
0.69516968503937
21
0.6160607086614173
0
LINE
8
BLACK
6
CONTINUOUS
10
0.69516968503937
20
0.6160607086614173
11
0.6966899606299213
21
0.6166904330708661
0
LINE
8
BLACK
6
CONTINUOUS
10
0.6966899606299213
20
0.6166904330708661
11
0.7163899606299212
21
0.6166904330708661
0
LINE
8
BLACK
6
CONTINUOUS
10
0.7163899606299212
20
0.6166904330708661
11
0.7179102362204725
21
0.6160607086614173
0
LINE
8
BLACK
6
CONTINUOUS
10
0.6988399606299213
20
0.6075431889763779
11
0.699395
21
0.6064330708661417
0
LINE
8
BLACK
6
CONTINUOUS
10
0.699395
20
0.6064330708661417
11
0.6998396850393701
21
0.6059884251968504
0
LINE
8
BLACK
6
CONTINUOUS
10
0.6998396850393701
20
0.6059884251968504
11
0.7009499212598425
21
0.6054333070866141
0
LINE
8
BLACK
6
CONTINUOUS
10
0.7009499212598425
20
0.6054333070866141
11
0.7027490551181103
21
0.6054333070866141
0
LINE
8
BLACK
6
CONTINUOUS
10
0.7027490551181103
20
0.6054333070866141
11
0.7038592913385827
21
0.6059884251968504
0
LINE
8
BLACK
6
CONTINUOUS
10
0.7038592913385827
20
0.6059884251968504
11
0.7043038976377952
21
0.606433031496063
0
LINE
8
BLACK
6
CONTINUOUS
10
0.7043038976377952
20
0.606433031496063
11
0.7048590157480314
21
0.6075432283464567
0
LINE
8
BLACK
6
CONTINUOUS
10
0.7048590157480314
20
0.6075432283464567
11
0.7048590157480314
21
0.6123904330708662
0
LINE
8
BLACK
6
CONTINUOUS
10
0.7048590157480314
20
0.6123904330708662
11
0.6988399606299213
21
0.6123904330708662
0
LINE
8
BLACK
6
CONTINUOUS
10
0.6988399606299213
20
0.6123904330708662
11
0.6988399606299213
21
0.6075431889763779
0
LINE
8
BLACK
6
CONTINUOUS
10
0.4403835039370079
20
0.6728851181102362
11
0.4405127559055118
21
0.6729079133858268
0
LINE
8
BLACK
6
CONTINUOUS
10
0.4405127559055118
20
0.6729079133858268
11
0.4406263385826771
21
0.6728422834645669
0
LINE
8
BLACK
6
CONTINUOUS
10
0.4406263385826771
20
0.6728422834645669
11
0.4410099212598425
21
0.6727746850393701
0
LINE
8
BLACK
6
CONTINUOUS
10
0.4410099212598425
20
0.6727746850393701
11
0.4415975984251969
21
0.6722815354330709
0
LINE
8
BLACK
6
CONTINUOUS
10
0.4415975984251969
20
0.6722815354330709
11
0.4422619291338583
21
0.6718979921259842
0
LINE
8
BLACK
6
CONTINUOUS
10
0.4422619291338583
20
0.6718979921259842
11
0.442353031496063
21
0.6716476377952756
0
LINE
8
BLACK
6
CONTINUOUS
10
0.442353031496063
20
0.6716476377952756
11
0.4425571653543307
21
0.6714763779527559
0
LINE
8
BLACK
6
CONTINUOUS
10
0.4425571653543307
20
0.6714763779527559
11
0.4426903937007874
21
0.6707207874015748
0
LINE
8
BLACK
6
CONTINUOUS
10
0.4426903937007874
20
0.6707207874015748
11
0.4429527559055118
21
0.67
0
LINE
8
BLACK
6
CONTINUOUS
10
0.4429527559055118
20
0.67
11
0.4429527559055118
21
0.6176196456692913
0
LINE
8
BLACK
6
CONTINUOUS
10
0.4429527559055118
20
0.6176196456692913
11
0.4432303543307087
21
0.6177533464566929
0
LINE
8
BLACK
6
CONTINUOUS
10
0.4432303543307087
20
0.6177533464566929
11
0.4467696456692913
21
0.6177533464566929
0
LINE
8
BLACK
6
CONTINUOUS
10
0.4467696456692913
20
0.6177533464566929
11
0.4499584645669291
21
0.616217716535433
0
LINE
8
BLACK
6
CONTINUOUS
10
0.4499584645669291
20
0.616217716535433
11
0.4521651968503937
21
0.6134505905511811
0
LINE
8
BLACK
6
CONTINUOUS
10
0.4521651968503937
20
0.6134505905511811
11
0.4529527559055118
21
0.61
0
LINE
8
BLACK
6
CONTINUOUS
10
0.4529527559055118
20
0.61
11
0.4521651968503937
21
0.6065494094488189
0
LINE
8
BLACK
6
CONTINUOUS
10
0.4521651968503937
20
0.6065494094488189
11
0.4499584645669291
21
0.6037822834645669
0
LINE
8
BLACK
6
CONTINUOUS
10
0.4499584645669291
20
0.6037822834645669
11
0.4467696456692913
21
0.6022466535433071
0
LINE
8
BLACK
6
CONTINUOUS
10
0.4467696456692913
20
0.6022466535433071
11
0.4432303543307087
21
0.6022466535433071
0
LINE
8
BLACK
6
CONTINUOUS
10
0.4432303543307087
20
0.6022466535433071
11
0.4400415354330708
21
0.6037822834645669
0
LINE
8
BLACK
6
CONTINUOUS
10
0.4400415354330708
20
0.6037822834645669
11
0.4378348031496063
21
0.6065494094488189
0
LINE
8
BLACK
6
CONTINUOUS
10
0.4378348031496063
20
0.6065494094488189
11
0.4377211811023622
21
0.6070472440944882
0
LINE
8
BLACK
6
CONTINUOUS
10
0.4377211811023622
20
0.6070472440944882
11
0.4
21
0.6070472440944882
0
LINE
8
BLACK
6
CONTINUOUS
10
0.4
20
0.6070472440944882
11
0.3989900787401575
21
0.6072253149606299
0
LINE
8
BLACK
6
CONTINUOUS
10
0.3989900787401575
20
0.6072253149606299
11
0.3974428346456693
21
0.6085236220472441
0
LINE
8
BLACK
6
CONTINUOUS
10
0.3974428346456693
20
0.6085236220472441
11
0.3970920866141732
21
0.6105127559055118
0
LINE
8
BLACK
6
CONTINUOUS
10
0.3970920866141732
20
0.6105127559055118
11
0.3981020078740157
21
0.6122619291338582
0
LINE
8
BLACK
6
CONTINUOUS
10
0.3981020078740157
20
0.6122619291338582
11
0.4
21
0.6129527559055118
0
LINE
8
BLACK
6
CONTINUOUS
10
0.4
20
0.6129527559055118
11
0.4370472440944882
21
0.6129527559055118
0
LINE
8
BLACK
6
CONTINUOUS
10
0.4370472440944882
20
0.6129527559055118
11
0.4370472440944882
21
0.6670472440944881
0
LINE
8
BLACK
6
CONTINUOUS
10
0.4370472440944882
20
0.6670472440944881
11
0.4
21
0.6670472440944881
0
LINE
8
BLACK
6
CONTINUOUS
10
0.4
20
0.6670472440944881
11
0.3989900787401575
21
0.6672253149606299
0
LINE
8
BLACK
6
CONTINUOUS
10
0.3989900787401575
20
0.6672253149606299
11
0.3974428346456693
21
0.668523622047244
0
LINE
8
BLACK
6
CONTINUOUS
10
0.3974428346456693
20
0.668523622047244
11
0.3970920866141732
21
0.6705127559055118
0
LINE
8
BLACK
6
CONTINUOUS
10
0.3970920866141732
20
0.6705127559055118
11
0.3981020078740157
21
0.6722619291338583
0
LINE
8
BLACK
6
CONTINUOUS
10
0.3981020078740157
20
0.6722619291338583
11
0.4
21
0.6729527559055118
0
LINE
8
BLACK
6
CONTINUOUS
10
0.4
20
0.6729527559055118
11
0.44
21
0.6729527559055118
0
LINE
8
BLACK
6
CONTINUOUS
10
0.44
20
0.6729527559055118
11
0.4403835039370079
21
0.6728851181102362
0
LINE
8
BLACK
6
CONTINUOUS
10
0.4434331102362205
20
0.6115668897637795
11
0.4429527559055118
21
0.6104071653543307
0
LINE
8
BLACK
6
CONTINUOUS
10
0.4429527559055118
20
0.6104071653543307
11
0.4429527559055118
21
0.61
0
LINE
8
BLACK
6
CONTINUOUS
10
0.4429527559055118
20
0.61
11
0.4429023622047244
21
0.6097143700787402
0
LINE
8
BLACK
6
CONTINUOUS
10
0.4429023622047244
20
0.6097143700787402
11
0.4434331102362205
21
0.6084331102362205
0
LINE
8
BLACK
6
CONTINUOUS
10
0.4434331102362205
20
0.6084331102362205
11
0.445
21
0.6077840944881889
0
LINE
8
BLACK
6
CONTINUOUS
10
0.445
20
0.6077840944881889
11
0.4465668897637795
21
0.6084331102362205
0
LINE
8
BLACK
6
CONTINUOUS
10
0.4465668897637795
20
0.6084331102362205
11
0.447215905511811
21
0.61
0
LINE
8
BLACK
6
CONTINUOUS
10
0.447215905511811
20
0.61
11
0.4465668897637795
21
0.6115668897637795
0
LINE
8
BLACK
6
CONTINUOUS
10
0.4465668897637795
20
0.6115668897637795
11
0.445
21
0.612215905511811
0
LINE
8
BLACK
6
CONTINUOUS
10
0.445
20
0.612215905511811
11
0.4434331102362205
21
0.6115668897637795
0
LINE
8
BLACK
6
CONTINUOUS
10
0.9203835039370079
20
0.6728851181102362
11
0.9205127559055117
21
0.6729079133858268
0
LINE
8
BLACK
6
CONTINUOUS
10
0.9205127559055117
20
0.6729079133858268
11
0.9206263385826772
21
0.6728422834645669
0
LINE
8
BLACK
6
CONTINUOUS
10
0.9206263385826772
20
0.6728422834645669
11
0.9210099212598425
21
0.6727746850393701
0
LINE
8
BLACK
6
CONTINUOUS
10
0.9210099212598425
20
0.6727746850393701
11
0.9215975984251968
21
0.6722815354330709
0
LINE
8
BLACK
6
CONTINUOUS
10
0.9215975984251968
20
0.6722815354330709
11
0.9222619291338583
21
0.6718979921259842
0
LINE
8
BLACK
6
CONTINUOUS
10
0.9222619291338583
20
0.6718979921259842
11
0.922353031496063
21
0.6716476377952756
0
LINE
8
BLACK
6
CONTINUOUS
10
0.922353031496063
20
0.6716476377952756
11
0.9225571653543306
21
0.6714763779527559
0
LINE
8
BLACK
6
CONTINUOUS
10
0.9225571653543306
20
0.6714763779527559
11
0.9226903937007874
21
0.6707207874015748
0
LINE
8
BLACK
6
CONTINUOUS
10
0.9226903937007874
20
0.6707207874015748
11
0.9229527559055117
21
0.67
0
LINE
8
BLACK
6
CONTINUOUS
10
0.9229527559055117
20
0.67
11
0.9229527559055117
21
0.6176196456692913
0
LINE
8
BLACK
6
CONTINUOUS
10
0.9229527559055117
20
0.6176196456692913
11
0.9232303543307087
21
0.6177533464566929
0
LINE
8
BLACK
6
CONTINUOUS
10
0.9232303543307087
20
0.6177533464566929
11
0.9267696456692913
21
0.6177533464566929
0
LINE
8
BLACK
6
CONTINUOUS
10
0.9267696456692913
20
0.6177533464566929
11
0.9299584645669291
21
0.616217716535433
0
LINE
8
BLACK
6
CONTINUOUS
10
0.9299584645669291
20
0.616217716535433
11
0.9321651968503937
21
0.6134505905511811
0
LINE
8
BLACK
6
CONTINUOUS
10
0.9321651968503937
20
0.6134505905511811
11
0.9329527559055117
21
0.61
0
LINE
8
BLACK
6
CONTINUOUS
10
0.9329527559055117
20
0.61
11
0.9321651968503937
21
0.6065494094488189
0
LINE
8
BLACK
6
CONTINUOUS
10
0.9321651968503937
20
0.6065494094488189
11
0.9299584645669291
21
0.6037822834645669
0
LINE
8
BLACK
6
CONTINUOUS
10
0.9299584645669291
20
0.6037822834645669
11
0.9267696456692913
21
0.6022466535433071
0
LINE
8
BLACK
6
CONTINUOUS
10
0.9267696456692913
20
0.6022466535433071
11
0.9232303543307087
21
0.6022466535433071
0
LINE
8
BLACK
6
CONTINUOUS
10
0.9232303543307087
20
0.6022466535433071
11
0.9200415354330709
21
0.6037822834645669
0
LINE
8
BLACK
6
CONTINUOUS
10
0.9200415354330709
20
0.6037822834645669
11
0.9178348031496063
21
0.6065494094488189
0
LINE
8
BLACK
6
CONTINUOUS
10
0.9178348031496063
20
0.6065494094488189
11
0.9177211811023622
21
0.6070472440944882
0
LINE
8
BLACK
6
CONTINUOUS
10
0.9177211811023622
20
0.6070472440944882
11
0.88
21
0.6070472440944882
0
LINE
8
BLACK
6
CONTINUOUS
10
0.88
20
0.6070472440944882
11
0.8789900787401574
21
0.6072253149606299
0
LINE
8
BLACK
6
CONTINUOUS
10
0.8789900787401574
20
0.6072253149606299
11
0.8774428346456693
21
0.6085236220472441
0
LINE
8
BLACK
6
CONTINUOUS
10
0.8774428346456693
20
0.6085236220472441
11
0.8770920866141733
21
0.6105127559055118
0
LINE
8
BLACK
6
CONTINUOUS
10
0.8770920866141733
20
0.6105127559055118
11
0.8781020078740157
21
0.6122619291338582
0
LINE
8
BLACK
6
CONTINUOUS
10
0.8781020078740157
20
0.6122619291338582
11
0.88
21
0.6129527559055118
0
LINE
8
BLACK
6
CONTINUOUS
10
0.88
20
0.6129527559055118
11
0.9170472440944881
21
0.6129527559055118
0
LINE
8
BLACK
6
CONTINUOUS
10
0.9170472440944881
20
0.6129527559055118
11
0.9170472440944881
21
0.6670472440944881
0
LINE
8
BLACK
6
CONTINUOUS
10
0.9170472440944881
20
0.6670472440944881
11
0.88
21
0.6670472440944881
0
LINE
8
BLACK
6
CONTINUOUS
10
0.88
20
0.6670472440944881
11
0.8789900787401574
21
0.6672253149606299
0
LINE
8
BLACK
6
CONTINUOUS
10
0.8789900787401574
20
0.6672253149606299
11
0.8774428346456693
21
0.668523622047244
0
LINE
8
BLACK
6
CONTINUOUS
10
0.8774428346456693
20
0.668523622047244
11
0.8770920866141733
21
0.6705127559055118
0
LINE
8
BLACK
6
CONTINUOUS
10
0.8770920866141733
20
0.6705127559055118
11
0.8781020078740157
21
0.6722619291338583
0
LINE
8
BLACK
6
CONTINUOUS
10
0.8781020078740157
20
0.6722619291338583
11
0.88
21
0.6729527559055118
0
LINE
8
BLACK
6
CONTINUOUS
10
0.88
20
0.6729527559055118
11
0.9199999999999999
21
0.6729527559055118
0
LINE
8
BLACK
6
CONTINUOUS
10
0.9199999999999999
20
0.6729527559055118
11
0.9203835039370079
21
0.6728851181102362
0
LINE
8
BLACK
6
CONTINUOUS
10
0.9234331102362204
20
0.6115668897637795
11
0.9229527559055117
21
0.6104071653543307
0
LINE
8
BLACK
6
CONTINUOUS
10
0.9229527559055117
20
0.6104071653543307
11
0.9229527559055117
21
0.61
0
LINE
8
BLACK
6
CONTINUOUS
10
0.9229527559055117
20
0.61
11
0.9229023622047244
21
0.6097143700787402
0
LINE
8
BLACK
6
CONTINUOUS
10
0.9229023622047244
20
0.6097143700787402
11
0.9234331102362204
21
0.6084331102362205
0
LINE
8
BLACK
6
CONTINUOUS
10
0.9234331102362204
20
0.6084331102362205
11
0.9249999999999999
21
0.6077840944881889
0
LINE
8
BLACK
6
CONTINUOUS
10
0.9249999999999999
20
0.6077840944881889
11
0.9265668897637795
21
0.6084331102362205
0
LINE
8
BLACK
6
CONTINUOUS
10
0.9265668897637795
20
0.6084331102362205
11
0.927215905511811
21
0.61
0
LINE
8
BLACK
6
CONTINUOUS
10
0.927215905511811
20
0.61
11
0.9265668897637795
21
0.6115668897637795
0
LINE
8
BLACK
6
CONTINUOUS
10
0.9265668897637795
20
0.6115668897637795
11
0.9249999999999999
21
0.612215905511811
0
LINE
8
BLACK
6
CONTINUOUS
10
0.9249999999999999
20
0.612215905511811
11
0.9234331102362204
21
0.6115668897637795
0
LINE
8
BLACK
6
CONTINUOUS
10
0.5454102362204725
20
0.6195035826771653
11
0.5460399606299212
21
0.6179833070866142
0
LINE
8
BLACK
6
CONTINUOUS
10
0.5460399606299212
20
0.6179833070866142
11
0.5460399606299212
21
0.6067261811023622
0
LINE
8
BLACK
6
CONTINUOUS
10
0.5460399606299212
20
0.6067261811023622
11
0.5454102362204725
21
0.605205905511811
0
LINE
8
BLACK
6
CONTINUOUS
10
0.5454102362204725
20
0.605205905511811
11
0.5438899606299212
21
0.6045761811023622
0
LINE
8
BLACK
6
CONTINUOUS
10
0.5438899606299212
20
0.6045761811023622
11
0.5423696850393701
21
0.605205905511811
0
LINE
8
BLACK
6
CONTINUOUS
10
0.5423696850393701
20
0.605205905511811
11
0.5417399606299212
21
0.6067261811023622
0
LINE
8
BLACK
6
CONTINUOUS
10
0.5417399606299212
20
0.6067261811023622
11
0.5417399606299212
21
0.6102047244094488
0
LINE
8
BLACK
6
CONTINUOUS
10
0.5417399606299212
20
0.6102047244094488
11
0.5241899606299213
21
0.6102047244094488
0
LINE
8
BLACK
6
CONTINUOUS
10
0.5241899606299213
20
0.6102047244094488
11
0.5239853937007873
21
0.6102894094488189
0
LINE
8
BLACK
6
CONTINUOUS
10
0.5239853937007873
20
0.6102894094488189
11
0.5237683070866141
21
0.6102464960629921
0
LINE
8
BLACK
6
CONTINUOUS
10
0.5237683070866141
20
0.6102464960629921
11
0.5232481496062992
21
0.6105948031496062
0
LINE
8
BLACK
6
CONTINUOUS
10
0.5232481496062992
20
0.6105948031496062
11
0.5226696850393701
21
0.6108344488188976
0
LINE
8
BLACK
6
CONTINUOUS
10
0.5226696850393701
20
0.6108344488188976
11
0.5225849606299212
21
0.611038937007874
0
LINE
8
BLACK
6
CONTINUOUS
10
0.5225849606299212
20
0.611038937007874
11
0.522401062992126
21
0.6111621259842519
0
LINE
8
BLACK
6
CONTINUOUS
10
0.522401062992126
20
0.6111621259842519
11
0.5222795669291338
21
0.611776220472441
0
LINE
8
BLACK
6
CONTINUOUS
10
0.5222795669291338
20
0.611776220472441
11
0.5220399606299212
21
0.6123547244094488
0
LINE
8
BLACK
6
CONTINUOUS
10
0.5220399606299212
20
0.6123547244094488
11
0.5221246456692913
21
0.6125592519685039
0
LINE
8
BLACK
6
CONTINUOUS
10
0.5221246456692913
20
0.6125592519685039
11
0.5220817322834646
21
0.6127763779527559
0
LINE
8
BLACK
6
CONTINUOUS
10
0.5220817322834646
20
0.6127763779527559
11
0.5224300393700787
21
0.6132964960629921
0
LINE
8
BLACK
6
CONTINUOUS
10
0.5224300393700787
20
0.6132964960629921
11
0.5226696850393701
21
0.6138749999999999
0
LINE
8
BLACK
6
CONTINUOUS
10
0.5226696850393701
20
0.6138749999999999
11
0.5228741732283464
21
0.61395968503937
0
LINE
8
BLACK
6
CONTINUOUS
10
0.5228741732283464
20
0.61395968503937
11
0.5229973622047244
21
0.614143622047244
0
LINE
8
BLACK
6
CONTINUOUS
10
0.5229973622047244
20
0.614143622047244
11
0.5256345275590552
21
0.6159017716535433
0
LINE
8
BLACK
6
CONTINUOUS
10
0.5256345275590552
20
0.6159017716535433
11
0.5271134251968503
21
0.6173806692913386
0
LINE
8
BLACK
6
CONTINUOUS
10
0.5271134251968503
20
0.6173806692913386
11
0.5278955118110236
21
0.6189448425196851
0
LINE
8
BLACK
6
CONTINUOUS
10
0.5278955118110236
20
0.6189448425196851
11
0.5291386614173228
21
0.6200229527559055
0
LINE
8
BLACK
6
CONTINUOUS
10
0.5291386614173228
20
0.6200229527559055
11
0.5307800787401574
21
0.6199062992125984
0
LINE
8
BLACK
6
CONTINUOUS
10
0.5307800787401574
20
0.6199062992125984
11
0.5318582283464567
21
0.618663188976378
0
LINE
8
BLACK
6
CONTINUOUS
10
0.5318582283464567
20
0.618663188976378
11
0.5317415354330709
21
0.6170217716535433
0
LINE
8
BLACK
6
CONTINUOUS
10
0.5317415354330709
20
0.6170217716535433
11
0.5308034251968504
21
0.6151455905511811
0
LINE
8
BLACK
6
CONTINUOUS
10
0.5308034251968504
20
0.6151455905511811
11
0.5305361023622047
21
0.6149137401574803
0
LINE
8
BLACK
6
CONTINUOUS
10
0.5305361023622047
20
0.6149137401574803
11
0.5304007086614173
21
0.6145868503937008
0
LINE
8
BLACK
6
CONTINUOUS
10
0.5304007086614173
20
0.6145868503937008
11
0.5303185826771654
21
0.6145047244094488
0
LINE
8
BLACK
6
CONTINUOUS
10
0.5303185826771654
20
0.6145047244094488
11
0.5417399606299212
21
0.6145047244094488
0
LINE
8
BLACK
6
CONTINUOUS
10
0.5417399606299212
20
0.6145047244094488
11
0.5417399606299212
21
0.6179833070866142
0
LINE
8
BLACK
6
CONTINUOUS
10
0.5417399606299212
20
0.6179833070866142
11
0.5423696850393701
21
0.6195035826771653
0
LINE
8
BLACK
6
CONTINUOUS
10
0.5423696850393701
20
0.6195035826771653
11
0.5438899606299212
21
0.6201333070866142
0
LINE
8
BLACK
6
CONTINUOUS
10
0.5438899606299212
20
0.6201333070866142
11
0.5454102362204725
21
0.6195035826771653
0
LINE
8
BLACK
6
CONTINUOUS
10
0.7454102362204724
20
0.6195035826771653
11
0.7460399606299213
21
0.6179833070866142
0
LINE
8
BLACK
6
CONTINUOUS
10
0.7460399606299213
20
0.6179833070866142
11
0.7460399606299213
21
0.6067261811023622
0
LINE
8
BLACK
6
CONTINUOUS
10
0.7460399606299213
20
0.6067261811023622
11
0.7454102362204724
21
0.605205905511811
0
LINE
8
BLACK
6
CONTINUOUS
10
0.7454102362204724
20
0.605205905511811
11
0.7438899606299212
21
0.6045761811023622
0
LINE
8
BLACK
6
CONTINUOUS
10
0.7438899606299212
20
0.6045761811023622
11
0.7423696850393701
21
0.605205905511811
0
LINE
8
BLACK
6
CONTINUOUS
10
0.7423696850393701
20
0.605205905511811
11
0.7417399606299212
21
0.6067261811023622
0
LINE
8
BLACK
6
CONTINUOUS
10
0.7417399606299212
20
0.6067261811023622
11
0.7417399606299212
21
0.6102047244094488
0
LINE
8
BLACK
6
CONTINUOUS
10
0.7417399606299212
20
0.6102047244094488
11
0.7241899606299212
21
0.6102047244094488
0
LINE
8
BLACK
6
CONTINUOUS
10
0.7241899606299212
20
0.6102047244094488
11
0.7239853937007874
21
0.6102894094488189
0
LINE
8
BLACK
6
CONTINUOUS
10
0.7239853937007874
20
0.6102894094488189
11
0.7237683070866141
21
0.6102464960629921
0
LINE
8
BLACK
6
CONTINUOUS
10
0.7237683070866141
20
0.6102464960629921
11
0.7232481496062992
21
0.6105948031496062
0
LINE
8
BLACK
6
CONTINUOUS
10
0.7232481496062992
20
0.6105948031496062
11
0.72266968503937
21
0.6108344488188976
0
LINE
8
BLACK
6
CONTINUOUS
10
0.72266968503937
20
0.6108344488188976
11
0.7225849606299213
21
0.611038937007874
0
LINE
8
BLACK
6
CONTINUOUS
10
0.7225849606299213
20
0.611038937007874
11
0.7224010629921259
21
0.6111621259842519
0
LINE
8
BLACK
6
CONTINUOUS
10
0.7224010629921259
20
0.6111621259842519
11
0.7222795669291339
21
0.611776220472441
0
LINE
8
BLACK
6
CONTINUOUS
10
0.7222795669291339
20
0.611776220472441
11
0.7220399606299213
21
0.6123547244094488
0
LINE
8
BLACK
6
CONTINUOUS
10
0.7220399606299213
20
0.6123547244094488
11
0.7221246456692914
21
0.6125592519685039
0
LINE
8
BLACK
6
CONTINUOUS
10
0.7221246456692914
20
0.6125592519685039
11
0.7220817322834645
21
0.6127763779527559
0
LINE
8
BLACK
6
CONTINUOUS
10
0.7220817322834645
20
0.6127763779527559
11
0.7224300393700788
21
0.6132964960629921
0
LINE
8
BLACK
6
CONTINUOUS
10
0.7224300393700788
20
0.6132964960629921
11
0.72266968503937
21
0.6138749999999999
0
LINE
8
BLACK
6
CONTINUOUS
10
0.72266968503937
20
0.6138749999999999
11
0.7228741732283465
21
0.61395968503937
0
LINE
8
BLACK
6
CONTINUOUS
10
0.7228741732283465
20
0.61395968503937
11
0.7229973622047244
21
0.614143622047244
0
LINE
8
BLACK
6
CONTINUOUS
10
0.7229973622047244
20
0.614143622047244
11
0.7256345275590551
21
0.6159017716535433
0
LINE
8
BLACK
6
CONTINUOUS
10
0.7256345275590551
20
0.6159017716535433
11
0.7271134251968504
21
0.6173806692913386
0
LINE
8
BLACK
6
CONTINUOUS
10
0.7271134251968504
20
0.6173806692913386
11
0.7278955118110236
21
0.6189448425196851
0
LINE
8
BLACK
6
CONTINUOUS
10
0.7278955118110236
20
0.6189448425196851
11
0.7291386614173229
21
0.6200229527559055
0
LINE
8
BLACK
6
CONTINUOUS
10
0.7291386614173229
20
0.6200229527559055
11
0.7307800787401575
21
0.6199062992125984
0
LINE
8
BLACK
6
CONTINUOUS
10
0.7307800787401575
20
0.6199062992125984
11
0.7318582283464566
21
0.618663188976378
0
LINE
8
BLACK
6
CONTINUOUS
10
0.7318582283464566
20
0.618663188976378
11
0.7317415354330709
21
0.6170217716535433
0
LINE
8
BLACK
6
CONTINUOUS
10
0.7317415354330709
20
0.6170217716535433
11
0.7308034251968504
21
0.6151455905511811
0
LINE
8
BLACK
6
CONTINUOUS
10
0.7308034251968504
20
0.6151455905511811
11
0.7305361023622047
21
0.6149137401574803
0
LINE
8
BLACK
6
CONTINUOUS
10
0.7305361023622047
20
0.6149137401574803
11
0.7304007086614173
21
0.6145868503937008
0
LINE
8
BLACK
6
CONTINUOUS
10
0.7304007086614173
20
0.6145868503937008
11
0.7303185826771653
21
0.6145047244094488
0
LINE
8
BLACK
6
CONTINUOUS
10
0.7303185826771653
20
0.6145047244094488
11
0.7417399606299212
21
0.6145047244094488
0
LINE
8
BLACK
6
CONTINUOUS
10
0.7417399606299212
20
0.6145047244094488
11
0.7417399606299212
21
0.6179833070866142
0
LINE
8
BLACK
6
CONTINUOUS
10
0.7417399606299212
20
0.6179833070866142
11
0.7423696850393701
21
0.6195035826771653
0
LINE
8
BLACK
6
CONTINUOUS
10
0.7423696850393701
20
0.6195035826771653
11
0.7438899606299212
21
0.6201333070866142
0
LINE
8
BLACK
6
CONTINUOUS
10
0.7438899606299212
20
0.6201333070866142
11
0.7454102362204724
21
0.6195035826771653
0
LINE
8
BLACK
6
CONTINUOUS
10
0.3610099212598425
20
0.6727746850393701
11
0.3625571653543307
21
0.6714763779527559
0
LINE
8
BLACK
6
CONTINUOUS
10
0.3625571653543307
20
0.6714763779527559
11
0.3629079133858268
21
0.6694872440944881
0
LINE
8
BLACK
6
CONTINUOUS
10
0.3629079133858268
20
0.6694872440944881
11
0.3618979921259842
21
0.6677380708661417
0
LINE
8
BLACK
6
CONTINUOUS
10
0.3618979921259842
20
0.6677380708661417
11
0.36
21
0.6670472440944881
0
LINE
8
BLACK
6
CONTINUOUS
10
0.36
20
0.6670472440944881
11
0.3229527559055118
21
0.6670472440944881
0
LINE
8
BLACK
6
CONTINUOUS
10
0.3229527559055118
20
0.6670472440944881
11
0.3229527559055118
21
0.6129527559055118
0
LINE
8
BLACK
6
CONTINUOUS
10
0.3229527559055118
20
0.6129527559055118
11
0.36
21
0.6129527559055118
0
LINE
8
BLACK
6
CONTINUOUS
10
0.36
20
0.6129527559055118
11
0.3610099212598425
21
0.61277468503937
0
LINE
8
BLACK
6
CONTINUOUS
10
0.3610099212598425
20
0.61277468503937
11
0.3625571653543307
21
0.6114763779527559
0
LINE
8
BLACK
6
CONTINUOUS
10
0.3625571653543307
20
0.6114763779527559
11
0.3629079133858268
21
0.6094872440944882
0
LINE
8
BLACK
6
CONTINUOUS
10
0.3629079133858268
20
0.6094872440944882
11
0.3618979921259842
21
0.6077380708661417
0
LINE
8
BLACK
6
CONTINUOUS
10
0.3618979921259842
20
0.6077380708661417
11
0.36
21
0.6070472440944882
0
LINE
8
BLACK
6
CONTINUOUS
10
0.36
20
0.6070472440944882
11
0.32
21
0.6070472440944882
0
LINE
8
BLACK
6
CONTINUOUS
10
0.32
20
0.6070472440944882
11
0.3196164566929134
21
0.6071148425196851
0
LINE
8
BLACK
6
CONTINUOUS
10
0.3196164566929134
20
0.6071148425196851
11
0.3194872440944882
21
0.6070920866141732
0
LINE
8
BLACK
6
CONTINUOUS
10
0.3194872440944882
20
0.6070920866141732
11
0.3193736220472441
21
0.6071576771653543
0
LINE
8
BLACK
6
CONTINUOUS
10
0.3193736220472441
20
0.6071576771653543
11
0.3189900787401574
21
0.6072253149606299
0
LINE
8
BLACK
6
CONTINUOUS
10
0.3189900787401574
20
0.6072253149606299
11
0.3184023622047244
21
0.6077184251968504
0
LINE
8
BLACK
6
CONTINUOUS
10
0.3184023622047244
20
0.6077184251968504
11
0.3177380708661417
21
0.6081020078740157
0
LINE
8
BLACK
6
CONTINUOUS
10
0.3177380708661417
20
0.6081020078740157
11
0.3176469291338583
21
0.6083523228346457
0
LINE
8
BLACK
6
CONTINUOUS
10
0.3176469291338583
20
0.6083523228346457
11
0.3174428346456693
21
0.6085236220472441
0
LINE
8
BLACK
6
CONTINUOUS
10
0.3174428346456693
20
0.6085236220472441
11
0.3173095669291339
21
0.6092791732283465
0
LINE
8
BLACK
6
CONTINUOUS
10
0.3173095669291339
20
0.6092791732283465
11
0.3170472440944882
21
0.61
0
LINE
8
BLACK
6
CONTINUOUS
10
0.3170472440944882
20
0.61
11
0.3170472440944882
21
0.67
0
LINE
8
BLACK
6
CONTINUOUS
10
0.3170472440944882
20
0.67
11
0.317114842519685
21
0.6703835039370079
0
LINE
8
BLACK
6
CONTINUOUS
10
0.317114842519685
20
0.6703835039370079
11
0.3170920866141732
21
0.6705127559055118
0
LINE
8
BLACK
6
CONTINUOUS
10
0.3170920866141732
20
0.6705127559055118
11
0.3171576771653543
21
0.6706263385826772
0
LINE
8
BLACK
6
CONTINUOUS
10
0.3171576771653543
20
0.6706263385826772
11
0.3172253149606299
21
0.6710099212598425
0
LINE
8
BLACK
6
CONTINUOUS
10
0.3172253149606299
20
0.6710099212598425
11
0.3177184251968504
21
0.6715975984251968
0
LINE
8
BLACK
6
CONTINUOUS
10
0.3177184251968504
20
0.6715975984251968
11
0.3181020078740157
21
0.6722619291338583
0
LINE
8
BLACK
6
CONTINUOUS
10
0.3181020078740157
20
0.6722619291338583
11
0.3183523228346457
21
0.672353031496063
0
LINE
8
BLACK
6
CONTINUOUS
10
0.3183523228346457
20
0.672353031496063
11
0.3185236220472441
21
0.6725571653543307
0
LINE
8
BLACK
6
CONTINUOUS
10
0.3185236220472441
20
0.6725571653543307
11
0.3192791732283464
21
0.6726903937007874
0
LINE
8
BLACK
6
CONTINUOUS
10
0.3192791732283464
20
0.6726903937007874
11
0.32
21
0.6729527559055118
0
LINE
8
BLACK
6
CONTINUOUS
10
0.32
20
0.6729527559055118
11
0.36
21
0.6729527559055118
0
LINE
8
BLACK
6
CONTINUOUS
10
0.36
20
0.6729527559055118
11
0.3610099212598425
21
0.6727746850393701
0
LINE
8
BLACK
6
CONTINUOUS
10
0.8410099212598425
20
0.6727746850393701
11
0.8425571653543307
21
0.6714763779527559
0
LINE
8
BLACK
6
CONTINUOUS
10
0.8425571653543307
20
0.6714763779527559
11
0.8429079133858267
21
0.6694872440944881
0
LINE
8
BLACK
6
CONTINUOUS
10
0.8429079133858267
20
0.6694872440944881
11
0.8418979921259843
21
0.6677380708661417
0
LINE
8
BLACK
6
CONTINUOUS
10
0.8418979921259843
20
0.6677380708661417
11
0.84
21
0.6670472440944881
0
LINE
8
BLACK
6
CONTINUOUS
10
0.84
20
0.6670472440944881
11
0.8029527559055117
21
0.6670472440944881
0
LINE
8
BLACK
6
CONTINUOUS
10
0.8029527559055117
20
0.6670472440944881
11
0.8029527559055117
21
0.6129527559055118
0
LINE
8
BLACK
6
CONTINUOUS
10
0.8029527559055117
20
0.6129527559055118
11
0.84
21
0.6129527559055118
0
LINE
8
BLACK
6
CONTINUOUS
10
0.84
20
0.6129527559055118
11
0.8410099212598425
21
0.61277468503937
0
LINE
8
BLACK
6
CONTINUOUS
10
0.8410099212598425
20
0.61277468503937
11
0.8425571653543307
21
0.6114763779527559
0
LINE
8
BLACK
6
CONTINUOUS
10
0.8425571653543307
20
0.6114763779527559
11
0.8429079133858267
21
0.6094872440944882
0
LINE
8
BLACK
6
CONTINUOUS
10
0.8429079133858267
20
0.6094872440944882
11
0.8418979921259843
21
0.6077380708661417
0
LINE
8
BLACK
6
CONTINUOUS
10
0.8418979921259843
20
0.6077380708661417
11
0.84
21
0.6070472440944882
0
LINE
8
BLACK
6
CONTINUOUS
10
0.84
20
0.6070472440944882
11
0.7999999999999999
21
0.6070472440944882
0
LINE
8
BLACK
6
CONTINUOUS
10
0.7999999999999999
20
0.6070472440944882
11
0.7996164566929134
21
0.6071148425196851
0
LINE
8
BLACK
6
CONTINUOUS
10
0.7996164566929134
20
0.6071148425196851
11
0.7994872440944881
21
0.6070920866141732
0
LINE
8
BLACK
6
CONTINUOUS
10
0.7994872440944881
20
0.6070920866141732
11
0.799373622047244
21
0.6071576771653543
0
LINE
8
BLACK
6
CONTINUOUS
10
0.799373622047244
20
0.6071576771653543
11
0.7989900787401575
21
0.6072253149606299
0
LINE
8
BLACK
6
CONTINUOUS
10
0.7989900787401575
20
0.6072253149606299
11
0.7984023622047244
21
0.6077184251968504
0
LINE
8
BLACK
6
CONTINUOUS
10
0.7984023622047244
20
0.6077184251968504
11
0.7977380708661417
21
0.6081020078740157
0
LINE
8
BLACK
6
CONTINUOUS
10
0.7977380708661417
20
0.6081020078740157
11
0.7976469291338583
21
0.6083523228346457
0
LINE
8
BLACK
6
CONTINUOUS
10
0.7976469291338583
20
0.6083523228346457
11
0.7974428346456692
21
0.6085236220472441
0
LINE
8
BLACK
6
CONTINUOUS
10
0.7974428346456692
20
0.6085236220472441
11
0.7973095669291338
21
0.6092791732283465
0
LINE
8
BLACK
6
CONTINUOUS
10
0.7973095669291338
20
0.6092791732283465
11
0.7970472440944881
21
0.61
0
LINE
8
BLACK
6
CONTINUOUS
10
0.7970472440944881
20
0.61
11
0.7970472440944881
21
0.67
0
LINE
8
BLACK
6
CONTINUOUS
10
0.7970472440944881
20
0.67
11
0.797114842519685
21
0.6703835039370079
0
LINE
8
BLACK
6
CONTINUOUS
10
0.797114842519685
20
0.6703835039370079
11
0.7970920866141732
21
0.6705127559055118
0
LINE
8
BLACK
6
CONTINUOUS
10
0.7970920866141732
20
0.6705127559055118
11
0.7971576771653544
21
0.6706263385826772
0
LINE
8
BLACK
6
CONTINUOUS
10
0.7971576771653544
20
0.6706263385826772
11
0.7972253149606299
21
0.6710099212598425
0
LINE
8
BLACK
6
CONTINUOUS
10
0.7972253149606299
20
0.6710099212598425
11
0.7977184251968503
21
0.6715975984251968
0
LINE
8
BLACK
6
CONTINUOUS
10
0.7977184251968503
20
0.6715975984251968
11
0.7981020078740158
21
0.6722619291338583
0
LINE
8
BLACK
6
CONTINUOUS
10
0.7981020078740158
20
0.6722619291338583
11
0.7983523228346456
21
0.672353031496063
0
LINE
8
BLACK
6
CONTINUOUS
10
0.7983523228346456
20
0.672353031496063
11
0.798523622047244
21
0.6725571653543307
0
LINE
8
BLACK
6
CONTINUOUS
10
0.798523622047244
20
0.6725571653543307
11
0.7992791732283464
21
0.6726903937007874
0
LINE
8
BLACK
6
CONTINUOUS
10
0.7992791732283464
20
0.6726903937007874
11
0.7999999999999999
21
0.6729527559055118
0
LINE
8
BLACK
6
CONTINUOUS
10
0.7999999999999999
20
0.6729527559055118
11
0.84
21
0.6729527559055118
0
LINE
8
BLACK
6
CONTINUOUS
10
0.84
20
0.6729527559055118
11
0.8410099212598425
21
0.6727746850393701
0
LINE
8
BLACK
6
CONTINUOUS
10
0.343217874015748
20
0.6373302755905512
11
0.3438475984251969
21
0.63581
0
LINE
8
BLACK
6
CONTINUOUS
10
0.3438475984251969
20
0.63581
11
0.3438475984251969
21
0.6161099999999999
0
LINE
8
BLACK
6
CONTINUOUS
10
0.3438475984251969
20
0.6161099999999999
11
0.343217874015748
21
0.6145897244094488
0
LINE
8
BLACK
6
CONTINUOUS
10
0.343217874015748
20
0.6145897244094488
11
0.3416975984251969
21
0.61396
0
LINE
8
BLACK
6
CONTINUOUS
10
0.3416975984251969
20
0.61396
11
0.3401773228346456
21
0.6145897244094488
0
LINE
8
BLACK
6
CONTINUOUS
10
0.3401773228346456
20
0.6145897244094488
11
0.3395475984251968
21
0.6161099999999999
0
LINE
8
BLACK
6
CONTINUOUS
10
0.3395475984251968
20
0.6161099999999999
11
0.3395475984251968
21
0.6242790551181102
0
LINE
8
BLACK
6
CONTINUOUS
10
0.3395475984251968
20
0.6242790551181102
11
0.3351309448818898
21
0.6242790551181102
0
LINE
8
BLACK
6
CONTINUOUS
10
0.3351309448818898
20
0.6242790551181102
11
0.3336106692913386
21
0.6249087795275591
0
LINE
8
BLACK
6
CONTINUOUS
10
0.3336106692913386
20
0.6249087795275591
11
0.3329809448818897
21
0.6264290551181102
0
LINE
8
BLACK
6
CONTINUOUS
10
0.3329809448818897
20
0.6264290551181102
11
0.3336106692913386
21
0.6279493307086614
0
LINE
8
BLACK
6
CONTINUOUS
10
0.3336106692913386
20
0.6279493307086614
11
0.3351309448818898
21
0.6285790551181102
0
LINE
8
BLACK
6
CONTINUOUS
10
0.3351309448818898
20
0.6285790551181102
11
0.3395475984251968
21
0.6285790551181102
0
LINE
8
BLACK
6
CONTINUOUS
10
0.3395475984251968
20
0.6285790551181102
11
0.3395475984251968
21
0.63366
0
LINE
8
BLACK
6
CONTINUOUS
10
0.3395475984251968
20
0.63366
11
0.3323166535433071
21
0.63366
0
LINE
8
BLACK
6
CONTINUOUS
10
0.3323166535433071
20
0.63366
11
0.3307963779527559
21
0.6342897244094488
0
LINE
8
BLACK
6
CONTINUOUS
10
0.3307963779527559
20
0.6342897244094488
11
0.3301666535433071
21
0.63581
0
LINE
8
BLACK
6
CONTINUOUS
10
0.3301666535433071
20
0.63581
11
0.3307963779527559
21
0.6373302755905512
0
LINE
8
BLACK
6
CONTINUOUS
10
0.3307963779527559
20
0.6373302755905512
11
0.3323166535433071
21
0.63796
0
LINE
8
BLACK
6
CONTINUOUS
10
0.3323166535433071
20
0.63796
11
0.3416975984251969
21
0.63796
0
LINE
8
BLACK
6
CONTINUOUS
10
0.3416975984251969
20
0.63796
11
0.343217874015748
21
0.6373302755905512
0
LINE
8
BLACK
6
CONTINUOUS
10
0.3571695275590551
20
0.6312018110236221
11
0.3576687007874015
21
0.6311663385826771
0
LINE
8
BLACK
6
CONTINUOUS
10
0.3576687007874015
20
0.6311663385826771
11
0.3582598031496063
21
0.630870748031496
0
LINE
8
BLACK
6
CONTINUOUS
10
0.3582598031496063
20
0.630870748031496
11
0.3595214173228347
21
0.6313933464566929
0
LINE
8
BLACK
6
CONTINUOUS
10
0.3595214173228347
20
0.6313933464566929
11
0.3610416929133858
21
0.6307636220472441
0
LINE
8
BLACK
6
CONTINUOUS
10
0.3610416929133858
20
0.6307636220472441
11
0.3616714173228346
21
0.6292433464566929
0
LINE
8
BLACK
6
CONTINUOUS
10
0.3616714173228346
20
0.6292433464566929
11
0.3616714173228346
21
0.6161099999999999
0
LINE
8
BLACK
6
CONTINUOUS
10
0.3616714173228346
20
0.6161099999999999
11
0.3610416929133858
21
0.6145897244094488
0
LINE
8
BLACK
6
CONTINUOUS
10
0.3610416929133858
20
0.6145897244094488
11
0.3595214173228347
21
0.61396
0
LINE
8
BLACK
6
CONTINUOUS
10
0.3595214173228347
20
0.61396
11
0.3580011417322835
21
0.6145897244094488
0
LINE
8
BLACK
6
CONTINUOUS
10
0.3580011417322835
20
0.6145897244094488
11
0.3573714173228346
21
0.6161099999999999
0
LINE
8
BLACK
6
CONTINUOUS
10
0.3573714173228346
20
0.6161099999999999
11
0.3573714173228346
21
0.6264765748031496
0
LINE
8
BLACK
6
CONTINUOUS
10
0.3573714173228346
20
0.6264765748031496
11
0.3573097244094488
21
0.6265382677165354
0
LINE
8
BLACK
6
CONTINUOUS
10
0.3573097244094488
20
0.6265382677165354
11
0.3561996456692914
21
0.6270933464566929
0
LINE
8
BLACK
6
CONTINUOUS
10
0.3561996456692914
20
0.6270933464566929
11
0.3544004330708662
21
0.6270933464566929
0
LINE
8
BLACK
6
CONTINUOUS
10
0.3544004330708662
20
0.6270933464566929
11
0.3536191732283465
21
0.6267027165354331
0
LINE
8
BLACK
6
CONTINUOUS
10
0.3536191732283465
20
0.6267027165354331
11
0.3532285826771653
21
0.6259214960629921
0
LINE
8
BLACK
6
CONTINUOUS
10
0.3532285826771653
20
0.6259214960629921
11
0.3532285826771653
21
0.6161099999999999
0
LINE
8
BLACK
6
CONTINUOUS
10
0.3532285826771653
20
0.6161099999999999
11
0.3525988582677165
21
0.6145897244094488
0
LINE
8
BLACK
6
CONTINUOUS
10
0.3525988582677165
20
0.6145897244094488
11
0.3510785826771654
21
0.61396
0
LINE
8
BLACK
6
CONTINUOUS
10
0.3510785826771654
20
0.61396
11
0.3495583070866142
21
0.6145897244094488
0
LINE
8
BLACK
6
CONTINUOUS
10
0.3495583070866142
20
0.6145897244094488
11
0.3489285826771654
21
0.6161099999999999
0
LINE
8
BLACK
6
CONTINUOUS
10
0.3489285826771654
20
0.6161099999999999
11
0.3489285826771654
21
0.6264290551181102
0
LINE
8
BLACK
6
CONTINUOUS
10
0.3489285826771654
20
0.6264290551181102
11
0.3491200787401575
21
0.6268913779527558
0
LINE
8
BLACK
6
CONTINUOUS
10
0.3491200787401575
20
0.6268913779527558
11
0.3491555511811024
21
0.6273905511811023
0
LINE
8
BLACK
6
CONTINUOUS
10
0.3491555511811024
20
0.6273905511811023
11
0.3500936220472441
21
0.6292667322834645
0
LINE
8
BLACK
6
CONTINUOUS
10
0.3500936220472441
20
0.6292667322834645
11
0.3506085826771653
21
0.6297133858267716
0
LINE
8
BLACK
6
CONTINUOUS
10
0.3506085826771653
20
0.6297133858267716
11
0.351055157480315
21
0.6302282677165354
0
LINE
8
BLACK
6
CONTINUOUS
10
0.351055157480315
20
0.6302282677165354
11
0.3529313779527559
21
0.6311663779527559
0
LINE
8
BLACK
6
CONTINUOUS
10
0.3529313779527559
20
0.6311663779527559
11
0.3534305118110236
21
0.6312018110236221
0
LINE
8
BLACK
6
CONTINUOUS
10
0.3534305118110236
20
0.6312018110236221
11
0.353892874015748
21
0.6313933464566929
0
LINE
8
BLACK
6
CONTINUOUS
10
0.353892874015748
20
0.6313933464566929
11
0.3567071653543307
21
0.6313933464566929
0
LINE
8
BLACK
6
CONTINUOUS
10
0.3567071653543307
20
0.6313933464566929
11
0.3571695275590551
21
0.6312018110236221
0
LINE
8
BLACK
6
CONTINUOUS
10
0.3749933070866142
20
0.6377684645669291
11
0.3754924803149606
21
0.6377329921259842
0
LINE
8
BLACK
6
CONTINUOUS
10
0.3754924803149606
20
0.6377329921259842
11
0.3773686614173228
21
0.6367949212598425
0
LINE
8
BLACK
6
CONTINUOUS
10
0.3773686614173228
20
0.6367949212598425
11
0.3776004724409449
21
0.636527559055118
0
LINE
8
BLACK
6
CONTINUOUS
10
0.3776004724409449
20
0.636527559055118
11
0.3779273622047244
21
0.6363922047244094
0
LINE
8
BLACK
6
CONTINUOUS
10
0.3779273622047244
20
0.6363922047244094
11
0.3788654724409449
21
0.6354541338582677
0
LINE
8
BLACK
6
CONTINUOUS
10
0.3788654724409449
20
0.6354541338582677
11
0.3790008661417323
21
0.6351271653543307
0
LINE
8
BLACK
6
CONTINUOUS
10
0.3790008661417323
20
0.6351271653543307
11
0.3792682677165354
21
0.6348953149606299
0
LINE
8
BLACK
6
CONTINUOUS
10
0.3792682677165354
20
0.6348953149606299
11
0.3802063385826772
21
0.6330190551181102
0
LINE
8
BLACK
6
CONTINUOUS
10
0.3802063385826772
20
0.6330190551181102
11
0.3802236220472441
21
0.6327753149606299
0
LINE
8
BLACK
6
CONTINUOUS
10
0.3802236220472441
20
0.6327753149606299
11
0.380369094488189
21
0.6325790551181102
0
LINE
8
BLACK
6
CONTINUOUS
10
0.380369094488189
20
0.6325790551181102
11
0.3813072047244094
21
0.6288267322834645
0
LINE
8
BLACK
6
CONTINUOUS
10
0.3813072047244094
20
0.6288267322834645
11
0.3812670866141732
21
0.6285570866141732
0
LINE
8
BLACK
6
CONTINUOUS
10
0.3812670866141732
20
0.6285570866141732
11
0.3813714173228346
21
0.6283052362204724
0
LINE
8
BLACK
6
CONTINUOUS
10
0.3813714173228346
20
0.6283052362204724
11
0.3813714173228346
21
0.6236147637795275
0
LINE
8
BLACK
6
CONTINUOUS
10
0.3813714173228346
20
0.6236147637795275
11
0.3812670866141732
21
0.623362874015748
0
LINE
8
BLACK
6
CONTINUOUS
10
0.3812670866141732
20
0.623362874015748
11
0.3813072047244094
21
0.6230933070866141
0
LINE
8
BLACK
6
CONTINUOUS
10
0.3813072047244094
20
0.6230933070866141
11
0.380369094488189
21
0.619340905511811
0
LINE
8
BLACK
6
CONTINUOUS
10
0.380369094488189
20
0.619340905511811
11
0.3802236220472441
21
0.6191446062992125
0
LINE
8
BLACK
6
CONTINUOUS
10
0.3802236220472441
20
0.6191446062992125
11
0.3802063385826772
21
0.6189008661417322
0
LINE
8
BLACK
6
CONTINUOUS
10
0.3802063385826772
20
0.6189008661417322
11
0.3792682677165354
21
0.61702468503937
0
LINE
8
BLACK
6
CONTINUOUS
10
0.3792682677165354
20
0.61702468503937
11
0.3790008661417323
21
0.6167927952755905
0
LINE
8
BLACK
6
CONTINUOUS
10
0.3790008661417323
20
0.6167927952755905
11
0.3788654724409449
21
0.6164658661417323
0
LINE
8
BLACK
6
CONTINUOUS
10
0.3788654724409449
20
0.6164658661417323
11
0.3779273622047244
21
0.6155277952755905
0
LINE
8
BLACK
6
CONTINUOUS
10
0.3779273622047244
20
0.6155277952755905
11
0.3776004724409449
21
0.6153924015748031
0
LINE
8
BLACK
6
CONTINUOUS
10
0.3776004724409449
20
0.6153924015748031
11
0.3773686614173228
21
0.6151250787401574
0
LINE
8
BLACK
6
CONTINUOUS
10
0.3773686614173228
20
0.6151250787401574
11
0.3754924803149606
21
0.6141870078740157
0
LINE
8
BLACK
6
CONTINUOUS
10
0.3754924803149606
20
0.6141870078740157
11
0.3749933070866142
21
0.6141514960629921
0
LINE
8
BLACK
6
CONTINUOUS
10
0.3749933070866142
20
0.6141514960629921
11
0.3745309448818898
21
0.61396
0
LINE
8
BLACK
6
CONTINUOUS
10
0.3745309448818898
20
0.61396
11
0.3726547637795276
21
0.61396
0
LINE
8
BLACK
6
CONTINUOUS
10
0.3726547637795276
20
0.61396
11
0.3721924015748032
21
0.6141514960629921
0
LINE
8
BLACK
6
CONTINUOUS
10
0.3721924015748032
20
0.6141514960629921
11
0.3716932677165354
21
0.6141869685039369
0
LINE
8
BLACK
6
CONTINUOUS
10
0.3716932677165354
20
0.6141869685039369
11
0.3698170472440945
21
0.6151250787401574
0
LINE
8
BLACK
6
CONTINUOUS
10
0.3698170472440945
20
0.6151250787401574
11
0.369585157480315
21
0.6153924015748031
0
LINE
8
BLACK
6
CONTINUOUS
10
0.369585157480315
20
0.6153924015748031
11
0.3692582677165354
21
0.6155278346456693
0
LINE
8
BLACK
6
CONTINUOUS
10
0.3692582677165354
20
0.6155278346456693
11
0.3683201968503937
21
0.616465905511811
0
LINE
8
BLACK
6
CONTINUOUS
10
0.3683201968503937
20
0.616465905511811
11
0.3681847637795275
21
0.6167927559055117
0
LINE
8
BLACK
6
CONTINUOUS
10
0.3681847637795275
20
0.6167927559055117
11
0.3679174409448819
21
0.6170246456692913
0
LINE
8
BLACK
6
CONTINUOUS
10
0.3679174409448819
20
0.6170246456692913
11
0.3669793700787402
21
0.6189008267716535
0
LINE
8
BLACK
6
CONTINUOUS
10
0.3669793700787402
20
0.6189008267716535
11
0.3669620078740157
21
0.6191445275590551
0
LINE
8
BLACK
6
CONTINUOUS
10
0.3669620078740157
20
0.6191445275590551
11
0.3668165354330709
21
0.6193409448818897
0
LINE
8
BLACK
6
CONTINUOUS
10
0.3668165354330709
20
0.6193409448818897
11
0.3658784645669291
21
0.6230933464566929
0
LINE
8
BLACK
6
CONTINUOUS
10
0.3658784645669291
20
0.6230933464566929
11
0.3659185826771654
21
0.6233629527559055
0
LINE
8
BLACK
6
CONTINUOUS
10
0.3659185826771654
20
0.6233629527559055
11
0.3658142913385827
21
0.6236147637795275
0
LINE
8
BLACK
6
CONTINUOUS
10
0.3658142913385827
20
0.6236147637795275
11
0.3658142913385827
21
0.6283052362204724
0
LINE
8
BLACK
6
CONTINUOUS
10
0.3658142913385827
20
0.6283052362204724
11
0.3659185826771654
21
0.6285570472440944
0
LINE
8
BLACK
6
CONTINUOUS
10
0.3659185826771654
20
0.6285570472440944
11
0.3658784645669291
21
0.6288266929133858
0
LINE
8
BLACK
6
CONTINUOUS
10
0.3658784645669291
20
0.6288266929133858
11
0.3668165354330709
21
0.6325790157480314
0
LINE
8
BLACK
6
CONTINUOUS
10
0.3668165354330709
20
0.6325790157480314
11
0.3669620078740157
21
0.6327753543307086
0
LINE
8
BLACK
6
CONTINUOUS
10
0.3669620078740157
20
0.6327753543307086
11
0.3669793307086614
21
0.6330190944881889
0
LINE
8
BLACK
6
CONTINUOUS
10
0.3669793307086614
20
0.6330190944881889
11
0.3679174409448819
21
0.6348953149606299
0
LINE
8
BLACK
6
CONTINUOUS
10
0.3679174409448819
20
0.6348953149606299
11
0.3681847637795275
21
0.6351271653543307
0
LINE
8
BLACK
6
CONTINUOUS
10
0.3681847637795275
20
0.6351271653543307
11
0.3683201968503937
21
0.635454094488189
0
LINE
8
BLACK
6
CONTINUOUS
10
0.3683201968503937
20
0.635454094488189
11
0.3692582677165354
21
0.6363921653543307
0
LINE
8
BLACK
6
CONTINUOUS
10
0.3692582677165354
20
0.6363921653543307
11
0.369585157480315
21
0.636527559055118
0
LINE
8
BLACK
6
CONTINUOUS
10
0.369585157480315
20
0.636527559055118
11
0.3698170472440945
21
0.6367949212598425
0
LINE
8
BLACK
6
CONTINUOUS
10
0.3698170472440945
20
0.6367949212598425
11
0.3716932677165354
21
0.637733031496063
0
LINE
8
BLACK
6
CONTINUOUS
10
0.3716932677165354
20
0.637733031496063
11
0.3721924015748032
21
0.6377684645669291
0
LINE
8
BLACK
6
CONTINUOUS
10
0.3721924015748032
20
0.6377684645669291
11
0.3726547637795276
21
0.63796
0
LINE
8
BLACK
6
CONTINUOUS
10
0.3726547637795276
20
0.63796
11
0.3745309448818898
21
0.63796
0
LINE
8
BLACK
6
CONTINUOUS
10
0.3745309448818898
20
0.63796
11
0.3749933070866142
21
0.6377684645669291
0
LINE
8
BLACK
6
CONTINUOUS
10
0.3720520866141732
20
0.6331048818897638
11
0.3716074803149606
21
0.6326602755905512
0
LINE
8
BLACK
6
CONTINUOUS
10
0.3716074803149606
20
0.6326602755905512
11
0.3709309448818898
21
0.6313072440944881
0
LINE
8
BLACK
6
CONTINUOUS
10
0.3709309448818898
20
0.6313072440944881
11
0.3701142913385826
21
0.6280404724409449
0
LINE
8
BLACK
6
CONTINUOUS
10
0.3701142913385826
20
0.6280404724409449
11
0.3701142913385826
21
0.6238794488188977
0
LINE
8
BLACK
6
CONTINUOUS
10
0.3701142913385826
20
0.6238794488188977
11
0.3709309842519685
21
0.6206126377952755
0
LINE
8
BLACK
6
CONTINUOUS
10
0.3709309842519685
20
0.6206126377952755
11
0.3716074015748032
21
0.6192597637795275
0
LINE
8
BLACK
6
CONTINUOUS
10
0.3716074015748032
20
0.6192597637795275
11
0.3720520866141732
21
0.6188151181102362
0
LINE
8
BLACK
6
CONTINUOUS
10
0.3720520866141732
20
0.6188151181102362
11
0.3731623228346457
21
0.61826
0
LINE
8
BLACK
6
CONTINUOUS
10
0.3731623228346457
20
0.61826
11
0.3740234251968504
21
0.61826
0
LINE
8
BLACK
6
CONTINUOUS
10
0.3740234251968504
20
0.61826
11
0.3751335433070866
21
0.6188150787401575
0
LINE
8
BLACK
6
CONTINUOUS
10
0.3751335433070866
20
0.6188150787401575
11
0.3755782283464567
21
0.6192597244094488
0
LINE
8
BLACK
6
CONTINUOUS
10
0.3755782283464567
20
0.6192597244094488
11
0.3762547637795275
21
0.6206128346456693
0
LINE
8
BLACK
6
CONTINUOUS
10
0.3762547637795275
20
0.6206128346456693
11
0.3770714173228346
21
0.6238794881889763
0
LINE
8
BLACK
6
CONTINUOUS
10
0.3770714173228346
20
0.6238794881889763
11
0.3770714173228346
21
0.6280404724409449
0
LINE
8
BLACK
6
CONTINUOUS
10
0.3770714173228346
20
0.6280404724409449
11
0.3762547637795275
21
0.6313070866141732
0
LINE
8
BLACK
6
CONTINUOUS
10
0.3762547637795275
20
0.6313070866141732
11
0.375578188976378
21
0.6326602362204724
0
LINE
8
BLACK
6
CONTINUOUS
10
0.375578188976378
20
0.6326602362204724
11
0.3751335433070866
21
0.6331048818897638
0
LINE
8
BLACK
6
CONTINUOUS
10
0.3751335433070866
20
0.6331048818897638
11
0.3740234251968504
21
0.63366
0
LINE
8
BLACK
6
CONTINUOUS
10
0.3740234251968504
20
0.63366
11
0.3731623228346457
21
0.63366
0
LINE
8
BLACK
6
CONTINUOUS
10
0.3731623228346457
20
0.63366
11
0.3720520866141732
21
0.6331048818897638
0
LINE
8
BLACK
6
CONTINUOUS
10
0.3937551968503937
20
0.6377684645669291
11
0.3942543700787401
21
0.6377329921259842
0
LINE
8
BLACK
6
CONTINUOUS
10
0.3942543700787401
20
0.6377329921259842
11
0.3961305511811024
21
0.6367949212598425
0
LINE
8
BLACK
6
CONTINUOUS
10
0.3961305511811024
20
0.6367949212598425
11
0.3963623622047244
21
0.636527559055118
0
LINE
8
BLACK
6
CONTINUOUS
10
0.3963623622047244
20
0.636527559055118
11
0.3966892519685039
21
0.6363922047244094
0
LINE
8
BLACK
6
CONTINUOUS
10
0.3966892519685039
20
0.6363922047244094
11
0.3976273622047244
21
0.6354541338582677
0
LINE
8
BLACK
6
CONTINUOUS
10
0.3976273622047244
20
0.6354541338582677
11
0.3977627559055118
21
0.6351271653543307
0
LINE
8
BLACK
6
CONTINUOUS
10
0.3977627559055118
20
0.6351271653543307
11
0.398030157480315
21
0.6348953149606299
0
LINE
8
BLACK
6
CONTINUOUS
10
0.398030157480315
20
0.6348953149606299
11
0.3989682283464567
21
0.6330190551181102
0
LINE
8
BLACK
6
CONTINUOUS
10
0.3989682283464567
20
0.6330190551181102
11
0.3989855118110236
21
0.6327753149606299
0
LINE
8
BLACK
6
CONTINUOUS
10
0.3989855118110236
20
0.6327753149606299
11
0.3991309842519685
21
0.6325790551181102
0
LINE
8
BLACK
6
CONTINUOUS
10
0.3991309842519685
20
0.6325790551181102
11
0.4000690944881889
21
0.6288267322834645
0
LINE
8
BLACK
6
CONTINUOUS
10
0.4000690944881889
20
0.6288267322834645
11
0.4000289763779528
21
0.6285570866141732
0
LINE
8
BLACK
6
CONTINUOUS
10
0.4000289763779528
20
0.6285570866141732
11
0.4001333070866142
21
0.6283052362204724
0
LINE
8
BLACK
6
CONTINUOUS
10
0.4001333070866142
20
0.6283052362204724
11
0.4001333070866142
21
0.6236147637795275
0
LINE
8
BLACK
6
CONTINUOUS
10
0.4001333070866142
20
0.6236147637795275
11
0.4000289763779528
21
0.623362874015748
0
LINE
8
BLACK
6
CONTINUOUS
10
0.4000289763779528
20
0.623362874015748
11
0.4000690944881889
21
0.6230933070866141
0
LINE
8
BLACK
6
CONTINUOUS
10
0.4000690944881889
20
0.6230933070866141
11
0.3991309842519685
21
0.619340905511811
0
LINE
8
BLACK
6
CONTINUOUS
10
0.3991309842519685
20
0.619340905511811
11
0.3989855118110236
21
0.6191446062992125
0
LINE
8
BLACK
6
CONTINUOUS
10
0.3989855118110236
20
0.6191446062992125
11
0.3989682283464567
21
0.6189008661417322
0
LINE
8
BLACK
6
CONTINUOUS
10
0.3989682283464567
20
0.6189008661417322
11
0.398030157480315
21
0.61702468503937
0
LINE
8
BLACK
6
CONTINUOUS
10
0.398030157480315
20
0.61702468503937
11
0.3977627559055118
21
0.6167927952755905
0
LINE
8
BLACK
6
CONTINUOUS
10
0.3977627559055118
20
0.6167927952755905
11
0.3976273622047244
21
0.6164658661417323
0
LINE
8
BLACK
6
CONTINUOUS
10
0.3976273622047244
20
0.6164658661417323
11
0.3966892519685039
21
0.6155277952755905
0
LINE
8
BLACK
6
CONTINUOUS
10
0.3966892519685039
20
0.6155277952755905
11
0.3963623622047244
21
0.6153924015748031
0
LINE
8
BLACK
6
CONTINUOUS
10
0.3963623622047244
20
0.6153924015748031
11
0.3961305511811024
21
0.6151250787401574
0
LINE
8
BLACK
6
CONTINUOUS
10
0.3961305511811024
20
0.6151250787401574
11
0.3942543700787401
21
0.6141870078740157
0
LINE
8
BLACK
6
CONTINUOUS
10
0.3942543700787401
20
0.6141870078740157
11
0.3937551968503937
21
0.6141514960629921
0
LINE
8
BLACK
6
CONTINUOUS
10
0.3937551968503937
20
0.6141514960629921
11
0.3932928346456693
21
0.61396
0
LINE
8
BLACK
6
CONTINUOUS
10
0.3932928346456693
20
0.61396
11
0.3914166535433071
21
0.61396
0
LINE
8
BLACK
6
CONTINUOUS
10
0.3914166535433071
20
0.61396
11
0.3909542913385827
21
0.6141514960629921
0
LINE
8
BLACK
6
CONTINUOUS
10
0.3909542913385827
20
0.6141514960629921
11
0.390455157480315
21
0.6141869685039369
0
LINE
8
BLACK
6
CONTINUOUS
10
0.390455157480315
20
0.6141869685039369
11
0.388578937007874
21
0.6151250787401574
0
LINE
8
BLACK
6
CONTINUOUS
10
0.388578937007874
20
0.6151250787401574
11
0.3883470472440945
21
0.6153924015748031
0
LINE
8
BLACK
6
CONTINUOUS
10
0.3883470472440945
20
0.6153924015748031
11
0.3880201574803149
21
0.6155278346456693
0
LINE
8
BLACK
6
CONTINUOUS
10
0.3880201574803149
20
0.6155278346456693
11
0.3870820866141732
21
0.616465905511811
0
LINE
8
BLACK
6
CONTINUOUS
10
0.3870820866141732
20
0.616465905511811
11
0.3869466535433071
21
0.6167927559055117
0
LINE
8
BLACK
6
CONTINUOUS
10
0.3869466535433071
20
0.6167927559055117
11
0.3866793307086614
21
0.6170246456692913
0
LINE
8
BLACK
6
CONTINUOUS
10
0.3866793307086614
20
0.6170246456692913
11
0.3857412598425197
21
0.6189008267716535
0
LINE
8
BLACK
6
CONTINUOUS
10
0.3857412598425197
20
0.6189008267716535
11
0.3857238976377952
21
0.6191445275590551
0
LINE
8
BLACK
6
CONTINUOUS
10
0.3857238976377952
20
0.6191445275590551
11
0.3855784251968504
21
0.6193409448818897
0
LINE
8
BLACK
6
CONTINUOUS
10
0.3855784251968504
20
0.6193409448818897
11
0.3846403543307086
21
0.6230933464566929
0
LINE
8
BLACK
6
CONTINUOUS
10
0.3846403543307086
20
0.6230933464566929
11
0.3846804724409449
21
0.6233629527559055
0
LINE
8
BLACK
6
CONTINUOUS
10
0.3846804724409449
20
0.6233629527559055
11
0.3845761811023622
21
0.6236147637795275
0
LINE
8
BLACK
6
CONTINUOUS
10
0.3845761811023622
20
0.6236147637795275
11
0.3845761811023622
21
0.6283052362204724
0
LINE
8
BLACK
6
CONTINUOUS
10
0.3845761811023622
20
0.6283052362204724
11
0.3846804724409449
21
0.6285570472440944
0
LINE
8
BLACK
6
CONTINUOUS
10
0.3846804724409449
20
0.6285570472440944
11
0.3846403543307086
21
0.6288266929133858
0
LINE
8
BLACK
6
CONTINUOUS
10
0.3846403543307086
20
0.6288266929133858
11
0.3855784251968504
21
0.6325790157480314
0
LINE
8
BLACK
6
CONTINUOUS
10
0.3855784251968504
20
0.6325790157480314
11
0.3857238976377952
21
0.6327753543307086
0
LINE
8
BLACK
6
CONTINUOUS
10
0.3857238976377952
20
0.6327753543307086
11
0.3857412204724409
21
0.6330190944881889
0
LINE
8
BLACK
6
CONTINUOUS
10
0.3857412204724409
20
0.6330190944881889
11
0.3866793307086614
21
0.6348953149606299
0
LINE
8
BLACK
6
CONTINUOUS
10
0.3866793307086614
20
0.6348953149606299
11
0.3869466535433071
21
0.6351271653543307
0
LINE
8
BLACK
6
CONTINUOUS
10
0.3869466535433071
20
0.6351271653543307
11
0.3870820866141732
21
0.635454094488189
0
LINE
8
BLACK
6
CONTINUOUS
10
0.3870820866141732
20
0.635454094488189
11
0.3880201574803149
21
0.6363921653543307
0
LINE
8
BLACK
6
CONTINUOUS
10
0.3880201574803149
20
0.6363921653543307
11
0.3883470472440945
21
0.636527559055118
0
LINE
8
BLACK
6
CONTINUOUS
10
0.3883470472440945
20
0.636527559055118
11
0.388578937007874
21
0.6367949212598425
0
LINE
8
BLACK
6
CONTINUOUS
10
0.388578937007874
20
0.6367949212598425
11
0.390455157480315
21
0.637733031496063
0
LINE
8
BLACK
6
CONTINUOUS
10
0.390455157480315
20
0.637733031496063
11
0.3909542913385827
21
0.6377684645669291
0
LINE
8
BLACK
6
CONTINUOUS
10
0.3909542913385827
20
0.6377684645669291
11
0.3914166535433071
21
0.63796
0
LINE
8
BLACK
6
CONTINUOUS
10
0.3914166535433071
20
0.63796
11
0.3932928346456693
21
0.63796
0
LINE
8
BLACK
6
CONTINUOUS
10
0.3932928346456693
20
0.63796
11
0.3937551968503937
21
0.6377684645669291
0
LINE
8
BLACK
6
CONTINUOUS
10
0.3908139763779527
20
0.6331048818897638
11
0.3903693700787402
21
0.6326602755905512
0
LINE
8
BLACK
6
CONTINUOUS
10
0.3903693700787402
20
0.6326602755905512
11
0.3896928346456693
21
0.6313072440944881
0
LINE
8
BLACK
6
CONTINUOUS
10
0.3896928346456693
20
0.6313072440944881
11
0.3888761811023622
21
0.6280404724409449
0
LINE
8
BLACK
6
CONTINUOUS
10
0.3888761811023622
20
0.6280404724409449
11
0.3888761811023622
21
0.6238794488188977
0
LINE
8
BLACK
6
CONTINUOUS
10
0.3888761811023622
20
0.6238794488188977
11
0.389692874015748
21
0.6206126377952755
0
LINE
8
BLACK
6
CONTINUOUS
10
0.389692874015748
20
0.6206126377952755
11
0.3903692913385827
21
0.6192597637795275
0
LINE
8
BLACK
6
CONTINUOUS
10
0.3903692913385827
20
0.6192597637795275
11
0.3908139763779527
21
0.6188151181102362
0
LINE
8
BLACK
6
CONTINUOUS
10
0.3908139763779527
20
0.6188151181102362
11
0.3919242125984252
21
0.61826
0
LINE
8
BLACK
6
CONTINUOUS
10
0.3919242125984252
20
0.61826
11
0.3927853149606299
21
0.61826
0
LINE
8
BLACK
6
CONTINUOUS
10
0.3927853149606299
20
0.61826
11
0.3938954330708661
21
0.6188150787401575
0
LINE
8
BLACK
6
CONTINUOUS
10
0.3938954330708661
20
0.6188150787401575
11
0.3943401181102362
21
0.6192597244094488
0
LINE
8
BLACK
6
CONTINUOUS
10
0.3943401181102362
20
0.6192597244094488
11
0.3950166535433071
21
0.6206128346456693
0
LINE
8
BLACK
6
CONTINUOUS
10
0.3950166535433071
20
0.6206128346456693
11
0.3958333070866142
21
0.6238794881889763
0
LINE
8
BLACK
6
CONTINUOUS
10
0.3958333070866142
20
0.6238794881889763
11
0.3958333070866142
21
0.6280404724409449
0
LINE
8
BLACK
6
CONTINUOUS
10
0.3958333070866142
20
0.6280404724409449
11
0.3950166535433071
21
0.6313070866141732
0
LINE
8
BLACK
6
CONTINUOUS
10
0.3950166535433071
20
0.6313070866141732
11
0.3943400787401575
21
0.6326602362204724
0
LINE
8
BLACK
6
CONTINUOUS
10
0.3943400787401575
20
0.6326602362204724
11
0.3938954330708661
21
0.6331048818897638
0
LINE
8
BLACK
6
CONTINUOUS
10
0.3938954330708661
20
0.6331048818897638
11
0.3927853149606299
21
0.63366
0
LINE
8
BLACK
6
CONTINUOUS
10
0.3927853149606299
20
0.63366
11
0.3919242125984252
21
0.63366
0
LINE
8
BLACK
6
CONTINUOUS
10
0.3919242125984252
20
0.63366
11
0.3908139763779527
21
0.6331048818897638
0
LINE
8
BLACK
6
CONTINUOUS
10
0.4113211417322835
20
0.6378752755905511
11
0.4115382677165354
21
0.6379182283464567
0
LINE
8
BLACK
6
CONTINUOUS
10
0.4115382677165354
20
0.6379182283464567
11
0.4120583858267716
21
0.6375698818897637
0
LINE
8
BLACK
6
CONTINUOUS
10
0.4120583858267716
20
0.6375698818897637
11
0.4126368897637795
21
0.6373302755905512
0
LINE
8
BLACK
6
CONTINUOUS
10
0.4126368897637795
20
0.6373302755905512
11
0.4127215748031496
21
0.637125748031496
0
LINE
8
BLACK
6
CONTINUOUS
10
0.4127215748031496
20
0.637125748031496
11
0.4129055118110236
21
0.6370025984251968
0
LINE
8
BLACK
6
CONTINUOUS
10
0.4129055118110236
20
0.6370025984251968
11
0.4146636614173228
21
0.6343653937007874
0
LINE
8
BLACK
6
CONTINUOUS
10
0.4146636614173228
20
0.6343653937007874
11
0.4161425590551181
21
0.6328864960629921
0
LINE
8
BLACK
6
CONTINUOUS
10
0.4161425590551181
20
0.6328864960629921
11
0.4177067322834646
21
0.6321044488188976
0
LINE
8
BLACK
6
CONTINUOUS
10
0.4177067322834646
20
0.6321044488188976
11
0.418784842519685
21
0.6308612992125984
0
LINE
8
BLACK
6
CONTINUOUS
10
0.418784842519685
20
0.6308612992125984
11
0.4186681889763779
21
0.6292198818897637
0
LINE
8
BLACK
6
CONTINUOUS
10
0.4186681889763779
20
0.6292198818897637
11
0.4174250787401575
21
0.6281417322834646
0
LINE
8
BLACK
6
CONTINUOUS
10
0.4174250787401575
20
0.6281417322834646
11
0.4157836614173228
21
0.6282584251968504
0
LINE
8
BLACK
6
CONTINUOUS
10
0.4157836614173228
20
0.6282584251968504
11
0.4139074803149606
21
0.6291965354330709
0
LINE
8
BLACK
6
CONTINUOUS
10
0.4139074803149606
20
0.6291965354330709
11
0.4136756299212598
21
0.6294638188976378
0
LINE
8
BLACK
6
CONTINUOUS
10
0.4136756299212598
20
0.6294638188976378
11
0.4133487401574803
21
0.629599251968504
0
LINE
8
BLACK
6
CONTINUOUS
10
0.4133487401574803
20
0.629599251968504
11
0.4132666141732284
21
0.6296813779527559
0
LINE
8
BLACK
6
CONTINUOUS
10
0.4132666141732284
20
0.6296813779527559
11
0.4132666141732284
21
0.61826
0
LINE
8
BLACK
6
CONTINUOUS
10
0.4132666141732284
20
0.61826
11
0.4167451968503937
21
0.61826
0
LINE
8
BLACK
6
CONTINUOUS
10
0.4167451968503937
20
0.61826
11
0.4182654724409449
21
0.6176302755905512
0
LINE
8
BLACK
6
CONTINUOUS
10
0.4182654724409449
20
0.6176302755905512
11
0.4188951968503937
21
0.6161099999999999
0
LINE
8
BLACK
6
CONTINUOUS
10
0.4188951968503937
20
0.6161099999999999
11
0.4182654724409449
21
0.6145897244094488
0
LINE
8
BLACK
6
CONTINUOUS
10
0.4182654724409449
20
0.6145897244094488
11
0.4167451968503937
21
0.61396
0
LINE
8
BLACK
6
CONTINUOUS
10
0.4167451968503937
20
0.61396
11
0.4111166141732283
21
0.61396
0
LINE
8
BLACK
6
CONTINUOUS
10
0.4111166141732283
20
0.61396
11
0.4054880708661417
21
0.61396
0
LINE
8
BLACK
6
CONTINUOUS
10
0.4054880708661417
20
0.61396
11
0.4039677952755906
21
0.6145897244094488
0
LINE
8
BLACK
6
CONTINUOUS
10
0.4039677952755906
20
0.6145897244094488
11
0.4033380708661417
21
0.6161099999999999
0
LINE
8
BLACK
6
CONTINUOUS
10
0.4033380708661417
20
0.6161099999999999
11
0.4039677952755906
21
0.6176302755905512
0
LINE
8
BLACK
6
CONTINUOUS
10
0.4039677952755906
20
0.6176302755905512
11
0.4054880708661417
21
0.61826
0
LINE
8
BLACK
6
CONTINUOUS
10
0.4054880708661417
20
0.61826
11
0.4089666141732283
21
0.61826
0
LINE
8
BLACK
6
CONTINUOUS
10
0.4089666141732283
20
0.61826
11
0.4089666141732283
21
0.63581
0
LINE
8
BLACK
6
CONTINUOUS
10
0.4089666141732283
20
0.63581
11
0.4090512992125984
21
0.6360145275590551
0
LINE
8
BLACK
6
CONTINUOUS
10
0.4090512992125984
20
0.6360145275590551
11
0.4090083858267716
21
0.636231653543307
0
LINE
8
BLACK
6
CONTINUOUS
10
0.4090083858267716
20
0.636231653543307
11
0.4093566929133858
21
0.6367517716535432
0
LINE
8
BLACK
6
CONTINUOUS
10
0.4093566929133858
20
0.6367517716535432
11
0.4095963385826771
21
0.6373302755905512
0
LINE
8
BLACK
6
CONTINUOUS
10
0.4095963385826771
20
0.6373302755905512
11
0.4098008267716535
21
0.6374149606299212
0
LINE
8
BLACK
6
CONTINUOUS
10
0.4098008267716535
20
0.6374149606299212
11
0.4099240157480315
21
0.6375988976377953
0
LINE
8
BLACK
6
CONTINUOUS
10
0.4099240157480315
20
0.6375988976377953
11
0.4105381102362204
21
0.6377203543307086
0
LINE
8
BLACK
6
CONTINUOUS
10
0.4105381102362204
20
0.6377203543307086
11
0.4111166141732283
21
0.63796
0
LINE
8
BLACK
6
CONTINUOUS
10
0.4111166141732283
20
0.63796
11
0.4113211417322835
21
0.6378752755905511
0
LINE
8
BLACK
6
CONTINUOUS
10
0.823217874015748
20
0.6373302755905512
11
0.8238475984251968
21
0.63581
0
LINE
8
BLACK
6
CONTINUOUS
10
0.8238475984251968
20
0.63581
11
0.8238475984251968
21
0.6161099999999999
0
LINE
8
BLACK
6
CONTINUOUS
10
0.8238475984251968
20
0.6161099999999999
11
0.823217874015748
21
0.6145897244094488
0
LINE
8
BLACK
6
CONTINUOUS
10
0.823217874015748
20
0.6145897244094488
11
0.8216975984251969
21
0.61396
0
LINE
8
BLACK
6
CONTINUOUS
10
0.8216975984251969
20
0.61396
11
0.8201773228346456
21
0.6145897244094488
0
LINE
8
BLACK
6
CONTINUOUS
10
0.8201773228346456
20
0.6145897244094488
11
0.8195475984251969
21
0.6161099999999999
0
LINE
8
BLACK
6
CONTINUOUS
10
0.8195475984251969
20
0.6161099999999999
11
0.8195475984251969
21
0.6242790551181102
0
LINE
8
BLACK
6
CONTINUOUS
10
0.8195475984251969
20
0.6242790551181102
11
0.8151309448818898
21
0.6242790551181102
0
LINE
8
BLACK
6
CONTINUOUS
10
0.8151309448818898
20
0.6242790551181102
11
0.8136106692913385
21
0.6249087795275591
0
LINE
8
BLACK
6
CONTINUOUS
10
0.8136106692913385
20
0.6249087795275591
11
0.8129809448818898
21
0.6264290551181102
0
LINE
8
BLACK
6
CONTINUOUS
10
0.8129809448818898
20
0.6264290551181102
11
0.8136106692913385
21
0.6279493307086614
0
LINE
8
BLACK
6
CONTINUOUS
10
0.8136106692913385
20
0.6279493307086614
11
0.8151309448818898
21
0.6285790551181102
0
LINE
8
BLACK
6
CONTINUOUS
10
0.8151309448818898
20
0.6285790551181102
11
0.8195475984251969
21
0.6285790551181102
0
LINE
8
BLACK
6
CONTINUOUS
10
0.8195475984251969
20
0.6285790551181102
11
0.8195475984251969
21
0.63366
0
LINE
8
BLACK
6
CONTINUOUS
10
0.8195475984251969
20
0.63366
11
0.8123166535433071
21
0.63366
0
LINE
8
BLACK
6
CONTINUOUS
10
0.8123166535433071
20
0.63366
11
0.8107963779527559
21
0.6342897244094488
0
LINE
8
BLACK
6
CONTINUOUS
10
0.8107963779527559
20
0.6342897244094488
11
0.8101666535433071
21
0.63581
0
LINE
8
BLACK
6
CONTINUOUS
10
0.8101666535433071
20
0.63581
11
0.8107963779527559
21
0.6373302755905512
0
LINE
8
BLACK
6
CONTINUOUS
10
0.8107963779527559
20
0.6373302755905512
11
0.8123166535433071
21
0.63796
0
LINE
8
BLACK
6
CONTINUOUS
10
0.8123166535433071
20
0.63796
11
0.8216975984251969
21
0.63796
0
LINE
8
BLACK
6
CONTINUOUS
10
0.8216975984251969
20
0.63796
11
0.823217874015748
21
0.6373302755905512
0
LINE
8
BLACK
6
CONTINUOUS
10
0.837169527559055
20
0.6312018110236221
11
0.8376687007874015
21
0.6311663385826771
0
LINE
8
BLACK
6
CONTINUOUS
10
0.8376687007874015
20
0.6311663385826771
11
0.8382598031496062
21
0.630870748031496
0
LINE
8
BLACK
6
CONTINUOUS
10
0.8382598031496062
20
0.630870748031496
11
0.8395214173228346
21
0.6313933464566929
0
LINE
8
BLACK
6
CONTINUOUS
10
0.8395214173228346
20
0.6313933464566929
11
0.8410416929133858
21
0.6307636220472441
0
LINE
8
BLACK
6
CONTINUOUS
10
0.8410416929133858
20
0.6307636220472441
11
0.8416714173228347
21
0.6292433464566929
0
LINE
8
BLACK
6
CONTINUOUS
10
0.8416714173228347
20
0.6292433464566929
11
0.8416714173228347
21
0.6161099999999999
0
LINE
8
BLACK
6
CONTINUOUS
10
0.8416714173228347
20
0.6161099999999999
11
0.8410416929133858
21
0.6145897244094488
0
LINE
8
BLACK
6
CONTINUOUS
10
0.8410416929133858
20
0.6145897244094488
11
0.8395214173228346
21
0.61396
0
LINE
8
BLACK
6
CONTINUOUS
10
0.8395214173228346
20
0.61396
11
0.8380011417322835
21
0.6145897244094488
0
LINE
8
BLACK
6
CONTINUOUS
10
0.8380011417322835
20
0.6145897244094488
11
0.8373714173228346
21
0.6161099999999999
0
LINE
8
BLACK
6
CONTINUOUS
10
0.8373714173228346
20
0.6161099999999999
11
0.8373714173228346
21
0.6264765748031496
0
LINE
8
BLACK
6
CONTINUOUS
10
0.8373714173228346
20
0.6264765748031496
11
0.8373097244094488
21
0.6265382677165354
0
LINE
8
BLACK
6
CONTINUOUS
10
0.8373097244094488
20
0.6265382677165354
11
0.8361996456692913
21
0.6270933464566929
0
LINE
8
BLACK
6
CONTINUOUS
10
0.8361996456692913
20
0.6270933464566929
11
0.8344004330708661
21
0.6270933464566929
0
LINE
8
BLACK
6
CONTINUOUS
10
0.8344004330708661
20
0.6270933464566929
11
0.8336191732283464
21
0.6267027165354331
0
LINE
8
BLACK
6
CONTINUOUS
10
0.8336191732283464
20
0.6267027165354331
11
0.8332285826771654
21
0.6259214960629921
0
LINE
8
BLACK
6
CONTINUOUS
10
0.8332285826771654
20
0.6259214960629921
11
0.8332285826771654
21
0.6161099999999999
0
LINE
8
BLACK
6
CONTINUOUS
10
0.8332285826771654
20
0.6161099999999999
11
0.8325988582677165
21
0.6145897244094488
0
LINE
8
BLACK
6
CONTINUOUS
10
0.8325988582677165
20
0.6145897244094488
11
0.8310785826771654
21
0.61396
0
LINE
8
BLACK
6
CONTINUOUS
10
0.8310785826771654
20
0.61396
11
0.8295583070866142
21
0.6145897244094488
0
LINE
8
BLACK
6
CONTINUOUS
10
0.8295583070866142
20
0.6145897244094488
11
0.8289285826771653
21
0.6161099999999999
0
LINE
8
BLACK
6
CONTINUOUS
10
0.8289285826771653
20
0.6161099999999999
11
0.8289285826771653
21
0.6264290551181102
0
LINE
8
BLACK
6
CONTINUOUS
10
0.8289285826771653
20
0.6264290551181102
11
0.8291200787401575
21
0.6268913779527558
0
LINE
8
BLACK
6
CONTINUOUS
10
0.8291200787401575
20
0.6268913779527558
11
0.8291555511811023
21
0.6273905511811023
0
LINE
8
BLACK
6
CONTINUOUS
10
0.8291555511811023
20
0.6273905511811023
11
0.8300936220472441
21
0.6292667322834645
0
LINE
8
BLACK
6
CONTINUOUS
10
0.8300936220472441
20
0.6292667322834645
11
0.8306085826771653
21
0.6297133858267716
0
LINE
8
BLACK
6
CONTINUOUS
10
0.8306085826771653
20
0.6297133858267716
11
0.8310551574803149
21
0.6302282677165354
0
LINE
8
BLACK
6
CONTINUOUS
10
0.8310551574803149
20
0.6302282677165354
11
0.8329313779527558
21
0.6311663779527559
0
LINE
8
BLACK
6
CONTINUOUS
10
0.8329313779527558
20
0.6311663779527559
11
0.8334305118110236
21
0.6312018110236221
0
LINE
8
BLACK
6
CONTINUOUS
10
0.8334305118110236
20
0.6312018110236221
11
0.833892874015748
21
0.6313933464566929
0
LINE
8
BLACK
6
CONTINUOUS
10
0.833892874015748
20
0.6313933464566929
11
0.8367071653543307
21
0.6313933464566929
0
LINE
8
BLACK
6
CONTINUOUS
10
0.8367071653543307
20
0.6313933464566929
11
0.837169527559055
21
0.6312018110236221
0
LINE
8
BLACK
6
CONTINUOUS
10
0.8549933070866141
20
0.6377684645669291
11
0.8554924803149606
21
0.6377329921259842
0
LINE
8
BLACK
6
CONTINUOUS
10
0.8554924803149606
20
0.6377329921259842
11
0.8573686614173228
21
0.6367949212598425
0
LINE
8
BLACK
6
CONTINUOUS
10
0.8573686614173228
20
0.6367949212598425
11
0.8576004724409448
21
0.636527559055118
0
LINE
8
BLACK
6
CONTINUOUS
10
0.8576004724409448
20
0.636527559055118
11
0.8579273622047244
21
0.6363922047244094
0
LINE
8
BLACK
6
CONTINUOUS
10
0.8579273622047244
20
0.6363922047244094
11
0.8588654724409449
21
0.6354541338582677
0
LINE
8
BLACK
6
CONTINUOUS
10
0.8588654724409449
20
0.6354541338582677
11
0.8590008661417322
21
0.6351271653543307
0
LINE
8
BLACK
6
CONTINUOUS
10
0.8590008661417322
20
0.6351271653543307
11
0.8592682677165354
21
0.6348953149606299
0
LINE
8
BLACK
6
CONTINUOUS
10
0.8592682677165354
20
0.6348953149606299
11
0.8602063385826771
21
0.6330190551181102
0
LINE
8
BLACK
6
CONTINUOUS
10
0.8602063385826771
20
0.6330190551181102
11
0.8602236220472441
21
0.6327753149606299
0
LINE
8
BLACK
6
CONTINUOUS
10
0.8602236220472441
20
0.6327753149606299
11
0.860369094488189
21
0.6325790551181102
0
LINE
8
BLACK
6
CONTINUOUS
10
0.860369094488189
20
0.6325790551181102
11
0.8613072047244095
21
0.6288267322834645
0
LINE
8
BLACK
6
CONTINUOUS
10
0.8613072047244095
20
0.6288267322834645
11
0.8612670866141732
21
0.6285570866141732
0
LINE
8
BLACK
6
CONTINUOUS
10
0.8612670866141732
20
0.6285570866141732
11
0.8613714173228346
21
0.6283052362204724
0
LINE
8
BLACK
6
CONTINUOUS
10
0.8613714173228346
20
0.6283052362204724
11
0.8613714173228346
21
0.6236147637795275
0
LINE
8
BLACK
6
CONTINUOUS
10
0.8613714173228346
20
0.6236147637795275
11
0.8612670866141732
21
0.623362874015748
0
LINE
8
BLACK
6
CONTINUOUS
10
0.8612670866141732
20
0.623362874015748
11
0.8613072047244095
21
0.6230933070866141
0
LINE
8
BLACK
6
CONTINUOUS
10
0.8613072047244095
20
0.6230933070866141
11
0.860369094488189
21
0.619340905511811
0
LINE
8
BLACK
6
CONTINUOUS
10
0.860369094488189
20
0.619340905511811
11
0.8602236220472441
21
0.6191446062992125
0
LINE
8
BLACK
6
CONTINUOUS
10
0.8602236220472441
20
0.6191446062992125
11
0.8602063385826771
21
0.6189008661417322
0
LINE
8
BLACK
6
CONTINUOUS
10
0.8602063385826771
20
0.6189008661417322
11
0.8592682677165354
21
0.61702468503937
0
LINE
8
BLACK
6
CONTINUOUS
10
0.8592682677165354
20
0.61702468503937
11
0.8590008661417322
21
0.6167927952755905
0
LINE
8
BLACK
6
CONTINUOUS
10
0.8590008661417322
20
0.6167927952755905
11
0.8588654724409449
21
0.6164658661417323
0
LINE
8
BLACK
6
CONTINUOUS
10
0.8588654724409449
20
0.6164658661417323
11
0.8579273622047244
21
0.6155277952755905
0
LINE
8
BLACK
6
CONTINUOUS
10
0.8579273622047244
20
0.6155277952755905
11
0.8576004724409448
21
0.6153924015748031
0
LINE
8
BLACK
6
CONTINUOUS
10
0.8576004724409448
20
0.6153924015748031
11
0.8573686614173228
21
0.6151250787401574
0
LINE
8
BLACK
6
CONTINUOUS
10
0.8573686614173228
20
0.6151250787401574
11
0.8554924803149606
21
0.6141870078740157
0
LINE
8
BLACK
6
CONTINUOUS
10
0.8554924803149606
20
0.6141870078740157
11
0.8549933070866141
21
0.6141514960629921
0
LINE
8
BLACK
6
CONTINUOUS
10
0.8549933070866141
20
0.6141514960629921
11
0.8545309448818897
21
0.61396
0
LINE
8
BLACK
6
CONTINUOUS
10
0.8545309448818897
20
0.61396
11
0.8526547637795275
21
0.61396
0
LINE
8
BLACK
6
CONTINUOUS
10
0.8526547637795275
20
0.61396
11
0.8521924015748031
21
0.6141514960629921
0
LINE
8
BLACK
6
CONTINUOUS
10
0.8521924015748031
20
0.6141514960629921
11
0.8516932677165354
21
0.6141869685039369
0
LINE
8
BLACK
6
CONTINUOUS
10
0.8516932677165354
20
0.6141869685039369
11
0.8498170472440945
21
0.6151250787401574
0
LINE
8
BLACK
6
CONTINUOUS
10
0.8498170472440945
20
0.6151250787401574
11
0.8495851574803149
21
0.6153924015748031
0
LINE
8
BLACK
6
CONTINUOUS
10
0.8495851574803149
20
0.6153924015748031
11
0.8492582677165355
21
0.6155278346456693
0
LINE
8
BLACK
6
CONTINUOUS
10
0.8492582677165355
20
0.6155278346456693
11
0.8483201968503937
21
0.616465905511811
0
LINE
8
BLACK
6
CONTINUOUS
10
0.8483201968503937
20
0.616465905511811
11
0.8481847637795276
21
0.6167927559055117
0
LINE
8
BLACK
6
CONTINUOUS
10
0.8481847637795276
20
0.6167927559055117
11
0.8479174409448819
21
0.6170246456692913
0
LINE
8
BLACK
6
CONTINUOUS
10
0.8479174409448819
20
0.6170246456692913
11
0.8469793700787401
21
0.6189008267716535
0
LINE
8
BLACK
6
CONTINUOUS
10
0.8469793700787401
20
0.6189008267716535
11
0.8469620078740158
21
0.6191445275590551
0
LINE
8
BLACK
6
CONTINUOUS
10
0.8469620078740158
20
0.6191445275590551
11
0.8468165354330709
21
0.6193409448818897
0
LINE
8
BLACK
6
CONTINUOUS
10
0.8468165354330709
20
0.6193409448818897
11
0.8458784645669292
21
0.6230933464566929
0
LINE
8
BLACK
6
CONTINUOUS
10
0.8458784645669292
20
0.6230933464566929
11
0.8459185826771654
21
0.6233629527559055
0
LINE
8
BLACK
6
CONTINUOUS
10
0.8459185826771654
20
0.6233629527559055
11
0.8458142913385827
21
0.6236147637795275
0
LINE
8
BLACK
6
CONTINUOUS
10
0.8458142913385827
20
0.6236147637795275
11
0.8458142913385827
21
0.6283052362204724
0
LINE
8
BLACK
6
CONTINUOUS
10
0.8458142913385827
20
0.6283052362204724
11
0.8459185826771654
21
0.6285570472440944
0
LINE
8
BLACK
6
CONTINUOUS
10
0.8459185826771654
20
0.6285570472440944
11
0.8458784645669292
21
0.6288266929133858
0
LINE
8
BLACK
6
CONTINUOUS
10
0.8458784645669292
20
0.6288266929133858
11
0.8468165354330709
21
0.6325790157480314
0
LINE
8
BLACK
6
CONTINUOUS
10
0.8468165354330709
20
0.6325790157480314
11
0.8469620078740158
21
0.6327753543307086
0
LINE
8
BLACK
6
CONTINUOUS
10
0.8469620078740158
20
0.6327753543307086
11
0.8469793307086614
21
0.6330190944881889
0
LINE
8
BLACK
6
CONTINUOUS
10
0.8469793307086614
20
0.6330190944881889
11
0.8479174409448819
21
0.6348953149606299
0
LINE
8
BLACK
6
CONTINUOUS
10
0.8479174409448819
20
0.6348953149606299
11
0.8481847637795276
21
0.6351271653543307
0
LINE
8
BLACK
6
CONTINUOUS
10
0.8481847637795276
20
0.6351271653543307
11
0.8483201968503937
21
0.635454094488189
0
LINE
8
BLACK
6
CONTINUOUS
10
0.8483201968503937
20
0.635454094488189
11
0.8492582677165355
21
0.6363921653543307
0
LINE
8
BLACK
6
CONTINUOUS
10
0.8492582677165355
20
0.6363921653543307
11
0.8495851574803149
21
0.636527559055118
0
LINE
8
BLACK
6
CONTINUOUS
10
0.8495851574803149
20
0.636527559055118
11
0.8498170472440945
21
0.6367949212598425
0
LINE
8
BLACK
6
CONTINUOUS
10
0.8498170472440945
20
0.6367949212598425
11
0.8516932677165354
21
0.637733031496063
0
LINE
8
BLACK
6
CONTINUOUS
10
0.8516932677165354
20
0.637733031496063
11
0.8521924015748031
21
0.6377684645669291
0
LINE
8
BLACK
6
CONTINUOUS
10
0.8521924015748031
20
0.6377684645669291
11
0.8526547637795275
21
0.63796
0
LINE
8
BLACK
6
CONTINUOUS
10
0.8526547637795275
20
0.63796
11
0.8545309448818897
21
0.63796
0
LINE
8
BLACK
6
CONTINUOUS
10
0.8545309448818897
20
0.63796
11
0.8549933070866141
21
0.6377684645669291
0
LINE
8
BLACK
6
CONTINUOUS
10
0.8520520866141732
20
0.6331048818897638
11
0.8516074803149606
21
0.6326602755905512
0
LINE
8
BLACK
6
CONTINUOUS
10
0.8516074803149606
20
0.6326602755905512
11
0.8509309448818897
21
0.6313072440944881
0
LINE
8
BLACK
6
CONTINUOUS
10
0.8509309448818897
20
0.6313072440944881
11
0.8501142913385826
21
0.6280404724409449
0
LINE
8
BLACK
6
CONTINUOUS
10
0.8501142913385826
20
0.6280404724409449
11
0.8501142913385826
21
0.6238794488188977
0
LINE
8
BLACK
6
CONTINUOUS
10
0.8501142913385826
20
0.6238794488188977
11
0.8509309842519684
21
0.6206126377952755
0
LINE
8
BLACK
6
CONTINUOUS
10
0.8509309842519684
20
0.6206126377952755
11
0.8516074015748031
21
0.6192597637795275
0
LINE
8
BLACK
6
CONTINUOUS
10
0.8516074015748031
20
0.6192597637795275
11
0.8520520866141732
21
0.6188151181102362
0
LINE
8
BLACK
6
CONTINUOUS
10
0.8520520866141732
20
0.6188151181102362
11
0.8531623228346457
21
0.61826
0
LINE
8
BLACK
6
CONTINUOUS
10
0.8531623228346457
20
0.61826
11
0.8540234251968504
21
0.61826
0
LINE
8
BLACK
6
CONTINUOUS
10
0.8540234251968504
20
0.61826
11
0.8551335433070866
21
0.6188150787401575
0
LINE
8
BLACK
6
CONTINUOUS
10
0.8551335433070866
20
0.6188150787401575
11
0.8555782283464567
21
0.6192597244094488
0
LINE
8
BLACK
6
CONTINUOUS
10
0.8555782283464567
20
0.6192597244094488
11
0.8562547637795276
21
0.6206128346456693
0
LINE
8
BLACK
6
CONTINUOUS
10
0.8562547637795276
20
0.6206128346456693
11
0.8570714173228346
21
0.6238794881889763
0
LINE
8
BLACK
6
CONTINUOUS
10
0.8570714173228346
20
0.6238794881889763
11
0.8570714173228346
21
0.6280404724409449
0
LINE
8
BLACK
6
CONTINUOUS
10
0.8570714173228346
20
0.6280404724409449
11
0.8562547637795276
21
0.6313070866141732
0
LINE
8
BLACK
6
CONTINUOUS
10
0.8562547637795276
20
0.6313070866141732
11
0.8555781889763779
21
0.6326602362204724
0
LINE
8
BLACK
6
CONTINUOUS
10
0.8555781889763779
20
0.6326602362204724
11
0.8551335433070866
21
0.6331048818897638
0
LINE
8
BLACK
6
CONTINUOUS
10
0.8551335433070866
20
0.6331048818897638
11
0.8540234251968504
21
0.63366
0
LINE
8
BLACK
6
CONTINUOUS
10
0.8540234251968504
20
0.63366
11
0.8531623228346457
21
0.63366
0
LINE
8
BLACK
6
CONTINUOUS
10
0.8531623228346457
20
0.63366
11
0.8520520866141732
21
0.6331048818897638
0
LINE
8
BLACK
6
CONTINUOUS
10
0.8737551968503937
20
0.6377684645669291
11
0.8742543700787402
21
0.6377329921259842
0
LINE
8
BLACK
6
CONTINUOUS
10
0.8742543700787402
20
0.6377329921259842
11
0.8761305511811024
21
0.6367949212598425
0
LINE
8
BLACK
6
CONTINUOUS
10
0.8761305511811024
20
0.6367949212598425
11
0.8763623622047244
21
0.636527559055118
0
LINE
8
BLACK
6
CONTINUOUS
10
0.8763623622047244
20
0.636527559055118
11
0.8766892519685039
21
0.6363922047244094
0
LINE
8
BLACK
6
CONTINUOUS
10
0.8766892519685039
20
0.6363922047244094
11
0.8776273622047244
21
0.6354541338582677
0
LINE
8
BLACK
6
CONTINUOUS
10
0.8776273622047244
20
0.6354541338582677
11
0.8777627559055118
21
0.6351271653543307
0
LINE
8
BLACK
6
CONTINUOUS
10
0.8777627559055118
20
0.6351271653543307
11
0.878030157480315
21
0.6348953149606299
0
LINE
8
BLACK
6
CONTINUOUS
10
0.878030157480315
20
0.6348953149606299
11
0.8789682283464567
21
0.6330190551181102
0
LINE
8
BLACK
6
CONTINUOUS
10
0.8789682283464567
20
0.6330190551181102
11
0.8789855118110236
21
0.6327753149606299
0
LINE
8
BLACK
6
CONTINUOUS
10
0.8789855118110236
20
0.6327753149606299
11
0.8791309842519685
21
0.6325790551181102
0
LINE
8
BLACK
6
CONTINUOUS
10
0.8791309842519685
20
0.6325790551181102
11
0.8800690944881889
21
0.6288267322834645
0
LINE
8
BLACK
6
CONTINUOUS
10
0.8800690944881889
20
0.6288267322834645
11
0.8800289763779527
21
0.6285570866141732
0
LINE
8
BLACK
6
CONTINUOUS
10
0.8800289763779527
20
0.6285570866141732
11
0.8801333070866142
21
0.6283052362204724
0
LINE
8
BLACK
6
CONTINUOUS
10
0.8801333070866142
20
0.6283052362204724
11
0.8801333070866142
21
0.6236147637795275
0
LINE
8
BLACK
6
CONTINUOUS
10
0.8801333070866142
20
0.6236147637795275
11
0.8800289763779527
21
0.623362874015748
0
LINE
8
BLACK
6
CONTINUOUS
10
0.8800289763779527
20
0.623362874015748
11
0.8800690944881889
21
0.6230933070866141
0
LINE
8
BLACK
6
CONTINUOUS
10
0.8800690944881889
20
0.6230933070866141
11
0.8791309842519685
21
0.619340905511811
0
LINE
8
BLACK
6
CONTINUOUS
10
0.8791309842519685
20
0.619340905511811
11
0.8789855118110236
21
0.6191446062992125
0
LINE
8
BLACK
6
CONTINUOUS
10
0.8789855118110236
20
0.6191446062992125
11
0.8789682283464567
21
0.6189008661417322
0
LINE
8
BLACK
6
CONTINUOUS
10
0.8789682283464567
20
0.6189008661417322
11
0.878030157480315
21
0.61702468503937
0
LINE
8
BLACK
6
CONTINUOUS
10
0.878030157480315
20
0.61702468503937
11
0.8777627559055118
21
0.6167927952755905
0
LINE
8
BLACK
6
CONTINUOUS
10
0.8777627559055118
20
0.6167927952755905
11
0.8776273622047244
21
0.6164658661417323
0
LINE
8
BLACK
6
CONTINUOUS
10
0.8776273622047244
20
0.6164658661417323
11
0.8766892519685039
21
0.6155277952755905
0
LINE
8
BLACK
6
CONTINUOUS
10
0.8766892519685039
20
0.6155277952755905
11
0.8763623622047244
21
0.6153924015748031
0
LINE
8
BLACK
6
CONTINUOUS
10
0.8763623622047244
20
0.6153924015748031
11
0.8761305511811024
21
0.6151250787401574
0
LINE
8
BLACK
6
CONTINUOUS
10
0.8761305511811024
20
0.6151250787401574
11
0.8742543700787402
21
0.6141870078740157
0
LINE
8
BLACK
6
CONTINUOUS
10
0.8742543700787402
20
0.6141870078740157
11
0.8737551968503937
21
0.6141514960629921
0
LINE
8
BLACK
6
CONTINUOUS
10
0.8737551968503937
20
0.6141514960629921
11
0.8732928346456693
21
0.61396
0
LINE
8
BLACK
6
CONTINUOUS
10
0.8732928346456693
20
0.61396
11
0.8714166535433071
21
0.61396
0
LINE
8
BLACK
6
CONTINUOUS
10
0.8714166535433071
20
0.61396
11
0.8709542913385827
21
0.6141514960629921
0
LINE
8
BLACK
6
CONTINUOUS
10
0.8709542913385827
20
0.6141514960629921
11
0.870455157480315
21
0.6141869685039369
0
LINE
8
BLACK
6
CONTINUOUS
10
0.870455157480315
20
0.6141869685039369
11
0.868578937007874
21
0.6151250787401574
0
LINE
8
BLACK
6
CONTINUOUS
10
0.868578937007874
20
0.6151250787401574
11
0.8683470472440945
21
0.6153924015748031
0
LINE
8
BLACK
6
CONTINUOUS
10
0.8683470472440945
20
0.6153924015748031
11
0.8680201574803149
21
0.6155278346456693
0
LINE
8
BLACK
6
CONTINUOUS
10
0.8680201574803149
20
0.6155278346456693
11
0.8670820866141732
21
0.616465905511811
0
LINE
8
BLACK
6
CONTINUOUS
10
0.8670820866141732
20
0.616465905511811
11
0.866946653543307
21
0.6167927559055117
0
LINE
8
BLACK
6
CONTINUOUS
10
0.866946653543307
20
0.6167927559055117
11
0.8666793307086614
21
0.6170246456692913
0
LINE
8
BLACK
6
CONTINUOUS
10
0.8666793307086614
20
0.6170246456692913
11
0.8657412598425197
21
0.6189008267716535
0
LINE
8
BLACK
6
CONTINUOUS
10
0.8657412598425197
20
0.6189008267716535
11
0.8657238976377952
21
0.6191445275590551
0
LINE
8
BLACK
6
CONTINUOUS
10
0.8657238976377952
20
0.6191445275590551
11
0.8655784251968504
21
0.6193409448818897
0
LINE
8
BLACK
6
CONTINUOUS
10
0.8655784251968504
20
0.6193409448818897
11
0.8646403543307086
21
0.6230933464566929
0
LINE
8
BLACK
6
CONTINUOUS
10
0.8646403543307086
20
0.6230933464566929
11
0.8646804724409448
21
0.6233629527559055
0
LINE
8
BLACK
6
CONTINUOUS
10
0.8646804724409448
20
0.6233629527559055
11
0.8645761811023622
21
0.6236147637795275
0
LINE
8
BLACK
6
CONTINUOUS
10
0.8645761811023622
20
0.6236147637795275
11
0.8645761811023622
21
0.6283052362204724
0
LINE
8
BLACK
6
CONTINUOUS
10
0.8645761811023622
20
0.6283052362204724
11
0.8646804724409448
21
0.6285570472440944
0
LINE
8
BLACK
6
CONTINUOUS
10
0.8646804724409448
20
0.6285570472440944
11
0.8646403543307086
21
0.6288266929133858
0
LINE
8
BLACK
6
CONTINUOUS
10
0.8646403543307086
20
0.6288266929133858
11
0.8655784251968504
21
0.6325790157480314
0
LINE
8
BLACK
6
CONTINUOUS
10
0.8655784251968504
20
0.6325790157480314
11
0.8657238976377952
21
0.6327753543307086
0
LINE
8
BLACK
6
CONTINUOUS
10
0.8657238976377952
20
0.6327753543307086
11
0.865741220472441
21
0.6330190944881889
0
LINE
8
BLACK
6
CONTINUOUS
10
0.865741220472441
20
0.6330190944881889
11
0.8666793307086614
21
0.6348953149606299
0
LINE
8
BLACK
6
CONTINUOUS
10
0.8666793307086614
20
0.6348953149606299
11
0.866946653543307
21
0.6351271653543307
0
LINE
8
BLACK
6
CONTINUOUS
10
0.866946653543307
20
0.6351271653543307
11
0.8670820866141732
21
0.635454094488189
0
LINE
8
BLACK
6
CONTINUOUS
10
0.8670820866141732
20
0.635454094488189
11
0.8680201574803149
21
0.6363921653543307
0
LINE
8
BLACK
6
CONTINUOUS
10
0.8680201574803149
20
0.6363921653543307
11
0.8683470472440945
21
0.636527559055118
0
LINE
8
BLACK
6
CONTINUOUS
10
0.8683470472440945
20
0.636527559055118
11
0.868578937007874
21
0.6367949212598425
0
LINE
8
BLACK
6
CONTINUOUS
10
0.868578937007874
20
0.6367949212598425
11
0.870455157480315
21
0.637733031496063
0
LINE
8
BLACK
6
CONTINUOUS
10
0.870455157480315
20
0.637733031496063
11
0.8709542913385827
21
0.6377684645669291
0
LINE
8
BLACK
6
CONTINUOUS
10
0.8709542913385827
20
0.6377684645669291
11
0.8714166535433071
21
0.63796
0
LINE
8
BLACK
6
CONTINUOUS
10
0.8714166535433071
20
0.63796
11
0.8732928346456693
21
0.63796
0
LINE
8
BLACK
6
CONTINUOUS
10
0.8732928346456693
20
0.63796
11
0.8737551968503937
21
0.6377684645669291
0
LINE
8
BLACK
6
CONTINUOUS
10
0.8708139763779528
20
0.6331048818897638
11
0.8703693700787402
21
0.6326602755905512
0
LINE
8
BLACK
6
CONTINUOUS
10
0.8703693700787402
20
0.6326602755905512
11
0.8696928346456693
21
0.6313072440944881
0
LINE
8
BLACK
6
CONTINUOUS
10
0.8696928346456693
20
0.6313072440944881
11
0.8688761811023622
21
0.6280404724409449
0
LINE
8
BLACK
6
CONTINUOUS
10
0.8688761811023622
20
0.6280404724409449
11
0.8688761811023622
21
0.6238794488188977
0
LINE
8
BLACK
6
CONTINUOUS
10
0.8688761811023622
20
0.6238794488188977
11
0.869692874015748
21
0.6206126377952755
0
LINE
8
BLACK
6
CONTINUOUS
10
0.869692874015748
20
0.6206126377952755
11
0.8703692913385827
21
0.6192597637795275
0
LINE
8
BLACK
6
CONTINUOUS
10
0.8703692913385827
20
0.6192597637795275
11
0.8708139763779528
21
0.6188151181102362
0
LINE
8
BLACK
6
CONTINUOUS
10
0.8708139763779528
20
0.6188151181102362
11
0.8719242125984252
21
0.61826
0
LINE
8
BLACK
6
CONTINUOUS
10
0.8719242125984252
20
0.61826
11
0.8727853149606299
21
0.61826
0
LINE
8
BLACK
6
CONTINUOUS
10
0.8727853149606299
20
0.61826
11
0.8738954330708661
21
0.6188150787401575
0
LINE
8
BLACK
6
CONTINUOUS
10
0.8738954330708661
20
0.6188150787401575
11
0.8743401181102362
21
0.6192597244094488
0
LINE
8
BLACK
6
CONTINUOUS
10
0.8743401181102362
20
0.6192597244094488
11
0.875016653543307
21
0.6206128346456693
0
LINE
8
BLACK
6
CONTINUOUS
10
0.875016653543307
20
0.6206128346456693
11
0.8758333070866141
21
0.6238794881889763
0
LINE
8
BLACK
6
CONTINUOUS
10
0.8758333070866141
20
0.6238794881889763
11
0.8758333070866141
21
0.6280404724409449
0
LINE
8
BLACK
6
CONTINUOUS
10
0.8758333070866141
20
0.6280404724409449
11
0.875016653543307
21
0.6313070866141732
0
LINE
8
BLACK
6
CONTINUOUS
10
0.875016653543307
20
0.6313070866141732
11
0.8743400787401575
21
0.6326602362204724
0
LINE
8
BLACK
6
CONTINUOUS
10
0.8743400787401575
20
0.6326602362204724
11
0.8738954330708661
21
0.6331048818897638
0
LINE
8
BLACK
6
CONTINUOUS
10
0.8738954330708661
20
0.6331048818897638
11
0.8727853149606299
21
0.63366
0
LINE
8
BLACK
6
CONTINUOUS
10
0.8727853149606299
20
0.63366
11
0.8719242125984252
21
0.63366
0
LINE
8
BLACK
6
CONTINUOUS
10
0.8719242125984252
20
0.63366
11
0.8708139763779528
21
0.6331048818897638
0
LINE
8
BLACK
6
CONTINUOUS
10
0.8913211417322835
20
0.6378752755905511
11
0.8915382677165354
21
0.6379182283464567
0
LINE
8
BLACK
6
CONTINUOUS
10
0.8915382677165354
20
0.6379182283464567
11
0.8920583858267717
21
0.6375698818897637
0
LINE
8
BLACK
6
CONTINUOUS
10
0.8920583858267717
20
0.6375698818897637
11
0.8926368897637795
21
0.6373302755905512
0
LINE
8
BLACK
6
CONTINUOUS
10
0.8926368897637795
20
0.6373302755905512
11
0.8927215748031496
21
0.637125748031496
0
LINE
8
BLACK
6
CONTINUOUS
10
0.8927215748031496
20
0.637125748031496
11
0.8929055118110236
21
0.6370025984251968
0
LINE
8
BLACK
6
CONTINUOUS
10
0.8929055118110236
20
0.6370025984251968
11
0.8946636614173228
21
0.6343653937007874
0
LINE
8
BLACK
6
CONTINUOUS
10
0.8946636614173228
20
0.6343653937007874
11
0.8961425590551181
21
0.6328864960629921
0
LINE
8
BLACK
6
CONTINUOUS
10
0.8961425590551181
20
0.6328864960629921
11
0.8977067322834645
21
0.6321044488188976
0
LINE
8
BLACK
6
CONTINUOUS
10
0.8977067322834645
20
0.6321044488188976
11
0.898784842519685
21
0.6308612992125984
0
LINE
8
BLACK
6
CONTINUOUS
10
0.898784842519685
20
0.6308612992125984
11
0.8986681889763779
21
0.6292198818897637
0
LINE
8
BLACK
6
CONTINUOUS
10
0.8986681889763779
20
0.6292198818897637
11
0.8974250787401574
21
0.6281417322834646
0
LINE
8
BLACK
6
CONTINUOUS
10
0.8974250787401574
20
0.6281417322834646
11
0.8957836614173228
21
0.6282584251968504
0
LINE
8
BLACK
6
CONTINUOUS
10
0.8957836614173228
20
0.6282584251968504
11
0.8939074803149606
21
0.6291965354330709
0
LINE
8
BLACK
6
CONTINUOUS
10
0.8939074803149606
20
0.6291965354330709
11
0.8936756299212598
21
0.6294638188976378
0
LINE
8
BLACK
6
CONTINUOUS
10
0.8936756299212598
20
0.6294638188976378
11
0.8933487401574803
21
0.629599251968504
0
LINE
8
BLACK
6
CONTINUOUS
10
0.8933487401574803
20
0.629599251968504
11
0.8932666141732283
21
0.6296813779527559
0
LINE
8
BLACK
6
CONTINUOUS
10
0.8932666141732283
20
0.6296813779527559
11
0.8932666141732283
21
0.61826
0
LINE
8
BLACK
6
CONTINUOUS
10
0.8932666141732283
20
0.61826
11
0.8967451968503937
21
0.61826
0
LINE
8
BLACK
6
CONTINUOUS
10
0.8967451968503937
20
0.61826
11
0.8982654724409449
21
0.6176302755905512
0
LINE
8
BLACK
6
CONTINUOUS
10
0.8982654724409449
20
0.6176302755905512
11
0.8988951968503937
21
0.6161099999999999
0
LINE
8
BLACK
6
CONTINUOUS
10
0.8988951968503937
20
0.6161099999999999
11
0.8982654724409449
21
0.6145897244094488
0
LINE
8
BLACK
6
CONTINUOUS
10
0.8982654724409449
20
0.6145897244094488
11
0.8967451968503937
21
0.61396
0
LINE
8
BLACK
6
CONTINUOUS
10
0.8967451968503937
20
0.61396
11
0.8911166141732283
21
0.61396
0
LINE
8
BLACK
6
CONTINUOUS
10
0.8911166141732283
20
0.61396
11
0.8854880708661417
21
0.61396
0
LINE
8
BLACK
6
CONTINUOUS
10
0.8854880708661417
20
0.61396
11
0.8839677952755906
21
0.6145897244094488
0
LINE
8
BLACK
6
CONTINUOUS
10
0.8839677952755906
20
0.6145897244094488
11
0.8833380708661417
21
0.6161099999999999
0
LINE
8
BLACK
6
CONTINUOUS
10
0.8833380708661417
20
0.6161099999999999
11
0.8839677952755906
21
0.6176302755905512
0
LINE
8
BLACK
6
CONTINUOUS
10
0.8839677952755906
20
0.6176302755905512
11
0.8854880708661417
21
0.61826
0
LINE
8
BLACK
6
CONTINUOUS
10
0.8854880708661417
20
0.61826
11
0.8889666141732283
21
0.61826
0
LINE
8
BLACK
6
CONTINUOUS
10
0.8889666141732283
20
0.61826
11
0.8889666141732283
21
0.63581
0
LINE
8
BLACK
6
CONTINUOUS
10
0.8889666141732283
20
0.63581
11
0.8890512992125984
21
0.6360145275590551
0
LINE
8
BLACK
6
CONTINUOUS
10
0.8890512992125984
20
0.6360145275590551
11
0.8890083858267717
21
0.636231653543307
0
LINE
8
BLACK
6
CONTINUOUS
10
0.8890083858267717
20
0.636231653543307
11
0.8893566929133858
21
0.6367517716535432
0
LINE
8
BLACK
6
CONTINUOUS
10
0.8893566929133858
20
0.6367517716535432
11
0.8895963385826772
21
0.6373302755905512
0
LINE
8
BLACK
6
CONTINUOUS
10
0.8895963385826772
20
0.6373302755905512
11
0.8898008267716535
21
0.6374149606299212
0
LINE
8
BLACK
6
CONTINUOUS
10
0.8898008267716535
20
0.6374149606299212
11
0.8899240157480315
21
0.6375988976377953
0
LINE
8
BLACK
6
CONTINUOUS
10
0.8899240157480315
20
0.6375988976377953
11
0.8905381102362204
21
0.6377203543307086
0
LINE
8
BLACK
6
CONTINUOUS
10
0.8905381102362204
20
0.6377203543307086
11
0.8911166141732283
21
0.63796
0
LINE
8
BLACK
6
CONTINUOUS
10
0.8911166141732283
20
0.63796
11
0.8913211417322835
21
0.6378752755905511
0
LINE
8
BLACK
6
CONTINUOUS
10
0.5556383464566929
20
0.6811680708661417
11
0.5562094881889764
21
0.6797892125984252
0
LINE
8
BLACK
6
CONTINUOUS
10
0.5562094881889764
20
0.6797892125984252
11
0.5562094881889764
21
0.6696489763779527
0
LINE
8
BLACK
6
CONTINUOUS
10
0.5562094881889764
20
0.6696489763779527
11
0.5571651968503937
21
0.6684505905511811
0
LINE
8
BLACK
6
CONTINUOUS
10
0.5571651968503937
20
0.6684505905511811
11
0.5579527559055117
21
0.665
0
LINE
8
BLACK
6
CONTINUOUS
10
0.5579527559055117
20
0.665
11
0.5571651968503937
21
0.6615494094488189
0
LINE
8
BLACK
6
CONTINUOUS
10
0.5571651968503937
20
0.6615494094488189
11
0.5562094881889764
21
0.6603509842519685
0
LINE
8
BLACK
6
CONTINUOUS
10
0.5562094881889764
20
0.6603509842519685
11
0.5562094881889764
21
0.6600892125984252
0
LINE
8
BLACK
6
CONTINUOUS
10
0.5562094881889764
20
0.6600892125984252
11
0.5556383464566929
21
0.6587103543307087
0
LINE
8
BLACK
6
CONTINUOUS
10
0.5556383464566929
20
0.6587103543307087
11
0.5542594881889764
21
0.6581392125984252
0
LINE
8
BLACK
6
CONTINUOUS
10
0.5542594881889764
20
0.6581392125984252
11
0.5539173622047244
21
0.658280905511811
0
LINE
8
BLACK
6
CONTINUOUS
10
0.5539173622047244
20
0.658280905511811
11
0.5529527559055119
21
0.6578163779527559
0
LINE
8
BLACK
6
CONTINUOUS
10
0.5529527559055119
20
0.6578163779527559
11
0.5529527559055119
21
0.62
0
LINE
8
BLACK
6
CONTINUOUS
10
0.5529527559055119
20
0.62
11
0.5527746850393701
21
0.6189900787401574
0
LINE
8
BLACK
6
CONTINUOUS
10
0.5527746850393701
20
0.6189900787401574
11
0.5514763779527559
21
0.6174428346456693
0
LINE
8
BLACK
6
CONTINUOUS
10
0.5514763779527559
20
0.6174428346456693
11
0.5494872440944881
21
0.6170920866141733
0
LINE
8
BLACK
6
CONTINUOUS
10
0.5494872440944881
20
0.6170920866141733
11
0.5477380708661417
21
0.6181020078740157
0
LINE
8
BLACK
6
CONTINUOUS
10
0.5477380708661417
20
0.6181020078740157
11
0.5470472440944881
21
0.62
0
LINE
8
BLACK
6
CONTINUOUS
10
0.5470472440944881
20
0.62
11
0.5470472440944881
21
0.6570472440944882
0
LINE
8
BLACK
6
CONTINUOUS
10
0.5470472440944881
20
0.6570472440944882
11
0.4929527559055118
21
0.6570472440944882
0
LINE
8
BLACK
6
CONTINUOUS
10
0.4929527559055118
20
0.6570472440944882
11
0.4929527559055118
21
0.62
0
LINE
8
BLACK
6
CONTINUOUS
10
0.4929527559055118
20
0.62
11
0.4927746850393701
21
0.6189900787401574
0
LINE
8
BLACK
6
CONTINUOUS
10
0.4927746850393701
20
0.6189900787401574
11
0.4914763779527559
21
0.6174428346456693
0
LINE
8
BLACK
6
CONTINUOUS
10
0.4914763779527559
20
0.6174428346456693
11
0.4894872440944882
21
0.6170920866141733
0
LINE
8
BLACK
6
CONTINUOUS
10
0.4894872440944882
20
0.6170920866141733
11
0.4877380708661417
21
0.6181020078740157
0
LINE
8
BLACK
6
CONTINUOUS
10
0.4877380708661417
20
0.6181020078740157
11
0.4870472440944882
21
0.62
0
LINE
8
BLACK
6
CONTINUOUS
10
0.4870472440944882
20
0.62
11
0.4870472440944882
21
0.66
0
LINE
8
BLACK
6
CONTINUOUS
10
0.4870472440944882
20
0.66
11
0.487114842519685
21
0.6603835039370078
0
LINE
8
BLACK
6
CONTINUOUS
10
0.487114842519685
20
0.6603835039370078
11
0.4870920866141732
21
0.6605127559055118
0
LINE
8
BLACK
6
CONTINUOUS
10
0.4870920866141732
20
0.6605127559055118
11
0.4871576771653543
21
0.6606263385826772
0
LINE
8
BLACK
6
CONTINUOUS
10
0.4871576771653543
20
0.6606263385826772
11
0.4872253149606299
21
0.6610099212598425
0
LINE
8
BLACK
6
CONTINUOUS
10
0.4872253149606299
20
0.6610099212598425
11
0.4877184251968504
21
0.6615975984251968
0
LINE
8
BLACK
6
CONTINUOUS
10
0.4877184251968504
20
0.6615975984251968
11
0.4881020078740158
21
0.6622619291338583
0
LINE
8
BLACK
6
CONTINUOUS
10
0.4881020078740158
20
0.6622619291338583
11
0.4883523228346456
21
0.6623530314960629
0
LINE
8
BLACK
6
CONTINUOUS
10
0.4883523228346456
20
0.6623530314960629
11
0.4885236220472441
21
0.6625571653543307
0
LINE
8
BLACK
6
CONTINUOUS
10
0.4885236220472441
20
0.6625571653543307
11
0.4892791732283465
21
0.6626903937007874
0
LINE
8
BLACK
6
CONTINUOUS
10
0.4892791732283465
20
0.6626903937007874
11
0.49
21
0.6629527559055118
0
LINE
8
BLACK
6
CONTINUOUS
10
0.49
20
0.6629527559055118
11
0.5425144881889764
21
0.6629527559055118
0
LINE
8
BLACK
6
CONTINUOUS
10
0.5425144881889764
20
0.6629527559055118
11
0.5420472440944881
21
0.665
0
LINE
8
BLACK
6
CONTINUOUS
10
0.5420472440944881
20
0.665
11
0.5428348031496063
21
0.6684505905511811
0
LINE
8
BLACK
6
CONTINUOUS
10
0.5428348031496063
20
0.6684505905511811
11
0.5450415354330709
21
0.6712177165354331
0
LINE
8
BLACK
6
CONTINUOUS
10
0.5450415354330709
20
0.6712177165354331
11
0.5475891732283464
21
0.6724445669291338
0
LINE
8
BLACK
6
CONTINUOUS
10
0.5475891732283464
20
0.6724445669291338
11
0.5416235039370079
21
0.6784103543307086
0
LINE
8
BLACK
6
CONTINUOUS
10
0.5416235039370079
20
0.6784103543307086
11
0.5410523622047244
21
0.6797892125984252
0
LINE
8
BLACK
6
CONTINUOUS
10
0.5410523622047244
20
0.6797892125984252
11
0.5416235039370079
21
0.6811680708661417
0
LINE
8
BLACK
6
CONTINUOUS
10
0.5416235039370079
20
0.6811680708661417
11
0.5430023622047244
21
0.6817392125984252
0
LINE
8
BLACK
6
CONTINUOUS
10
0.5430023622047244
20
0.6817392125984252
11
0.544381220472441
21
0.6811680708661417
0
LINE
8
BLACK
6
CONTINUOUS
10
0.544381220472441
20
0.6811680708661417
11
0.5523094881889764
21
0.6732397637795275
0
LINE
8
BLACK
6
CONTINUOUS
10
0.5523094881889764
20
0.6732397637795275
11
0.5523094881889764
21
0.6797892125984252
0
LINE
8
BLACK
6
CONTINUOUS
10
0.5523094881889764
20
0.6797892125984252
11
0.5528806299212599
21
0.6811680708661417
0
LINE
8
BLACK
6
CONTINUOUS
10
0.5528806299212599
20
0.6811680708661417
11
0.5542594881889764
21
0.6817392125984252
0
LINE
8
BLACK
6
CONTINUOUS
10
0.5542594881889764
20
0.6817392125984252
11
0.5556383464566929
21
0.6811680708661417
0
LINE
8
BLACK
6
CONTINUOUS
10
0.5482604330708661
20
0.6638499606299213
11
0.5484331102362204
21
0.6634331102362204
0
LINE
8
BLACK
6
CONTINUOUS
10
0.5484331102362204
20
0.6634331102362204
11
0.5495927952755906
21
0.6629527559055118
0
LINE
8
BLACK
6
CONTINUOUS
10
0.5495927952755906
20
0.6629527559055118
11
0.5499999999999999
21
0.6629527559055118
0
LINE
8
BLACK
6
CONTINUOUS
10
0.5499999999999999
20
0.6629527559055118
11
0.5502855905511811
21
0.6629023622047244
0
LINE
8
BLACK
6
CONTINUOUS
10
0.5502855905511811
20
0.6629023622047244
11
0.5515668897637795
21
0.6634331102362204
0
LINE
8
BLACK
6
CONTINUOUS
10
0.5515668897637795
20
0.6634331102362204
11
0.552215905511811
21
0.665
0
LINE
8
BLACK
6
CONTINUOUS
10
0.552215905511811
20
0.665
11
0.5515668897637795
21
0.6665668897637795
0
LINE
8
BLACK
6
CONTINUOUS
10
0.5515668897637795
20
0.6665668897637795
11
0.5505988582677165
21
0.6669678346456692
0
LINE
8
BLACK
6
CONTINUOUS
10
0.5505988582677165
20
0.6669678346456692
11
0.5482604330708661
21
0.6638499606299213
0
LINE
8
BLACK
6
CONTINUOUS
10
0.6916266929133859
20
0.6815436614173228
11
0.6917720472440945
21
0.6815333464566929
0
LINE
8
BLACK
6
CONTINUOUS
10
0.6917720472440945
20
0.6815333464566929
11
0.6921770078740157
21
0.6810663779527559
0
LINE
8
BLACK
6
CONTINUOUS
10
0.6921770078740157
20
0.6810663779527559
11
0.692644094488189
21
0.6806612992125984
0
LINE
8
BLACK
6
CONTINUOUS
10
0.692644094488189
20
0.6806612992125984
11
0.6926544094488188
21
0.680515905511811
0
LINE
8
BLACK
6
CONTINUOUS
10
0.6926544094488188
20
0.680515905511811
11
0.6927498818897637
21
0.6804058661417323
0
LINE
8
BLACK
6
CONTINUOUS
10
0.6927498818897637
20
0.6804058661417323
11
0.6985675590551181
21
0.6629527559055118
0
LINE
8
BLACK
6
CONTINUOUS
10
0.6985675590551181
20
0.6629527559055118
11
0.7425144881889764
21
0.6629527559055118
0
LINE
8
BLACK
6
CONTINUOUS
10
0.7425144881889764
20
0.6629527559055118
11
0.7420472440944882
21
0.665
0
LINE
8
BLACK
6
CONTINUOUS
10
0.7420472440944882
20
0.665
11
0.7428348031496063
21
0.6684505905511811
0
LINE
8
BLACK
6
CONTINUOUS
10
0.7428348031496063
20
0.6684505905511811
11
0.7450415354330708
21
0.6712177165354331
0
LINE
8
BLACK
6
CONTINUOUS
10
0.7450415354330708
20
0.6712177165354331
11
0.7482303543307086
21
0.6727533464566929
0
LINE
8
BLACK
6
CONTINUOUS
10
0.7482303543307086
20
0.6727533464566929
11
0.7517696456692913
21
0.6727533464566929
0
LINE
8
BLACK
6
CONTINUOUS
10
0.7517696456692913
20
0.6727533464566929
11
0.7549584645669292
21
0.6712177165354331
0
LINE
8
BLACK
6
CONTINUOUS
10
0.7549584645669292
20
0.6712177165354331
11
0.7571651968503936
21
0.6684505905511811
0
LINE
8
BLACK
6
CONTINUOUS
10
0.7571651968503936
20
0.6684505905511811
11
0.7579527559055118
21
0.665
0
LINE
8
BLACK
6
CONTINUOUS
10
0.7579527559055118
20
0.665
11
0.7571651968503936
21
0.6615494094488189
0
LINE
8
BLACK
6
CONTINUOUS
10
0.7571651968503936
20
0.6615494094488189
11
0.7549584645669292
21
0.6587822834645669
0
LINE
8
BLACK
6
CONTINUOUS
10
0.7549584645669292
20
0.6587822834645669
11
0.7529527559055118
21
0.6578163779527559
0
LINE
8
BLACK
6
CONTINUOUS
10
0.7529527559055118
20
0.6578163779527559
11
0.7529527559055118
21
0.62
0
LINE
8
BLACK
6
CONTINUOUS
10
0.7529527559055118
20
0.62
11
0.7527746850393701
21
0.6189900787401574
0
LINE
8
BLACK
6
CONTINUOUS
10
0.7527746850393701
20
0.6189900787401574
11
0.7514763779527559
21
0.6174428346456693
0
LINE
8
BLACK
6
CONTINUOUS
10
0.7514763779527559
20
0.6174428346456693
11
0.7494872440944882
21
0.6170920866141733
0
LINE
8
BLACK
6
CONTINUOUS
10
0.7494872440944882
20
0.6170920866141733
11
0.7477380708661417
21
0.6181020078740157
0
LINE
8
BLACK
6
CONTINUOUS
10
0.7477380708661417
20
0.6181020078740157
11
0.7470472440944882
21
0.62
0
LINE
8
BLACK
6
CONTINUOUS
10
0.7470472440944882
20
0.62
11
0.7470472440944882
21
0.6570472440944882
0
LINE
8
BLACK
6
CONTINUOUS
10
0.7470472440944882
20
0.6570472440944882
11
0.6929527559055118
21
0.6570472440944882
0
LINE
8
BLACK
6
CONTINUOUS
10
0.6929527559055118
20
0.6570472440944882
11
0.6929527559055118
21
0.62
0
LINE
8
BLACK
6
CONTINUOUS
10
0.6929527559055118
20
0.62
11
0.69277468503937
21
0.6189900787401574
0
LINE
8
BLACK
6
CONTINUOUS
10
0.69277468503937
20
0.6189900787401574
11
0.6914763779527558
21
0.6174428346456693
0
LINE
8
BLACK
6
CONTINUOUS
10
0.6914763779527558
20
0.6174428346456693
11
0.6894872440944881
21
0.6170920866141733
0
LINE
8
BLACK
6
CONTINUOUS
10
0.6894872440944881
20
0.6170920866141733
11
0.6877380708661417
21
0.6181020078740157
0
LINE
8
BLACK
6
CONTINUOUS
10
0.6877380708661417
20
0.6181020078740157
11
0.6870472440944881
21
0.62
0
LINE
8
BLACK
6
CONTINUOUS
10
0.6870472440944881
20
0.62
11
0.6870472440944881
21
0.66
0
LINE
8
BLACK
6
CONTINUOUS
10
0.6870472440944881
20
0.66
11
0.687114842519685
21
0.6603835039370078
0
LINE
8
BLACK
6
CONTINUOUS
10
0.687114842519685
20
0.6603835039370078
11
0.6870920866141732
21
0.6605127559055118
0
LINE
8
BLACK
6
CONTINUOUS
10
0.6870920866141732
20
0.6605127559055118
11
0.6871576771653544
21
0.6606263385826772
0
LINE
8
BLACK
6
CONTINUOUS
10
0.6871576771653544
20
0.6606263385826772
11
0.6872253149606299
21
0.6610099212598425
0
LINE
8
BLACK
6
CONTINUOUS
10
0.6872253149606299
20
0.6610099212598425
11
0.6877184251968503
21
0.6615975984251968
0
LINE
8
BLACK
6
CONTINUOUS
10
0.6877184251968503
20
0.6615975984251968
11
0.6881020078740158
21
0.6622619291338583
0
LINE
8
BLACK
6
CONTINUOUS
10
0.6881020078740158
20
0.6622619291338583
11
0.6883523228346456
21
0.6623530314960629
0
LINE
8
BLACK
6
CONTINUOUS
10
0.6883523228346456
20
0.6623530314960629
11
0.688523622047244
21
0.6625571653543307
0
LINE
8
BLACK
6
CONTINUOUS
10
0.688523622047244
20
0.6625571653543307
11
0.6892791732283464
21
0.6626903937007874
0
LINE
8
BLACK
6
CONTINUOUS
10
0.6892791732283464
20
0.6626903937007874
11
0.6899999999999999
21
0.6629527559055118
0
LINE
8
BLACK
6
CONTINUOUS
10
0.6899999999999999
20
0.6629527559055118
11
0.6944566535433071
21
0.6629527559055118
0
LINE
8
BLACK
6
CONTINUOUS
10
0.6944566535433071
20
0.6629527559055118
11
0.6941849606299213
21
0.6637677952755905
0
LINE
8
BLACK
6
CONTINUOUS
10
0.6941849606299213
20
0.6637677952755905
11
0.6876149606299212
21
0.6637677952755905
0
LINE
8
BLACK
6
CONTINUOUS
10
0.6876149606299212
20
0.6637677952755905
11
0.6861832283464567
21
0.6594725590551181
0
LINE
8
BLACK
6
CONTINUOUS
10
0.6861832283464567
20
0.6594725590551181
11
0.6852053937007874
21
0.6583450787401575
0
LINE
8
BLACK
6
CONTINUOUS
10
0.6852053937007874
20
0.6583450787401575
11
0.683716653543307
21
0.6582392913385826
0
LINE
8
BLACK
6
CONTINUOUS
10
0.683716653543307
20
0.6582392913385826
11
0.6825891732283464
21
0.659217125984252
0
LINE
8
BLACK
6
CONTINUOUS
10
0.6825891732283464
20
0.659217125984252
11
0.6824833858267716
21
0.6607058661417323
0
LINE
8
BLACK
6
CONTINUOUS
10
0.6824833858267716
20
0.6607058661417323
11
0.6890500393700787
21
0.6804058661417323
0
LINE
8
BLACK
6
CONTINUOUS
10
0.6890500393700787
20
0.6804058661417323
11
0.6891454724409448
21
0.680515905511811
0
LINE
8
BLACK
6
CONTINUOUS
10
0.6891454724409448
20
0.680515905511811
11
0.6891558267716535
21
0.6806612992125984
0
LINE
8
BLACK
6
CONTINUOUS
10
0.6891558267716535
20
0.6806612992125984
11
0.6896229133858267
21
0.6810663779527559
0
LINE
8
BLACK
6
CONTINUOUS
10
0.6896229133858267
20
0.6810663779527559
11
0.6900279133858268
21
0.6815333464566929
0
LINE
8
BLACK
6
CONTINUOUS
10
0.6900279133858268
20
0.6815333464566929
11
0.6901732283464567
21
0.6815436614173228
0
LINE
8
BLACK
6
CONTINUOUS
10
0.6901732283464567
20
0.6815436614173228
11
0.6902833070866141
21
0.6816391338582677
0
LINE
8
BLACK
6
CONTINUOUS
10
0.6902833070866141
20
0.6816391338582677
11
0.6908998031496063
21
0.6815953149606299
0
LINE
8
BLACK
6
CONTINUOUS
10
0.6908998031496063
20
0.6815953149606299
11
0.6915166141732283
21
0.6816391732283464
0
LINE
8
BLACK
6
CONTINUOUS
10
0.6915166141732283
20
0.6816391732283464
11
0.6916266929133859
21
0.6815436614173228
0
LINE
8
BLACK
6
CONTINUOUS
10
0.6889149606299212
20
0.6676677952755905
11
0.6928849606299212
21
0.6676677952755905
0
LINE
8
BLACK
6
CONTINUOUS
10
0.6928849606299212
20
0.6676677952755905
11
0.6908999212598425
21
0.6736227952755905
0
LINE
8
BLACK
6
CONTINUOUS
10
0.6908999212598425
20
0.6736227952755905
11
0.6889149606299212
21
0.6676677952755905
0
LINE
8
BLACK
6
CONTINUOUS
10
0.7484331102362205
20
0.6634331102362204
11
0.7495927952755905
21
0.6629527559055118
0
LINE
8
BLACK
6
CONTINUOUS
10
0.7495927952755905
20
0.6629527559055118
11
0.75
21
0.6629527559055118
0
LINE
8
BLACK
6
CONTINUOUS
10
0.75
20
0.6629527559055118
11
0.750285590551181
21
0.6629023622047244
0
LINE
8
BLACK
6
CONTINUOUS
10
0.750285590551181
20
0.6629023622047244
11
0.7515668897637795
21
0.6634331102362204
0
LINE
8
BLACK
6
CONTINUOUS
10
0.7515668897637795
20
0.6634331102362204
11
0.7522159055118111
21
0.665
0
LINE
8
BLACK
6
CONTINUOUS
10
0.7522159055118111
20
0.665
11
0.7515668897637795
21
0.6665668897637795
0
LINE
8
BLACK
6
CONTINUOUS
10
0.7515668897637795
20
0.6665668897637795
11
0.75
21
0.667215905511811
0
LINE
8
BLACK
6
CONTINUOUS
10
0.75
20
0.667215905511811
11
0.7484331102362205
21
0.6665668897637795
0
LINE
8
BLACK
6
CONTINUOUS
10
0.7484331102362205
20
0.6665668897637795
11
0.7477840944881889
21
0.665
0
LINE
8
BLACK
6
CONTINUOUS
10
0.7477840944881889
20
0.665
11
0.7484331102362205
21
0.6634331102362204
0
LINE
8
BLACK
6
CONTINUOUS
10
0.3734266141732283
20
0.6652684645669291
11
0.3739257874015748
21
0.6652329921259842
0
LINE
8
BLACK
6
CONTINUOUS
10
0.3739257874015748
20
0.6652329921259842
11
0.375801968503937
21
0.6642949212598425
0
LINE
8
BLACK
6
CONTINUOUS
10
0.375801968503937
20
0.6642949212598425
11
0.3760337795275591
21
0.6640275590551181
0
LINE
8
BLACK
6
CONTINUOUS
10
0.3760337795275591
20
0.6640275590551181
11
0.3763606692913386
21
0.6638922047244095
0
LINE
8
BLACK
6
CONTINUOUS
10
0.3763606692913386
20
0.6638922047244095
11
0.377298779527559
21
0.6629541338582677
0
LINE
8
BLACK
6
CONTINUOUS
10
0.377298779527559
20
0.6629541338582677
11
0.3779285433070866
21
0.6614338582677165
0
LINE
8
BLACK
6
CONTINUOUS
10
0.3779285433070866
20
0.6614338582677165
11
0.3772988582677165
21
0.6599135826771654
0
LINE
8
BLACK
6
CONTINUOUS
10
0.3772988582677165
20
0.6599135826771654
11
0.3757785826771654
21
0.6592838188976378
0
LINE
8
BLACK
6
CONTINUOUS
10
0.3757785826771654
20
0.6592838188976378
11
0.3742583070866142
21
0.6599135039370079
0
LINE
8
BLACK
6
CONTINUOUS
10
0.3742583070866142
20
0.6599135039370079
11
0.3735668503937008
21
0.6606048818897637
0
LINE
8
BLACK
6
CONTINUOUS
10
0.3735668503937008
20
0.6606048818897637
11
0.3724567322834645
21
0.66116
0
LINE
8
BLACK
6
CONTINUOUS
10
0.3724567322834645
20
0.66116
11
0.3687813779527559
21
0.66116
0
LINE
8
BLACK
6
CONTINUOUS
10
0.3687813779527559
20
0.66116
11
0.3676711417322834
21
0.6606048818897637
0
LINE
8
BLACK
6
CONTINUOUS
10
0.3676711417322834
20
0.6606048818897637
11
0.3672264566929134
21
0.6601601968503937
0
LINE
8
BLACK
6
CONTINUOUS
10
0.3672264566929134
20
0.6601601968503937
11
0.3666714173228346
21
0.6590500393700788
0
LINE
8
BLACK
6
CONTINUOUS
10
0.3666714173228346
20
0.6590500393700788
11
0.3666714173228346
21
0.6580303149606299
0
LINE
8
BLACK
6
CONTINUOUS
10
0.3666714173228346
20
0.6580303149606299
11
0.3673386614173229
21
0.6560284645669291
0
LINE
8
BLACK
6
CONTINUOUS
10
0.3673386614173229
20
0.6560284645669291
11
0.3782369291338583
21
0.6451302755905511
0
LINE
8
BLACK
6
CONTINUOUS
10
0.3782369291338583
20
0.6451302755905511
11
0.3788666535433071
21
0.64361
0
LINE
8
BLACK
6
CONTINUOUS
10
0.3788666535433071
20
0.64361
11
0.3782369291338583
21
0.6420897244094488
0
LINE
8
BLACK
6
CONTINUOUS
10
0.3782369291338583
20
0.6420897244094488
11
0.3767166535433071
21
0.64146
0
LINE
8
BLACK
6
CONTINUOUS
10
0.3767166535433071
20
0.64146
11
0.3645214173228347
21
0.64146
0
LINE
8
BLACK
6
CONTINUOUS
10
0.3645214173228347
20
0.64146
11
0.3630011417322835
21
0.6420897244094488
0
LINE
8
BLACK
6
CONTINUOUS
10
0.3630011417322835
20
0.6420897244094488
11
0.3623714173228346
21
0.64361
0
LINE
8
BLACK
6
CONTINUOUS
10
0.3623714173228346
20
0.64361
11
0.3630011417322835
21
0.6451302755905511
0
LINE
8
BLACK
6
CONTINUOUS
10
0.3630011417322835
20
0.6451302755905511
11
0.3645214173228347
21
0.64576
0
LINE
8
BLACK
6
CONTINUOUS
10
0.3645214173228347
20
0.64576
11
0.3715261023622047
21
0.64576
0
LINE
8
BLACK
6
CONTINUOUS
10
0.3715261023622047
20
0.64576
11
0.3639392125984252
21
0.6533468503937008
0
LINE
8
BLACK
6
CONTINUOUS
10
0.3639392125984252
20
0.6533468503937008
11
0.3637476771653543
21
0.6538091732283464
0
LINE
8
BLACK
6
CONTINUOUS
10
0.3637476771653543
20
0.6538091732283464
11
0.3634198031496063
21
0.6541872834645669
0
LINE
8
BLACK
6
CONTINUOUS
10
0.3634198031496063
20
0.6541872834645669
11
0.3624817322834646
21
0.6570015354330708
0
LINE
8
BLACK
6
CONTINUOUS
10
0.3624817322834646
20
0.6570015354330708
11
0.362506811023622
21
0.6573544881889763
0
LINE
8
BLACK
6
CONTINUOUS
10
0.362506811023622
20
0.6573544881889763
11
0.3623714173228346
21
0.6576814173228346
0
LINE
8
BLACK
6
CONTINUOUS
10
0.3623714173228346
20
0.6576814173228346
11
0.3623714173228346
21
0.6595575984251968
0
LINE
8
BLACK
6
CONTINUOUS
10
0.3623714173228346
20
0.6595575984251968
11
0.3625629133858267
21
0.6600199212598425
0
LINE
8
BLACK
6
CONTINUOUS
10
0.3625629133858267
20
0.6600199212598425
11
0.3625983858267716
21
0.6605190944881889
0
LINE
8
BLACK
6
CONTINUOUS
10
0.3625983858267716
20
0.6605190944881889
11
0.3635364566929134
21
0.6623953149606299
0
LINE
8
BLACK
6
CONTINUOUS
10
0.3635364566929134
20
0.6623953149606299
11
0.3638038188976378
21
0.6626272047244094
0
LINE
8
BLACK
6
CONTINUOUS
10
0.3638038188976378
20
0.6626272047244094
11
0.3639392519685039
21
0.6629541338582677
0
LINE
8
BLACK
6
CONTINUOUS
10
0.3639392519685039
20
0.6629541338582677
11
0.3648773622047244
21
0.6638922047244095
0
LINE
8
BLACK
6
CONTINUOUS
10
0.3648773622047244
20
0.6638922047244095
11
0.3652042125984252
21
0.6640275590551181
0
LINE
8
BLACK
6
CONTINUOUS
10
0.3652042125984252
20
0.6640275590551181
11
0.365436062992126
21
0.6642948818897637
0
LINE
8
BLACK
6
CONTINUOUS
10
0.365436062992126
20
0.6642948818897637
11
0.3673122440944882
21
0.6652329921259842
0
LINE
8
BLACK
6
CONTINUOUS
10
0.3673122440944882
20
0.6652329921259842
11
0.3678113779527559
21
0.6652684645669291
0
LINE
8
BLACK
6
CONTINUOUS
10
0.3678113779527559
20
0.6652684645669291
11
0.368273779527559
21
0.6654599999999999
0
LINE
8
BLACK
6
CONTINUOUS
10
0.368273779527559
20
0.6654599999999999
11
0.3729642519685039
21
0.6654599999999999
0
LINE
8
BLACK
6
CONTINUOUS
10
0.3729642519685039
20
0.6654599999999999
11
0.3734266141732283
21
0.6652684645669291
0
LINE
8
BLACK
6
CONTINUOUS
10
0.3892387401574803
20
0.6653245669291339
11
0.3895917716535433
21
0.6653496850393701
0
LINE
8
BLACK
6
CONTINUOUS
10
0.3895917716535433
20
0.6653496850393701
11
0.3924061023622047
21
0.6644115354330709
0
LINE
8
BLACK
6
CONTINUOUS
10
0.3924061023622047
20
0.6644115354330709
11
0.3927841338582677
21
0.6640836614173228
0
LINE
8
BLACK
6
CONTINUOUS
10
0.3927841338582677
20
0.6640836614173228
11
0.3932464566929134
21
0.6638921653543307
0
LINE
8
BLACK
6
CONTINUOUS
10
0.3932464566929134
20
0.6638921653543307
11
0.3951226377952756
21
0.6620159842519685
0
LINE
8
BLACK
6
CONTINUOUS
10
0.3951226377952756
20
0.6620159842519685
11
0.395258031496063
21
0.6616890551181103
0
LINE
8
BLACK
6
CONTINUOUS
10
0.395258031496063
20
0.6616890551181103
11
0.3955253937007874
21
0.6614572047244094
0
LINE
8
BLACK
6
CONTINUOUS
10
0.3955253937007874
20
0.6614572047244094
11
0.3964634645669291
21
0.6595810236220472
0
LINE
8
BLACK
6
CONTINUOUS
10
0.3964634645669291
20
0.6595810236220472
11
0.3964807480314961
21
0.6593372440944881
0
LINE
8
BLACK
6
CONTINUOUS
10
0.3964807480314961
20
0.6593372440944881
11
0.3966262204724409
21
0.6591409842519685
0
LINE
8
BLACK
6
CONTINUOUS
10
0.3966262204724409
20
0.6591409842519685
11
0.3975643307086614
21
0.6553885826771654
0
LINE
8
BLACK
6
CONTINUOUS
10
0.3975643307086614
20
0.6553885826771654
11
0.3975242125984252
21
0.6551189763779527
0
LINE
8
BLACK
6
CONTINUOUS
10
0.3975242125984252
20
0.6551189763779527
11
0.3976285433070866
21
0.654867125984252
0
LINE
8
BLACK
6
CONTINUOUS
10
0.3976285433070866
20
0.654867125984252
11
0.3976285433070866
21
0.6520528346456693
0
LINE
8
BLACK
6
CONTINUOUS
10
0.3976285433070866
20
0.6520528346456693
11
0.3975242125984252
21
0.6518009448818898
0
LINE
8
BLACK
6
CONTINUOUS
10
0.3975242125984252
20
0.6518009448818898
11
0.3975643307086614
21
0.6515313385826772
0
LINE
8
BLACK
6
CONTINUOUS
10
0.3975643307086614
20
0.6515313385826772
11
0.3966262204724409
21
0.6477790157480314
0
LINE
8
BLACK
6
CONTINUOUS
10
0.3966262204724409
20
0.6477790157480314
11
0.3964807480314961
21
0.6475827165354331
0
LINE
8
BLACK
6
CONTINUOUS
10
0.3964807480314961
20
0.6475827165354331
11
0.3964634645669291
21
0.6473389763779528
0
LINE
8
BLACK
6
CONTINUOUS
10
0.3964634645669291
20
0.6473389763779528
11
0.3955253937007874
21
0.6454627952755906
0
LINE
8
BLACK
6
CONTINUOUS
10
0.3955253937007874
20
0.6454627952755906
11
0.395258031496063
21
0.6452309055118111
0
LINE
8
BLACK
6
CONTINUOUS
10
0.395258031496063
20
0.6452309055118111
11
0.3951226377952756
21
0.6449040157480315
0
LINE
8
BLACK
6
CONTINUOUS
10
0.3951226377952756
20
0.6449040157480315
11
0.3932464566929134
21
0.6430278346456693
0
LINE
8
BLACK
6
CONTINUOUS
10
0.3932464566929134
20
0.6430278346456693
11
0.3927841338582677
21
0.6428362992125984
0
LINE
8
BLACK
6
CONTINUOUS
10
0.3927841338582677
20
0.6428362992125984
11
0.3924061023622047
21
0.6425084645669291
0
LINE
8
BLACK
6
CONTINUOUS
10
0.3924061023622047
20
0.6425084645669291
11
0.3895917716535433
21
0.6415703149606299
0
LINE
8
BLACK
6
CONTINUOUS
10
0.3895917716535433
20
0.6415703149606299
11
0.3892387401574803
21
0.6415953937007874
0
LINE
8
BLACK
6
CONTINUOUS
10
0.3892387401574803
20
0.6415953937007874
11
0.3889118897637795
21
0.64146
0
LINE
8
BLACK
6
CONTINUOUS
10
0.3889118897637795
20
0.64146
11
0.3870356692913386
21
0.64146
0
LINE
8
BLACK
6
CONTINUOUS
10
0.3870356692913386
20
0.64146
11
0.3867087007874015
21
0.6415953937007874
0
LINE
8
BLACK
6
CONTINUOUS
10
0.3867087007874015
20
0.6415953937007874
11
0.3863557874015748
21
0.6415703543307086
0
LINE
8
BLACK
6
CONTINUOUS
10
0.3863557874015748
20
0.6415703543307086
11
0.3835414960629921
21
0.6425084645669291
0
LINE
8
BLACK
6
CONTINUOUS
10
0.3835414960629921
20
0.6425084645669291
11
0.3831634645669291
21
0.6428362992125984
0
LINE
8
BLACK
6
CONTINUOUS
10
0.3831634645669291
20
0.6428362992125984
11
0.3827011811023622
21
0.6430277952755905
0
LINE
8
BLACK
6
CONTINUOUS
10
0.3827011811023622
20
0.6430277952755905
11
0.3817630708661417
21
0.6439658661417322
0
LINE
8
BLACK
6
CONTINUOUS
10
0.3817630708661417
20
0.6439658661417322
11
0.3811333070866141
21
0.6454861417322835
0
LINE
8
BLACK
6
CONTINUOUS
10
0.3811333070866141
20
0.6454861417322835
11
0.3817629921259842
21
0.6470064173228346
0
LINE
8
BLACK
6
CONTINUOUS
10
0.3817629921259842
20
0.6470064173228346
11
0.3832832677165354
21
0.6476361811023622
0
LINE
8
BLACK
6
CONTINUOUS
10
0.3832832677165354
20
0.6476361811023622
11
0.3848035433070866
21
0.6470064960629921
0
LINE
8
BLACK
6
CONTINUOUS
10
0.3848035433070866
20
0.6470064960629921
11
0.3853827952755906
21
0.6464272440944882
0
LINE
8
BLACK
6
CONTINUOUS
10
0.3853827952755906
20
0.6464272440944882
11
0.3873845275590551
21
0.64576
0
LINE
8
BLACK
6
CONTINUOUS
10
0.3873845275590551
20
0.64576
11
0.3885629527559055
21
0.64576
0
LINE
8
BLACK
6
CONTINUOUS
10
0.3885629527559055
20
0.64576
11
0.3905648031496063
21
0.6464272834645669
0
LINE
8
BLACK
6
CONTINUOUS
10
0.3905648031496063
20
0.6464272834645669
11
0.3918353149606299
21
0.6476977952755906
0
LINE
8
BLACK
6
CONTINUOUS
10
0.3918353149606299
20
0.6476977952755906
11
0.3925118897637795
21
0.6490509448818897
0
LINE
8
BLACK
6
CONTINUOUS
10
0.3925118897637795
20
0.6490509448818897
11
0.3933285433070866
21
0.6523175590551181
0
LINE
8
BLACK
6
CONTINUOUS
10
0.3933285433070866
20
0.6523175590551181
11
0.3933285433070866
21
0.6546023622047243
0
LINE
8
BLACK
6
CONTINUOUS
10
0.3933285433070866
20
0.6546023622047243
11
0.3925118897637795
21
0.6578690157480315
0
LINE
8
BLACK
6
CONTINUOUS
10
0.3925118897637795
20
0.6578690157480315
11
0.3918353149606299
21
0.6592221653543306
0
LINE
8
BLACK
6
CONTINUOUS
10
0.3918353149606299
20
0.6592221653543306
11
0.3905648031496063
21
0.6604926771653543
0
LINE
8
BLACK
6
CONTINUOUS
10
0.3905648031496063
20
0.6604926771653543
11
0.3885629527559055
21
0.66116
0
LINE
8
BLACK
6
CONTINUOUS
10
0.3885629527559055
20
0.66116
11
0.3873845275590551
21
0.66116
0
LINE
8
BLACK
6
CONTINUOUS
10
0.3873845275590551
20
0.66116
11
0.3853827952755906
21
0.6604927165354331
0
LINE
8
BLACK
6
CONTINUOUS
10
0.3853827952755906
20
0.6604927165354331
11
0.3848035433070866
21
0.6599135039370079
0
LINE
8
BLACK
6
CONTINUOUS
10
0.3848035433070866
20
0.6599135039370079
11
0.3832832677165354
21
0.6592838188976378
0
LINE
8
BLACK
6
CONTINUOUS
10
0.3832832677165354
20
0.6592838188976378
11
0.3817629921259842
21
0.6599135826771654
0
LINE
8
BLACK
6
CONTINUOUS
10
0.3817629921259842
20
0.6599135826771654
11
0.3811333070866141
21
0.6614338582677165
0
LINE
8
BLACK
6
CONTINUOUS
10
0.3811333070866141
20
0.6614338582677165
11
0.3817630708661417
21
0.6629541338582677
0
LINE
8
BLACK
6
CONTINUOUS
10
0.3817630708661417
20
0.6629541338582677
11
0.3827011811023622
21
0.6638922047244095
0
LINE
8
BLACK
6
CONTINUOUS
10
0.3827011811023622
20
0.6638922047244095
11
0.3831634645669291
21
0.6640836614173228
0
LINE
8
BLACK
6
CONTINUOUS
10
0.3831634645669291
20
0.6640836614173228
11
0.3835414960629921
21
0.6644115354330709
0
LINE
8
BLACK
6
CONTINUOUS
10
0.3835414960629921
20
0.6644115354330709
11
0.3863557874015748
21
0.6653496456692913
0
LINE
8
BLACK
6
CONTINUOUS
10
0.3863557874015748
20
0.6653496456692913
11
0.3867087007874015
21
0.6653245669291339
0
LINE
8
BLACK
6
CONTINUOUS
10
0.3867087007874015
20
0.6653245669291339
11
0.3870356692913386
21
0.6654599999999999
0
LINE
8
BLACK
6
CONTINUOUS
10
0.3870356692913386
20
0.6654599999999999
11
0.3889118897637795
21
0.6654599999999999
0
LINE
8
BLACK
6
CONTINUOUS
10
0.3889118897637795
20
0.6654599999999999
11
0.3892387401574803
21
0.6653245669291339
0
LINE
8
BLACK
6
CONTINUOUS
10
0.8503544881889764
20
0.6653752755905512
11
0.8505716141732284
21
0.6654182283464567
0
LINE
8
BLACK
6
CONTINUOUS
10
0.8505716141732284
20
0.6654182283464567
11
0.8510917322834646
21
0.6650698818897638
0
LINE
8
BLACK
6
CONTINUOUS
10
0.8510917322834646
20
0.6650698818897638
11
0.8516702362204724
21
0.6648302755905512
0
LINE
8
BLACK
6
CONTINUOUS
10
0.8516702362204724
20
0.6648302755905512
11
0.8517549212598425
21
0.6646257480314961
0
LINE
8
BLACK
6
CONTINUOUS
10
0.8517549212598425
20
0.6646257480314961
11
0.8519388582677165
21
0.6645025984251969
0
LINE
8
BLACK
6
CONTINUOUS
10
0.8519388582677165
20
0.6645025984251969
11
0.8536970078740157
21
0.6618653937007873
0
LINE
8
BLACK
6
CONTINUOUS
10
0.8536970078740157
20
0.6618653937007873
11
0.855175905511811
21
0.6603864960629922
0
LINE
8
BLACK
6
CONTINUOUS
10
0.855175905511811
20
0.6603864960629922
11
0.8567400787401575
21
0.6596044488188976
0
LINE
8
BLACK
6
CONTINUOUS
10
0.8567400787401575
20
0.6596044488188976
11
0.857818188976378
21
0.6583612992125984
0
LINE
8
BLACK
6
CONTINUOUS
10
0.857818188976378
20
0.6583612992125984
11
0.8577015354330708
21
0.6567198818897637
0
LINE
8
BLACK
6
CONTINUOUS
10
0.8577015354330708
20
0.6567198818897637
11
0.8564584251968503
21
0.6556417322834646
0
LINE
8
BLACK
6
CONTINUOUS
10
0.8564584251968503
20
0.6556417322834646
11
0.8548170078740157
21
0.6557584251968503
0
LINE
8
BLACK
6
CONTINUOUS
10
0.8548170078740157
20
0.6557584251968503
11
0.8529408267716535
21
0.6566965354330708
0
LINE
8
BLACK
6
CONTINUOUS
10
0.8529408267716535
20
0.6566965354330708
11
0.8527089763779527
21
0.6569638188976378
0
LINE
8
BLACK
6
CONTINUOUS
10
0.8527089763779527
20
0.6569638188976378
11
0.8523820866141733
21
0.6570992519685039
0
LINE
8
BLACK
6
CONTINUOUS
10
0.8523820866141733
20
0.6570992519685039
11
0.8522999606299212
21
0.6571813779527559
0
LINE
8
BLACK
6
CONTINUOUS
10
0.8522999606299212
20
0.6571813779527559
11
0.8522999606299212
21
0.64576
0
LINE
8
BLACK
6
CONTINUOUS
10
0.8522999606299212
20
0.64576
11
0.8557785433070866
21
0.64576
0
LINE
8
BLACK
6
CONTINUOUS
10
0.8557785433070866
20
0.64576
11
0.8572988188976378
21
0.6451302755905511
0
LINE
8
BLACK
6
CONTINUOUS
10
0.8572988188976378
20
0.6451302755905511
11
0.8579285433070866
21
0.64361
0
LINE
8
BLACK
6
CONTINUOUS
10
0.8579285433070866
20
0.64361
11
0.8572988188976378
21
0.6420897244094488
0
LINE
8
BLACK
6
CONTINUOUS
10
0.8572988188976378
20
0.6420897244094488
11
0.8557785433070866
21
0.64146
0
LINE
8
BLACK
6
CONTINUOUS
10
0.8557785433070866
20
0.64146
11
0.8501499606299212
21
0.64146
0
LINE
8
BLACK
6
CONTINUOUS
10
0.8501499606299212
20
0.64146
11
0.8445214173228346
21
0.64146
0
LINE
8
BLACK
6
CONTINUOUS
10
0.8445214173228346
20
0.64146
11
0.8430011417322835
21
0.6420897244094488
0
LINE
8
BLACK
6
CONTINUOUS
10
0.8430011417322835
20
0.6420897244094488
11
0.8423714173228346
21
0.64361
0
LINE
8
BLACK
6
CONTINUOUS
10
0.8423714173228346
20
0.64361
11
0.8430011417322835
21
0.6451302755905511
0
LINE
8
BLACK
6
CONTINUOUS
10
0.8430011417322835
20
0.6451302755905511
11
0.8445214173228346
21
0.64576
0
LINE
8
BLACK
6
CONTINUOUS
10
0.8445214173228346
20
0.64576
11
0.8479999606299212
21
0.64576
0
LINE
8
BLACK
6
CONTINUOUS
10
0.8479999606299212
20
0.64576
11
0.8479999606299212
21
0.66331
0
LINE
8
BLACK
6
CONTINUOUS
10
0.8479999606299212
20
0.66331
11
0.8480846456692913
21
0.6635145275590552
0
LINE
8
BLACK
6
CONTINUOUS
10
0.8480846456692913
20
0.6635145275590552
11
0.8480417322834646
21
0.6637316535433071
0
LINE
8
BLACK
6
CONTINUOUS
10
0.8480417322834646
20
0.6637316535433071
11
0.8483900393700787
21
0.6642517716535433
0
LINE
8
BLACK
6
CONTINUOUS
10
0.8483900393700787
20
0.6642517716535433
11
0.8486296850393701
21
0.6648302755905512
0
LINE
8
BLACK
6
CONTINUOUS
10
0.8486296850393701
20
0.6648302755905512
11
0.8488341732283464
21
0.6649149606299213
0
LINE
8
BLACK
6
CONTINUOUS
10
0.8488341732283464
20
0.6649149606299213
11
0.8489573622047244
21
0.6650988976377953
0
LINE
8
BLACK
6
CONTINUOUS
10
0.8489573622047244
20
0.6650988976377953
11
0.8495714566929133
21
0.6652203543307087
0
LINE
8
BLACK
6
CONTINUOUS
10
0.8495714566929133
20
0.6652203543307087
11
0.8501499606299212
21
0.6654599999999999
0
LINE
8
BLACK
6
CONTINUOUS
10
0.8501499606299212
20
0.6654599999999999
11
0.8503544881889764
21
0.6653752755905512
0
LINE
8
BLACK
6
CONTINUOUS
10
0.8692387401574803
20
0.6653245669291339
11
0.8695917716535433
21
0.6653496850393701
0
LINE
8
BLACK
6
CONTINUOUS
10
0.8695917716535433
20
0.6653496850393701
11
0.8724061023622047
21
0.6644115354330709
0
LINE
8
BLACK
6
CONTINUOUS
10
0.8724061023622047
20
0.6644115354330709
11
0.8727841338582677
21
0.6640836614173228
0
LINE
8
BLACK
6
CONTINUOUS
10
0.8727841338582677
20
0.6640836614173228
11
0.8732464566929133
21
0.6638921653543307
0
LINE
8
BLACK
6
CONTINUOUS
10
0.8732464566929133
20
0.6638921653543307
11
0.8751226377952755
21
0.6620159842519685
0
LINE
8
BLACK
6
CONTINUOUS
10
0.8751226377952755
20
0.6620159842519685
11
0.875258031496063
21
0.6616890551181103
0
LINE
8
BLACK
6
CONTINUOUS
10
0.875258031496063
20
0.6616890551181103
11
0.8755253937007874
21
0.6614572047244094
0
LINE
8
BLACK
6
CONTINUOUS
10
0.8755253937007874
20
0.6614572047244094
11
0.8764634645669291
21
0.6595810236220472
0
LINE
8
BLACK
6
CONTINUOUS
10
0.8764634645669291
20
0.6595810236220472
11
0.876480748031496
21
0.6593372440944881
0
LINE
8
BLACK
6
CONTINUOUS
10
0.876480748031496
20
0.6593372440944881
11
0.8766262204724409
21
0.6591409842519685
0
LINE
8
BLACK
6
CONTINUOUS
10
0.8766262204724409
20
0.6591409842519685
11
0.8775643307086614
21
0.6553885826771654
0
LINE
8
BLACK
6
CONTINUOUS
10
0.8775643307086614
20
0.6553885826771654
11
0.8775242125984252
21
0.6551189763779527
0
LINE
8
BLACK
6
CONTINUOUS
10
0.8775242125984252
20
0.6551189763779527
11
0.8776285433070866
21
0.654867125984252
0
LINE
8
BLACK
6
CONTINUOUS
10
0.8776285433070866
20
0.654867125984252
11
0.8776285433070866
21
0.6520528346456693
0
LINE
8
BLACK
6
CONTINUOUS
10
0.8776285433070866
20
0.6520528346456693
11
0.8775242125984252
21
0.6518009448818898
0
LINE
8
BLACK
6
CONTINUOUS
10
0.8775242125984252
20
0.6518009448818898
11
0.8775643307086614
21
0.6515313385826772
0
LINE
8
BLACK
6
CONTINUOUS
10
0.8775643307086614
20
0.6515313385826772
11
0.8766262204724409
21
0.6477790157480314
0
LINE
8
BLACK
6
CONTINUOUS
10
0.8766262204724409
20
0.6477790157480314
11
0.876480748031496
21
0.6475827165354331
0
LINE
8
BLACK
6
CONTINUOUS
10
0.876480748031496
20
0.6475827165354331
11
0.8764634645669291
21
0.6473389763779528
0
LINE
8
BLACK
6
CONTINUOUS
10
0.8764634645669291
20
0.6473389763779528
11
0.8755253937007874
21
0.6454627952755906
0
LINE
8
BLACK
6
CONTINUOUS
10
0.8755253937007874
20
0.6454627952755906
11
0.875258031496063
21
0.6452309055118111
0
LINE
8
BLACK
6
CONTINUOUS
10
0.875258031496063
20
0.6452309055118111
11
0.8751226377952755
21
0.6449040157480315
0
LINE
8
BLACK
6
CONTINUOUS
10
0.8751226377952755
20
0.6449040157480315
11
0.8732464566929133
21
0.6430278346456693
0
LINE
8
BLACK
6
CONTINUOUS
10
0.8732464566929133
20
0.6430278346456693
11
0.8727841338582677
21
0.6428362992125984
0
LINE
8
BLACK
6
CONTINUOUS
10
0.8727841338582677
20
0.6428362992125984
11
0.8724061023622047
21
0.6425084645669291
0
LINE
8
BLACK
6
CONTINUOUS
10
0.8724061023622047
20
0.6425084645669291
11
0.8695917716535433
21
0.6415703149606299
0
LINE
8
BLACK
6
CONTINUOUS
10
0.8695917716535433
20
0.6415703149606299
11
0.8692387401574803
21
0.6415953937007874
0
LINE
8
BLACK
6
CONTINUOUS
10
0.8692387401574803
20
0.6415953937007874
11
0.8689118897637795
21
0.64146
0
LINE
8
BLACK
6
CONTINUOUS
10
0.8689118897637795
20
0.64146
11
0.8670356692913386
21
0.64146
0
LINE
8
BLACK
6
CONTINUOUS
10
0.8670356692913386
20
0.64146
11
0.8667087007874016
21
0.6415953937007874
0
LINE
8
BLACK
6
CONTINUOUS
10
0.8667087007874016
20
0.6415953937007874
11
0.8663557874015748
21
0.6415703543307086
0
LINE
8
BLACK
6
CONTINUOUS
10
0.8663557874015748
20
0.6415703543307086
11
0.8635414960629921
21
0.6425084645669291
0
LINE
8
BLACK
6
CONTINUOUS
10
0.8635414960629921
20
0.6425084645669291
11
0.8631634645669292
21
0.6428362992125984
0
LINE
8
BLACK
6
CONTINUOUS
10
0.8631634645669292
20
0.6428362992125984
11
0.8627011811023622
21
0.6430277952755905
0
LINE
8
BLACK
6
CONTINUOUS
10
0.8627011811023622
20
0.6430277952755905
11
0.8617630708661417
21
0.6439658661417322
0
LINE
8
BLACK
6
CONTINUOUS
10
0.8617630708661417
20
0.6439658661417322
11
0.8611333070866142
21
0.6454861417322835
0
LINE
8
BLACK
6
CONTINUOUS
10
0.8611333070866142
20
0.6454861417322835
11
0.8617629921259843
21
0.6470064173228346
0
LINE
8
BLACK
6
CONTINUOUS
10
0.8617629921259843
20
0.6470064173228346
11
0.8632832677165354
21
0.6476361811023622
0
LINE
8
BLACK
6
CONTINUOUS
10
0.8632832677165354
20
0.6476361811023622
11
0.8648035433070866
21
0.6470064960629921
0
LINE
8
BLACK
6
CONTINUOUS
10
0.8648035433070866
20
0.6470064960629921
11
0.8653827952755905
21
0.6464272440944882
0
LINE
8
BLACK
6
CONTINUOUS
10
0.8653827952755905
20
0.6464272440944882
11
0.8673845275590552
21
0.64576
0
LINE
8
BLACK
6
CONTINUOUS
10
0.8673845275590552
20
0.64576
11
0.8685629527559054
21
0.64576
0
LINE
8
BLACK
6
CONTINUOUS
10
0.8685629527559054
20
0.64576
11
0.8705648031496063
21
0.6464272834645669
0
LINE
8
BLACK
6
CONTINUOUS
10
0.8705648031496063
20
0.6464272834645669
11
0.8718353149606299
21
0.6476977952755906
0
LINE
8
BLACK
6
CONTINUOUS
10
0.8718353149606299
20
0.6476977952755906
11
0.8725118897637795
21
0.6490509448818897
0
LINE
8
BLACK
6
CONTINUOUS
10
0.8725118897637795
20
0.6490509448818897
11
0.8733285433070866
21
0.6523175590551181
0
LINE
8
BLACK
6
CONTINUOUS
10
0.8733285433070866
20
0.6523175590551181
11
0.8733285433070866
21
0.6546023622047243
0
LINE
8
BLACK
6
CONTINUOUS
10
0.8733285433070866
20
0.6546023622047243
11
0.8725118897637795
21
0.6578690157480315
0
LINE
8
BLACK
6
CONTINUOUS
10
0.8725118897637795
20
0.6578690157480315
11
0.8718353149606299
21
0.6592221653543306
0
LINE
8
BLACK
6
CONTINUOUS
10
0.8718353149606299
20
0.6592221653543306
11
0.8705648031496063
21
0.6604926771653543
0
LINE
8
BLACK
6
CONTINUOUS
10
0.8705648031496063
20
0.6604926771653543
11
0.8685629527559054
21
0.66116
0
LINE
8
BLACK
6
CONTINUOUS
10
0.8685629527559054
20
0.66116
11
0.8673845275590552
21
0.66116
0
LINE
8
BLACK
6
CONTINUOUS
10
0.8673845275590552
20
0.66116
11
0.8653827952755905
21
0.6604927165354331
0
LINE
8
BLACK
6
CONTINUOUS
10
0.8653827952755905
20
0.6604927165354331
11
0.8648035433070866
21
0.6599135039370079
0
LINE
8
BLACK
6
CONTINUOUS
10
0.8648035433070866
20
0.6599135039370079
11
0.8632832677165354
21
0.6592838188976378
0
LINE
8
BLACK
6
CONTINUOUS
10
0.8632832677165354
20
0.6592838188976378
11
0.8617629921259843
21
0.6599135826771654
0
LINE
8
BLACK
6
CONTINUOUS
10
0.8617629921259843
20
0.6599135826771654
11
0.8611333070866142
21
0.6614338582677165
0
LINE
8
BLACK
6
CONTINUOUS
10
0.8611333070866142
20
0.6614338582677165
11
0.8617630708661417
21
0.6629541338582677
0
LINE
8
BLACK
6
CONTINUOUS
10
0.8617630708661417
20
0.6629541338582677
11
0.8627011811023622
21
0.6638922047244095
0
LINE
8
BLACK
6
CONTINUOUS
10
0.8627011811023622
20
0.6638922047244095
11
0.8631634645669292
21
0.6640836614173228
0
LINE
8
BLACK
6
CONTINUOUS
10
0.8631634645669292
20
0.6640836614173228
11
0.8635414960629921
21
0.6644115354330709
0
LINE
8
BLACK
6
CONTINUOUS
10
0.8635414960629921
20
0.6644115354330709
11
0.8663557874015748
21
0.6653496456692913
0
LINE
8
BLACK
6
CONTINUOUS
10
0.8663557874015748
20
0.6653496456692913
11
0.8667087007874016
21
0.6653245669291339
0
LINE
8
BLACK
6
CONTINUOUS
10
0.8667087007874016
20
0.6653245669291339
11
0.8670356692913386
21
0.6654599999999999
0
LINE
8
BLACK
6
CONTINUOUS
10
0.8670356692913386
20
0.6654599999999999
11
0.8689118897637795
21
0.6654599999999999
0
LINE
8
BLACK
6
CONTINUOUS
10
0.8689118897637795
20
0.6654599999999999
11
0.8692387401574803
21
0.6653245669291339
0
LINE
8
BLACK
6
CONTINUOUS
10
0.2553835039370079
20
0.7378851181102362
11
0.2555127559055118
21
0.7379079133858267
0
LINE
8
BLACK
6
CONTINUOUS
10
0.2555127559055118
20
0.7379079133858267
11
0.2556263385826771
21
0.7378422834645669
0
LINE
8
BLACK
6
CONTINUOUS
10
0.2556263385826771
20
0.7378422834645669
11
0.2560099212598425
21
0.73777468503937
0
LINE
8
BLACK
6
CONTINUOUS
10
0.2560099212598425
20
0.73777468503937
11
0.2565975984251969
21
0.7372815354330708
0
LINE
8
BLACK
6
CONTINUOUS
10
0.2565975984251969
20
0.7372815354330708
11
0.2572619291338583
21
0.7368979921259843
0
LINE
8
BLACK
6
CONTINUOUS
10
0.2572619291338583
20
0.7368979921259843
11
0.257353031496063
21
0.7366476377952755
0
LINE
8
BLACK
6
CONTINUOUS
10
0.257353031496063
20
0.7366476377952755
11
0.2575571653543307
21
0.7364763779527559
0
LINE
8
BLACK
6
CONTINUOUS
10
0.2575571653543307
20
0.7364763779527559
11
0.2576903937007874
21
0.7357207874015748
0
LINE
8
BLACK
6
CONTINUOUS
10
0.2576903937007874
20
0.7357207874015748
11
0.2579527559055118
21
0.735
0
LINE
8
BLACK
6
CONTINUOUS
10
0.2579527559055118
20
0.735
11
0.2579527559055118
21
0.6826196456692913
0
LINE
8
BLACK
6
CONTINUOUS
10
0.2579527559055118
20
0.6826196456692913
11
0.2582303543307087
21
0.6827533464566929
0
LINE
8
BLACK
6
CONTINUOUS
10
0.2582303543307087
20
0.6827533464566929
11
0.2617696456692913
21
0.6827533464566929
0
LINE
8
BLACK
6
CONTINUOUS
10
0.2617696456692913
20
0.6827533464566929
11
0.2649584645669291
21
0.6812177165354331
0
LINE
8
BLACK
6
CONTINUOUS
10
0.2649584645669291
20
0.6812177165354331
11
0.2671651968503937
21
0.6784505905511811
0
LINE
8
BLACK
6
CONTINUOUS
10
0.2671651968503937
20
0.6784505905511811
11
0.2679527559055118
21
0.6749999999999999
0
LINE
8
BLACK
6
CONTINUOUS
10
0.2679527559055118
20
0.6749999999999999
11
0.2671651968503937
21
0.6715494094488189
0
LINE
8
BLACK
6
CONTINUOUS
10
0.2671651968503937
20
0.6715494094488189
11
0.2649584645669291
21
0.6687822834645669
0
LINE
8
BLACK
6
CONTINUOUS
10
0.2649584645669291
20
0.6687822834645669
11
0.2617696456692913
21
0.667246653543307
0
LINE
8
BLACK
6
CONTINUOUS
10
0.2617696456692913
20
0.667246653543307
11
0.2582303543307087
21
0.667246653543307
0
LINE
8
BLACK
6
CONTINUOUS
10
0.2582303543307087
20
0.667246653543307
11
0.2550415354330708
21
0.6687822834645669
0
LINE
8
BLACK
6
CONTINUOUS
10
0.2550415354330708
20
0.6687822834645669
11
0.2528348031496063
21
0.6715494094488189
0
LINE
8
BLACK
6
CONTINUOUS
10
0.2528348031496063
20
0.6715494094488189
11
0.2527211811023622
21
0.6720472440944881
0
LINE
8
BLACK
6
CONTINUOUS
10
0.2527211811023622
20
0.6720472440944881
11
0.215
21
0.6720472440944881
0
LINE
8
BLACK
6
CONTINUOUS
10
0.215
20
0.6720472440944881
11
0.2139900787401575
21
0.6722253149606299
0
LINE
8
BLACK
6
CONTINUOUS
10
0.2139900787401575
20
0.6722253149606299
11
0.2124428346456693
21
0.673523622047244
0
LINE
8
BLACK
6
CONTINUOUS
10
0.2124428346456693
20
0.673523622047244
11
0.2120920866141732
21
0.6755127559055117
0
LINE
8
BLACK
6
CONTINUOUS
10
0.2120920866141732
20
0.6755127559055117
11
0.2131020078740157
21
0.6772619291338583
0
LINE
8
BLACK
6
CONTINUOUS
10
0.2131020078740157
20
0.6772619291338583
11
0.215
21
0.6779527559055119
0
LINE
8
BLACK
6
CONTINUOUS
10
0.215
20
0.6779527559055119
11
0.2520472440944882
21
0.6779527559055119
0
LINE
8
BLACK
6
CONTINUOUS
10
0.2520472440944882
20
0.6779527559055119
11
0.2520472440944882
21
0.7320472440944882
0
LINE
8
BLACK
6
CONTINUOUS
10
0.2520472440944882
20
0.7320472440944882
11
0.215
21
0.7320472440944882
0
LINE
8
BLACK
6
CONTINUOUS
10
0.215
20
0.7320472440944882
11
0.2139900787401575
21
0.7322253149606299
0
LINE
8
BLACK
6
CONTINUOUS
10
0.2139900787401575
20
0.7322253149606299
11
0.2124428346456693
21
0.7335236220472441
0
LINE
8
BLACK
6
CONTINUOUS
10
0.2124428346456693
20
0.7335236220472441
11
0.2120920866141732
21
0.7355127559055118
0
LINE
8
BLACK
6
CONTINUOUS
10
0.2120920866141732
20
0.7355127559055118
11
0.2131020078740157
21
0.7372619291338582
0
LINE
8
BLACK
6
CONTINUOUS
10
0.2131020078740157
20
0.7372619291338582
11
0.215
21
0.7379527559055118
0
LINE
8
BLACK
6
CONTINUOUS
10
0.215
20
0.7379527559055118
11
0.255
21
0.7379527559055118
0
LINE
8
BLACK
6
CONTINUOUS
10
0.255
20
0.7379527559055118
11
0.2553835039370079
21
0.7378851181102362
0
LINE
8
BLACK
6
CONTINUOUS
10
0.2584331102362205
20
0.6765668897637795
11
0.2579527559055118
21
0.6754071653543307
0
LINE
8
BLACK
6
CONTINUOUS
10
0.2579527559055118
20
0.6754071653543307
11
0.2579527559055118
21
0.6749999999999999
0
LINE
8
BLACK
6
CONTINUOUS
10
0.2579527559055118
20
0.6749999999999999
11
0.2579023622047244
21
0.6747143700787401
0
LINE
8
BLACK
6
CONTINUOUS
10
0.2579023622047244
20
0.6747143700787401
11
0.2584331102362205
21
0.6734331102362204
0
LINE
8
BLACK
6
CONTINUOUS
10
0.2584331102362205
20
0.6734331102362204
11
0.26
21
0.672784094488189
0
LINE
8
BLACK
6
CONTINUOUS
10
0.26
20
0.672784094488189
11
0.2615668897637795
21
0.6734331102362204
0
LINE
8
BLACK
6
CONTINUOUS
10
0.2615668897637795
20
0.6734331102362204
11
0.262215905511811
21
0.6749999999999999
0
LINE
8
BLACK
6
CONTINUOUS
10
0.262215905511811
20
0.6749999999999999
11
0.2615668897637795
21
0.6765668897637795
0
LINE
8
BLACK
6
CONTINUOUS
10
0.2615668897637795
20
0.6765668897637795
11
0.26
21
0.677215905511811
0
LINE
8
BLACK
6
CONTINUOUS
10
0.26
20
0.677215905511811
11
0.2584331102362205
21
0.6765668897637795
0
LINE
8
BLACK
6
CONTINUOUS
10
0.1760099212598425
20
0.73777468503937
11
0.1775571653543307
21
0.7364763779527559
0
LINE
8
BLACK
6
CONTINUOUS
10
0.1775571653543307
20
0.7364763779527559
11
0.1779079133858268
21
0.7344872440944882
0
LINE
8
BLACK
6
CONTINUOUS
10
0.1779079133858268
20
0.7344872440944882
11
0.1768979921259843
21
0.7327380708661417
0
LINE
8
BLACK
6
CONTINUOUS
10
0.1768979921259843
20
0.7327380708661417
11
0.175
21
0.7320472440944882
0
LINE
8
BLACK
6
CONTINUOUS
10
0.175
20
0.7320472440944882
11
0.1379527559055118
21
0.7320472440944882
0
LINE
8
BLACK
6
CONTINUOUS
10
0.1379527559055118
20
0.7320472440944882
11
0.1379527559055118
21
0.6779527559055119
0
LINE
8
BLACK
6
CONTINUOUS
10
0.1379527559055118
20
0.6779527559055119
11
0.175
21
0.6779527559055119
0
LINE
8
BLACK
6
CONTINUOUS
10
0.175
20
0.6779527559055119
11
0.1760099212598425
21
0.6777746850393701
0
LINE
8
BLACK
6
CONTINUOUS
10
0.1760099212598425
20
0.6777746850393701
11
0.1775571653543307
21
0.6764763779527558
0
LINE
8
BLACK
6
CONTINUOUS
10
0.1775571653543307
20
0.6764763779527558
11
0.1779079133858268
21
0.6744872440944881
0
LINE
8
BLACK
6
CONTINUOUS
10
0.1779079133858268
20
0.6744872440944881
11
0.1768979921259843
21
0.6727380708661417
0
LINE
8
BLACK
6
CONTINUOUS
10
0.1768979921259843
20
0.6727380708661417
11
0.175
21
0.6720472440944881
0
LINE
8
BLACK
6
CONTINUOUS
10
0.175
20
0.6720472440944881
11
0.135
21
0.6720472440944881
0
LINE
8
BLACK
6
CONTINUOUS
10
0.135
20
0.6720472440944881
11
0.1346164566929134
21
0.672114842519685
0
LINE
8
BLACK
6
CONTINUOUS
10
0.1346164566929134
20
0.672114842519685
11
0.1344872440944882
21
0.6720920866141732
0
LINE
8
BLACK
6
CONTINUOUS
10
0.1344872440944882
20
0.6720920866141732
11
0.1343736220472441
21
0.6721576771653544
0
LINE
8
BLACK
6
CONTINUOUS
10
0.1343736220472441
20
0.6721576771653544
11
0.1339900787401575
21
0.6722253149606299
0
LINE
8
BLACK
6
CONTINUOUS
10
0.1339900787401575
20
0.6722253149606299
11
0.1334023622047244
21
0.6727184251968504
0
LINE
8
BLACK
6
CONTINUOUS
10
0.1334023622047244
20
0.6727184251968504
11
0.1327380708661417
21
0.6731020078740158
0
LINE
8
BLACK
6
CONTINUOUS
10
0.1327380708661417
20
0.6731020078740158
11
0.1326469291338583
21
0.6733523228346456
0
LINE
8
BLACK
6
CONTINUOUS
10
0.1326469291338583
20
0.6733523228346456
11
0.1324428346456693
21
0.673523622047244
0
LINE
8
BLACK
6
CONTINUOUS
10
0.1324428346456693
20
0.673523622047244
11
0.1323095669291338
21
0.6742791732283464
0
LINE
8
BLACK
6
CONTINUOUS
10
0.1323095669291338
20
0.6742791732283464
11
0.1320472440944882
21
0.6749999999999999
0
LINE
8
BLACK
6
CONTINUOUS
10
0.1320472440944882
20
0.6749999999999999
11
0.1320472440944882
21
0.735
0
LINE
8
BLACK
6
CONTINUOUS
10
0.1320472440944882
20
0.735
11
0.132114842519685
21
0.7353835039370079
0
LINE
8
BLACK
6
CONTINUOUS
10
0.132114842519685
20
0.7353835039370079
11
0.1320920866141732
21
0.7355127559055118
0
LINE
8
BLACK
6
CONTINUOUS
10
0.1320920866141732
20
0.7355127559055118
11
0.1321576771653543
21
0.7356263385826771
0
LINE
8
BLACK
6
CONTINUOUS
10
0.1321576771653543
20
0.7356263385826771
11
0.1322253149606299
21
0.7360099212598425
0
LINE
8
BLACK
6
CONTINUOUS
10
0.1322253149606299
20
0.7360099212598425
11
0.1327184251968504
21
0.7365975984251968
0
LINE
8
BLACK
6
CONTINUOUS
10
0.1327184251968504
20
0.7365975984251968
11
0.1331020078740157
21
0.7372619291338582
0
LINE
8
BLACK
6
CONTINUOUS
10
0.1331020078740157
20
0.7372619291338582
11
0.1333523228346457
21
0.737353031496063
0
LINE
8
BLACK
6
CONTINUOUS
10
0.1333523228346457
20
0.737353031496063
11
0.1335236220472441
21
0.7375571653543307
0
LINE
8
BLACK
6
CONTINUOUS
10
0.1335236220472441
20
0.7375571653543307
11
0.1342791732283465
21
0.7376903937007874
0
LINE
8
BLACK
6
CONTINUOUS
10
0.1342791732283465
20
0.7376903937007874
11
0.135
21
0.7379527559055118
0
LINE
8
BLACK
6
CONTINUOUS
10
0.135
20
0.7379527559055118
11
0.175
21
0.7379527559055118
0
LINE
8
BLACK
6
CONTINUOUS
10
0.175
20
0.7379527559055118
11
0.1760099212598425
21
0.73777468503937
0
LINE
8
BLACK
6
CONTINUOUS
10
0.1675988188976378
20
0.7023302755905512
11
0.1682285433070866
21
0.7008099999999999
0
LINE
8
BLACK
6
CONTINUOUS
10
0.1682285433070866
20
0.7008099999999999
11
0.1682285433070866
21
0.68111
0
LINE
8
BLACK
6
CONTINUOUS
10
0.1682285433070866
20
0.68111
11
0.1675988188976378
21
0.6795897244094488
0
LINE
8
BLACK
6
CONTINUOUS
10
0.1675988188976378
20
0.6795897244094488
11
0.1660785433070866
21
0.67896
0
LINE
8
BLACK
6
CONTINUOUS
10
0.1660785433070866
20
0.67896
11
0.1645582677165354
21
0.6795897244094488
0
LINE
8
BLACK
6
CONTINUOUS
10
0.1645582677165354
20
0.6795897244094488
11
0.1639285433070866
21
0.68111
0
LINE
8
BLACK
6
CONTINUOUS
10
0.1639285433070866
20
0.68111
11
0.1639285433070866
21
0.6892790551181103
0
LINE
8
BLACK
6
CONTINUOUS
10
0.1639285433070866
20
0.6892790551181103
11
0.1595118897637795
21
0.6892790551181103
0
LINE
8
BLACK
6
CONTINUOUS
10
0.1595118897637795
20
0.6892790551181103
11
0.1579916141732284
21
0.689908779527559
0
LINE
8
BLACK
6
CONTINUOUS
10
0.1579916141732284
20
0.689908779527559
11
0.1573618897637795
21
0.6914290551181103
0
LINE
8
BLACK
6
CONTINUOUS
10
0.1573618897637795
20
0.6914290551181103
11
0.1579916141732284
21
0.6929493307086614
0
LINE
8
BLACK
6
CONTINUOUS
10
0.1579916141732284
20
0.6929493307086614
11
0.1595118897637795
21
0.6935790551181102
0
LINE
8
BLACK
6
CONTINUOUS
10
0.1595118897637795
20
0.6935790551181102
11
0.1639285433070866
21
0.6935790551181102
0
LINE
8
BLACK
6
CONTINUOUS
10
0.1639285433070866
20
0.6935790551181102
11
0.1639285433070866
21
0.6986599999999999
0
LINE
8
BLACK
6
CONTINUOUS
10
0.1639285433070866
20
0.6986599999999999
11
0.1566975984251968
21
0.6986599999999999
0
LINE
8
BLACK
6
CONTINUOUS
10
0.1566975984251968
20
0.6986599999999999
11
0.1551773228346457
21
0.6992897244094488
0
LINE
8
BLACK
6
CONTINUOUS
10
0.1551773228346457
20
0.6992897244094488
11
0.1545475984251969
21
0.7008099999999999
0
LINE
8
BLACK
6
CONTINUOUS
10
0.1545475984251969
20
0.7008099999999999
11
0.1551773228346457
21
0.7023302755905512
0
LINE
8
BLACK
6
CONTINUOUS
10
0.1551773228346457
20
0.7023302755905512
11
0.1566975984251968
21
0.70296
0
LINE
8
BLACK
6
CONTINUOUS
10
0.1566975984251968
20
0.70296
11
0.1660785433070866
21
0.70296
0
LINE
8
BLACK
6
CONTINUOUS
10
0.1660785433070866
20
0.70296
11
0.1675988188976378
21
0.7023302755905512
0
LINE
8
BLACK
6
CONTINUOUS
10
0.1854226377952756
20
0.6957636220472441
11
0.1860523622047244
21
0.6942433464566929
0
LINE
8
BLACK
6
CONTINUOUS
10
0.1860523622047244
20
0.6942433464566929
11
0.1860523622047244
21
0.6839242913385827
0
LINE
8
BLACK
6
CONTINUOUS
10
0.1860523622047244
20
0.6839242913385827
11
0.1858608267716535
21
0.6834619291338583
0
LINE
8
BLACK
6
CONTINUOUS
10
0.1858608267716535
20
0.6834619291338583
11
0.1858253937007874
21
0.6829627952755906
0
LINE
8
BLACK
6
CONTINUOUS
10
0.1858253937007874
20
0.6829627952755906
11
0.1848873228346457
21
0.6810866141732284
0
LINE
8
BLACK
6
CONTINUOUS
10
0.1848873228346457
20
0.6810866141732284
11
0.1843724015748031
21
0.6806400393700788
0
LINE
8
BLACK
6
CONTINUOUS
10
0.1843724015748031
20
0.6806400393700788
11
0.1839258267716535
21
0.6801250787401575
0
LINE
8
BLACK
6
CONTINUOUS
10
0.1839258267716535
20
0.6801250787401575
11
0.1820496456692913
21
0.6791870078740158
0
LINE
8
BLACK
6
CONTINUOUS
10
0.1820496456692913
20
0.6791870078740158
11
0.1815504724409449
21
0.6791514960629921
0
LINE
8
BLACK
6
CONTINUOUS
10
0.1815504724409449
20
0.6791514960629921
11
0.1810881102362205
21
0.67896
0
LINE
8
BLACK
6
CONTINUOUS
10
0.1810881102362205
20
0.67896
11
0.1782738188976378
21
0.67896
0
LINE
8
BLACK
6
CONTINUOUS
10
0.1782738188976378
20
0.67896
11
0.1778114566929134
21
0.6791514960629921
0
LINE
8
BLACK
6
CONTINUOUS
10
0.1778114566929134
20
0.6791514960629921
11
0.1773123228346457
21
0.679186968503937
0
LINE
8
BLACK
6
CONTINUOUS
10
0.1773123228346457
20
0.679186968503937
11
0.1767211023622047
21
0.6794825590551181
0
LINE
8
BLACK
6
CONTINUOUS
10
0.1767211023622047
20
0.6794825590551181
11
0.1754595275590551
21
0.67896
0
LINE
8
BLACK
6
CONTINUOUS
10
0.1754595275590551
20
0.67896
11
0.1739392519685039
21
0.6795897244094488
0
LINE
8
BLACK
6
CONTINUOUS
10
0.1739392519685039
20
0.6795897244094488
11
0.1733095275590551
21
0.68111
0
LINE
8
BLACK
6
CONTINUOUS
10
0.1733095275590551
20
0.68111
11
0.1733095275590551
21
0.6942433464566929
0
LINE
8
BLACK
6
CONTINUOUS
10
0.1733095275590551
20
0.6942433464566929
11
0.1739392519685039
21
0.6957636220472441
0
LINE
8
BLACK
6
CONTINUOUS
10
0.1739392519685039
20
0.6957636220472441
11
0.1754595275590551
21
0.6963933464566929
0
LINE
8
BLACK
6
CONTINUOUS
10
0.1754595275590551
20
0.6963933464566929
11
0.1769798031496063
21
0.6957636220472441
0
LINE
8
BLACK
6
CONTINUOUS
10
0.1769798031496063
20
0.6957636220472441
11
0.1776095275590551
21
0.6942433464566929
0
LINE
8
BLACK
6
CONTINUOUS
10
0.1776095275590551
20
0.6942433464566929
11
0.1776095275590551
21
0.6838767322834646
0
LINE
8
BLACK
6
CONTINUOUS
10
0.1776095275590551
20
0.6838767322834646
11
0.1776711417322835
21
0.6838151181102362
0
LINE
8
BLACK
6
CONTINUOUS
10
0.1776711417322835
20
0.6838151181102362
11
0.1787813779527559
21
0.68326
0
LINE
8
BLACK
6
CONTINUOUS
10
0.1787813779527559
20
0.68326
11
0.1805805905511811
21
0.68326
0
LINE
8
BLACK
6
CONTINUOUS
10
0.1805805905511811
20
0.68326
11
0.1813617322834646
21
0.6836505511811023
0
LINE
8
BLACK
6
CONTINUOUS
10
0.1813617322834646
20
0.6836505511811023
11
0.1817523622047244
21
0.684431811023622
0
LINE
8
BLACK
6
CONTINUOUS
10
0.1817523622047244
20
0.684431811023622
11
0.1817523622047244
21
0.6942433464566929
0
LINE
8
BLACK
6
CONTINUOUS
10
0.1817523622047244
20
0.6942433464566929
11
0.1823820866141732
21
0.6957636220472441
0
LINE
8
BLACK
6
CONTINUOUS
10
0.1823820866141732
20
0.6957636220472441
11
0.1839023622047244
21
0.6963933464566929
0
LINE
8
BLACK
6
CONTINUOUS
10
0.1839023622047244
20
0.6963933464566929
11
0.1854226377952756
21
0.6957636220472441
0
LINE
8
BLACK
6
CONTINUOUS
10
0.1993742519685039
20
0.7027684645669291
11
0.1998734251968504
21
0.7027329921259843
0
LINE
8
BLACK
6
CONTINUOUS
10
0.1998734251968504
20
0.7027329921259843
11
0.2017496062992126
21
0.7017949212598426
0
LINE
8
BLACK
6
CONTINUOUS
10
0.2017496062992126
20
0.7017949212598426
11
0.2019814173228346
21
0.7015275590551181
0
LINE
8
BLACK
6
CONTINUOUS
10
0.2019814173228346
20
0.7015275590551181
11
0.2023083070866142
21
0.7013922047244094
0
LINE
8
BLACK
6
CONTINUOUS
10
0.2023083070866142
20
0.7013922047244094
11
0.2032464173228346
21
0.7004541338582677
0
LINE
8
BLACK
6
CONTINUOUS
10
0.2032464173228346
20
0.7004541338582677
11
0.203381811023622
21
0.7001271653543307
0
LINE
8
BLACK
6
CONTINUOUS
10
0.203381811023622
20
0.7001271653543307
11
0.2036492125984252
21
0.69989531496063
0
LINE
8
BLACK
6
CONTINUOUS
10
0.2036492125984252
20
0.69989531496063
11
0.2045872834645669
21
0.6980190551181102
0
LINE
8
BLACK
6
CONTINUOUS
10
0.2045872834645669
20
0.6980190551181102
11
0.2046045669291338
21
0.6977753149606299
0
LINE
8
BLACK
6
CONTINUOUS
10
0.2046045669291338
20
0.6977753149606299
11
0.2047500393700787
21
0.6975790551181102
0
LINE
8
BLACK
6
CONTINUOUS
10
0.2047500393700787
20
0.6975790551181102
11
0.2056881496062992
21
0.6938267322834646
0
LINE
8
BLACK
6
CONTINUOUS
10
0.2056881496062992
20
0.6938267322834646
11
0.205648031496063
21
0.6935570866141733
0
LINE
8
BLACK
6
CONTINUOUS
10
0.205648031496063
20
0.6935570866141733
11
0.2057523622047244
21
0.6933052362204725
0
LINE
8
BLACK
6
CONTINUOUS
10
0.2057523622047244
20
0.6933052362204725
11
0.2057523622047244
21
0.6886147637795276
0
LINE
8
BLACK
6
CONTINUOUS
10
0.2057523622047244
20
0.6886147637795276
11
0.205648031496063
21
0.688362874015748
0
LINE
8
BLACK
6
CONTINUOUS
10
0.205648031496063
20
0.688362874015748
11
0.2056881496062992
21
0.6880933070866142
0
LINE
8
BLACK
6
CONTINUOUS
10
0.2056881496062992
20
0.6880933070866142
11
0.2047500393700787
21
0.684340905511811
0
LINE
8
BLACK
6
CONTINUOUS
10
0.2047500393700787
20
0.684340905511811
11
0.2046045669291338
21
0.6841446062992126
0
LINE
8
BLACK
6
CONTINUOUS
10
0.2046045669291338
20
0.6841446062992126
11
0.2045872834645669
21
0.6839008661417323
0
LINE
8
BLACK
6
CONTINUOUS
10
0.2045872834645669
20
0.6839008661417323
11
0.2036492125984252
21
0.6820246850393701
0
LINE
8
BLACK
6
CONTINUOUS
10
0.2036492125984252
20
0.6820246850393701
11
0.203381811023622
21
0.6817927952755906
0
LINE
8
BLACK
6
CONTINUOUS
10
0.203381811023622
20
0.6817927952755906
11
0.2032464173228346
21
0.6814658661417322
0
LINE
8
BLACK
6
CONTINUOUS
10
0.2032464173228346
20
0.6814658661417322
11
0.2023083070866142
21
0.6805277952755905
0
LINE
8
BLACK
6
CONTINUOUS
10
0.2023083070866142
20
0.6805277952755905
11
0.2019814173228346
21
0.6803924015748032
0
LINE
8
BLACK
6
CONTINUOUS
10
0.2019814173228346
20
0.6803924015748032
11
0.2017496062992126
21
0.6801250787401575
0
LINE
8
BLACK
6
CONTINUOUS
10
0.2017496062992126
20
0.6801250787401575
11
0.1998734251968504
21
0.6791870078740158
0
LINE
8
BLACK
6
CONTINUOUS
10
0.1998734251968504
20
0.6791870078740158
11
0.1993742519685039
21
0.6791514960629921
0
LINE
8
BLACK
6
CONTINUOUS
10
0.1993742519685039
20
0.6791514960629921
11
0.1989118897637795
21
0.67896
0
LINE
8
BLACK
6
CONTINUOUS
10
0.1989118897637795
20
0.67896
11
0.1970357086614173
21
0.67896
0
LINE
8
BLACK
6
CONTINUOUS
10
0.1970357086614173
20
0.67896
11
0.1965733464566929
21
0.6791514960629921
0
LINE
8
BLACK
6
CONTINUOUS
10
0.1965733464566929
20
0.6791514960629921
11
0.1960742125984252
21
0.679186968503937
0
LINE
8
BLACK
6
CONTINUOUS
10
0.1960742125984252
20
0.679186968503937
11
0.1941979921259842
21
0.6801250787401575
0
LINE
8
BLACK
6
CONTINUOUS
10
0.1941979921259842
20
0.6801250787401575
11
0.1939661023622047
21
0.6803924015748032
0
LINE
8
BLACK
6
CONTINUOUS
10
0.1939661023622047
20
0.6803924015748032
11
0.1936392125984252
21
0.6805278346456692
0
LINE
8
BLACK
6
CONTINUOUS
10
0.1936392125984252
20
0.6805278346456692
11
0.1927011417322834
21
0.681465905511811
0
LINE
8
BLACK
6
CONTINUOUS
10
0.1927011417322834
20
0.681465905511811
11
0.1925657086614173
21
0.6817927559055118
0
LINE
8
BLACK
6
CONTINUOUS
10
0.1925657086614173
20
0.6817927559055118
11
0.1922983858267716
21
0.6820246456692913
0
LINE
8
BLACK
6
CONTINUOUS
10
0.1922983858267716
20
0.6820246456692913
11
0.1913603149606299
21
0.6839008267716535
0
LINE
8
BLACK
6
CONTINUOUS
10
0.1913603149606299
20
0.6839008267716535
11
0.1913429527559055
21
0.6841445275590551
0
LINE
8
BLACK
6
CONTINUOUS
10
0.1913429527559055
20
0.6841445275590551
11
0.1911974803149606
21
0.6843409448818898
0
LINE
8
BLACK
6
CONTINUOUS
10
0.1911974803149606
20
0.6843409448818898
11
0.1902594094488189
21
0.6880933464566928
0
LINE
8
BLACK
6
CONTINUOUS
10
0.1902594094488189
20
0.6880933464566928
11
0.1902995275590551
21
0.6883629527559055
0
LINE
8
BLACK
6
CONTINUOUS
10
0.1902995275590551
20
0.6883629527559055
11
0.1901952362204724
21
0.6886147637795276
0
LINE
8
BLACK
6
CONTINUOUS
10
0.1901952362204724
20
0.6886147637795276
11
0.1901952362204724
21
0.6933052362204725
0
LINE
8
BLACK
6
CONTINUOUS
10
0.1901952362204724
20
0.6933052362204725
11
0.1902995275590551
21
0.6935570472440945
0
LINE
8
BLACK
6
CONTINUOUS
10
0.1902995275590551
20
0.6935570472440945
11
0.1902594094488189
21
0.6938266929133858
0
LINE
8
BLACK
6
CONTINUOUS
10
0.1902594094488189
20
0.6938266929133858
11
0.1911974803149606
21
0.6975790157480315
0
LINE
8
BLACK
6
CONTINUOUS
10
0.1911974803149606
20
0.6975790157480315
11
0.1913429527559055
21
0.6977753543307087
0
LINE
8
BLACK
6
CONTINUOUS
10
0.1913429527559055
20
0.6977753543307087
11
0.1913602755905512
21
0.698019094488189
0
LINE
8
BLACK
6
CONTINUOUS
10
0.1913602755905512
20
0.698019094488189
11
0.1922983858267716
21
0.69989531496063
0
LINE
8
BLACK
6
CONTINUOUS
10
0.1922983858267716
20
0.69989531496063
11
0.1925657086614173
21
0.7001271653543307
0
LINE
8
BLACK
6
CONTINUOUS
10
0.1925657086614173
20
0.7001271653543307
11
0.1927011417322834
21
0.700454094488189
0
LINE
8
BLACK
6
CONTINUOUS
10
0.1927011417322834
20
0.700454094488189
11
0.1936392125984252
21
0.7013921653543307
0
LINE
8
BLACK
6
CONTINUOUS
10
0.1936392125984252
20
0.7013921653543307
11
0.1939661023622047
21
0.7015275590551181
0
LINE
8
BLACK
6
CONTINUOUS
10
0.1939661023622047
20
0.7015275590551181
11
0.1941979921259842
21
0.7017949212598426
0
LINE
8
BLACK
6
CONTINUOUS
10
0.1941979921259842
20
0.7017949212598426
11
0.1960742125984252
21
0.7027330314960629
0
LINE
8
BLACK
6
CONTINUOUS
10
0.1960742125984252
20
0.7027330314960629
11
0.1965733464566929
21
0.7027684645669291
0
LINE
8
BLACK
6
CONTINUOUS
10
0.1965733464566929
20
0.7027684645669291
11
0.1970357086614173
21
0.70296
0
LINE
8
BLACK
6
CONTINUOUS
10
0.1970357086614173
20
0.70296
11
0.1989118897637795
21
0.70296
0
LINE
8
BLACK
6
CONTINUOUS
10
0.1989118897637795
20
0.70296
11
0.1993742519685039
21
0.7027684645669291
0
LINE
8
BLACK
6
CONTINUOUS
10
0.196433031496063
20
0.6981048818897637
11
0.1959884251968504
21
0.6976602755905512
0
LINE
8
BLACK
6
CONTINUOUS
10
0.1959884251968504
20
0.6976602755905512
11
0.1953118897637795
21
0.6963072440944882
0
LINE
8
BLACK
6
CONTINUOUS
10
0.1953118897637795
20
0.6963072440944882
11
0.1944952362204724
21
0.6930404724409449
0
LINE
8
BLACK
6
CONTINUOUS
10
0.1944952362204724
20
0.6930404724409449
11
0.1944952362204724
21
0.6888794488188976
0
LINE
8
BLACK
6
CONTINUOUS
10
0.1944952362204724
20
0.6888794488188976
11
0.1953119291338583
21
0.6856126377952756
0
LINE
8
BLACK
6
CONTINUOUS
10
0.1953119291338583
20
0.6856126377952756
11
0.1959883464566929
21
0.6842597637795276
0
LINE
8
BLACK
6
CONTINUOUS
10
0.1959883464566929
20
0.6842597637795276
11
0.196433031496063
21
0.6838151181102362
0
LINE
8
BLACK
6
CONTINUOUS
10
0.196433031496063
20
0.6838151181102362
11
0.1975432677165354
21
0.68326
0
LINE
8
BLACK
6
CONTINUOUS
10
0.1975432677165354
20
0.68326
11
0.1984043700787401
21
0.68326
0
LINE
8
BLACK
6
CONTINUOUS
10
0.1984043700787401
20
0.68326
11
0.1995144881889764
21
0.6838150787401575
0
LINE
8
BLACK
6
CONTINUOUS
10
0.1995144881889764
20
0.6838150787401575
11
0.1999591732283464
21
0.6842597244094488
0
LINE
8
BLACK
6
CONTINUOUS
10
0.1999591732283464
20
0.6842597244094488
11
0.2006357086614173
21
0.6856128346456692
0
LINE
8
BLACK
6
CONTINUOUS
10
0.2006357086614173
20
0.6856128346456692
11
0.2014523622047244
21
0.6888794881889764
0
LINE
8
BLACK
6
CONTINUOUS
10
0.2014523622047244
20
0.6888794881889764
11
0.2014523622047244
21
0.6930404724409449
0
LINE
8
BLACK
6
CONTINUOUS
10
0.2014523622047244
20
0.6930404724409449
11
0.2006357086614173
21
0.6963070866141732
0
LINE
8
BLACK
6
CONTINUOUS
10
0.2006357086614173
20
0.6963070866141732
11
0.1999591338582677
21
0.6976602362204725
0
LINE
8
BLACK
6
CONTINUOUS
10
0.1999591338582677
20
0.6976602362204725
11
0.1995144881889764
21
0.6981048818897637
0
LINE
8
BLACK
6
CONTINUOUS
10
0.1995144881889764
20
0.6981048818897637
11
0.1984043700787401
21
0.6986599999999999
0
LINE
8
BLACK
6
CONTINUOUS
10
0.1984043700787401
20
0.6986599999999999
11
0.1975432677165354
21
0.6986599999999999
0
LINE
8
BLACK
6
CONTINUOUS
10
0.1975432677165354
20
0.6986599999999999
11
0.196433031496063
21
0.6981048818897637
0
LINE
8
BLACK
6
CONTINUOUS
10
0.2169401968503937
20
0.7028752755905512
11
0.2171573228346457
21
0.7029182283464567
0
LINE
8
BLACK
6
CONTINUOUS
10
0.2171573228346457
20
0.7029182283464567
11
0.2176774409448819
21
0.7025698818897638
0
LINE
8
BLACK
6
CONTINUOUS
10
0.2176774409448819
20
0.7025698818897638
11
0.2182559448818898
21
0.7023302755905512
0
LINE
8
BLACK
6
CONTINUOUS
10
0.2182559448818898
20
0.7023302755905512
11
0.2183406299212598
21
0.7021257480314961
0
LINE
8
BLACK
6
CONTINUOUS
10
0.2183406299212598
20
0.7021257480314961
11
0.2185245669291339
21
0.7020025984251969
0
LINE
8
BLACK
6
CONTINUOUS
10
0.2185245669291339
20
0.7020025984251969
11
0.2202827165354331
21
0.6993653937007874
0
LINE
8
BLACK
6
CONTINUOUS
10
0.2202827165354331
20
0.6993653937007874
11
0.2217616141732283
21
0.6978864960629921
0
LINE
8
BLACK
6
CONTINUOUS
10
0.2217616141732283
20
0.6978864960629921
11
0.2233257874015748
21
0.6971044488188977
0
LINE
8
BLACK
6
CONTINUOUS
10
0.2233257874015748
20
0.6971044488188977
11
0.2244038976377953
21
0.6958612992125984
0
LINE
8
BLACK
6
CONTINUOUS
10
0.2244038976377953
20
0.6958612992125984
11
0.2242872440944882
21
0.6942198818897638
0
LINE
8
BLACK
6
CONTINUOUS
10
0.2242872440944882
20
0.6942198818897638
11
0.2230441338582677
21
0.6931417322834645
0
LINE
8
BLACK
6
CONTINUOUS
10
0.2230441338582677
20
0.6931417322834645
11
0.2214027165354331
21
0.6932584251968503
0
LINE
8
BLACK
6
CONTINUOUS
10
0.2214027165354331
20
0.6932584251968503
11
0.2195265354330709
21
0.6941965354330708
0
LINE
8
BLACK
6
CONTINUOUS
10
0.2195265354330709
20
0.6941965354330708
11
0.2192946850393701
21
0.6944638188976378
0
LINE
8
BLACK
6
CONTINUOUS
10
0.2192946850393701
20
0.6944638188976378
11
0.2189677952755905
21
0.6945992519685039
0
LINE
8
BLACK
6
CONTINUOUS
10
0.2189677952755905
20
0.6945992519685039
11
0.2188856692913386
21
0.6946813779527559
0
LINE
8
BLACK
6
CONTINUOUS
10
0.2188856692913386
20
0.6946813779527559
11
0.2188856692913386
21
0.68326
0
LINE
8
BLACK
6
CONTINUOUS
10
0.2188856692913386
20
0.68326
11
0.2223642519685039
21
0.68326
0
LINE
8
BLACK
6
CONTINUOUS
10
0.2223642519685039
20
0.68326
11
0.2238845275590551
21
0.6826302755905511
0
LINE
8
BLACK
6
CONTINUOUS
10
0.2238845275590551
20
0.6826302755905511
11
0.2245142519685039
21
0.68111
0
LINE
8
BLACK
6
CONTINUOUS
10
0.2245142519685039
20
0.68111
11
0.2238845275590551
21
0.6795897244094488
0
LINE
8
BLACK
6
CONTINUOUS
10
0.2238845275590551
20
0.6795897244094488
11
0.2223642519685039
21
0.67896
0
LINE
8
BLACK
6
CONTINUOUS
10
0.2223642519685039
20
0.67896
11
0.2167356692913386
21
0.67896
0
LINE
8
BLACK
6
CONTINUOUS
10
0.2167356692913386
20
0.67896
11
0.211107125984252
21
0.67896
0
LINE
8
BLACK
6
CONTINUOUS
10
0.211107125984252
20
0.67896
11
0.2095868503937008
21
0.6795897244094488
0
LINE
8
BLACK
6
CONTINUOUS
10
0.2095868503937008
20
0.6795897244094488
11
0.208957125984252
21
0.68111
0
LINE
8
BLACK
6
CONTINUOUS
10
0.208957125984252
20
0.68111
11
0.2095868503937008
21
0.6826302755905511
0
LINE
8
BLACK
6
CONTINUOUS
10
0.2095868503937008
20
0.6826302755905511
11
0.211107125984252
21
0.68326
0
LINE
8
BLACK
6
CONTINUOUS
10
0.211107125984252
20
0.68326
11
0.2145856692913386
21
0.68326
0
LINE
8
BLACK
6
CONTINUOUS
10
0.2145856692913386
20
0.68326
11
0.2145856692913386
21
0.7008099999999999
0
LINE
8
BLACK
6
CONTINUOUS
10
0.2145856692913386
20
0.7008099999999999
11
0.2146703543307087
21
0.7010145275590551
0
LINE
8
BLACK
6
CONTINUOUS
10
0.2146703543307087
20
0.7010145275590551
11
0.2146274409448819
21
0.7012316535433071
0
LINE
8
BLACK
6
CONTINUOUS
10
0.2146274409448819
20
0.7012316535433071
11
0.2149757480314961
21
0.7017517716535433
0
LINE
8
BLACK
6
CONTINUOUS
10
0.2149757480314961
20
0.7017517716535433
11
0.2152153937007874
21
0.7023302755905512
0
LINE
8
BLACK
6
CONTINUOUS
10
0.2152153937007874
20
0.7023302755905512
11
0.2154198818897638
21
0.7024149606299213
0
LINE
8
BLACK
6
CONTINUOUS
10
0.2154198818897638
20
0.7024149606299213
11
0.2155430708661417
21
0.7025988976377953
0
LINE
8
BLACK
6
CONTINUOUS
10
0.2155430708661417
20
0.7025988976377953
11
0.2161571653543307
21
0.7027203543307087
0
LINE
8
BLACK
6
CONTINUOUS
10
0.2161571653543307
20
0.7027203543307087
11
0.2167356692913386
21
0.70296
0
LINE
8
BLACK
6
CONTINUOUS
10
0.2167356692913386
20
0.70296
11
0.2169401968503937
21
0.7028752755905512
0
LINE
8
BLACK
6
CONTINUOUS
10
0.6129999606299212
20
0.7780629921259843
11
0.6151961023622047
21
0.7758668503937007
0
LINE
8
BLACK
6
CONTINUOUS
10
0.6151961023622047
20
0.7758668503937007
11
0.6159999606299212
21
0.7728668503937007
0
LINE
8
BLACK
6
CONTINUOUS
10
0.6159999606299212
20
0.7728668503937007
11
0.6151961023622047
21
0.7698668503937007
0
LINE
8
BLACK
6
CONTINUOUS
10
0.6151961023622047
20
0.7698668503937007
11
0.6129999606299212
21
0.7676707086614173
0
LINE
8
BLACK
6
CONTINUOUS
10
0.6129999606299212
20
0.7676707086614173
11
0.6099999606299212
21
0.7668668503937007
0
LINE
8
BLACK
6
CONTINUOUS
10
0.6099999606299212
20
0.7668668503937007
11
0.5973527559055118
21
0.7668668503937007
0
LINE
8
BLACK
6
CONTINUOUS
10
0.5973527559055118
20
0.7668668503937007
11
0.5973527559055118
21
0.7539834251968504
0
LINE
8
BLACK
6
CONTINUOUS
10
0.5973527559055118
20
0.7539834251968504
11
0.5973725984251969
21
0.753960748031496
0
LINE
8
BLACK
6
CONTINUOUS
10
0.5973725984251969
20
0.753960748031496
11
0.5976341732283464
21
0.753428779527559
0
LINE
8
BLACK
6
CONTINUOUS
10
0.5976341732283464
20
0.753428779527559
11
0.5980532677165354
21
0.7530097244094488
0
LINE
8
BLACK
6
CONTINUOUS
10
0.5980532677165354
20
0.7530097244094488
11
0.5983082677165354
21
0.7520579527559055
0
LINE
8
BLACK
6
CONTINUOUS
10
0.5983082677165354
20
0.7520579527559055
11
0.5987431496062992
21
0.7511736614173228
0
LINE
8
BLACK
6
CONTINUOUS
10
0.5987431496062992
20
0.7511736614173228
11
0.5987037007874015
21
0.7505822047244094
0
LINE
8
BLACK
6
CONTINUOUS
10
0.5987037007874015
20
0.7505822047244094
11
0.598857125984252
21
0.7500097244094488
0
LINE
8
BLACK
6
CONTINUOUS
10
0.598857125984252
20
0.7500097244094488
11
0.5986020866141732
21
0.7490579133858267
0
LINE
8
BLACK
6
CONTINUOUS
10
0.5986020866141732
20
0.7490579133858267
11
0.5985365354330708
21
0.7480747244094488
0
LINE
8
BLACK
6
CONTINUOUS
10
0.5985365354330708
20
0.7480747244094488
11
0.598206653543307
21
0.7475822440944881
0
LINE
8
BLACK
6
CONTINUOUS
10
0.598206653543307
20
0.7475822440944881
11
0.5980532677165354
21
0.7470097244094488
0
LINE
8
BLACK
6
CONTINUOUS
10
0.5980532677165354
20
0.7470097244094488
11
0.5973565354330709
21
0.7463129921259842
0
LINE
8
BLACK
6
CONTINUOUS
10
0.5973565354330709
20
0.7463129921259842
11
0.5973527559055118
21
0.7463073228346456
0
LINE
8
BLACK
6
CONTINUOUS
10
0.5973527559055118
20
0.7463073228346456
11
0.5973527559055118
21
0.735385748031496
0
LINE
8
BLACK
6
CONTINUOUS
10
0.5973527559055118
20
0.735385748031496
11
0.631661062992126
21
0.7714356299212598
0
LINE
8
BLACK
6
CONTINUOUS
10
0.631661062992126
20
0.7714356299212598
11
0.6322514566929134
21
0.7718711417322834
0
LINE
8
BLACK
6
CONTINUOUS
10
0.6322514566929134
20
0.7718711417322834
11
0.6323236220472441
21
0.7719571653543307
0
LINE
8
BLACK
6
CONTINUOUS
10
0.6323236220472441
20
0.7719571653543307
11
0.632381968503937
21
0.7719674409448819
0
LINE
8
BLACK
6
CONTINUOUS
10
0.632381968503937
20
0.7719674409448819
11
0.6324862992125984
21
0.7720444094488189
0
LINE
8
BLACK
6
CONTINUOUS
10
0.6324862992125984
20
0.7720444094488189
11
0.6334035826771653
21
0.7721475590551181
0
LINE
8
BLACK
6
CONTINUOUS
10
0.6334035826771653
20
0.7721475590551181
11
0.6343127559055118
21
0.7723079133858267
0
LINE
8
BLACK
6
CONTINUOUS
10
0.6343127559055118
20
0.7723079133858267
11
0.6343968503937008
21
0.7722593307086614
0
LINE
8
BLACK
6
CONTINUOUS
10
0.6343968503937008
20
0.7722593307086614
11
0.6344934251968504
21
0.7722701968503937
0
LINE
8
BLACK
6
CONTINUOUS
10
0.6344934251968504
20
0.7722701968503937
11
0.6349202755905512
21
0.7719867322834646
0
LINE
8
BLACK
6
CONTINUOUS
10
0.6349202755905512
20
0.7719867322834646
11
0.637185905511811
21
0.7742523622047244
0
LINE
8
BLACK
6
CONTINUOUS
10
0.637185905511811
20
0.7742523622047244
11
0.6383802755905512
21
0.7749419291338583
0
LINE
8
BLACK
6
CONTINUOUS
10
0.6383802755905512
20
0.7749419291338583
11
0.6395311811023622
21
0.775701811023622
0
LINE
8
BLACK
6
CONTINUOUS
10
0.6395311811023622
20
0.775701811023622
11
0.6481025984251968
21
0.7785589763779527
0
LINE
8
BLACK
6
CONTINUOUS
10
0.6481025984251968
20
0.7785589763779527
11
0.649066968503937
21
0.7786168503937008
0
LINE
8
BLACK
6
CONTINUOUS
10
0.649066968503937
20
0.7786168503937008
11
0.6499999606299213
21
0.7788668503937007
0
LINE
8
BLACK
6
CONTINUOUS
10
0.6499999606299213
20
0.7788668503937007
11
0.6642856692913386
21
0.7788668503937007
0
LINE
8
BLACK
6
CONTINUOUS
10
0.6642856692913386
20
0.7788668503937007
11
0.6672856692913386
21
0.7780629921259843
0
LINE
8
BLACK
6
CONTINUOUS
10
0.6672856692913386
20
0.7780629921259843
11
0.669481811023622
21
0.7758668503937007
0
LINE
8
BLACK
6
CONTINUOUS
10
0.669481811023622
20
0.7758668503937007
11
0.6702856692913386
21
0.7728668503937007
0
LINE
8
BLACK
6
CONTINUOUS
10
0.6702856692913386
20
0.7728668503937007
11
0.6702856692913386
21
0.7128668503937008
0
LINE
8
BLACK
6
CONTINUOUS
10
0.6702856692913386
20
0.7128668503937008
11
0.669481811023622
21
0.7098668503937008
0
LINE
8
BLACK
6
CONTINUOUS
10
0.669481811023622
20
0.7098668503937008
11
0.6672856692913386
21
0.7076707086614173
0
LINE
8
BLACK
6
CONTINUOUS
10
0.6672856692913386
20
0.7076707086614173
11
0.6642856692913386
21
0.7068668503937008
0
LINE
8
BLACK
6
CONTINUOUS
10
0.6642856692913386
20
0.7068668503937008
11
0.6499999606299213
21
0.7068668503937008
0
LINE
8
BLACK
6
CONTINUOUS
10
0.6499999606299213
20
0.7068668503937008
11
0.6490668110236221
21
0.7071168503937008
0
LINE
8
BLACK
6
CONTINUOUS
10
0.6490668110236221
20
0.7071168503937008
11
0.6481025984251968
21
0.7071747637795276
0
LINE
8
BLACK
6
CONTINUOUS
10
0.6481025984251968
20
0.7071747637795276
11
0.6395311417322834
21
0.7100319291338583
0
LINE
8
BLACK
6
CONTINUOUS
10
0.6395311417322834
20
0.7100319291338583
11
0.6383803149606299
21
0.7107917322834646
0
LINE
8
BLACK
6
CONTINUOUS
10
0.6383803149606299
20
0.7107917322834646
11
0.637185905511811
21
0.7114813779527559
0
LINE
8
BLACK
6
CONTINUOUS
10
0.637185905511811
20
0.7114813779527559
11
0.6367527559055118
21
0.7119144881889764
0
LINE
8
BLACK
6
CONTINUOUS
10
0.6367527559055118
20
0.7119144881889764
11
0.6367527559055118
21
0.6906
0
LINE
8
BLACK
6
CONTINUOUS
10
0.6367527559055118
20
0.6906
11
0.6366407874015748
21
0.6899650787401574
0
LINE
8
BLACK
6
CONTINUOUS
10
0.6366407874015748
20
0.6899650787401574
11
0.6366521259842519
21
0.6898357874015748
0
LINE
8
BLACK
6
CONTINUOUS
10
0.6366521259842519
20
0.6898357874015748
11
0.6366064960629921
21
0.6897706299212598
0
LINE
8
BLACK
6
CONTINUOUS
10
0.6366064960629921
20
0.6897706299212598
11
0.6365746850393701
21
0.6895900787401574
0
LINE
8
BLACK
6
CONTINUOUS
10
0.6365746850393701
20
0.6895900787401574
11
0.6360032677165354
21
0.6889090944881889
0
LINE
8
BLACK
6
CONTINUOUS
10
0.6360032677165354
20
0.6889090944881889
11
0.6354936220472441
21
0.6881812204724409
0
LINE
8
BLACK
6
CONTINUOUS
10
0.6354936220472441
20
0.6881812204724409
11
0.6353631496062992
21
0.6881462598425196
0
LINE
8
BLACK
6
CONTINUOUS
10
0.6353631496062992
20
0.6881462598425196
11
0.6352763779527559
21
0.6880428346456693
0
LINE
8
BLACK
6
CONTINUOUS
10
0.6352763779527559
20
0.6880428346456693
11
0.6344009448818897
21
0.6878884645669291
0
LINE
8
BLACK
6
CONTINUOUS
10
0.6344009448818897
20
0.6878884645669291
11
0.6335426377952755
21
0.6876585039370079
0
LINE
8
BLACK
6
CONTINUOUS
10
0.6335426377952755
20
0.6876585039370079
11
0.6334202755905511
21
0.6877155118110236
0
LINE
8
BLACK
6
CONTINUOUS
10
0.6334202755905511
20
0.6877155118110236
11
0.6332872440944882
21
0.6876920866141732
0
LINE
8
BLACK
6
CONTINUOUS
10
0.6332872440944882
20
0.6876920866141732
11
0.6325174015748032
21
0.6881365354330709
0
LINE
8
BLACK
6
CONTINUOUS
10
0.6325174015748032
20
0.6881365354330709
11
0.6317120866141732
21
0.6885120866141732
0
LINE
8
BLACK
6
CONTINUOUS
10
0.6317120866141732
20
0.6885120866141732
11
0.6098476377952756
21
0.7103764960629921
0
LINE
8
BLACK
6
CONTINUOUS
10
0.6098476377952756
20
0.7103764960629921
11
0.6098261417322834
21
0.7103574409448818
0
LINE
8
BLACK
6
CONTINUOUS
10
0.6098261417322834
20
0.7103574409448818
11
0.6041118503937007
21
0.7075002755905512
0
LINE
8
BLACK
6
CONTINUOUS
10
0.6041118503937007
20
0.7075002755905512
11
0.6027605118110236
21
0.7072237401574804
0
LINE
8
BLACK
6
CONTINUOUS
10
0.6027605118110236
20
0.7072237401574804
11
0.6014285433070866
21
0.7068668503937008
0
LINE
8
BLACK
6
CONTINUOUS
10
0.6014285433070866
20
0.7068668503937008
11
0.5973527559055118
21
0.7068668503937008
0
LINE
8
BLACK
6
CONTINUOUS
10
0.5973527559055118
20
0.7068668503937008
11
0.5973527559055118
21
0.6887
0
LINE
8
BLACK
6
CONTINUOUS
10
0.5973527559055118
20
0.6887
11
0.5971746850393701
21
0.6876900787401574
0
LINE
8
BLACK
6
CONTINUOUS
10
0.5971746850393701
20
0.6876900787401574
11
0.5958763779527559
21
0.6861428346456693
0
LINE
8
BLACK
6
CONTINUOUS
10
0.5958763779527559
20
0.6861428346456693
11
0.5938872440944881
21
0.6857920866141732
0
LINE
8
BLACK
6
CONTINUOUS
10
0.5938872440944881
20
0.6857920866141732
11
0.5921380708661417
21
0.6868020078740157
0
LINE
8
BLACK
6
CONTINUOUS
10
0.5921380708661417
20
0.6868020078740157
11
0.5914472440944881
21
0.6887
0
LINE
8
BLACK
6
CONTINUOUS
10
0.5914472440944881
20
0.6887
11
0.5914472440944881
21
0.7068668503937008
0
LINE
8
BLACK
6
CONTINUOUS
10
0.5914472440944881
20
0.7068668503937008
11
0.5842856692913385
21
0.7068668503937008
0
LINE
8
BLACK
6
CONTINUOUS
10
0.5842856692913385
20
0.7068668503937008
11
0.5829533858267716
21
0.7072238188976377
0
LINE
8
BLACK
6
CONTINUOUS
10
0.5829533858267716
20
0.7072238188976377
11
0.5816023622047244
21
0.7075003149606299
0
LINE
8
BLACK
6
CONTINUOUS
10
0.5816023622047244
20
0.7075003149606299
11
0.5758881102362204
21
0.7103574803149606
0
LINE
8
BLACK
6
CONTINUOUS
10
0.5758881102362204
20
0.7103574803149606
11
0.5751653937007873
21
0.7109983464566929
0
LINE
8
BLACK
6
CONTINUOUS
10
0.5751653937007873
20
0.7109983464566929
11
0.5743288188976378
21
0.7114813385826771
0
LINE
8
BLACK
6
CONTINUOUS
10
0.5743288188976378
20
0.7114813385826771
11
0.5714716535433071
21
0.7143384645669291
0
LINE
8
BLACK
6
CONTINUOUS
10
0.5714716535433071
20
0.7143384645669291
11
0.5709886220472441
21
0.7151750393700788
0
LINE
8
BLACK
6
CONTINUOUS
10
0.5709886220472441
20
0.7151750393700788
11
0.5703476771653543
21
0.715897874015748
0
LINE
8
BLACK
6
CONTINUOUS
10
0.5703476771653543
20
0.715897874015748
11
0.5674905511811024
21
0.7216121653543307
0
LINE
8
BLACK
6
CONTINUOUS
10
0.5674905511811024
20
0.7216121653543307
11
0.5672140551181102
21
0.7229633070866142
0
LINE
8
BLACK
6
CONTINUOUS
10
0.5672140551181102
20
0.7229633070866142
11
0.566857125984252
21
0.7242954330708661
0
LINE
8
BLACK
6
CONTINUOUS
10
0.566857125984252
20
0.7242954330708661
11
0.566857125984252
21
0.7385811417322834
0
LINE
8
BLACK
6
CONTINUOUS
10
0.566857125984252
20
0.7385811417322834
11
0.5672140551181102
21
0.7399132283464567
0
LINE
8
BLACK
6
CONTINUOUS
10
0.5672140551181102
20
0.7399132283464567
11
0.5674905511811024
21
0.7412644094488189
0
LINE
8
BLACK
6
CONTINUOUS
10
0.5674905511811024
20
0.7412644094488189
11
0.5703476771653543
21
0.7469787007874016
0
LINE
8
BLACK
6
CONTINUOUS
10
0.5703476771653543
20
0.7469787007874016
11
0.5709886220472441
21
0.7477014960629921
0
LINE
8
BLACK
6
CONTINUOUS
10
0.5709886220472441
20
0.7477014960629921
11
0.5714716535433071
21
0.7485381102362204
0
LINE
8
BLACK
6
CONTINUOUS
10
0.5714716535433071
20
0.7485381102362204
11
0.5743288188976378
21
0.7513952362204724
0
LINE
8
BLACK
6
CONTINUOUS
10
0.5743288188976378
20
0.7513952362204724
11
0.5751653937007873
21
0.7518781889763779
0
LINE
8
BLACK
6
CONTINUOUS
10
0.5751653937007873
20
0.7518781889763779
11
0.5758881102362204
21
0.752519094488189
0
LINE
8
BLACK
6
CONTINUOUS
10
0.5758881102362204
20
0.752519094488189
11
0.5806190157480314
21
0.7548845669291339
0
LINE
8
BLACK
6
CONTINUOUS
10
0.5806190157480314
20
0.7548845669291339
11
0.5683416535433071
21
0.7689158267716535
0
LINE
8
BLACK
6
CONTINUOUS
10
0.5683416535433071
20
0.7689158267716535
11
0.5680800393700788
21
0.7694477559055118
0
LINE
8
BLACK
6
CONTINUOUS
10
0.5680800393700788
20
0.7694477559055118
11
0.5676609842519685
21
0.7698668503937007
0
LINE
8
BLACK
6
CONTINUOUS
10
0.5676609842519685
20
0.7698668503937007
11
0.5674059448818898
21
0.7708185826771653
0
LINE
8
BLACK
6
CONTINUOUS
10
0.5674059448818898
20
0.7708185826771653
11
0.5669711023622047
21
0.7717029133858267
0
LINE
8
BLACK
6
CONTINUOUS
10
0.5669711023622047
20
0.7717029133858267
11
0.5670105118110236
21
0.7722943307086614
0
LINE
8
BLACK
6
CONTINUOUS
10
0.5670105118110236
20
0.7722943307086614
11
0.566857125984252
21
0.7728668503937007
0
LINE
8
BLACK
6
CONTINUOUS
10
0.566857125984252
20
0.7728668503937007
11
0.5671121653543307
21
0.7738186614173228
0
LINE
8
BLACK
6
CONTINUOUS
10
0.5671121653543307
20
0.7738186614173228
11
0.567177716535433
21
0.774801811023622
0
LINE
8
BLACK
6
CONTINUOUS
10
0.567177716535433
20
0.774801811023622
11
0.5675075590551181
21
0.7752942519685039
0
LINE
8
BLACK
6
CONTINUOUS
10
0.5675075590551181
20
0.7752942519685039
11
0.5676609842519685
21
0.7758668503937007
0
LINE
8
BLACK
6
CONTINUOUS
10
0.5676609842519685
20
0.7758668503937007
11
0.5683577165354331
21
0.7765635826771653
0
LINE
8
BLACK
6
CONTINUOUS
10
0.5683577165354331
20
0.7765635826771653
11
0.5689061023622047
21
0.7773823228346457
0
LINE
8
BLACK
6
CONTINUOUS
10
0.5689061023622047
20
0.7773823228346457
11
0.569438031496063
21
0.7776438976377953
0
LINE
8
BLACK
6
CONTINUOUS
10
0.569438031496063
20
0.7776438976377953
11
0.569857125984252
21
0.7780629921259843
0
LINE
8
BLACK
6
CONTINUOUS
10
0.569857125984252
20
0.7780629921259843
11
0.5708088582677165
21
0.7783179921259842
0
LINE
8
BLACK
6
CONTINUOUS
10
0.5708088582677165
20
0.7783179921259842
11
0.5716931889763779
21
0.778752874015748
0
LINE
8
BLACK
6
CONTINUOUS
10
0.5716931889763779
20
0.778752874015748
11
0.5722846062992126
21
0.7787134251968504
0
LINE
8
BLACK
6
CONTINUOUS
10
0.5722846062992126
20
0.7787134251968504
11
0.572857125984252
21
0.7788668503937007
0
LINE
8
BLACK
6
CONTINUOUS
10
0.572857125984252
20
0.7788668503937007
11
0.6099999606299212
21
0.7788668503937007
0
LINE
8
BLACK
6
CONTINUOUS
10
0.6099999606299212
20
0.7788668503937007
11
0.6129999606299212
21
0.7780629921259843
0
LINE
8
BLACK
6
CONTINUOUS
10
0.5995
20
0.7290757874015747
11
0.60575468503937
21
0.7228211417322834
0
LINE
8
BLACK
6
CONTINUOUS
10
0.60575468503937
20
0.7228211417322834
11
0.6057573228346457
21
0.7228237795275591
0
LINE
8
BLACK
6
CONTINUOUS
10
0.6057573228346457
20
0.7228237795275591
11
0.6084470472440945
21
0.7243766929133858
0
LINE
8
BLACK
6
CONTINUOUS
10
0.6084470472440945
20
0.7243766929133858
11
0.611552874015748
21
0.7243766929133858
0
LINE
8
BLACK
6
CONTINUOUS
10
0.611552874015748
20
0.7243766929133858
11
0.6142425984251968
21
0.7228237795275591
0
LINE
8
BLACK
6
CONTINUOUS
10
0.6142425984251968
20
0.7228237795275591
11
0.6157955118110237
21
0.7201340551181102
0
LINE
8
BLACK
6
CONTINUOUS
10
0.6157955118110237
20
0.7201340551181102
11
0.6157955118110237
21
0.7170282283464566
0
LINE
8
BLACK
6
CONTINUOUS
10
0.6157955118110237
20
0.7170282283464566
11
0.6142425984251968
21
0.7143385039370078
0
LINE
8
BLACK
6
CONTINUOUS
10
0.6142425984251968
20
0.7143385039370078
11
0.6142399606299213
21
0.7143358661417323
0
LINE
8
BLACK
6
CONTINUOUS
10
0.6142399606299213
20
0.7143358661417323
11
0.6308472440944882
21
0.6977285826771653
0
LINE
8
BLACK
6
CONTINUOUS
10
0.6308472440944882
20
0.6977285826771653
11
0.6308472440944882
21
0.7181915748031495
0
LINE
8
BLACK
6
CONTINUOUS
10
0.6308472440944882
20
0.7181915748031495
11
0.6303476771653543
21
0.718755
0
LINE
8
BLACK
6
CONTINUOUS
10
0.6303476771653543
20
0.718755
11
0.6274905511811023
21
0.7244692913385826
0
LINE
8
BLACK
6
CONTINUOUS
10
0.6274905511811023
20
0.7244692913385826
11
0.6273577559055118
21
0.7251181496062992
0
LINE
8
BLACK
6
CONTINUOUS
10
0.6273577559055118
20
0.7251181496062992
11
0.6270362598425196
21
0.7256973228346456
0
LINE
8
BLACK
6
CONTINUOUS
10
0.6270362598425196
20
0.7256973228346456
11
0.624179094488189
21
0.737125905511811
0
LINE
8
BLACK
6
CONTINUOUS
10
0.624179094488189
20
0.737125905511811
11
0.6241915354330708
21
0.7378661023622047
0
LINE
8
BLACK
6
CONTINUOUS
10
0.6241915354330708
20
0.7378661023622047
11
0.6239999606299212
21
0.7385811417322834
0
LINE
8
BLACK
6
CONTINUOUS
10
0.6239999606299212
20
0.7385811417322834
11
0.6239999606299212
21
0.7471525590551181
0
LINE
8
BLACK
6
CONTINUOUS
10
0.6239999606299212
20
0.7471525590551181
11
0.6241915354330708
21
0.7478675590551181
0
LINE
8
BLACK
6
CONTINUOUS
10
0.6241915354330708
20
0.7478675590551181
11
0.624179094488189
21
0.7486077952755905
0
LINE
8
BLACK
6
CONTINUOUS
10
0.624179094488189
20
0.7486077952755905
11
0.626349094488189
21
0.7572877559055118
0
LINE
8
BLACK
6
CONTINUOUS
10
0.626349094488189
20
0.7572877559055118
11
0.5995
21
0.7290757874015747
0
LINE
8
BLACK
6
CONTINUOUS
10
0.5973527559055118
20
0.7188668503937008
11
0.6000120866141733
21
0.7188668503937008
0
LINE
8
BLACK
6
CONTINUOUS
10
0.6000120866141733
20
0.7188668503937008
11
0.6009088976377953
21
0.7193152362204724
0
LINE
8
BLACK
6
CONTINUOUS
10
0.6009088976377953
20
0.7193152362204724
11
0.5973527559055118
21
0.7228714173228347
0
LINE
8
BLACK
6
CONTINUOUS
10
0.5973527559055118
20
0.7228714173228347
11
0.5973527559055118
21
0.7188668503937008
0
LINE
8
BLACK
6
CONTINUOUS
10
0.6446696062992125
20
0.7647655118110236
11
0.6406453937007874
21
0.7607412992125984
0
LINE
8
BLACK
6
CONTINUOUS
10
0.6406453937007874
20
0.7607412992125984
11
0.6385182283464567
21
0.7564870078740157
0
LINE
8
BLACK
6
CONTINUOUS
10
0.6385182283464567
20
0.7564870078740157
11
0.6367527559055118
21
0.749425
0
LINE
8
BLACK
6
CONTINUOUS
10
0.6367527559055118
20
0.749425
11
0.6367527559055118
21
0.7363086220472441
0
LINE
8
BLACK
6
CONTINUOUS
10
0.6367527559055118
20
0.7363086220472441
11
0.6385182283464567
21
0.7292466535433071
0
LINE
8
BLACK
6
CONTINUOUS
10
0.6385182283464567
20
0.7292466535433071
11
0.6406453937007874
21
0.7249924015748032
0
LINE
8
BLACK
6
CONTINUOUS
10
0.6406453937007874
20
0.7249924015748032
11
0.6446696062992125
21
0.7209681889763779
0
LINE
8
BLACK
6
CONTINUOUS
10
0.6446696062992125
20
0.7209681889763779
11
0.6509736220472441
21
0.7188668503937008
0
LINE
8
BLACK
6
CONTINUOUS
10
0.6509736220472441
20
0.7188668503937008
11
0.6582856692913386
21
0.7188668503937008
0
LINE
8
BLACK
6
CONTINUOUS
10
0.6582856692913386
20
0.7188668503937008
11
0.6582856692913386
21
0.7668668503937007
0
LINE
8
BLACK
6
CONTINUOUS
10
0.6582856692913386
20
0.7668668503937007
11
0.6509735826771653
21
0.7668668503937007
0
LINE
8
BLACK
6
CONTINUOUS
10
0.6509735826771653
20
0.7668668503937007
11
0.6446696062992125
21
0.7647655118110236
0
LINE
8
BLACK
6
CONTINUOUS
10
0.5857020472440945
20
0.7440097244094488
11
0.5821256299212598
21
0.7422214566929134
0
LINE
8
BLACK
6
CONTINUOUS
10
0.5821256299212598
20
0.7422214566929134
11
0.5806453543307086
21
0.7407412598425197
0
LINE
8
BLACK
6
CONTINUOUS
10
0.5806453543307086
20
0.7407412598425197
11
0.578857125984252
21
0.7371647244094488
0
LINE
8
BLACK
6
CONTINUOUS
10
0.578857125984252
20
0.7371647244094488
11
0.578857125984252
21
0.725711811023622
0
LINE
8
BLACK
6
CONTINUOUS
10
0.578857125984252
20
0.725711811023622
11
0.5806453543307086
21
0.7221352755905511
0
LINE
8
BLACK
6
CONTINUOUS
10
0.5806453543307086
20
0.7221352755905511
11
0.5821256299212598
21
0.7206550787401574
0
LINE
8
BLACK
6
CONTINUOUS
10
0.5821256299212598
20
0.7206550787401574
11
0.5857020472440945
21
0.7188668503937008
0
LINE
8
BLACK
6
CONTINUOUS
10
0.5857020472440945
20
0.7188668503937008
11
0.5914472440944881
21
0.7188668503937008
0
LINE
8
BLACK
6
CONTINUOUS
10
0.5914472440944881
20
0.7188668503937008
11
0.5914472440944881
21
0.7440097244094488
0
LINE
8
BLACK
6
CONTINUOUS
10
0.5914472440944881
20
0.7440097244094488
11
0.5857020472440945
21
0.7440097244094488
0
LINE
8
BLACK
6
CONTINUOUS
10
0.5860797637795275
20
0.7668668503937007
11
0.5914472440944881
21
0.7607325590551181
0
LINE
8
BLACK
6
CONTINUOUS
10
0.5914472440944881
20
0.7607325590551181
11
0.5914472440944881
21
0.7668668503937007
0
LINE
8
BLACK
6
CONTINUOUS
10
0.5914472440944881
20
0.7668668503937007
11
0.5860797637795275
21
0.7668668503937007
0
LINE
8
BLACK
6
CONTINUOUS
10
0.1905089763779527
20
0.7301830708661418
11
0.1912018897637795
21
0.7299740157480314
0
LINE
8
BLACK
6
CONTINUOUS
10
0.1912018897637795
20
0.7299740157480314
11
0.1912556299212598
21
0.7298737795275591
0
LINE
8
BLACK
6
CONTINUOUS
10
0.1912556299212598
20
0.7298737795275591
11
0.1913607086614173
21
0.7298302755905511
0
LINE
8
BLACK
6
CONTINUOUS
10
0.1913607086614173
20
0.7298302755905511
11
0.1916376377952756
21
0.7291616929133858
0
LINE
8
BLACK
6
CONTINUOUS
10
0.1916376377952756
20
0.7291616929133858
11
0.1919797637795276
21
0.728523937007874
0
LINE
8
BLACK
6
CONTINUOUS
10
0.1919797637795276
20
0.728523937007874
11
0.192917874015748
21
0.7191429921259842
0
LINE
8
BLACK
6
CONTINUOUS
10
0.192917874015748
20
0.7191429921259842
11
0.192885
21
0.7190341338582678
0
LINE
8
BLACK
6
CONTINUOUS
10
0.192885
20
0.7190341338582678
11
0.1929285433070866
21
0.718929094488189
0
LINE
8
BLACK
6
CONTINUOUS
10
0.1929285433070866
20
0.718929094488189
11
0.1926515748031496
21
0.7182604724409448
0
LINE
8
BLACK
6
CONTINUOUS
10
0.1926515748031496
20
0.7182604724409448
11
0.1924425590551181
21
0.7175675984251968
0
LINE
8
BLACK
6
CONTINUOUS
10
0.1924425590551181
20
0.7175675984251968
11
0.1923423228346457
21
0.7175138188976378
0
LINE
8
BLACK
6
CONTINUOUS
10
0.1923423228346457
20
0.7175138188976378
11
0.1922988582677165
21
0.7174088188976377
0
LINE
8
BLACK
6
CONTINUOUS
10
0.1922988582677165
20
0.7174088188976377
11
0.1916302755905512
21
0.7171318503937008
0
LINE
8
BLACK
6
CONTINUOUS
10
0.1916302755905512
20
0.7171318503937008
11
0.1909924803149606
21
0.7167897244094488
0
LINE
8
BLACK
6
CONTINUOUS
10
0.1909924803149606
20
0.7167897244094488
11
0.1908836220472441
21
0.716822559055118
0
LINE
8
BLACK
6
CONTINUOUS
10
0.1908836220472441
20
0.716822559055118
11
0.1907785826771654
21
0.7167790551181102
0
LINE
8
BLACK
6
CONTINUOUS
10
0.1907785826771654
20
0.7167790551181102
11
0.1901097637795276
21
0.717056062992126
0
LINE
8
BLACK
6
CONTINUOUS
10
0.1901097637795276
20
0.717056062992126
11
0.1894170866141732
21
0.7172650787401574
0
LINE
8
BLACK
6
CONTINUOUS
10
0.1894170866141732
20
0.7172650787401574
11
0.1893633464566929
21
0.7173651968503937
0
LINE
8
BLACK
6
CONTINUOUS
10
0.1893633464566929
20
0.7173651968503937
11
0.1892583070866142
21
0.7174087401574804
0
LINE
8
BLACK
6
CONTINUOUS
10
0.1892583070866142
20
0.7174087401574804
11
0.1885668503937008
21
0.7181001181102362
0
LINE
8
BLACK
6
CONTINUOUS
10
0.1885668503937008
20
0.7181001181102362
11
0.1874567322834646
21
0.7186552362204724
0
LINE
8
BLACK
6
CONTINUOUS
10
0.1874567322834646
20
0.7186552362204724
11
0.1837813779527559
21
0.7186552362204724
0
LINE
8
BLACK
6
CONTINUOUS
10
0.1837813779527559
20
0.7186552362204724
11
0.1826711417322835
21
0.7181001181102362
0
LINE
8
BLACK
6
CONTINUOUS
10
0.1826711417322835
20
0.7181001181102362
11
0.1822264566929134
21
0.7176554330708661
0
LINE
8
BLACK
6
CONTINUOUS
10
0.1822264566929134
20
0.7176554330708661
11
0.1816714173228346
21
0.7165452755905511
0
LINE
8
BLACK
6
CONTINUOUS
10
0.1816714173228346
20
0.7165452755905511
11
0.1816714173228346
21
0.7128698818897637
0
LINE
8
BLACK
6
CONTINUOUS
10
0.1816714173228346
20
0.7128698818897637
11
0.1822264566929134
21
0.7117597244094488
0
LINE
8
BLACK
6
CONTINUOUS
10
0.1822264566929134
20
0.7117597244094488
11
0.1826711417322835
21
0.7113150787401574
0
LINE
8
BLACK
6
CONTINUOUS
10
0.1826711417322835
20
0.7113150787401574
11
0.1837813779527559
21
0.7107599999999999
0
LINE
8
BLACK
6
CONTINUOUS
10
0.1837813779527559
20
0.7107599999999999
11
0.1874567322834646
21
0.7107599999999999
0
LINE
8
BLACK
6
CONTINUOUS
10
0.1874567322834646
20
0.7107599999999999
11
0.1885668503937008
21
0.7113150787401574
0
LINE
8
BLACK
6
CONTINUOUS
10
0.1885668503937008
20
0.7113150787401574
11
0.1892583070866142
21
0.7120064960629922
0
LINE
8
BLACK
6
CONTINUOUS
10
0.1892583070866142
20
0.7120064960629922
11
0.1907785826771654
21
0.7126361811023622
0
LINE
8
BLACK
6
CONTINUOUS
10
0.1907785826771654
20
0.7126361811023622
11
0.1922988582677165
21
0.7120064173228347
0
LINE
8
BLACK
6
CONTINUOUS
10
0.1922988582677165
20
0.7120064173228347
11
0.1929285433070866
21
0.7104861417322834
0
LINE
8
BLACK
6
CONTINUOUS
10
0.1929285433070866
20
0.7104861417322834
11
0.1922987795275591
21
0.7089658661417323
0
LINE
8
BLACK
6
CONTINUOUS
10
0.1922987795275591
20
0.7089658661417323
11
0.1913606692913386
21
0.7080277952755906
0
LINE
8
BLACK
6
CONTINUOUS
10
0.1913606692913386
20
0.7080277952755906
11
0.191033779527559
21
0.7078924015748032
0
LINE
8
BLACK
6
CONTINUOUS
10
0.191033779527559
20
0.7078924015748032
11
0.190801968503937
21
0.7076250787401575
0
LINE
8
BLACK
6
CONTINUOUS
10
0.190801968503937
20
0.7076250787401575
11
0.1889257874015748
21
0.7066870078740157
0
LINE
8
BLACK
6
CONTINUOUS
10
0.1889257874015748
20
0.7066870078740157
11
0.1884266141732283
21
0.7066514960629922
0
LINE
8
BLACK
6
CONTINUOUS
10
0.1884266141732283
20
0.7066514960629922
11
0.1879642519685039
21
0.70646
0
LINE
8
BLACK
6
CONTINUOUS
10
0.1879642519685039
20
0.70646
11
0.183273779527559
21
0.70646
0
LINE
8
BLACK
6
CONTINUOUS
10
0.183273779527559
20
0.70646
11
0.1828113779527559
21
0.7066514960629922
0
LINE
8
BLACK
6
CONTINUOUS
10
0.1828113779527559
20
0.7066514960629922
11
0.1823122440944882
21
0.7066870078740157
0
LINE
8
BLACK
6
CONTINUOUS
10
0.1823122440944882
20
0.7066870078740157
11
0.180436062992126
21
0.7076251181102362
0
LINE
8
BLACK
6
CONTINUOUS
10
0.180436062992126
20
0.7076251181102362
11
0.1802042125984252
21
0.7078924015748032
0
LINE
8
BLACK
6
CONTINUOUS
10
0.1802042125984252
20
0.7078924015748032
11
0.1798773622047244
21
0.7080277952755906
0
LINE
8
BLACK
6
CONTINUOUS
10
0.1798773622047244
20
0.7080277952755906
11
0.1789392519685039
21
0.7089658661417323
0
LINE
8
BLACK
6
CONTINUOUS
10
0.1789392519685039
20
0.7089658661417323
11
0.1788038188976378
21
0.7092927952755905
0
LINE
8
BLACK
6
CONTINUOUS
10
0.1788038188976378
20
0.7092927952755905
11
0.1785364566929134
21
0.7095246850393701
0
LINE
8
BLACK
6
CONTINUOUS
10
0.1785364566929134
20
0.7095246850393701
11
0.1775983858267716
21
0.7114008661417323
0
LINE
8
BLACK
6
CONTINUOUS
10
0.1775983858267716
20
0.7114008661417323
11
0.1775629133858268
21
0.7119
0
LINE
8
BLACK
6
CONTINUOUS
10
0.1775629133858268
20
0.7119
11
0.1773714173228347
21
0.7123623622047244
0
LINE
8
BLACK
6
CONTINUOUS
10
0.1773714173228347
20
0.7123623622047244
11
0.1773714173228347
21
0.7170528346456693
0
LINE
8
BLACK
6
CONTINUOUS
10
0.1773714173228347
20
0.7170528346456693
11
0.1775629133858268
21
0.7175151574803149
0
LINE
8
BLACK
6
CONTINUOUS
10
0.1775629133858268
20
0.7175151574803149
11
0.1775983858267716
21
0.7180143307086614
0
LINE
8
BLACK
6
CONTINUOUS
10
0.1775983858267716
20
0.7180143307086614
11
0.1785364566929134
21
0.7198905511811023
0
LINE
8
BLACK
6
CONTINUOUS
10
0.1785364566929134
20
0.7198905511811023
11
0.1788038188976378
21
0.7201224409448819
0
LINE
8
BLACK
6
CONTINUOUS
10
0.1788038188976378
20
0.7201224409448819
11
0.1789392519685039
21
0.7204493700787401
0
LINE
8
BLACK
6
CONTINUOUS
10
0.1789392519685039
20
0.7204493700787401
11
0.1798773622047244
21
0.7213874409448818
0
LINE
8
BLACK
6
CONTINUOUS
10
0.1798773622047244
20
0.7213874409448818
11
0.1802042125984252
21
0.7215227952755905
0
LINE
8
BLACK
6
CONTINUOUS
10
0.1802042125984252
20
0.7215227952755905
11
0.180436062992126
21
0.7217901181102362
0
LINE
8
BLACK
6
CONTINUOUS
10
0.180436062992126
20
0.7217901181102362
11
0.1823122440944882
21
0.7227282283464567
0
LINE
8
BLACK
6
CONTINUOUS
10
0.1823122440944882
20
0.7227282283464567
11
0.1828113779527559
21
0.7227637007874016
0
LINE
8
BLACK
6
CONTINUOUS
10
0.1828113779527559
20
0.7227637007874016
11
0.183273779527559
21
0.7229552362204724
0
LINE
8
BLACK
6
CONTINUOUS
10
0.183273779527559
20
0.7229552362204724
11
0.1879642519685039
21
0.7229552362204724
0
LINE
8
BLACK
6
CONTINUOUS
10
0.1879642519685039
20
0.7229552362204724
11
0.1882260236220472
21
0.7228467716535433
0
LINE
8
BLACK
6
CONTINUOUS
10
0.1882260236220472
20
0.7228467716535433
11
0.1878947244094488
21
0.72616
0
LINE
8
BLACK
6
CONTINUOUS
10
0.1878947244094488
20
0.72616
11
0.1804594881889764
21
0.72616
0
LINE
8
BLACK
6
CONTINUOUS
10
0.1804594881889764
20
0.72616
11
0.1789392125984252
21
0.7267897244094488
0
LINE
8
BLACK
6
CONTINUOUS
10
0.1789392125984252
20
0.7267897244094488
11
0.1783094881889764
21
0.72831
0
LINE
8
BLACK
6
CONTINUOUS
10
0.1783094881889764
20
0.72831
11
0.1789392125984252
21
0.7298302755905511
0
LINE
8
BLACK
6
CONTINUOUS
10
0.1789392125984252
20
0.7298302755905511
11
0.1804594881889764
21
0.73046
0
LINE
8
BLACK
6
CONTINUOUS
10
0.1804594881889764
20
0.73046
11
0.1898404330708661
21
0.73046
0
LINE
8
BLACK
6
CONTINUOUS
10
0.1898404330708661
20
0.73046
11
0.1905089763779527
21
0.7301830708661418
0
LINE
8
BLACK
6
CONTINUOUS
10
0.2042387401574803
20
0.7303245669291338
11
0.2045917716535433
21
0.73034968503937
0
LINE
8
BLACK
6
CONTINUOUS
10
0.2045917716535433
20
0.73034968503937
11
0.2074061023622047
21
0.7294115354330708
0
LINE
8
BLACK
6
CONTINUOUS
10
0.2074061023622047
20
0.7294115354330708
11
0.2077841338582677
21
0.7290836614173228
0
LINE
8
BLACK
6
CONTINUOUS
10
0.2077841338582677
20
0.7290836614173228
11
0.2082464566929134
21
0.7288921653543307
0
LINE
8
BLACK
6
CONTINUOUS
10
0.2082464566929134
20
0.7288921653543307
11
0.2101226377952756
21
0.7270159842519685
0
LINE
8
BLACK
6
CONTINUOUS
10
0.2101226377952756
20
0.7270159842519685
11
0.210258031496063
21
0.7266890551181102
0
LINE
8
BLACK
6
CONTINUOUS
10
0.210258031496063
20
0.7266890551181102
11
0.2105253937007874
21
0.7264572047244094
0
LINE
8
BLACK
6
CONTINUOUS
10
0.2105253937007874
20
0.7264572047244094
11
0.2114634645669291
21
0.7245810236220472
0
LINE
8
BLACK
6
CONTINUOUS
10
0.2114634645669291
20
0.7245810236220472
11
0.2114807480314961
21
0.7243372440944882
0
LINE
8
BLACK
6
CONTINUOUS
10
0.2114807480314961
20
0.7243372440944882
11
0.211626220472441
21
0.7241409842519685
0
LINE
8
BLACK
6
CONTINUOUS
10
0.211626220472441
20
0.7241409842519685
11
0.2125643307086614
21
0.7203885826771653
0
LINE
8
BLACK
6
CONTINUOUS
10
0.2125643307086614
20
0.7203885826771653
11
0.2125242125984252
21
0.7201189763779527
0
LINE
8
BLACK
6
CONTINUOUS
10
0.2125242125984252
20
0.7201189763779527
11
0.2126285433070866
21
0.719867125984252
0
LINE
8
BLACK
6
CONTINUOUS
10
0.2126285433070866
20
0.719867125984252
11
0.2126285433070866
21
0.7170528346456693
0
LINE
8
BLACK
6
CONTINUOUS
10
0.2126285433070866
20
0.7170528346456693
11
0.2125242125984252
21
0.7168009448818897
0
LINE
8
BLACK
6
CONTINUOUS
10
0.2125242125984252
20
0.7168009448818897
11
0.2125643307086614
21
0.7165313385826771
0
LINE
8
BLACK
6
CONTINUOUS
10
0.2125643307086614
20
0.7165313385826771
11
0.211626220472441
21
0.7127790157480315
0
LINE
8
BLACK
6
CONTINUOUS
10
0.211626220472441
20
0.7127790157480315
11
0.2114807480314961
21
0.712582716535433
0
LINE
8
BLACK
6
CONTINUOUS
10
0.2114807480314961
20
0.712582716535433
11
0.2114634645669291
21
0.7123389763779527
0
LINE
8
BLACK
6
CONTINUOUS
10
0.2114634645669291
20
0.7123389763779527
11
0.2105253937007874
21
0.7104627952755905
0
LINE
8
BLACK
6
CONTINUOUS
10
0.2105253937007874
20
0.7104627952755905
11
0.210258031496063
21
0.710230905511811
0
LINE
8
BLACK
6
CONTINUOUS
10
0.210258031496063
20
0.710230905511811
11
0.2101226377952756
21
0.7099040157480315
0
LINE
8
BLACK
6
CONTINUOUS
10
0.2101226377952756
20
0.7099040157480315
11
0.2082464566929134
21
0.7080278346456693
0
LINE
8
BLACK
6
CONTINUOUS
10
0.2082464566929134
20
0.7080278346456693
11
0.2077841338582677
21
0.7078362992125984
0
LINE
8
BLACK
6
CONTINUOUS
10
0.2077841338582677
20
0.7078362992125984
11
0.2074061023622047
21
0.7075084645669291
0
LINE
8
BLACK
6
CONTINUOUS
10
0.2074061023622047
20
0.7075084645669291
11
0.2045917716535433
21
0.7065703149606299
0
LINE
8
BLACK
6
CONTINUOUS
10
0.2045917716535433
20
0.7065703149606299
11
0.2042387401574803
21
0.7065953937007874
0
LINE
8
BLACK
6
CONTINUOUS
10
0.2042387401574803
20
0.7065953937007874
11
0.2039118897637795
21
0.70646
0
LINE
8
BLACK
6
CONTINUOUS
10
0.2039118897637795
20
0.70646
11
0.2020356692913386
21
0.70646
0
LINE
8
BLACK
6
CONTINUOUS
10
0.2020356692913386
20
0.70646
11
0.2017087007874016
21
0.7065953937007874
0
LINE
8
BLACK
6
CONTINUOUS
10
0.2017087007874016
20
0.7065953937007874
11
0.2013557874015748
21
0.7065703543307087
0
LINE
8
BLACK
6
CONTINUOUS
10
0.2013557874015748
20
0.7065703543307087
11
0.1985414960629921
21
0.7075084645669291
0
LINE
8
BLACK
6
CONTINUOUS
10
0.1985414960629921
20
0.7075084645669291
11
0.1981634645669291
21
0.7078362992125984
0
LINE
8
BLACK
6
CONTINUOUS
10
0.1981634645669291
20
0.7078362992125984
11
0.1977011811023622
21
0.7080277952755906
0
LINE
8
BLACK
6
CONTINUOUS
10
0.1977011811023622
20
0.7080277952755906
11
0.1967630708661417
21
0.7089658661417323
0
LINE
8
BLACK
6
CONTINUOUS
10
0.1967630708661417
20
0.7089658661417323
11
0.1961333070866142
21
0.7104861417322834
0
LINE
8
BLACK
6
CONTINUOUS
10
0.1961333070866142
20
0.7104861417322834
11
0.1967629921259842
21
0.7120064173228347
0
LINE
8
BLACK
6
CONTINUOUS
10
0.1967629921259842
20
0.7120064173228347
11
0.1982832677165354
21
0.7126361811023622
0
LINE
8
BLACK
6
CONTINUOUS
10
0.1982832677165354
20
0.7126361811023622
11
0.1998035433070866
21
0.7120064960629922
0
LINE
8
BLACK
6
CONTINUOUS
10
0.1998035433070866
20
0.7120064960629922
11
0.2003827952755906
21
0.7114272440944882
0
LINE
8
BLACK
6
CONTINUOUS
10
0.2003827952755906
20
0.7114272440944882
11
0.2023845275590551
21
0.7107599999999999
0
LINE
8
BLACK
6
CONTINUOUS
10
0.2023845275590551
20
0.7107599999999999
11
0.2035629527559055
21
0.7107599999999999
0
LINE
8
BLACK
6
CONTINUOUS
10
0.2035629527559055
20
0.7107599999999999
11
0.2055648031496063
21
0.711427283464567
0
LINE
8
BLACK
6
CONTINUOUS
10
0.2055648031496063
20
0.711427283464567
11
0.2068353149606299
21
0.7126977952755905
0
LINE
8
BLACK
6
CONTINUOUS
10
0.2068353149606299
20
0.7126977952755905
11
0.2075118897637795
21
0.7140509448818897
0
LINE
8
BLACK
6
CONTINUOUS
10
0.2075118897637795
20
0.7140509448818897
11
0.2083285433070866
21
0.7173175590551181
0
LINE
8
BLACK
6
CONTINUOUS
10
0.2083285433070866
20
0.7173175590551181
11
0.2083285433070866
21
0.7196023622047244
0
LINE
8
BLACK
6
CONTINUOUS
10
0.2083285433070866
20
0.7196023622047244
11
0.2075118897637795
21
0.7228690157480315
0
LINE
8
BLACK
6
CONTINUOUS
10
0.2075118897637795
20
0.7228690157480315
11
0.2068353149606299
21
0.7242221653543307
0
LINE
8
BLACK
6
CONTINUOUS
10
0.2068353149606299
20
0.7242221653543307
11
0.2055648031496063
21
0.7254926771653543
0
LINE
8
BLACK
6
CONTINUOUS
10
0.2055648031496063
20
0.7254926771653543
11
0.2035629527559055
21
0.72616
0
LINE
8
BLACK
6
CONTINUOUS
10
0.2035629527559055
20
0.72616
11
0.2023845275590551
21
0.72616
0
LINE
8
BLACK
6
CONTINUOUS
10
0.2023845275590551
20
0.72616
11
0.2003827952755906
21
0.725492716535433
0
LINE
8
BLACK
6
CONTINUOUS
10
0.2003827952755906
20
0.725492716535433
11
0.1998035433070866
21
0.7249135039370078
0
LINE
8
BLACK
6
CONTINUOUS
10
0.1998035433070866
20
0.7249135039370078
11
0.1982832677165354
21
0.7242838188976378
0
LINE
8
BLACK
6
CONTINUOUS
10
0.1982832677165354
20
0.7242838188976378
11
0.1967629921259842
21
0.7249135826771653
0
LINE
8
BLACK
6
CONTINUOUS
10
0.1967629921259842
20
0.7249135826771653
11
0.1961333070866142
21
0.7264338582677166
0
LINE
8
BLACK
6
CONTINUOUS
10
0.1961333070866142
20
0.7264338582677166
11
0.1967630708661417
21
0.7279541338582677
0
LINE
8
BLACK
6
CONTINUOUS
10
0.1967630708661417
20
0.7279541338582677
11
0.1977011811023622
21
0.7288922047244094
0
LINE
8
BLACK
6
CONTINUOUS
10
0.1977011811023622
20
0.7288922047244094
11
0.1981634645669291
21
0.7290836614173228
0
LINE
8
BLACK
6
CONTINUOUS
10
0.1981634645669291
20
0.7290836614173228
11
0.1985414960629921
21
0.7294115354330708
0
LINE
8
BLACK
6
CONTINUOUS
10
0.1985414960629921
20
0.7294115354330708
11
0.2013557874015748
21
0.7303496456692913
0
LINE
8
BLACK
6
CONTINUOUS
10
0.2013557874015748
20
0.7303496456692913
11
0.2017087007874016
21
0.7303245669291338
0
LINE
8
BLACK
6
CONTINUOUS
10
0.2017087007874016
20
0.7303245669291338
11
0.2020356692913386
21
0.73046
0
LINE
8
BLACK
6
CONTINUOUS
10
0.2020356692913386
20
0.73046
11
0.2039118897637795
21
0.73046
0
LINE
8
BLACK
6
CONTINUOUS
10
0.2039118897637795
20
0.73046
11
0.2042387401574803
21
0.7303245669291338
0
LINE
8
BLACK
6
CONTINUOUS
10
0.2084383464566929
20
0.7552680708661417
11
0.2090094881889764
21
0.7538892125984252
0
LINE
8
BLACK
6
CONTINUOUS
10
0.2090094881889764
20
0.7538892125984252
11
0.2090094881889764
21
0.7341892125984252
0
LINE
8
BLACK
6
CONTINUOUS
10
0.2090094881889764
20
0.7341892125984252
11
0.2084383464566929
21
0.7328103543307086
0
LINE
8
BLACK
6
CONTINUOUS
10
0.2084383464566929
20
0.7328103543307086
11
0.2070594881889764
21
0.7322392125984252
0
LINE
8
BLACK
6
CONTINUOUS
10
0.2070594881889764
20
0.7322392125984252
11
0.2056806299212598
21
0.7328103543307086
0
LINE
8
BLACK
6
CONTINUOUS
10
0.2056806299212598
20
0.7328103543307086
11
0.2051094881889764
21
0.7341892125984252
0
LINE
8
BLACK
6
CONTINUOUS
10
0.2051094881889764
20
0.7341892125984252
11
0.2051094881889764
21
0.7418243307086614
0
LINE
8
BLACK
6
CONTINUOUS
10
0.2051094881889764
20
0.7418243307086614
11
0.2044561811023622
21
0.7424775984251968
0
LINE
8
BLACK
6
CONTINUOUS
10
0.2044561811023622
20
0.7424775984251968
11
0.1973623622047244
21
0.7330192125984252
0
LINE
8
BLACK
6
CONTINUOUS
10
0.1973623622047244
20
0.7330192125984252
11
0.1960781496062992
21
0.7322588188976378
0
LINE
8
BLACK
6
CONTINUOUS
10
0.1960781496062992
20
0.7322588188976378
11
0.1946323622047244
21
0.7326292125984252
0
LINE
8
BLACK
6
CONTINUOUS
10
0.1946323622047244
20
0.7326292125984252
11
0.193871968503937
21
0.7339134251968503
0
LINE
8
BLACK
6
CONTINUOUS
10
0.193871968503937
20
0.7339134251968503
11
0.1942423622047244
21
0.7353592125984252
0
LINE
8
BLACK
6
CONTINUOUS
10
0.1942423622047244
20
0.7353592125984252
11
0.2016704724409449
21
0.7452633070866141
0
LINE
8
BLACK
6
CONTINUOUS
10
0.2016704724409449
20
0.7452633070866141
11
0.1944235039370079
21
0.7525103543307087
0
LINE
8
BLACK
6
CONTINUOUS
10
0.1944235039370079
20
0.7525103543307087
11
0.1938523622047244
21
0.7538892125984252
0
LINE
8
BLACK
6
CONTINUOUS
10
0.1938523622047244
20
0.7538892125984252
11
0.1944235039370079
21
0.7552680708661417
0
LINE
8
BLACK
6
CONTINUOUS
10
0.1944235039370079
20
0.7552680708661417
11
0.1958023622047244
21
0.7558392125984251
0
LINE
8
BLACK
6
CONTINUOUS
10
0.1958023622047244
20
0.7558392125984251
11
0.1971812204724409
21
0.7552680708661417
0
LINE
8
BLACK
6
CONTINUOUS
10
0.1971812204724409
20
0.7552680708661417
11
0.2051094881889764
21
0.7473397637795275
0
LINE
8
BLACK
6
CONTINUOUS
10
0.2051094881889764
20
0.7473397637795275
11
0.2051094881889764
21
0.7538892125984252
0
LINE
8
BLACK
6
CONTINUOUS
10
0.2051094881889764
20
0.7538892125984252
11
0.2056806299212598
21
0.7552680708661417
0
LINE
8
BLACK
6
CONTINUOUS
10
0.2056806299212598
20
0.7552680708661417
11
0.2070594881889764
21
0.7558392125984251
0
LINE
8
BLACK
6
CONTINUOUS
10
0.2070594881889764
20
0.7558392125984251
11
0.2084383464566929
21
0.7552680708661417
0
LINE
8
BLACK
6
CONTINUOUS
10
0.4506266929133858
20
0.7595436614173228
11
0.4507720472440945
21
0.7595333464566929
0
LINE
8
BLACK
6
CONTINUOUS
10
0.4507720472440945
20
0.7595333464566929
11
0.4511770078740157
21
0.7590663779527559
0
LINE
8
BLACK
6
CONTINUOUS
10
0.4511770078740157
20
0.7590663779527559
11
0.451644094488189
21
0.7586612992125984
0
LINE
8
BLACK
6
CONTINUOUS
10
0.451644094488189
20
0.7586612992125984
11
0.4516544094488189
21
0.758515905511811
0
LINE
8
BLACK
6
CONTINUOUS
10
0.4516544094488189
20
0.758515905511811
11
0.4517498818897638
21
0.7584058661417322
0
LINE
8
BLACK
6
CONTINUOUS
10
0.4517498818897638
20
0.7584058661417322
11
0.4583165354330709
21
0.7387058267716535
0
LINE
8
BLACK
6
CONTINUOUS
10
0.4583165354330709
20
0.7387058267716535
11
0.458210748031496
21
0.7372171259842519
0
LINE
8
BLACK
6
CONTINUOUS
10
0.458210748031496
20
0.7372171259842519
11
0.4570832677165354
21
0.7362392519685039
0
LINE
8
BLACK
6
CONTINUOUS
10
0.4570832677165354
20
0.7362392519685039
11
0.4555945669291339
21
0.7363450787401574
0
LINE
8
BLACK
6
CONTINUOUS
10
0.4555945669291339
20
0.7363450787401574
11
0.4546166929133858
21
0.7374725590551181
0
LINE
8
BLACK
6
CONTINUOUS
10
0.4546166929133858
20
0.7374725590551181
11
0.4531849606299213
21
0.7417677952755906
0
LINE
8
BLACK
6
CONTINUOUS
10
0.4531849606299213
20
0.7417677952755906
11
0.4466149606299212
21
0.7417677952755906
0
LINE
8
BLACK
6
CONTINUOUS
10
0.4466149606299212
20
0.7417677952755906
11
0.4451832283464567
21
0.7374725590551181
0
LINE
8
BLACK
6
CONTINUOUS
10
0.4451832283464567
20
0.7374725590551181
11
0.4442053937007874
21
0.7363450787401574
0
LINE
8
BLACK
6
CONTINUOUS
10
0.4442053937007874
20
0.7363450787401574
11
0.4427166535433071
21
0.7362392913385827
0
LINE
8
BLACK
6
CONTINUOUS
10
0.4427166535433071
20
0.7362392913385827
11
0.4415891732283465
21
0.7372171259842519
0
LINE
8
BLACK
6
CONTINUOUS
10
0.4415891732283465
20
0.7372171259842519
11
0.4414833858267717
21
0.7387058661417323
0
LINE
8
BLACK
6
CONTINUOUS
10
0.4414833858267717
20
0.7387058661417323
11
0.4480500393700788
21
0.7584058661417322
0
LINE
8
BLACK
6
CONTINUOUS
10
0.4480500393700788
20
0.7584058661417322
11
0.4481454724409449
21
0.758515905511811
0
LINE
8
BLACK
6
CONTINUOUS
10
0.4481454724409449
20
0.758515905511811
11
0.4481558267716536
21
0.7586612992125984
0
LINE
8
BLACK
6
CONTINUOUS
10
0.4481558267716536
20
0.7586612992125984
11
0.4486229133858268
21
0.7590663779527559
0
LINE
8
BLACK
6
CONTINUOUS
10
0.4486229133858268
20
0.7590663779527559
11
0.4490279133858268
21
0.7595333464566929
0
LINE
8
BLACK
6
CONTINUOUS
10
0.4490279133858268
20
0.7595333464566929
11
0.4491732283464567
21
0.7595436614173228
0
LINE
8
BLACK
6
CONTINUOUS
10
0.4491732283464567
20
0.7595436614173228
11
0.4492833070866142
21
0.7596391338582676
0
LINE
8
BLACK
6
CONTINUOUS
10
0.4492833070866142
20
0.7596391338582676
11
0.4498998031496063
21
0.7595953149606299
0
LINE
8
BLACK
6
CONTINUOUS
10
0.4498998031496063
20
0.7595953149606299
11
0.4505166141732284
21
0.7596391732283464
0
LINE
8
BLACK
6
CONTINUOUS
10
0.4505166141732284
20
0.7596391732283464
11
0.4506266929133858
21
0.7595436614173228
0
LINE
8
BLACK
6
CONTINUOUS
10
0.4479149606299213
20
0.7456677952755906
11
0.4518849606299212
21
0.7456677952755906
0
LINE
8
BLACK
6
CONTINUOUS
10
0.4518849606299212
20
0.7456677952755906
11
0.4498999212598425
21
0.7516227952755905
0
LINE
8
BLACK
6
CONTINUOUS
10
0.4498999212598425
20
0.7516227952755905
11
0.4479149606299213
21
0.7456677952755906
0
LINE
8
BLACK
6
CONTINUOUS
10
0.4108619291338583
20
0.7567979921259842
11
0.4115527559055118
21
0.7549
0
LINE
8
BLACK
6
CONTINUOUS
10
0.4115527559055118
20
0.7549
11
0.4115527559055118
21
0.7411
0
LINE
8
BLACK
6
CONTINUOUS
10
0.4115527559055118
20
0.7411
11
0.4114851181102362
21
0.7407164566929134
0
LINE
8
BLACK
6
CONTINUOUS
10
0.4114851181102362
20
0.7407164566929134
11
0.4115079133858268
21
0.7405872440944882
0
LINE
8
BLACK
6
CONTINUOUS
10
0.4115079133858268
20
0.7405872440944882
11
0.4114422834645669
21
0.7404736220472441
0
LINE
8
BLACK
6
CONTINUOUS
10
0.4114422834645669
20
0.7404736220472441
11
0.4113746850393701
21
0.7400900787401574
0
LINE
8
BLACK
6
CONTINUOUS
10
0.4113746850393701
20
0.7400900787401574
11
0.4108815354330709
21
0.7395023622047244
0
LINE
8
BLACK
6
CONTINUOUS
10
0.4108815354330709
20
0.7395023622047244
11
0.4104979921259843
21
0.7388380708661417
0
LINE
8
BLACK
6
CONTINUOUS
10
0.4104979921259843
20
0.7388380708661417
11
0.4102476377952756
21
0.7387469291338582
0
LINE
8
BLACK
6
CONTINUOUS
10
0.4102476377952756
20
0.7387469291338582
11
0.4100763779527559
21
0.7385428346456693
0
LINE
8
BLACK
6
CONTINUOUS
10
0.4100763779527559
20
0.7385428346456693
11
0.4093207874015748
21
0.7384095669291338
0
LINE
8
BLACK
6
CONTINUOUS
10
0.4093207874015748
20
0.7384095669291338
11
0.4086
21
0.7381472440944882
0
LINE
8
BLACK
6
CONTINUOUS
10
0.4086
20
0.7381472440944882
11
0.2314
21
0.7381472440944882
0
LINE
8
BLACK
6
CONTINUOUS
10
0.2314
20
0.7381472440944882
11
0.2310164566929134
21
0.7382148425196851
0
LINE
8
BLACK
6
CONTINUOUS
10
0.2310164566929134
20
0.7382148425196851
11
0.2308872440944882
21
0.7381920866141732
0
LINE
8
BLACK
6
CONTINUOUS
10
0.2308872440944882
20
0.7381920866141732
11
0.2307736220472441
21
0.7382576771653543
0
LINE
8
BLACK
6
CONTINUOUS
10
0.2307736220472441
20
0.7382576771653543
11
0.2303900787401575
21
0.7383253149606299
0
LINE
8
BLACK
6
CONTINUOUS
10
0.2303900787401575
20
0.7383253149606299
11
0.2298023622047244
21
0.7388184251968504
0
LINE
8
BLACK
6
CONTINUOUS
10
0.2298023622047244
20
0.7388184251968504
11
0.2291380708661417
21
0.7392020078740157
0
LINE
8
BLACK
6
CONTINUOUS
10
0.2291380708661417
20
0.7392020078740157
11
0.2290469291338583
21
0.7394523228346457
0
LINE
8
BLACK
6
CONTINUOUS
10
0.2290469291338583
20
0.7394523228346457
11
0.2288428346456693
21
0.7396236220472441
0
LINE
8
BLACK
6
CONTINUOUS
10
0.2288428346456693
20
0.7396236220472441
11
0.2287095669291339
21
0.7403791732283465
0
LINE
8
BLACK
6
CONTINUOUS
10
0.2287095669291339
20
0.7403791732283465
11
0.2284472440944882
21
0.7411
0
LINE
8
BLACK
6
CONTINUOUS
10
0.2284472440944882
20
0.7411
11
0.2284472440944882
21
0.7549
0
LINE
8
BLACK
6
CONTINUOUS
10
0.2284472440944882
20
0.7549
11
0.2286253149606299
21
0.7559099212598425
0
LINE
8
BLACK
6
CONTINUOUS
10
0.2286253149606299
20
0.7559099212598425
11
0.2299236220472441
21
0.7574571653543307
0
LINE
8
BLACK
6
CONTINUOUS
10
0.2299236220472441
20
0.7574571653543307
11
0.2319127559055118
21
0.7578079133858268
0
LINE
8
BLACK
6
CONTINUOUS
10
0.2319127559055118
20
0.7578079133858268
11
0.2336619291338583
21
0.7567979921259842
0
LINE
8
BLACK
6
CONTINUOUS
10
0.2336619291338583
20
0.7567979921259842
11
0.2343527559055118
21
0.7549
0
LINE
8
BLACK
6
CONTINUOUS
10
0.2343527559055118
20
0.7549
11
0.2343527559055118
21
0.7440527559055118
0
LINE
8
BLACK
6
CONTINUOUS
10
0.2343527559055118
20
0.7440527559055118
11
0.2461472440944882
21
0.7440527559055118
0
LINE
8
BLACK
6
CONTINUOUS
10
0.2461472440944882
20
0.7440527559055118
11
0.2461472440944882
21
0.7549
0
LINE
8
BLACK
6
CONTINUOUS
10
0.2461472440944882
20
0.7549
11
0.2463253149606299
21
0.7559099212598425
0
LINE
8
BLACK
6
CONTINUOUS
10
0.2463253149606299
20
0.7559099212598425
11
0.2476236220472441
21
0.7574571653543307
0
LINE
8
BLACK
6
CONTINUOUS
10
0.2476236220472441
20
0.7574571653543307
11
0.2496127559055118
21
0.7578079133858268
0
LINE
8
BLACK
6
CONTINUOUS
10
0.2496127559055118
20
0.7578079133858268
11
0.2513619291338582
21
0.7567979921259842
0
LINE
8
BLACK
6
CONTINUOUS
10
0.2513619291338582
20
0.7567979921259842
11
0.2520527559055118
21
0.7549
0
LINE
8
BLACK
6
CONTINUOUS
10
0.2520527559055118
20
0.7549
11
0.2520527559055118
21
0.7440527559055118
0
LINE
8
BLACK
6
CONTINUOUS
10
0.2520527559055118
20
0.7440527559055118
11
0.4056472440944882
21
0.7440527559055118
0
LINE
8
BLACK
6
CONTINUOUS
10
0.4056472440944882
20
0.7440527559055118
11
0.4056472440944882
21
0.7549
0
LINE
8
BLACK
6
CONTINUOUS
10
0.4056472440944882
20
0.7549
11
0.4058253149606299
21
0.7559099212598425
0
LINE
8
BLACK
6
CONTINUOUS
10
0.4058253149606299
20
0.7559099212598425
11
0.4071236220472441
21
0.7574571653543307
0
LINE
8
BLACK
6
CONTINUOUS
10
0.4071236220472441
20
0.7574571653543307
11
0.4091127559055118
21
0.7578079133858268
0
LINE
8
BLACK
6
CONTINUOUS
10
0.4091127559055118
20
0.7578079133858268
11
0.4108619291338583
21
0.7567979921259842
0
LINE
8
BLACK
6
CONTINUOUS
10
0.1522619291338583
20
0.8118979921259842
11
0.1529527559055118
21
0.8099999999999999
0
LINE
8
BLACK
6
CONTINUOUS
10
0.1529527559055118
20
0.8099999999999999
11
0.1529527559055118
21
0.77
0
LINE
8
BLACK
6
CONTINUOUS
10
0.1529527559055118
20
0.77
11
0.1528851181102362
21
0.7696164566929133
0
LINE
8
BLACK
6
CONTINUOUS
10
0.1528851181102362
20
0.7696164566929133
11
0.1529079133858268
21
0.7694872440944882
0
LINE
8
BLACK
6
CONTINUOUS
10
0.1529079133858268
20
0.7694872440944882
11
0.1528422834645669
21
0.7693736220472441
0
LINE
8
BLACK
6
CONTINUOUS
10
0.1528422834645669
20
0.7693736220472441
11
0.1527746850393701
21
0.7689900787401575
0
LINE
8
BLACK
6
CONTINUOUS
10
0.1527746850393701
20
0.7689900787401575
11
0.1522815354330709
21
0.7684023622047244
0
LINE
8
BLACK
6
CONTINUOUS
10
0.1522815354330709
20
0.7684023622047244
11
0.1518979921259843
21
0.7677380708661418
0
LINE
8
BLACK
6
CONTINUOUS
10
0.1518979921259843
20
0.7677380708661418
11
0.1516476377952756
21
0.7676469291338582
0
LINE
8
BLACK
6
CONTINUOUS
10
0.1516476377952756
20
0.7676469291338582
11
0.1514763779527559
21
0.7674428346456693
0
LINE
8
BLACK
6
CONTINUOUS
10
0.1514763779527559
20
0.7674428346456693
11
0.1507207874015748
21
0.7673095669291339
0
LINE
8
BLACK
6
CONTINUOUS
10
0.1507207874015748
20
0.7673095669291339
11
0.15
21
0.7670472440944882
0
LINE
8
BLACK
6
CONTINUOUS
10
0.15
20
0.7670472440944882
11
0.0974855118110236
21
0.7670472440944882
0
LINE
8
BLACK
6
CONTINUOUS
10
0.0974855118110236
20
0.7670472440944882
11
0.0979527559055118
21
0.765
0
LINE
8
BLACK
6
CONTINUOUS
10
0.0979527559055118
20
0.765
11
0.0971651968503937
21
0.7615494094488189
0
LINE
8
BLACK
6
CONTINUOUS
10
0.0971651968503937
20
0.7615494094488189
11
0.0949584645669291
21
0.7587822834645669
0
LINE
8
BLACK
6
CONTINUOUS
10
0.0949584645669291
20
0.7587822834645669
11
0.0917696456692913
21
0.7572466535433071
0
LINE
8
BLACK
6
CONTINUOUS
10
0.0917696456692913
20
0.7572466535433071
11
0.0882303543307087
21
0.7572466535433071
0
LINE
8
BLACK
6
CONTINUOUS
10
0.0882303543307087
20
0.7572466535433071
11
0.0850415354330709
21
0.7587822834645669
0
LINE
8
BLACK
6
CONTINUOUS
10
0.0850415354330709
20
0.7587822834645669
11
0.0828348031496063
21
0.7615494094488189
0
LINE
8
BLACK
6
CONTINUOUS
10
0.0828348031496063
20
0.7615494094488189
11
0.0820472440944882
21
0.765
0
LINE
8
BLACK
6
CONTINUOUS
10
0.0820472440944882
20
0.765
11
0.0828348031496063
21
0.768450590551181
0
LINE
8
BLACK
6
CONTINUOUS
10
0.0828348031496063
20
0.768450590551181
11
0.0850415354330709
21
0.771217716535433
0
LINE
8
BLACK
6
CONTINUOUS
10
0.0850415354330709
20
0.771217716535433
11
0.0870472440944882
21
0.7721835826771654
0
LINE
8
BLACK
6
CONTINUOUS
10
0.0870472440944882
20
0.7721835826771654
11
0.0870472440944882
21
0.8099999999999999
0
LINE
8
BLACK
6
CONTINUOUS
10
0.0870472440944882
20
0.8099999999999999
11
0.0872253149606299
21
0.8110099212598425
0
LINE
8
BLACK
6
CONTINUOUS
10
0.0872253149606299
20
0.8110099212598425
11
0.0885236220472441
21
0.8125571653543306
0
LINE
8
BLACK
6
CONTINUOUS
10
0.0885236220472441
20
0.8125571653543306
11
0.0905127559055118
21
0.8129079133858268
0
LINE
8
BLACK
6
CONTINUOUS
10
0.0905127559055118
20
0.8129079133858268
11
0.0922619291338583
21
0.8118979921259842
0
LINE
8
BLACK
6
CONTINUOUS
10
0.0922619291338583
20
0.8118979921259842
11
0.0929527559055118
21
0.8099999999999999
0
LINE
8
BLACK
6
CONTINUOUS
10
0.0929527559055118
20
0.8099999999999999
11
0.0929527559055118
21
0.7729527559055118
0
LINE
8
BLACK
6
CONTINUOUS
10
0.0929527559055118
20
0.7729527559055118
11
0.1470472440944882
21
0.7729527559055118
0
LINE
8
BLACK
6
CONTINUOUS
10
0.1470472440944882
20
0.7729527559055118
11
0.1470472440944882
21
0.8099999999999999
0
LINE
8
BLACK
6
CONTINUOUS
10
0.1470472440944882
20
0.8099999999999999
11
0.1472253149606299
21
0.8110099212598425
0
LINE
8
BLACK
6
CONTINUOUS
10
0.1472253149606299
20
0.8110099212598425
11
0.1485236220472441
21
0.8125571653543306
0
LINE
8
BLACK
6
CONTINUOUS
10
0.1485236220472441
20
0.8125571653543306
11
0.1505127559055118
21
0.8129079133858268
0
LINE
8
BLACK
6
CONTINUOUS
10
0.1505127559055118
20
0.8129079133858268
11
0.1522619291338583
21
0.8118979921259842
0
LINE
8
BLACK
6
CONTINUOUS
10
0.0884331102362205
20
0.7634331102362204
11
0.09
21
0.762784094488189
0
LINE
8
BLACK
6
CONTINUOUS
10
0.09
20
0.762784094488189
11
0.0915668897637795
21
0.7634331102362204
0
LINE
8
BLACK
6
CONTINUOUS
10
0.0915668897637795
20
0.7634331102362204
11
0.092215905511811
21
0.765
0
LINE
8
BLACK
6
CONTINUOUS
10
0.092215905511811
20
0.765
11
0.0915668897637795
21
0.7665668897637795
0
LINE
8
BLACK
6
CONTINUOUS
10
0.0915668897637795
20
0.7665668897637795
11
0.0904072047244094
21
0.7670472440944882
0
LINE
8
BLACK
6
CONTINUOUS
10
0.0904072047244094
20
0.7670472440944882
11
0.09
21
0.7670472440944882
0
LINE
8
BLACK
6
CONTINUOUS
10
0.09
20
0.7670472440944882
11
0.0897143700787402
21
0.7670975984251969
0
LINE
8
BLACK
6
CONTINUOUS
10
0.0897143700787402
20
0.7670975984251969
11
0.0884331102362205
21
0.7665668897637795
0
LINE
8
BLACK
6
CONTINUOUS
10
0.0884331102362205
20
0.7665668897637795
11
0.087784094488189
21
0.765
0
LINE
8
BLACK
6
CONTINUOUS
10
0.087784094488189
20
0.765
11
0.0884331102362205
21
0.7634331102362204
0
LINE
8
BLACK
6
CONTINUOUS
10
0.2863195275590551
20
0.8510132283464567
11
0.2876592913385826
21
0.8507453149606299
0
LINE
8
BLACK
6
CONTINUOUS
10
0.2876592913385826
20
0.8507453149606299
11
0.2878083070866141
21
0.8506143307086614
0
LINE
8
BLACK
6
CONTINUOUS
10
0.2878083070866141
20
0.8506143307086614
11
0.2879999606299212
21
0.8505629921259842
0
LINE
8
BLACK
6
CONTINUOUS
10
0.2879999606299212
20
0.8505629921259842
11
0.2889661023622047
21
0.8495968110236221
0
LINE
8
BLACK
6
CONTINUOUS
10
0.2889661023622047
20
0.8495968110236221
11
0.2899922440944882
21
0.8486950393700787
0
LINE
8
BLACK
6
CONTINUOUS
10
0.2899922440944882
20
0.8486950393700787
11
0.2953768897637795
21
0.840618031496063
0
LINE
8
BLACK
6
CONTINUOUS
10
0.2953768897637795
20
0.840618031496063
11
0.2999826377952756
21
0.8360122834645669
0
LINE
8
BLACK
6
CONTINUOUS
10
0.2999826377952756
20
0.8360122834645669
11
0.3048261023622047
21
0.8335905905511811
0
LINE
8
BLACK
6
CONTINUOUS
10
0.3048261023622047
20
0.8335905905511811
11
0.3071499212598425
21
0.8315299606299212
0
LINE
8
BLACK
6
CONTINUOUS
10
0.3071499212598425
20
0.8315299606299212
11
0.3081320472440945
21
0.8285835039370079
0
LINE
8
BLACK
6
CONTINUOUS
10
0.3081320472440945
20
0.8285835039370079
11
0.3075094094488189
21
0.825540748031496
0
LINE
8
BLACK
6
CONTINUOUS
10
0.3075094094488189
20
0.825540748031496
11
0.3054487795275591
21
0.823216968503937
0
LINE
8
BLACK
6
CONTINUOUS
10
0.3054487795275591
20
0.823216968503937
11
0.3025023622047244
21
0.8222348031496063
0
LINE
8
BLACK
6
CONTINUOUS
10
0.3025023622047244
20
0.8222348031496063
11
0.2994595669291338
21
0.8228574409448819
0
LINE
8
BLACK
6
CONTINUOUS
10
0.2994595669291338
20
0.8228574409448819
11
0.2937452755905512
21
0.8257145669291338
0
LINE
8
BLACK
6
CONTINUOUS
10
0.2937452755905512
20
0.8257145669291338
11
0.2930224803149606
21
0.8263554724409449
0
LINE
8
BLACK
6
CONTINUOUS
10
0.2930224803149606
20
0.8263554724409449
11
0.292185905511811
21
0.8268385039370079
0
LINE
8
BLACK
6
CONTINUOUS
10
0.292185905511811
20
0.8268385039370079
11
0.2909999606299212
21
0.8280244488188976
0
LINE
8
BLACK
6
CONTINUOUS
10
0.2909999606299212
20
0.8280244488188976
11
0.2909999606299212
21
0.7913668503937008
0
LINE
8
BLACK
6
CONTINUOUS
10
0.2909999606299212
20
0.7913668503937008
11
0.3021428346456693
21
0.7913668503937008
0
LINE
8
BLACK
6
CONTINUOUS
10
0.3021428346456693
20
0.7913668503937008
11
0.3051428346456693
21
0.7905629921259842
0
LINE
8
BLACK
6
CONTINUOUS
10
0.3051428346456693
20
0.7905629921259842
11
0.3073389763779528
21
0.7883668503937008
0
LINE
8
BLACK
6
CONTINUOUS
10
0.3073389763779528
20
0.7883668503937008
11
0.3081428346456693
21
0.7853668503937008
0
LINE
8
BLACK
6
CONTINUOUS
10
0.3081428346456693
20
0.7853668503937008
11
0.3073389763779528
21
0.7823668503937008
0
LINE
8
BLACK
6
CONTINUOUS
10
0.3073389763779528
20
0.7823668503937008
11
0.3051428346456693
21
0.7801707086614174
0
LINE
8
BLACK
6
CONTINUOUS
10
0.3051428346456693
20
0.7801707086614174
11
0.3021428346456693
21
0.7793668503937008
0
LINE
8
BLACK
6
CONTINUOUS
10
0.3021428346456693
20
0.7793668503937008
11
0.2849999606299213
21
0.7793668503937008
0
LINE
8
BLACK
6
CONTINUOUS
10
0.2849999606299213
20
0.7793668503937008
11
0.267857125984252
21
0.7793668503937008
0
LINE
8
BLACK
6
CONTINUOUS
10
0.267857125984252
20
0.7793668503937008
11
0.264857125984252
21
0.7801707086614174
0
LINE
8
BLACK
6
CONTINUOUS
10
0.264857125984252
20
0.7801707086614174
11
0.2626609842519685
21
0.7823668503937008
0
LINE
8
BLACK
6
CONTINUOUS
10
0.2626609842519685
20
0.7823668503937008
11
0.261857125984252
21
0.7853668503937008
0
LINE
8
BLACK
6
CONTINUOUS
10
0.261857125984252
20
0.7853668503937008
11
0.2626609842519685
21
0.7883668503937008
0
LINE
8
BLACK
6
CONTINUOUS
10
0.2626609842519685
20
0.7883668503937008
11
0.264857125984252
21
0.7905629921259842
0
LINE
8
BLACK
6
CONTINUOUS
10
0.264857125984252
20
0.7905629921259842
11
0.267857125984252
21
0.7913668503937008
0
LINE
8
BLACK
6
CONTINUOUS
10
0.267857125984252
20
0.7913668503937008
11
0.2789999606299213
21
0.7913668503937008
0
LINE
8
BLACK
6
CONTINUOUS
10
0.2789999606299213
20
0.7913668503937008
11
0.2789999606299213
21
0.8453668503937007
0
LINE
8
BLACK
6
CONTINUOUS
10
0.2789999606299213
20
0.8453668503937007
11
0.2793535433070866
21
0.8466864173228347
0
LINE
8
BLACK
6
CONTINUOUS
10
0.2793535433070866
20
0.8466864173228347
11
0.2796214960629921
21
0.8480261811023622
0
LINE
8
BLACK
6
CONTINUOUS
10
0.2796214960629921
20
0.8480261811023622
11
0.2797524409448819
21
0.8481751968503937
0
LINE
8
BLACK
6
CONTINUOUS
10
0.2797524409448819
20
0.8481751968503937
11
0.2798038188976378
21
0.8483668503937007
0
LINE
8
BLACK
6
CONTINUOUS
10
0.2798038188976378
20
0.8483668503937007
11
0.2807699606299213
21
0.8493329921259842
0
LINE
8
BLACK
6
CONTINUOUS
10
0.2807699606299213
20
0.8493329921259842
11
0.2816717716535433
21
0.8503591338582677
0
LINE
8
BLACK
6
CONTINUOUS
10
0.2816717716535433
20
0.8503591338582677
11
0.2818596456692913
21
0.8504226771653544
0
LINE
8
BLACK
6
CONTINUOUS
10
0.2818596456692913
20
0.8504226771653544
11
0.2819999606299213
21
0.8505629921259842
0
LINE
8
BLACK
6
CONTINUOUS
10
0.2819999606299213
20
0.8505629921259842
11
0.2833197244094488
21
0.8509166141732283
0
LINE
8
BLACK
6
CONTINUOUS
10
0.2833197244094488
20
0.8509166141732283
11
0.2846138188976378
21
0.8513544094488189
0
LINE
8
BLACK
6
CONTINUOUS
10
0.2846138188976378
20
0.8513544094488189
11
0.2848083070866141
21
0.8513154724409449
0
LINE
8
BLACK
6
CONTINUOUS
10
0.2848083070866141
20
0.8513154724409449
11
0.2849999606299213
21
0.8513668503937007
0
LINE
8
BLACK
6
CONTINUOUS
10
0.2849999606299213
20
0.8513668503937007
11
0.2863195275590551
21
0.8510132283464567
0
LINE
8
BLACK
6
CONTINUOUS
10
0.3622856692913386
20
0.8505629921259842
11
0.364481811023622
21
0.8483668503937007
0
LINE
8
BLACK
6
CONTINUOUS
10
0.364481811023622
20
0.8483668503937007
11
0.3652856692913386
21
0.8453668503937007
0
LINE
8
BLACK
6
CONTINUOUS
10
0.3652856692913386
20
0.8453668503937007
11
0.3652856692913386
21
0.7853668503937008
0
LINE
8
BLACK
6
CONTINUOUS
10
0.3652856692913386
20
0.7853668503937008
11
0.364481811023622
21
0.7823668503937008
0
LINE
8
BLACK
6
CONTINUOUS
10
0.364481811023622
20
0.7823668503937008
11
0.3622856692913386
21
0.7801707086614174
0
LINE
8
BLACK
6
CONTINUOUS
10
0.3622856692913386
20
0.7801707086614174
11
0.3592856692913386
21
0.7793668503937008
0
LINE
8
BLACK
6
CONTINUOUS
10
0.3592856692913386
20
0.7793668503937008
11
0.3449999606299213
21
0.7793668503937008
0
LINE
8
BLACK
6
CONTINUOUS
10
0.3449999606299213
20
0.7793668503937008
11
0.344066811023622
21
0.7796168503937008
0
LINE
8
BLACK
6
CONTINUOUS
10
0.344066811023622
20
0.7796168503937008
11
0.3431025984251969
21
0.7796747637795275
0
LINE
8
BLACK
6
CONTINUOUS
10
0.3431025984251969
20
0.7796747637795275
11
0.3345311417322834
21
0.7825319291338583
0
LINE
8
BLACK
6
CONTINUOUS
10
0.3345311417322834
20
0.7825319291338583
11
0.3333803149606299
21
0.7832917322834646
0
LINE
8
BLACK
6
CONTINUOUS
10
0.3333803149606299
20
0.7832917322834646
11
0.332185905511811
21
0.7839813779527559
0
LINE
8
BLACK
6
CONTINUOUS
10
0.332185905511811
20
0.7839813779527559
11
0.3264716141732283
21
0.7896956299212599
0
LINE
8
BLACK
6
CONTINUOUS
10
0.3264716141732283
20
0.7896956299212599
11
0.3259886220472441
21
0.7905321653543307
0
LINE
8
BLACK
6
CONTINUOUS
10
0.3259886220472441
20
0.7905321653543307
11
0.3253476771653543
21
0.7912549999999999
0
LINE
8
BLACK
6
CONTINUOUS
10
0.3253476771653543
20
0.7912549999999999
11
0.3224905511811024
21
0.7969692913385826
0
LINE
8
BLACK
6
CONTINUOUS
10
0.3224905511811024
20
0.7969692913385826
11
0.3223577559055118
21
0.7976181496062992
0
LINE
8
BLACK
6
CONTINUOUS
10
0.3223577559055118
20
0.7976181496062992
11
0.3220362598425197
21
0.7981973228346456
0
LINE
8
BLACK
6
CONTINUOUS
10
0.3220362598425197
20
0.7981973228346456
11
0.319179094488189
21
0.809625905511811
0
LINE
8
BLACK
6
CONTINUOUS
10
0.319179094488189
20
0.809625905511811
11
0.3191915354330709
21
0.8103661023622047
0
LINE
8
BLACK
6
CONTINUOUS
10
0.3191915354330709
20
0.8103661023622047
11
0.3189999606299213
21
0.8110811417322834
0
LINE
8
BLACK
6
CONTINUOUS
10
0.3189999606299213
20
0.8110811417322834
11
0.3189999606299213
21
0.8196525590551181
0
LINE
8
BLACK
6
CONTINUOUS
10
0.3189999606299213
20
0.8196525590551181
11
0.3191915354330709
21
0.820367559055118
0
LINE
8
BLACK
6
CONTINUOUS
10
0.3191915354330709
20
0.820367559055118
11
0.319179094488189
21
0.8211077952755905
0
LINE
8
BLACK
6
CONTINUOUS
10
0.319179094488189
20
0.8211077952755905
11
0.3220362598425197
21
0.8325363779527559
0
LINE
8
BLACK
6
CONTINUOUS
10
0.3220362598425197
20
0.8325363779527559
11
0.3223577559055118
21
0.8331155118110236
0
LINE
8
BLACK
6
CONTINUOUS
10
0.3223577559055118
20
0.8331155118110236
11
0.3224905511811024
21
0.8337644094488189
0
LINE
8
BLACK
6
CONTINUOUS
10
0.3224905511811024
20
0.8337644094488189
11
0.3253476771653543
21
0.8394787007874016
0
LINE
8
BLACK
6
CONTINUOUS
10
0.3253476771653543
20
0.8394787007874016
11
0.3259886220472441
21
0.8402014960629921
0
LINE
8
BLACK
6
CONTINUOUS
10
0.3259886220472441
20
0.8402014960629921
11
0.3264716141732283
21
0.8410380708661417
0
LINE
8
BLACK
6
CONTINUOUS
10
0.3264716141732283
20
0.8410380708661417
11
0.332185905511811
21
0.8467523622047244
0
LINE
8
BLACK
6
CONTINUOUS
10
0.332185905511811
20
0.8467523622047244
11
0.3333802755905512
21
0.8474419291338583
0
LINE
8
BLACK
6
CONTINUOUS
10
0.3333802755905512
20
0.8474419291338583
11
0.3345311811023622
21
0.848201811023622
0
LINE
8
BLACK
6
CONTINUOUS
10
0.3345311811023622
20
0.848201811023622
11
0.3431025984251969
21
0.8510589763779527
0
LINE
8
BLACK
6
CONTINUOUS
10
0.3431025984251969
20
0.8510589763779527
11
0.344066968503937
21
0.8511168503937008
0
LINE
8
BLACK
6
CONTINUOUS
10
0.344066968503937
20
0.8511168503937008
11
0.3449999606299213
21
0.8513668503937007
0
LINE
8
BLACK
6
CONTINUOUS
10
0.3449999606299213
20
0.8513668503937007
11
0.3592856692913386
21
0.8513668503937007
0
LINE
8
BLACK
6
CONTINUOUS
10
0.3592856692913386
20
0.8513668503937007
11
0.3622856692913386
21
0.8505629921259842
0
LINE
8
BLACK
6
CONTINUOUS
10
0.3396696062992126
20
0.8372655118110236
11
0.3356453937007874
21
0.8332412992125984
0
LINE
8
BLACK
6
CONTINUOUS
10
0.3356453937007874
20
0.8332412992125984
11
0.3335182283464567
21
0.8289870078740157
0
LINE
8
BLACK
6
CONTINUOUS
10
0.3335182283464567
20
0.8289870078740157
11
0.3309999606299213
21
0.8189138188976378
0
LINE
8
BLACK
6
CONTINUOUS
10
0.3309999606299213
20
0.8189138188976378
11
0.3309999606299213
21
0.811819842519685
0
LINE
8
BLACK
6
CONTINUOUS
10
0.3309999606299213
20
0.811819842519685
11
0.3335182283464567
21
0.8017466535433071
0
LINE
8
BLACK
6
CONTINUOUS
10
0.3335182283464567
20
0.8017466535433071
11
0.3356453937007874
21
0.7974924015748032
0
LINE
8
BLACK
6
CONTINUOUS
10
0.3356453937007874
20
0.7974924015748032
11
0.3396696062992126
21
0.7934681889763779
0
LINE
8
BLACK
6
CONTINUOUS
10
0.3396696062992126
20
0.7934681889763779
11
0.3459736220472441
21
0.7913668503937008
0
LINE
8
BLACK
6
CONTINUOUS
10
0.3459736220472441
20
0.7913668503937008
11
0.3532856692913386
21
0.7913668503937008
0
LINE
8
BLACK
6
CONTINUOUS
10
0.3532856692913386
20
0.7913668503937008
11
0.3532856692913386
21
0.8393668503937007
0
LINE
8
BLACK
6
CONTINUOUS
10
0.3532856692913386
20
0.8393668503937007
11
0.3459735826771653
21
0.8393668503937007
0
LINE
8
BLACK
6
CONTINUOUS
10
0.3459735826771653
20
0.8393668503937007
11
0.3396696062992126
21
0.8372655118110236
0
LINE
8
BLACK
6
CONTINUOUS
10
0.6478619291338582
20
0.8831979921259843
11
0.6485527559055118
21
0.8813
0
LINE
8
BLACK
6
CONTINUOUS
10
0.6485527559055118
20
0.8813
11
0.6485527559055118
21
0.8685859842519685
0
LINE
8
BLACK
6
CONTINUOUS
10
0.6485527559055118
20
0.8685859842519685
11
0.649066968503937
21
0.8686168503937007
0
LINE
8
BLACK
6
CONTINUOUS
10
0.649066968503937
20
0.8686168503937007
11
0.6499999606299213
21
0.8688668503937008
0
LINE
8
BLACK
6
CONTINUOUS
10
0.6499999606299213
20
0.8688668503937008
11
0.6642856692913386
21
0.8688668503937008
0
LINE
8
BLACK
6
CONTINUOUS
10
0.6642856692913386
20
0.8688668503937008
11
0.6672856692913386
21
0.8680629921259843
0
LINE
8
BLACK
6
CONTINUOUS
10
0.6672856692913386
20
0.8680629921259843
11
0.669481811023622
21
0.8658668503937008
0
LINE
8
BLACK
6
CONTINUOUS
10
0.669481811023622
20
0.8658668503937008
11
0.6702856692913386
21
0.8628668503937008
0
LINE
8
BLACK
6
CONTINUOUS
10
0.6702856692913386
20
0.8628668503937008
11
0.6702856692913386
21
0.8028668503937008
0
LINE
8
BLACK
6
CONTINUOUS
10
0.6702856692913386
20
0.8028668503937008
11
0.669481811023622
21
0.7998668503937008
0
LINE
8
BLACK
6
CONTINUOUS
10
0.669481811023622
20
0.7998668503937008
11
0.6672856692913386
21
0.7976707086614173
0
LINE
8
BLACK
6
CONTINUOUS
10
0.6672856692913386
20
0.7976707086614173
11
0.6642856692913386
21
0.7968668503937008
0
LINE
8
BLACK
6
CONTINUOUS
10
0.6642856692913386
20
0.7968668503937008
11
0.6499999606299213
21
0.7968668503937008
0
LINE
8
BLACK
6
CONTINUOUS
10
0.6499999606299213
20
0.7968668503937008
11
0.6490668110236221
21
0.7971168503937007
0
LINE
8
BLACK
6
CONTINUOUS
10
0.6490668110236221
20
0.7971168503937007
11
0.6481025984251968
21
0.7971747637795276
0
LINE
8
BLACK
6
CONTINUOUS
10
0.6481025984251968
20
0.7971747637795276
11
0.647977283464567
21
0.7972164960629921
0
LINE
8
BLACK
6
CONTINUOUS
10
0.647977283464567
20
0.7972164960629921
11
0.6470763779527559
21
0.7961428346456693
0
LINE
8
BLACK
6
CONTINUOUS
10
0.6470763779527559
20
0.7961428346456693
11
0.6450872440944881
21
0.7957920866141732
0
LINE
8
BLACK
6
CONTINUOUS
10
0.6450872440944881
20
0.7957920866141732
11
0.6433380708661417
21
0.7968020078740158
0
LINE
8
BLACK
6
CONTINUOUS
10
0.6433380708661417
20
0.7968020078740158
11
0.6426472440944881
21
0.7987
0
LINE
8
BLACK
6
CONTINUOUS
10
0.6426472440944881
20
0.7987
11
0.6426472440944881
21
0.7989931889763779
0
LINE
8
BLACK
6
CONTINUOUS
10
0.6426472440944881
20
0.7989931889763779
11
0.6395311417322834
21
0.8000319291338582
0
LINE
8
BLACK
6
CONTINUOUS
10
0.6395311417322834
20
0.8000319291338582
11
0.6383803149606299
21
0.8007917322834646
0
LINE
8
BLACK
6
CONTINUOUS
10
0.6383803149606299
20
0.8007917322834646
11
0.637185905511811
21
0.8014813779527559
0
LINE
8
BLACK
6
CONTINUOUS
10
0.637185905511811
20
0.8014813779527559
11
0.6314716141732283
21
0.8071956299212598
0
LINE
8
BLACK
6
CONTINUOUS
10
0.6314716141732283
20
0.8071956299212598
11
0.630988622047244
21
0.8080321653543306
0
LINE
8
BLACK
6
CONTINUOUS
10
0.630988622047244
20
0.8080321653543306
11
0.6303476771653543
21
0.808755
0
LINE
8
BLACK
6
CONTINUOUS
10
0.6303476771653543
20
0.808755
11
0.6274905511811023
21
0.8144692913385827
0
LINE
8
BLACK
6
CONTINUOUS
10
0.6274905511811023
20
0.8144692913385827
11
0.6273577559055118
21
0.8151181496062992
0
LINE
8
BLACK
6
CONTINUOUS
10
0.6273577559055118
20
0.8151181496062992
11
0.6270362598425196
21
0.8156973228346457
0
LINE
8
BLACK
6
CONTINUOUS
10
0.6270362598425196
20
0.8156973228346457
11
0.6265385826771653
21
0.8176879133858268
0
LINE
8
BLACK
6
CONTINUOUS
10
0.6265385826771653
20
0.8176879133858268
11
0.6152164173228346
21
0.8057909842519685
0
LINE
8
BLACK
6
CONTINUOUS
10
0.6152164173228346
20
0.8057909842519685
11
0.6154005118110236
21
0.8051038582677165
0
LINE
8
BLACK
6
CONTINUOUS
10
0.6154005118110236
20
0.8051038582677165
11
0.6157955118110237
21
0.8044197637795275
0
LINE
8
BLACK
6
CONTINUOUS
10
0.6157955118110237
20
0.8044197637795275
11
0.6157955118110237
21
0.8036298425196851
0
LINE
8
BLACK
6
CONTINUOUS
10
0.6157955118110237
20
0.8036298425196851
11
0.6159999606299212
21
0.8028668503937008
0
LINE
8
BLACK
6
CONTINUOUS
10
0.6159999606299212
20
0.8028668503937008
11
0.6157955118110237
21
0.8021038188976378
0
LINE
8
BLACK
6
CONTINUOUS
10
0.6157955118110237
20
0.8021038188976378
11
0.6157955118110237
21
0.801313937007874
0
LINE
8
BLACK
6
CONTINUOUS
10
0.6157955118110237
20
0.801313937007874
11
0.6154005118110236
21
0.8006298031496063
0
LINE
8
BLACK
6
CONTINUOUS
10
0.6154005118110236
20
0.8006298031496063
11
0.6151961023622047
21
0.7998668503937008
0
LINE
8
BLACK
6
CONTINUOUS
10
0.6151961023622047
20
0.7998668503937008
11
0.6146375590551181
21
0.7993083070866142
0
LINE
8
BLACK
6
CONTINUOUS
10
0.6146375590551181
20
0.7993083070866142
11
0.6142425984251968
21
0.7986242125984252
0
LINE
8
BLACK
6
CONTINUOUS
10
0.6142425984251968
20
0.7986242125984252
11
0.6135584645669291
21
0.7982292125984252
0
LINE
8
BLACK
6
CONTINUOUS
10
0.6135584645669291
20
0.7982292125984252
11
0.6129999606299212
21
0.7976707086614173
0
LINE
8
BLACK
6
CONTINUOUS
10
0.6129999606299212
20
0.7976707086614173
11
0.6122369685039369
21
0.7974662598425196
0
LINE
8
BLACK
6
CONTINUOUS
10
0.6122369685039369
20
0.7974662598425196
11
0.611552874015748
21
0.7970712992125984
0
LINE
8
BLACK
6
CONTINUOUS
10
0.611552874015748
20
0.7970712992125984
11
0.6107629527559055
21
0.7970712992125984
0
LINE
8
BLACK
6
CONTINUOUS
10
0.6107629527559055
20
0.7970712992125984
11
0.6099999606299212
21
0.7968668503937008
0
LINE
8
BLACK
6
CONTINUOUS
10
0.6099999606299212
20
0.7968668503937008
11
0.572857125984252
21
0.7968668503937008
0
LINE
8
BLACK
6
CONTINUOUS
10
0.572857125984252
20
0.7968668503937008
11
0.569857125984252
21
0.7976707086614173
0
LINE
8
BLACK
6
CONTINUOUS
10
0.569857125984252
20
0.7976707086614173
11
0.5676609842519685
21
0.7998668503937008
0
LINE
8
BLACK
6
CONTINUOUS
10
0.5676609842519685
20
0.7998668503937008
11
0.566857125984252
21
0.8028668503937008
0
LINE
8
BLACK
6
CONTINUOUS
10
0.566857125984252
20
0.8028668503937008
11
0.5676609842519685
21
0.8058668503937008
0
LINE
8
BLACK
6
CONTINUOUS
10
0.5676609842519685
20
0.8058668503937008
11
0.569857125984252
21
0.8080629921259842
0
LINE
8
BLACK
6
CONTINUOUS
10
0.569857125984252
20
0.8080629921259842
11
0.572857125984252
21
0.8088668503937008
0
LINE
8
BLACK
6
CONTINUOUS
10
0.572857125984252
20
0.8088668503937008
11
0.5955146850393701
21
0.8088668503937008
0
LINE
8
BLACK
6
CONTINUOUS
10
0.5955146850393701
20
0.8088668503937008
11
0.5714716141732283
21
0.8329099212598425
0
LINE
8
BLACK
6
CONTINUOUS
10
0.5714716141732283
20
0.8329099212598425
11
0.5707820078740158
21
0.8341042913385827
0
LINE
8
BLACK
6
CONTINUOUS
10
0.5707820078740158
20
0.8341042913385827
11
0.5700221653543307
21
0.8352551968503937
0
LINE
8
BLACK
6
CONTINUOUS
10
0.5700221653543307
20
0.8352551968503937
11
0.5671650393700787
21
0.8438266535433071
0
LINE
8
BLACK
6
CONTINUOUS
10
0.5671650393700787
20
0.8438266535433071
11
0.5671071259842519
21
0.8447908661417323
0
LINE
8
BLACK
6
CONTINUOUS
10
0.5671071259842519
20
0.8447908661417323
11
0.566857125984252
21
0.8457240157480315
0
LINE
8
BLACK
6
CONTINUOUS
10
0.566857125984252
20
0.8457240157480315
11
0.566857125984252
21
0.8514382677165354
0
LINE
8
BLACK
6
CONTINUOUS
10
0.566857125984252
20
0.8514382677165354
11
0.5672140551181102
21
0.8527703543307087
0
LINE
8
BLACK
6
CONTINUOUS
10
0.5672140551181102
20
0.8527703543307087
11
0.5674905511811024
21
0.8541215354330709
0
LINE
8
BLACK
6
CONTINUOUS
10
0.5674905511811024
20
0.8541215354330709
11
0.5703476771653543
21
0.8598358267716535
0
LINE
8
BLACK
6
CONTINUOUS
10
0.5703476771653543
20
0.8598358267716535
11
0.5709886220472441
21
0.8605586220472441
0
LINE
8
BLACK
6
CONTINUOUS
10
0.5709886220472441
20
0.8605586220472441
11
0.5714716141732283
21
0.8613951968503937
0
LINE
8
BLACK
6
CONTINUOUS
10
0.5714716141732283
20
0.8613951968503937
11
0.574328779527559
21
0.8642523622047243
0
LINE
8
BLACK
6
CONTINUOUS
10
0.574328779527559
20
0.8642523622047243
11
0.5751653543307087
21
0.8647353543307087
0
LINE
8
BLACK
6
CONTINUOUS
10
0.5751653543307087
20
0.8647353543307087
11
0.5758881496062992
21
0.8653762992125984
0
LINE
8
BLACK
6
CONTINUOUS
10
0.5758881496062992
20
0.8653762992125984
11
0.5816024015748031
21
0.8682334251968504
0
LINE
8
BLACK
6
CONTINUOUS
10
0.5816024015748031
20
0.8682334251968504
11
0.5829536220472441
21
0.8685099212598425
0
LINE
8
BLACK
6
CONTINUOUS
10
0.5829536220472441
20
0.8685099212598425
11
0.5842856692913385
21
0.8688668503937008
0
LINE
8
BLACK
6
CONTINUOUS
10
0.5842856692913385
20
0.8688668503937008
11
0.5985714173228346
21
0.8688668503937008
0
LINE
8
BLACK
6
CONTINUOUS
10
0.5985714173228346
20
0.8688668503937008
11
0.5999034251968504
21
0.8685099212598425
0
LINE
8
BLACK
6
CONTINUOUS
10
0.5999034251968504
20
0.8685099212598425
11
0.6012546850393701
21
0.8682334251968504
0
LINE
8
BLACK
6
CONTINUOUS
10
0.6012546850393701
20
0.8682334251968504
11
0.6032472440944882
21
0.867237125984252
0
LINE
8
BLACK
6
CONTINUOUS
10
0.6032472440944882
20
0.867237125984252
11
0.6032472440944882
21
0.8794
0
LINE
8
BLACK
6
CONTINUOUS
10
0.6032472440944882
20
0.8794
11
0.6033591338582677
21
0.8800347244094489
0
LINE
8
BLACK
6
CONTINUOUS
10
0.6033591338582677
20
0.8800347244094489
11
0.6033478346456693
21
0.8801642125984251
0
LINE
8
BLACK
6
CONTINUOUS
10
0.6033478346456693
20
0.8801642125984251
11
0.6033934645669291
21
0.8802294094488189
0
LINE
8
BLACK
6
CONTINUOUS
10
0.6033934645669291
20
0.8802294094488189
11
0.6034253149606299
21
0.8804099212598425
0
LINE
8
BLACK
6
CONTINUOUS
10
0.6034253149606299
20
0.8804099212598425
11
0.6039965748031496
21
0.881090748031496
0
LINE
8
BLACK
6
CONTINUOUS
10
0.6039965748031496
20
0.881090748031496
11
0.6045063779527559
21
0.881818779527559
0
LINE
8
BLACK
6
CONTINUOUS
10
0.6045063779527559
20
0.881818779527559
11
0.604636811023622
21
0.8818537007874016
0
LINE
8
BLACK
6
CONTINUOUS
10
0.604636811023622
20
0.8818537007874016
11
0.6047236220472441
21
0.8819571653543307
0
LINE
8
BLACK
6
CONTINUOUS
10
0.6047236220472441
20
0.8819571653543307
11
0.605598937007874
21
0.8821114960629921
0
LINE
8
BLACK
6
CONTINUOUS
10
0.605598937007874
20
0.8821114960629921
11
0.6064573228346457
21
0.8823414960629921
0
LINE
8
BLACK
6
CONTINUOUS
10
0.6064573228346457
20
0.8823414960629921
11
0.6065796456692913
21
0.8822844094488189
0
LINE
8
BLACK
6
CONTINUOUS
10
0.6065796456692913
20
0.8822844094488189
11
0.6067127559055118
21
0.8823079133858267
0
LINE
8
BLACK
6
CONTINUOUS
10
0.6067127559055118
20
0.8823079133858267
11
0.6074826377952756
21
0.8818633858267716
0
LINE
8
BLACK
6
CONTINUOUS
10
0.6074826377952756
20
0.8818633858267716
11
0.6082879133858268
21
0.8814879133858268
0
LINE
8
BLACK
6
CONTINUOUS
10
0.6082879133858268
20
0.8814879133858268
11
0.6313859842519685
21
0.8583898031496063
0
LINE
8
BLACK
6
CONTINUOUS
10
0.6313859842519685
20
0.8583898031496063
11
0.6314716141732283
21
0.8585380708661418
0
LINE
8
BLACK
6
CONTINUOUS
10
0.6314716141732283
20
0.8585380708661418
11
0.637185905511811
21
0.8642523622047243
0
LINE
8
BLACK
6
CONTINUOUS
10
0.637185905511811
20
0.8642523622047243
11
0.6383802755905512
21
0.8649419291338583
0
LINE
8
BLACK
6
CONTINUOUS
10
0.6383802755905512
20
0.8649419291338583
11
0.6395311811023622
21
0.865701811023622
0
LINE
8
BLACK
6
CONTINUOUS
10
0.6395311811023622
20
0.865701811023622
11
0.6426472440944881
21
0.8667404724409449
0
LINE
8
BLACK
6
CONTINUOUS
10
0.6426472440944881
20
0.8667404724409449
11
0.6426472440944881
21
0.8813
0
LINE
8
BLACK
6
CONTINUOUS
10
0.6426472440944881
20
0.8813
11
0.6428253149606299
21
0.8823099212598425
0
LINE
8
BLACK
6
CONTINUOUS
10
0.6428253149606299
20
0.8823099212598425
11
0.644123622047244
21
0.8838571653543307
0
LINE
8
BLACK
6
CONTINUOUS
10
0.644123622047244
20
0.8838571653543307
11
0.6461127559055118
21
0.8842079133858267
0
LINE
8
BLACK
6
CONTINUOUS
10
0.6461127559055118
20
0.8842079133858267
11
0.6478619291338582
21
0.8831979921259843
0
LINE
8
BLACK
6
CONTINUOUS
10
0.6485527559055118
20
0.8560598818897638
11
0.6485527559055118
21
0.809673779527559
0
LINE
8
BLACK
6
CONTINUOUS
10
0.6485527559055118
20
0.809673779527559
11
0.6509736220472441
21
0.8088668503937008
0
LINE
8
BLACK
6
CONTINUOUS
10
0.6509736220472441
20
0.8088668503937008
11
0.6582856692913386
21
0.8088668503937008
0
LINE
8
BLACK
6
CONTINUOUS
10
0.6582856692913386
20
0.8088668503937008
11
0.6582856692913386
21
0.8568668503937008
0
LINE
8
BLACK
6
CONTINUOUS
10
0.6582856692913386
20
0.8568668503937008
11
0.6509735826771653
21
0.8568668503937008
0
LINE
8
BLACK
6
CONTINUOUS
10
0.6509735826771653
20
0.8568668503937008
11
0.6485527559055118
21
0.8560598818897638
0
LINE
8
BLACK
6
CONTINUOUS
10
0.6091527559055118
20
0.8636279133858268
11
0.6113854724409449
21
0.8613951968503937
0
LINE
8
BLACK
6
CONTINUOUS
10
0.6113854724409449
20
0.8613951968503937
11
0.6129383858267716
21
0.8587054724409449
0
LINE
8
BLACK
6
CONTINUOUS
10
0.6129383858267716
20
0.8587054724409449
11
0.6129383858267716
21
0.8555996456692914
0
LINE
8
BLACK
6
CONTINUOUS
10
0.6129383858267716
20
0.8555996456692914
11
0.6113854724409449
21
0.8529099212598426
0
LINE
8
BLACK
6
CONTINUOUS
10
0.6113854724409449
20
0.8529099212598426
11
0.6091527559055118
21
0.8516208267716535
0
LINE
8
BLACK
6
CONTINUOUS
10
0.6091527559055118
20
0.8516208267716535
11
0.6091527559055118
21
0.8121993307086613
0
LINE
8
BLACK
6
CONTINUOUS
10
0.6091527559055118
20
0.8121993307086613
11
0.6112073622047244
21
0.8101446850393701
0
LINE
8
BLACK
6
CONTINUOUS
10
0.6112073622047244
20
0.8101446850393701
11
0.6248425590551181
21
0.8244720078740158
0
LINE
8
BLACK
6
CONTINUOUS
10
0.6248425590551181
20
0.8244720078740158
11
0.624179094488189
21
0.827125905511811
0
LINE
8
BLACK
6
CONTINUOUS
10
0.624179094488189
20
0.827125905511811
11
0.6241915354330708
21
0.8278661023622047
0
LINE
8
BLACK
6
CONTINUOUS
10
0.6241915354330708
20
0.8278661023622047
11
0.6239999606299212
21
0.8285811417322835
0
LINE
8
BLACK
6
CONTINUOUS
10
0.6239999606299212
20
0.8285811417322835
11
0.6239999606299212
21
0.8371525590551181
0
LINE
8
BLACK
6
CONTINUOUS
10
0.6239999606299212
20
0.8371525590551181
11
0.6241915354330708
21
0.8378675590551181
0
LINE
8
BLACK
6
CONTINUOUS
10
0.6241915354330708
20
0.8378675590551181
11
0.624179094488189
21
0.8386077952755905
0
LINE
8
BLACK
6
CONTINUOUS
10
0.624179094488189
20
0.8386077952755905
11
0.6270362598425196
21
0.8500363779527559
0
LINE
8
BLACK
6
CONTINUOUS
10
0.6270362598425196
20
0.8500363779527559
11
0.6273577559055118
21
0.8506155118110236
0
LINE
8
BLACK
6
CONTINUOUS
10
0.6273577559055118
20
0.8506155118110236
11
0.6274905511811023
21
0.8512644094488189
0
LINE
8
BLACK
6
CONTINUOUS
10
0.6274905511811023
20
0.8512644094488189
11
0.6283802755905512
21
0.8530438582677166
0
LINE
8
BLACK
6
CONTINUOUS
10
0.6283802755905512
20
0.8530438582677166
11
0.6091527559055118
21
0.8722714173228346
0
LINE
8
BLACK
6
CONTINUOUS
10
0.6091527559055118
20
0.8722714173228346
11
0.6091527559055118
21
0.8636279133858268
0
LINE
8
BLACK
6
CONTINUOUS
10
0.6363346062992126
20
0.8279811811023622
11
0.6385182283464567
21
0.8192466535433071
0
LINE
8
BLACK
6
CONTINUOUS
10
0.6385182283464567
20
0.8192466535433071
11
0.6406453937007874
21
0.8149924015748031
0
LINE
8
BLACK
6
CONTINUOUS
10
0.6406453937007874
20
0.8149924015748031
11
0.6426472440944881
21
0.8129905511811023
0
LINE
8
BLACK
6
CONTINUOUS
10
0.6426472440944881
20
0.8129905511811023
11
0.6426472440944881
21
0.8346142519685039
0
LINE
8
BLACK
6
CONTINUOUS
10
0.6426472440944881
20
0.8346142519685039
11
0.6363346062992126
21
0.8279811811023622
0
LINE
8
BLACK
6
CONTINUOUS
10
0.5821255118110236
20
0.8550785433070865
11
0.5806453937007874
21
0.8535984251968504
0
LINE
8
BLACK
6
CONTINUOUS
10
0.5806453937007874
20
0.8535984251968504
11
0.578857125984252
21
0.8500218503937008
0
LINE
8
BLACK
6
CONTINUOUS
10
0.578857125984252
20
0.8500218503937008
11
0.578857125984252
21
0.8466976377952756
0
LINE
8
BLACK
6
CONTINUOUS
10
0.578857125984252
20
0.8466976377952756
11
0.5809584645669291
21
0.8403936220472441
0
LINE
8
BLACK
6
CONTINUOUS
10
0.5809584645669291
20
0.8403936220472441
11
0.6032472440944882
21
0.8181048425196851
0
LINE
8
BLACK
6
CONTINUOUS
10
0.6032472440944882
20
0.8181048425196851
11
0.6032472440944882
21
0.852709527559055
0
LINE
8
BLACK
6
CONTINUOUS
10
0.6032472440944882
20
0.852709527559055
11
0.6029001968503936
21
0.8529099212598426
0
LINE
8
BLACK
6
CONTINUOUS
10
0.6029001968503936
20
0.8529099212598426
11
0.6007315354330709
21
0.8550785826771653
0
LINE
8
BLACK
6
CONTINUOUS
10
0.6007315354330709
20
0.8550785826771653
11
0.597155
21
0.8568668503937008
0
LINE
8
BLACK
6
CONTINUOUS
10
0.597155
20
0.8568668503937008
11
0.585702125984252
21
0.8568668503937008
0
LINE
8
BLACK
6
CONTINUOUS
10
0.585702125984252
20
0.8568668503937008
11
0.5821255118110236
21
0.8550785433070865
0
LINE
8
BLACK
6
CONTINUOUS
10
0.6359999606299213
20
0.8364138188976378
11
0.6359999606299213
21
0.836195748031496
0
LINE
8
BLACK
6
CONTINUOUS
10
0.6359999606299213
20
0.836195748031496
11
0.6404999212598425
21
0.8409242125984252
0
LINE
8
BLACK
6
CONTINUOUS
10
0.6404999212598425
20
0.8409242125984252
11
0.6378020078740158
21
0.8436221259842519
0
LINE
8
BLACK
6
CONTINUOUS
10
0.6378020078740158
20
0.8436221259842519
11
0.6359999606299213
21
0.8364138188976378
0
LINE
8
BLACK
6
CONTINUOUS
10
0.6406453937007874
20
0.8507412992125984
11
0.6401084251968504
21
0.8496673622047244
0
LINE
8
BLACK
6
CONTINUOUS
10
0.6401084251968504
20
0.8496673622047244
11
0.6426472440944881
21
0.8471285826771653
0
LINE
8
BLACK
6
CONTINUOUS
10
0.6426472440944881
20
0.8471285826771653
11
0.6426472440944881
21
0.8527431496062992
0
LINE
8
BLACK
6
CONTINUOUS
10
0.6426472440944881
20
0.8527431496062992
11
0.6406453937007874
21
0.8507412992125984
0
LINE
8
BLACK
6
CONTINUOUS
10
0.1429102362204724
20
0.829175
11
0.1435399606299212
21
0.8276547244094488
0
LINE
8
BLACK
6
CONTINUOUS
10
0.1435399606299212
20
0.8276547244094488
11
0.1435399606299212
21
0.8163975984251969
0
LINE
8
BLACK
6
CONTINUOUS
10
0.1435399606299212
20
0.8163975984251969
11
0.1429102362204724
21
0.8148773228346456
0
LINE
8
BLACK
6
CONTINUOUS
10
0.1429102362204724
20
0.8148773228346456
11
0.1413899606299213
21
0.8142475984251968
0
LINE
8
BLACK
6
CONTINUOUS
10
0.1413899606299213
20
0.8142475984251968
11
0.1398696850393701
21
0.8148773228346456
0
LINE
8
BLACK
6
CONTINUOUS
10
0.1398696850393701
20
0.8148773228346456
11
0.1392399606299213
21
0.8163975984251969
0
LINE
8
BLACK
6
CONTINUOUS
10
0.1392399606299213
20
0.8163975984251969
11
0.1392399606299213
21
0.8198761417322834
0
LINE
8
BLACK
6
CONTINUOUS
10
0.1392399606299213
20
0.8198761417322834
11
0.1216899606299213
21
0.8198761417322834
0
LINE
8
BLACK
6
CONTINUOUS
10
0.1216899606299213
20
0.8198761417322834
11
0.1214853937007874
21
0.8199608267716535
0
LINE
8
BLACK
6
CONTINUOUS
10
0.1214853937007874
20
0.8199608267716535
11
0.1212683070866142
21
0.8199179133858268
0
LINE
8
BLACK
6
CONTINUOUS
10
0.1212683070866142
20
0.8199179133858268
11
0.1207481496062992
21
0.8202662204724409
0
LINE
8
BLACK
6
CONTINUOUS
10
0.1207481496062992
20
0.8202662204724409
11
0.1201696850393701
21
0.8205058661417323
0
LINE
8
BLACK
6
CONTINUOUS
10
0.1201696850393701
20
0.8205058661417323
11
0.1200849606299213
21
0.8207103543307086
0
LINE
8
BLACK
6
CONTINUOUS
10
0.1200849606299213
20
0.8207103543307086
11
0.119901062992126
21
0.8208335433070866
0
LINE
8
BLACK
6
CONTINUOUS
10
0.119901062992126
20
0.8208335433070866
11
0.1197795669291339
21
0.8214476377952755
0
LINE
8
BLACK
6
CONTINUOUS
10
0.1197795669291339
20
0.8214476377952755
11
0.1195399606299213
21
0.8220261417322835
0
LINE
8
BLACK
6
CONTINUOUS
10
0.1195399606299213
20
0.8220261417322835
11
0.1196246456692913
21
0.8222306692913386
0
LINE
8
BLACK
6
CONTINUOUS
10
0.1196246456692913
20
0.8222306692913386
11
0.1195817322834646
21
0.8224477952755905
0
LINE
8
BLACK
6
CONTINUOUS
10
0.1195817322834646
20
0.8224477952755905
11
0.1199300393700787
21
0.8229679133858268
0
LINE
8
BLACK
6
CONTINUOUS
10
0.1199300393700787
20
0.8229679133858268
11
0.1201696850393701
21
0.8235464173228346
0
LINE
8
BLACK
6
CONTINUOUS
10
0.1201696850393701
20
0.8235464173228346
11
0.1203741732283465
21
0.8236311023622047
0
LINE
8
BLACK
6
CONTINUOUS
10
0.1203741732283465
20
0.8236311023622047
11
0.1204973622047244
21
0.8238150393700787
0
LINE
8
BLACK
6
CONTINUOUS
10
0.1204973622047244
20
0.8238150393700787
11
0.1231345275590551
21
0.8255731889763779
0
LINE
8
BLACK
6
CONTINUOUS
10
0.1231345275590551
20
0.8255731889763779
11
0.1246134251968504
21
0.8270520866141732
0
LINE
8
BLACK
6
CONTINUOUS
10
0.1246134251968504
20
0.8270520866141732
11
0.1253955118110236
21
0.8286162598425196
0
LINE
8
BLACK
6
CONTINUOUS
10
0.1253955118110236
20
0.8286162598425196
11
0.1266386614173228
21
0.8296943700787401
0
LINE
8
BLACK
6
CONTINUOUS
10
0.1266386614173228
20
0.8296943700787401
11
0.1282800787401575
21
0.8295777165354331
0
LINE
8
BLACK
6
CONTINUOUS
10
0.1282800787401575
20
0.8295777165354331
11
0.1293582283464567
21
0.8283346062992126
0
LINE
8
BLACK
6
CONTINUOUS
10
0.1293582283464567
20
0.8283346062992126
11
0.1292415354330709
21
0.8266931889763779
0
LINE
8
BLACK
6
CONTINUOUS
10
0.1292415354330709
20
0.8266931889763779
11
0.1283034251968504
21
0.8248170078740157
0
LINE
8
BLACK
6
CONTINUOUS
10
0.1283034251968504
20
0.8248170078740157
11
0.1280361023622047
21
0.8245851574803149
0
LINE
8
BLACK
6
CONTINUOUS
10
0.1280361023622047
20
0.8245851574803149
11
0.1279007086614173
21
0.8242582677165354
0
LINE
8
BLACK
6
CONTINUOUS
10
0.1279007086614173
20
0.8242582677165354
11
0.1278185826771653
21
0.8241761417322835
0
LINE
8
BLACK
6
CONTINUOUS
10
0.1278185826771653
20
0.8241761417322835
11
0.1392399606299213
21
0.8241761417322835
0
LINE
8
BLACK
6
CONTINUOUS
10
0.1392399606299213
20
0.8241761417322835
11
0.1392399606299213
21
0.8276547244094488
0
LINE
8
BLACK
6
CONTINUOUS
10
0.1392399606299213
20
0.8276547244094488
11
0.1398696850393701
21
0.829175
0
LINE
8
BLACK
6
CONTINUOUS
10
0.1398696850393701
20
0.829175
11
0.1413899606299213
21
0.8298047244094487
0
LINE
8
BLACK
6
CONTINUOUS
10
0.1413899606299213
20
0.8298047244094487
11
0.1429102362204724
21
0.829175
0
LINE
8
BLACK
6
CONTINUOUS
10
0.1429102362204724
20
0.8441845275590552
11
0.1435399606299212
21
0.8426642519685039
0
LINE
8
BLACK
6
CONTINUOUS
10
0.1435399606299212
20
0.8426642519685039
11
0.1435399606299212
21
0.8332833070866141
0
LINE
8
BLACK
6
CONTINUOUS
10
0.1435399606299212
20
0.8332833070866141
11
0.1429102362204724
21
0.831763031496063
0
LINE
8
BLACK
6
CONTINUOUS
10
0.1429102362204724
20
0.831763031496063
11
0.1413899606299213
21
0.8311333070866141
0
LINE
8
BLACK
6
CONTINUOUS
10
0.1413899606299213
20
0.8311333070866141
11
0.1398696850393701
21
0.831763031496063
0
LINE
8
BLACK
6
CONTINUOUS
10
0.1398696850393701
20
0.831763031496063
11
0.1392399606299213
21
0.8332833070866141
0
LINE
8
BLACK
6
CONTINUOUS
10
0.1392399606299213
20
0.8332833070866141
11
0.1392399606299213
21
0.8405142519685039
0
LINE
8
BLACK
6
CONTINUOUS
10
0.1392399606299213
20
0.8405142519685039
11
0.1216899606299213
21
0.8405142519685039
0
LINE
8
BLACK
6
CONTINUOUS
10
0.1216899606299213
20
0.8405142519685039
11
0.1201696850393701
21
0.8411439763779527
0
LINE
8
BLACK
6
CONTINUOUS
10
0.1201696850393701
20
0.8411439763779527
11
0.1195399606299213
21
0.8426642519685039
0
LINE
8
BLACK
6
CONTINUOUS
10
0.1195399606299213
20
0.8426642519685039
11
0.1201696850393701
21
0.8441845275590552
0
LINE
8
BLACK
6
CONTINUOUS
10
0.1201696850393701
20
0.8441845275590552
11
0.1216899606299213
21
0.8448142519685039
0
LINE
8
BLACK
6
CONTINUOUS
10
0.1216899606299213
20
0.8448142519685039
11
0.1413899606299213
21
0.8448142519685039
0
LINE
8
BLACK
6
CONTINUOUS
10
0.1413899606299213
20
0.8448142519685039
11
0.1429102362204724
21
0.8441845275590552
0
LINE
8
BLACK
6
CONTINUOUS
10
0.1503835039370079
20
0.8928851181102362
11
0.1505127559055118
21
0.8929079133858268
0
LINE
8
BLACK
6
CONTINUOUS
10
0.1505127559055118
20
0.8929079133858268
11
0.1506263385826772
21
0.892842283464567
0
LINE
8
BLACK
6
CONTINUOUS
10
0.1506263385826772
20
0.892842283464567
11
0.1510099212598425
21
0.8927746850393701
0
LINE
8
BLACK
6
CONTINUOUS
10
0.1510099212598425
20
0.8927746850393701
11
0.1515975984251969
21
0.8922815354330709
0
LINE
8
BLACK
6
CONTINUOUS
10
0.1515975984251969
20
0.8922815354330709
11
0.1522619291338583
21
0.8918979921259842
0
LINE
8
BLACK
6
CONTINUOUS
10
0.1522619291338583
20
0.8918979921259842
11
0.152353031496063
21
0.8916476377952756
0
LINE
8
BLACK
6
CONTINUOUS
10
0.152353031496063
20
0.8916476377952756
11
0.1525571653543307
21
0.8914763779527559
0
LINE
8
BLACK
6
CONTINUOUS
10
0.1525571653543307
20
0.8914763779527559
11
0.1526903937007874
21
0.8907207874015748
0
LINE
8
BLACK
6
CONTINUOUS
10
0.1526903937007874
20
0.8907207874015748
11
0.1529527559055118
21
0.89
0
LINE
8
BLACK
6
CONTINUOUS
10
0.1529527559055118
20
0.89
11
0.1529527559055118
21
0.85
0
LINE
8
BLACK
6
CONTINUOUS
10
0.1529527559055118
20
0.85
11
0.1527746850393701
21
0.8489900787401574
0
LINE
8
BLACK
6
CONTINUOUS
10
0.1527746850393701
20
0.8489900787401574
11
0.1514763779527559
21
0.8474428346456693
0
LINE
8
BLACK
6
CONTINUOUS
10
0.1514763779527559
20
0.8474428346456693
11
0.1494872440944882
21
0.8470920866141732
0
LINE
8
BLACK
6
CONTINUOUS
10
0.1494872440944882
20
0.8470920866141732
11
0.1477380708661417
21
0.8481020078740157
0
LINE
8
BLACK
6
CONTINUOUS
10
0.1477380708661417
20
0.8481020078740157
11
0.1470472440944882
21
0.85
0
LINE
8
BLACK
6
CONTINUOUS
10
0.1470472440944882
20
0.85
11
0.1470472440944882
21
0.8870472440944882
0
LINE
8
BLACK
6
CONTINUOUS
10
0.1470472440944882
20
0.8870472440944882
11
0.0929527559055118
21
0.8870472440944882
0
LINE
8
BLACK
6
CONTINUOUS
10
0.0929527559055118
20
0.8870472440944882
11
0.0929527559055118
21
0.85
0
LINE
8
BLACK
6
CONTINUOUS
10
0.0929527559055118
20
0.85
11
0.0927746850393701
21
0.8489900787401574
0
LINE
8
BLACK
6
CONTINUOUS
10
0.0927746850393701
20
0.8489900787401574
11
0.0914763779527559
21
0.8474428346456693
0
LINE
8
BLACK
6
CONTINUOUS
10
0.0914763779527559
20
0.8474428346456693
11
0.0894872440944882
21
0.8470920866141732
0
LINE
8
BLACK
6
CONTINUOUS
10
0.0894872440944882
20
0.8470920866141732
11
0.0877380708661417
21
0.8481020078740157
0
LINE
8
BLACK
6
CONTINUOUS
10
0.0877380708661417
20
0.8481020078740157
11
0.0870472440944882
21
0.85
0
LINE
8
BLACK
6
CONTINUOUS
10
0.0870472440944882
20
0.85
11
0.0870472440944882
21
0.89
0
LINE
8
BLACK
6
CONTINUOUS
10
0.0870472440944882
20
0.89
11
0.087114842519685
21
0.8903835039370078
0
LINE
8
BLACK
6
CONTINUOUS
10
0.087114842519685
20
0.8903835039370078
11
0.0870920866141732
21
0.8905127559055118
0
LINE
8
BLACK
6
CONTINUOUS
10
0.0870920866141732
20
0.8905127559055118
11
0.0871576771653543
21
0.8906263385826771
0
LINE
8
BLACK
6
CONTINUOUS
10
0.0871576771653543
20
0.8906263385826771
11
0.0872253149606299
21
0.8910099212598425
0
LINE
8
BLACK
6
CONTINUOUS
10
0.0872253149606299
20
0.8910099212598425
11
0.0877184251968504
21
0.8915975984251968
0
LINE
8
BLACK
6
CONTINUOUS
10
0.0877184251968504
20
0.8915975984251968
11
0.0881020078740157
21
0.8922619291338583
0
LINE
8
BLACK
6
CONTINUOUS
10
0.0881020078740157
20
0.8922619291338583
11
0.0883523228346457
21
0.8923530314960629
0
LINE
8
BLACK
6
CONTINUOUS
10
0.0883523228346457
20
0.8923530314960629
11
0.0885236220472441
21
0.8925571653543307
0
LINE
8
BLACK
6
CONTINUOUS
10
0.0885236220472441
20
0.8925571653543307
11
0.0892791732283465
21
0.8926903937007874
0
LINE
8
BLACK
6
CONTINUOUS
10
0.0892791732283465
20
0.8926903937007874
11
0.09
21
0.8929527559055118
0
LINE
8
BLACK
6
CONTINUOUS
10
0.09
20
0.8929527559055118
11
0.15
21
0.8929527559055118
0
LINE
8
BLACK
6
CONTINUOUS
10
0.15
20
0.8929527559055118
11
0.1503835039370079
21
0.8928851181102362
0
LINE
8
BLACK
6
CONTINUOUS
10
0.4089835039370079
20
0.8817851181102362
11
0.4091127559055118
21
0.8818079133858268
0
LINE
8
BLACK
6
CONTINUOUS
10
0.4091127559055118
20
0.8818079133858268
11
0.4092263385826772
21
0.881742283464567
0
LINE
8
BLACK
6
CONTINUOUS
10
0.4092263385826772
20
0.881742283464567
11
0.4096099212598425
21
0.8816746850393701
0
LINE
8
BLACK
6
CONTINUOUS
10
0.4096099212598425
20
0.8816746850393701
11
0.4101975984251968
21
0.8811815354330709
0
LINE
8
BLACK
6
CONTINUOUS
10
0.4101975984251968
20
0.8811815354330709
11
0.4108619291338583
21
0.8807979921259842
0
LINE
8
BLACK
6
CONTINUOUS
10
0.4108619291338583
20
0.8807979921259842
11
0.410953031496063
21
0.8805476377952756
0
LINE
8
BLACK
6
CONTINUOUS
10
0.410953031496063
20
0.8805476377952756
11
0.4111571653543307
21
0.8803763779527559
0
LINE
8
BLACK
6
CONTINUOUS
10
0.4111571653543307
20
0.8803763779527559
11
0.4112903937007874
21
0.8796207874015748
0
LINE
8
BLACK
6
CONTINUOUS
10
0.4112903937007874
20
0.8796207874015748
11
0.4115527559055118
21
0.8789
0
LINE
8
BLACK
6
CONTINUOUS
10
0.4115527559055118
20
0.8789
11
0.4115527559055118
21
0.8651
0
LINE
8
BLACK
6
CONTINUOUS
10
0.4115527559055118
20
0.8651
11
0.4113746850393701
21
0.8640900787401574
0
LINE
8
BLACK
6
CONTINUOUS
10
0.4113746850393701
20
0.8640900787401574
11
0.4100763779527559
21
0.8625428346456693
0
LINE
8
BLACK
6
CONTINUOUS
10
0.4100763779527559
20
0.8625428346456693
11
0.4080872440944882
21
0.8621920866141732
0
LINE
8
BLACK
6
CONTINUOUS
10
0.4080872440944882
20
0.8621920866141732
11
0.4063380708661417
21
0.8632020078740157
0
LINE
8
BLACK
6
CONTINUOUS
10
0.4063380708661417
20
0.8632020078740157
11
0.4056472440944882
21
0.8651
0
LINE
8
BLACK
6
CONTINUOUS
10
0.4056472440944882
20
0.8651
11
0.4056472440944882
21
0.8759472440944882
0
LINE
8
BLACK
6
CONTINUOUS
10
0.4056472440944882
20
0.8759472440944882
11
0.2520527559055118
21
0.8759472440944882
0
LINE
8
BLACK
6
CONTINUOUS
10
0.2520527559055118
20
0.8759472440944882
11
0.2520527559055118
21
0.8651
0
LINE
8
BLACK
6
CONTINUOUS
10
0.2520527559055118
20
0.8651
11
0.25187468503937
21
0.8640900787401574
0
LINE
8
BLACK
6
CONTINUOUS
10
0.25187468503937
20
0.8640900787401574
11
0.2505763779527559
21
0.8625428346456693
0
LINE
8
BLACK
6
CONTINUOUS
10
0.2505763779527559
20
0.8625428346456693
11
0.2485872440944882
21
0.8621920866141732
0
LINE
8
BLACK
6
CONTINUOUS
10
0.2485872440944882
20
0.8621920866141732
11
0.2468380708661417
21
0.8632020078740157
0
LINE
8
BLACK
6
CONTINUOUS
10
0.2468380708661417
20
0.8632020078740157
11
0.2461472440944882
21
0.8651
0
LINE
8
BLACK
6
CONTINUOUS
10
0.2461472440944882
20
0.8651
11
0.2461472440944882
21
0.8759472440944882
0
LINE
8
BLACK
6
CONTINUOUS
10
0.2461472440944882
20
0.8759472440944882
11
0.2343527559055118
21
0.8759472440944882
0
LINE
8
BLACK
6
CONTINUOUS
10
0.2343527559055118
20
0.8759472440944882
11
0.2343527559055118
21
0.8651
0
LINE
8
BLACK
6
CONTINUOUS
10
0.2343527559055118
20
0.8651
11
0.2341746850393701
21
0.8640900787401574
0
LINE
8
BLACK
6
CONTINUOUS
10
0.2341746850393701
20
0.8640900787401574
11
0.2328763779527559
21
0.8625428346456693
0
LINE
8
BLACK
6
CONTINUOUS
10
0.2328763779527559
20
0.8625428346456693
11
0.2308872440944882
21
0.8621920866141732
0
LINE
8
BLACK
6
CONTINUOUS
10
0.2308872440944882
20
0.8621920866141732
11
0.2291380708661417
21
0.8632020078740157
0
LINE
8
BLACK
6
CONTINUOUS
10
0.2291380708661417
20
0.8632020078740157
11
0.2284472440944882
21
0.8651
0
LINE
8
BLACK
6
CONTINUOUS
10
0.2284472440944882
20
0.8651
11
0.2284472440944882
21
0.8789
0
LINE
8
BLACK
6
CONTINUOUS
10
0.2284472440944882
20
0.8789
11
0.228514842519685
21
0.8792835039370078
0
LINE
8
BLACK
6
CONTINUOUS
10
0.228514842519685
20
0.8792835039370078
11
0.2284920866141732
21
0.8794127559055118
0
LINE
8
BLACK
6
CONTINUOUS
10
0.2284920866141732
20
0.8794127559055118
11
0.2285576771653543
21
0.8795263385826771
0
LINE
8
BLACK
6
CONTINUOUS
10
0.2285576771653543
20
0.8795263385826771
11
0.2286253149606299
21
0.8799099212598425
0
LINE
8
BLACK
6
CONTINUOUS
10
0.2286253149606299
20
0.8799099212598425
11
0.2291184251968504
21
0.8804975984251968
0
LINE
8
BLACK
6
CONTINUOUS
10
0.2291184251968504
20
0.8804975984251968
11
0.2295020078740158
21
0.8811619291338583
0
LINE
8
BLACK
6
CONTINUOUS
10
0.2295020078740158
20
0.8811619291338583
11
0.2297523228346457
21
0.8812530314960629
0
LINE
8
BLACK
6
CONTINUOUS
10
0.2297523228346457
20
0.8812530314960629
11
0.2299236220472441
21
0.8814571653543307
0
LINE
8
BLACK
6
CONTINUOUS
10
0.2299236220472441
20
0.8814571653543307
11
0.2306791732283464
21
0.8815903937007874
0
LINE
8
BLACK
6
CONTINUOUS
10
0.2306791732283464
20
0.8815903937007874
11
0.2314
21
0.8818527559055118
0
LINE
8
BLACK
6
CONTINUOUS
10
0.2314
20
0.8818527559055118
11
0.4086
21
0.8818527559055118
0
LINE
8
BLACK
6
CONTINUOUS
10
0.4086
20
0.8818527559055118
11
0.4089835039370079
21
0.8817851181102362
0
LINE
8
BLACK
6
CONTINUOUS
10
0.7822619291338583
20
0.9318979921259842
11
0.7829527559055118
21
0.9299999999999999
0
LINE
8
BLACK
6
CONTINUOUS
10
0.7829527559055118
20
0.9299999999999999
11
0.7829527559055118
21
0.89
0
LINE
8
BLACK
6
CONTINUOUS
10
0.7829527559055118
20
0.89
11
0.7828851181102362
21
0.8896164566929133
0
LINE
8
BLACK
6
CONTINUOUS
10
0.7828851181102362
20
0.8896164566929133
11
0.7829079133858268
21
0.8894872440944882
0
LINE
8
BLACK
6
CONTINUOUS
10
0.7829079133858268
20
0.8894872440944882
11
0.7828422834645669
21
0.8893736220472441
0
LINE
8
BLACK
6
CONTINUOUS
10
0.7828422834645669
20
0.8893736220472441
11
0.7827746850393701
21
0.8889900787401575
0
LINE
8
BLACK
6
CONTINUOUS
10
0.7827746850393701
20
0.8889900787401575
11
0.7822815354330709
21
0.8884023622047243
0
LINE
8
BLACK
6
CONTINUOUS
10
0.7822815354330709
20
0.8884023622047243
11
0.7818979921259842
21
0.8877380708661418
0
LINE
8
BLACK
6
CONTINUOUS
10
0.7818979921259842
20
0.8877380708661418
11
0.7816476377952756
21
0.8876469291338582
0
LINE
8
BLACK
6
CONTINUOUS
10
0.7816476377952756
20
0.8876469291338582
11
0.7814763779527559
21
0.8874428346456693
0
LINE
8
BLACK
6
CONTINUOUS
10
0.7814763779527559
20
0.8874428346456693
11
0.7807207874015748
21
0.8873095669291339
0
LINE
8
BLACK
6
CONTINUOUS
10
0.7807207874015748
20
0.8873095669291339
11
0.78
21
0.8870472440944882
0
LINE
8
BLACK
6
CONTINUOUS
10
0.78
20
0.8870472440944882
11
0.72
21
0.8870472440944882
0
LINE
8
BLACK
6
CONTINUOUS
10
0.72
20
0.8870472440944882
11
0.7196164566929134
21
0.887114842519685
0
LINE
8
BLACK
6
CONTINUOUS
10
0.7196164566929134
20
0.887114842519685
11
0.7194872440944882
21
0.8870920866141732
0
LINE
8
BLACK
6
CONTINUOUS
10
0.7194872440944882
20
0.8870920866141732
11
0.7193736220472441
21
0.8871576771653543
0
LINE
8
BLACK
6
CONTINUOUS
10
0.7193736220472441
20
0.8871576771653543
11
0.7189900787401574
21
0.88722531496063
0
LINE
8
BLACK
6
CONTINUOUS
10
0.7189900787401574
20
0.88722531496063
11
0.7184023622047244
21
0.8877184251968504
0
LINE
8
BLACK
6
CONTINUOUS
10
0.7184023622047244
20
0.8877184251968504
11
0.7177380708661417
21
0.8881020078740157
0
LINE
8
BLACK
6
CONTINUOUS
10
0.7177380708661417
20
0.8881020078740157
11
0.7176469291338583
21
0.8883523228346456
0
LINE
8
BLACK
6
CONTINUOUS
10
0.7176469291338583
20
0.8883523228346456
11
0.7174428346456693
21
0.8885236220472441
0
LINE
8
BLACK
6
CONTINUOUS
10
0.7174428346456693
20
0.8885236220472441
11
0.7173095669291338
21
0.8892791732283465
0
LINE
8
BLACK
6
CONTINUOUS
10
0.7173095669291338
20
0.8892791732283465
11
0.7170472440944882
21
0.89
0
LINE
8
BLACK
6
CONTINUOUS
10
0.7170472440944882
20
0.89
11
0.7170472440944882
21
0.9299999999999999
0
LINE
8
BLACK
6
CONTINUOUS
10
0.7170472440944882
20
0.9299999999999999
11
0.7172253149606299
21
0.9310099212598425
0
LINE
8
BLACK
6
CONTINUOUS
10
0.7172253149606299
20
0.9310099212598425
11
0.7185236220472441
21
0.9325571653543306
0
LINE
8
BLACK
6
CONTINUOUS
10
0.7185236220472441
20
0.9325571653543306
11
0.7205127559055118
21
0.9329079133858268
0
LINE
8
BLACK
6
CONTINUOUS
10
0.7205127559055118
20
0.9329079133858268
11
0.7222619291338582
21
0.9318979921259842
0
LINE
8
BLACK
6
CONTINUOUS
10
0.7222619291338582
20
0.9318979921259842
11
0.7229527559055118
21
0.9299999999999999
0
LINE
8
BLACK
6
CONTINUOUS
10
0.7229527559055118
20
0.9299999999999999
11
0.7229527559055118
21
0.8929527559055118
0
LINE
8
BLACK
6
CONTINUOUS
10
0.7229527559055118
20
0.8929527559055118
11
0.7770472440944882
21
0.8929527559055118
0
LINE
8
BLACK
6
CONTINUOUS
10
0.7770472440944882
20
0.8929527559055118
11
0.7770472440944882
21
0.9299999999999999
0
LINE
8
BLACK
6
CONTINUOUS
10
0.7770472440944882
20
0.9299999999999999
11
0.7772253149606299
21
0.9310099212598425
0
LINE
8
BLACK
6
CONTINUOUS
10
0.7772253149606299
20
0.9310099212598425
11
0.7785236220472441
21
0.9325571653543306
0
LINE
8
BLACK
6
CONTINUOUS
10
0.7785236220472441
20
0.9325571653543306
11
0.7805127559055118
21
0.9329079133858268
0
LINE
8
BLACK
6
CONTINUOUS
10
0.7805127559055118
20
0.9329079133858268
11
0.7822619291338583
21
0.9318979921259842
0
LINE
8
BLACK
6
CONTINUOUS
10
0.8822619291338583
20
0.9318979921259842
11
0.8829527559055118
21
0.9299999999999999
0
LINE
8
BLACK
6
CONTINUOUS
10
0.8829527559055118
20
0.9299999999999999
11
0.8829527559055118
21
0.89
0
LINE
8
BLACK
6
CONTINUOUS
10
0.8829527559055118
20
0.89
11
0.8828851181102362
21
0.8896164566929133
0
LINE
8
BLACK
6
CONTINUOUS
10
0.8828851181102362
20
0.8896164566929133
11
0.8829079133858267
21
0.8894872440944882
0
LINE
8
BLACK
6
CONTINUOUS
10
0.8829079133858267
20
0.8894872440944882
11
0.8828422834645669
21
0.8893736220472441
0
LINE
8
BLACK
6
CONTINUOUS
10
0.8828422834645669
20
0.8893736220472441
11
0.8827746850393701
21
0.8889900787401575
0
LINE
8
BLACK
6
CONTINUOUS
10
0.8827746850393701
20
0.8889900787401575
11
0.8822815354330709
21
0.8884023622047243
0
LINE
8
BLACK
6
CONTINUOUS
10
0.8822815354330709
20
0.8884023622047243
11
0.8818979921259842
21
0.8877380708661418
0
LINE
8
BLACK
6
CONTINUOUS
10
0.8818979921259842
20
0.8877380708661418
11
0.8816476377952756
21
0.8876469291338582
0
LINE
8
BLACK
6
CONTINUOUS
10
0.8816476377952756
20
0.8876469291338582
11
0.8814763779527559
21
0.8874428346456693
0
LINE
8
BLACK
6
CONTINUOUS
10
0.8814763779527559
20
0.8874428346456693
11
0.8807207874015748
21
0.8873095669291339
0
LINE
8
BLACK
6
CONTINUOUS
10
0.8807207874015748
20
0.8873095669291339
11
0.88
21
0.8870472440944882
0
LINE
8
BLACK
6
CONTINUOUS
10
0.88
20
0.8870472440944882
11
0.82
21
0.8870472440944882
0
LINE
8
BLACK
6
CONTINUOUS
10
0.82
20
0.8870472440944882
11
0.8196164566929134
21
0.887114842519685
0
LINE
8
BLACK
6
CONTINUOUS
10
0.8196164566929134
20
0.887114842519685
11
0.8194872440944881
21
0.8870920866141732
0
LINE
8
BLACK
6
CONTINUOUS
10
0.8194872440944881
20
0.8870920866141732
11
0.8193736220472441
21
0.8871576771653543
0
LINE
8
BLACK
6
CONTINUOUS
10
0.8193736220472441
20
0.8871576771653543
11
0.8189900787401575
21
0.88722531496063
0
LINE
8
BLACK
6
CONTINUOUS
10
0.8189900787401575
20
0.88722531496063
11
0.8184023622047244
21
0.8877184251968504
0
LINE
8
BLACK
6
CONTINUOUS
10
0.8184023622047244
20
0.8877184251968504
11
0.8177380708661417
21
0.8881020078740157
0
LINE
8
BLACK
6
CONTINUOUS
10
0.8177380708661417
20
0.8881020078740157
11
0.8176469291338583
21
0.8883523228346456
0
LINE
8
BLACK
6
CONTINUOUS
10
0.8176469291338583
20
0.8883523228346456
11
0.8174428346456692
21
0.8885236220472441
0
LINE
8
BLACK
6
CONTINUOUS
10
0.8174428346456692
20
0.8885236220472441
11
0.8173095669291338
21
0.8892791732283465
0
LINE
8
BLACK
6
CONTINUOUS
10
0.8173095669291338
20
0.8892791732283465
11
0.8170472440944881
21
0.89
0
LINE
8
BLACK
6
CONTINUOUS
10
0.8170472440944881
20
0.89
11
0.8170472440944881
21
0.9299999999999999
0
LINE
8
BLACK
6
CONTINUOUS
10
0.8170472440944881
20
0.9299999999999999
11
0.8172253149606299
21
0.9310099212598425
0
LINE
8
BLACK
6
CONTINUOUS
10
0.8172253149606299
20
0.9310099212598425
11
0.818523622047244
21
0.9325571653543306
0
LINE
8
BLACK
6
CONTINUOUS
10
0.818523622047244
20
0.9325571653543306
11
0.8205127559055118
21
0.9329079133858268
0
LINE
8
BLACK
6
CONTINUOUS
10
0.8205127559055118
20
0.9329079133858268
11
0.8222619291338582
21
0.9318979921259842
0
LINE
8
BLACK
6
CONTINUOUS
10
0.8222619291338582
20
0.9318979921259842
11
0.8229527559055118
21
0.9299999999999999
0
LINE
8
BLACK
6
CONTINUOUS
10
0.8229527559055118
20
0.9299999999999999
11
0.8229527559055118
21
0.8929527559055118
0
LINE
8
BLACK
6
CONTINUOUS
10
0.8229527559055118
20
0.8929527559055118
11
0.8770472440944882
21
0.8929527559055118
0
LINE
8
BLACK
6
CONTINUOUS
10
0.8770472440944882
20
0.8929527559055118
11
0.8770472440944882
21
0.9299999999999999
0
LINE
8
BLACK
6
CONTINUOUS
10
0.8770472440944882
20
0.9299999999999999
11
0.8772253149606299
21
0.9310099212598425
0
LINE
8
BLACK
6
CONTINUOUS
10
0.8772253149606299
20
0.9310099212598425
11
0.8785236220472441
21
0.9325571653543306
0
LINE
8
BLACK
6
CONTINUOUS
10
0.8785236220472441
20
0.9325571653543306
11
0.8805127559055118
21
0.9329079133858268
0
LINE
8
BLACK
6
CONTINUOUS
10
0.8805127559055118
20
0.9329079133858268
11
0.8822619291338583
21
0.9318979921259842
0
LINE
8
BLACK
6
CONTINUOUS
10
0.6974383464566929
20
0.9131680708661417
11
0.6980094881889763
21
0.9117892125984252
0
LINE
8
BLACK
6
CONTINUOUS
10
0.6980094881889763
20
0.9117892125984252
11
0.6980094881889763
21
0.8920892125984252
0
LINE
8
BLACK
6
CONTINUOUS
10
0.6980094881889763
20
0.8920892125984252
11
0.6974383464566929
21
0.8907103543307087
0
LINE
8
BLACK
6
CONTINUOUS
10
0.6974383464566929
20
0.8907103543307087
11
0.6960594881889763
21
0.8901392125984252
0
LINE
8
BLACK
6
CONTINUOUS
10
0.6960594881889763
20
0.8901392125984252
11
0.6946806299212598
21
0.8907103543307087
0
LINE
8
BLACK
6
CONTINUOUS
10
0.6946806299212598
20
0.8907103543307087
11
0.6941094881889763
21
0.8920892125984252
0
LINE
8
BLACK
6
CONTINUOUS
10
0.6941094881889763
20
0.8920892125984252
11
0.6941094881889763
21
0.8997243307086614
0
LINE
8
BLACK
6
CONTINUOUS
10
0.6941094881889763
20
0.8997243307086614
11
0.6934561811023622
21
0.9003775984251968
0
LINE
8
BLACK
6
CONTINUOUS
10
0.6934561811023622
20
0.9003775984251968
11
0.6863623622047244
21
0.8909192125984252
0
LINE
8
BLACK
6
CONTINUOUS
10
0.6863623622047244
20
0.8909192125984252
11
0.6850781496062992
21
0.8901588188976378
0
LINE
8
BLACK
6
CONTINUOUS
10
0.6850781496062992
20
0.8901588188976378
11
0.6836323622047243
21
0.8905292125984252
0
LINE
8
BLACK
6
CONTINUOUS
10
0.6836323622047243
20
0.8905292125984252
11
0.6828719685039369
21
0.8918134251968504
0
LINE
8
BLACK
6
CONTINUOUS
10
0.6828719685039369
20
0.8918134251968504
11
0.6832423622047243
21
0.8932592125984252
0
LINE
8
BLACK
6
CONTINUOUS
10
0.6832423622047243
20
0.8932592125984252
11
0.6906704724409448
21
0.9031633070866142
0
LINE
8
BLACK
6
CONTINUOUS
10
0.6906704724409448
20
0.9031633070866142
11
0.6834235039370079
21
0.9104103543307086
0
LINE
8
BLACK
6
CONTINUOUS
10
0.6834235039370079
20
0.9104103543307086
11
0.6828523622047243
21
0.9117892125984252
0
LINE
8
BLACK
6
CONTINUOUS
10
0.6828523622047243
20
0.9117892125984252
11
0.6834235039370079
21
0.9131680708661417
0
LINE
8
BLACK
6
CONTINUOUS
10
0.6834235039370079
20
0.9131680708661417
11
0.6848023622047243
21
0.9137392125984252
0
LINE
8
BLACK
6
CONTINUOUS
10
0.6848023622047243
20
0.9137392125984252
11
0.6861812204724409
21
0.9131680708661417
0
LINE
8
BLACK
6
CONTINUOUS
10
0.6861812204724409
20
0.9131680708661417
11
0.6941094881889763
21
0.9052397637795275
0
LINE
8
BLACK
6
CONTINUOUS
10
0.6941094881889763
20
0.9052397637795275
11
0.6941094881889763
21
0.9117892125984252
0
LINE
8
BLACK
6
CONTINUOUS
10
0.6941094881889763
20
0.9117892125984252
11
0.6946806299212598
21
0.9131680708661417
0
LINE
8
BLACK
6
CONTINUOUS
10
0.6946806299212598
20
0.9131680708661417
11
0.6960594881889763
21
0.9137392125984252
0
LINE
8
BLACK
6
CONTINUOUS
10
0.6960594881889763
20
0.9137392125984252
11
0.6974383464566929
21
0.9131680708661417
0
LINE
8
BLACK
6
CONTINUOUS
10
0.5498266929133858
20
0.9135436614173228
11
0.5499720472440944
21
0.9135333464566929
0
LINE
8
BLACK
6
CONTINUOUS
10
0.5499720472440944
20
0.9135333464566929
11
0.5503770078740158
21
0.9130663779527559
0
LINE
8
BLACK
6
CONTINUOUS
10
0.5503770078740158
20
0.9130663779527559
11
0.5508440944881889
21
0.9126612992125984
0
LINE
8
BLACK
6
CONTINUOUS
10
0.5508440944881889
20
0.9126612992125984
11
0.5508544094488189
21
0.9125159055118111
0
LINE
8
BLACK
6
CONTINUOUS
10
0.5508544094488189
20
0.9125159055118111
11
0.5509498818897638
21
0.9124058661417322
0
LINE
8
BLACK
6
CONTINUOUS
10
0.5509498818897638
20
0.9124058661417322
11
0.5575165354330709
21
0.8927058267716536
0
LINE
8
BLACK
6
CONTINUOUS
10
0.5575165354330709
20
0.8927058267716536
11
0.557410748031496
21
0.891217125984252
0
LINE
8
BLACK
6
CONTINUOUS
10
0.557410748031496
20
0.891217125984252
11
0.5562832677165355
21
0.890239251968504
0
LINE
8
BLACK
6
CONTINUOUS
10
0.5562832677165355
20
0.890239251968504
11
0.5547945669291339
21
0.8903450787401574
0
LINE
8
BLACK
6
CONTINUOUS
10
0.5547945669291339
20
0.8903450787401574
11
0.5538166929133859
21
0.8914725590551181
0
LINE
8
BLACK
6
CONTINUOUS
10
0.5538166929133859
20
0.8914725590551181
11
0.5523849606299213
21
0.8957677952755906
0
LINE
8
BLACK
6
CONTINUOUS
10
0.5523849606299213
20
0.8957677952755906
11
0.5458149606299213
21
0.8957677952755906
0
LINE
8
BLACK
6
CONTINUOUS
10
0.5458149606299213
20
0.8957677952755906
11
0.5443832283464567
21
0.8914725590551181
0
LINE
8
BLACK
6
CONTINUOUS
10
0.5443832283464567
20
0.8914725590551181
11
0.5434053937007874
21
0.8903450787401574
0
LINE
8
BLACK
6
CONTINUOUS
10
0.5434053937007874
20
0.8903450787401574
11
0.5419166535433071
21
0.8902392913385827
0
LINE
8
BLACK
6
CONTINUOUS
10
0.5419166535433071
20
0.8902392913385827
11
0.5407891732283464
21
0.891217125984252
0
LINE
8
BLACK
6
CONTINUOUS
10
0.5407891732283464
20
0.891217125984252
11
0.5406833858267717
21
0.8927058661417323
0
LINE
8
BLACK
6
CONTINUOUS
10
0.5406833858267717
20
0.8927058661417323
11
0.5472500393700788
21
0.9124058661417322
0
LINE
8
BLACK
6
CONTINUOUS
10
0.5472500393700788
20
0.9124058661417322
11
0.5473454724409449
21
0.9125159055118111
0
LINE
8
BLACK
6
CONTINUOUS
10
0.5473454724409449
20
0.9125159055118111
11
0.5473558267716535
21
0.9126612992125984
0
LINE
8
BLACK
6
CONTINUOUS
10
0.5473558267716535
20
0.9126612992125984
11
0.5478229133858268
21
0.9130663779527559
0
LINE
8
BLACK
6
CONTINUOUS
10
0.5478229133858268
20
0.9130663779527559
11
0.5482279133858268
21
0.9135333464566929
0
LINE
8
BLACK
6
CONTINUOUS
10
0.5482279133858268
20
0.9135333464566929
11
0.5483732283464566
21
0.9135436614173228
0
LINE
8
BLACK
6
CONTINUOUS
10
0.5483732283464566
20
0.9135436614173228
11
0.5484833070866142
21
0.9136391338582677
0
LINE
8
BLACK
6
CONTINUOUS
10
0.5484833070866142
20
0.9136391338582677
11
0.5490998031496063
21
0.9135953149606298
0
LINE
8
BLACK
6
CONTINUOUS
10
0.5490998031496063
20
0.9135953149606298
11
0.5497166141732284
21
0.9136391732283464
0
LINE
8
BLACK
6
CONTINUOUS
10
0.5497166141732284
20
0.9136391732283464
11
0.5498266929133858
21
0.9135436614173228
0
LINE
8
BLACK
6
CONTINUOUS
10
0.5471149606299213
20
0.8996677952755905
11
0.5510849606299213
21
0.8996677952755905
0
LINE
8
BLACK
6
CONTINUOUS
10
0.5510849606299213
20
0.8996677952755905
11
0.5490999212598425
21
0.9056227952755905
0
LINE
8
BLACK
6
CONTINUOUS
10
0.5490999212598425
20
0.9056227952755905
11
0.5471149606299213
21
0.8996677952755905
0
LINE
8
BLACK
6
CONTINUOUS
10
0.4353835039370079
20
0.9628851181102362
11
0.4355127559055118
21
0.9629079133858267
0
LINE
8
BLACK
6
CONTINUOUS
10
0.4355127559055118
20
0.9629079133858267
11
0.4356263385826771
21
0.9628422834645669
0
LINE
8
BLACK
6
CONTINUOUS
10
0.4356263385826771
20
0.9628422834645669
11
0.4360099212598425
21
0.96277468503937
0
LINE
8
BLACK
6
CONTINUOUS
10
0.4360099212598425
20
0.96277468503937
11
0.4365975984251969
21
0.9622815354330708
0
LINE
8
BLACK
6
CONTINUOUS
10
0.4365975984251969
20
0.9622815354330708
11
0.4372619291338583
21
0.9618979921259843
0
LINE
8
BLACK
6
CONTINUOUS
10
0.4372619291338583
20
0.9618979921259843
11
0.437353031496063
21
0.9616476377952756
0
LINE
8
BLACK
6
CONTINUOUS
10
0.437353031496063
20
0.9616476377952756
11
0.4375571653543307
21
0.9614763779527559
0
LINE
8
BLACK
6
CONTINUOUS
10
0.4375571653543307
20
0.9614763779527559
11
0.4376903937007874
21
0.9607207874015747
0
LINE
8
BLACK
6
CONTINUOUS
10
0.4376903937007874
20
0.9607207874015747
11
0.4379527559055118
21
0.96
0
LINE
8
BLACK
6
CONTINUOUS
10
0.4379527559055118
20
0.96
11
0.4379527559055118
21
0.9076196456692913
0
LINE
8
BLACK
6
CONTINUOUS
10
0.4379527559055118
20
0.9076196456692913
11
0.4382303543307087
21
0.9077533464566929
0
LINE
8
BLACK
6
CONTINUOUS
10
0.4382303543307087
20
0.9077533464566929
11
0.4417696456692913
21
0.9077533464566929
0
LINE
8
BLACK
6
CONTINUOUS
10
0.4417696456692913
20
0.9077533464566929
11
0.4449584645669291
21
0.906217716535433
0
LINE
8
BLACK
6
CONTINUOUS
10
0.4449584645669291
20
0.906217716535433
11
0.4471651968503937
21
0.903450590551181
0
LINE
8
BLACK
6
CONTINUOUS
10
0.4471651968503937
20
0.903450590551181
11
0.4479527559055118
21
0.9
0
LINE
8
BLACK
6
CONTINUOUS
10
0.4479527559055118
20
0.9
11
0.4471651968503937
21
0.8965494094488189
0
LINE
8
BLACK
6
CONTINUOUS
10
0.4471651968503937
20
0.8965494094488189
11
0.4449584645669291
21
0.8937822834645669
0
LINE
8
BLACK
6
CONTINUOUS
10
0.4449584645669291
20
0.8937822834645669
11
0.4417696456692913
21
0.892246653543307
0
LINE
8
BLACK
6
CONTINUOUS
10
0.4417696456692913
20
0.892246653543307
11
0.4382303543307087
21
0.892246653543307
0
LINE
8
BLACK
6
CONTINUOUS
10
0.4382303543307087
20
0.892246653543307
11
0.4350415354330708
21
0.8937822834645669
0
LINE
8
BLACK
6
CONTINUOUS
10
0.4350415354330708
20
0.8937822834645669
11
0.4328348031496063
21
0.8965494094488189
0
LINE
8
BLACK
6
CONTINUOUS
10
0.4328348031496063
20
0.8965494094488189
11
0.4327211811023622
21
0.8970472440944882
0
LINE
8
BLACK
6
CONTINUOUS
10
0.4327211811023622
20
0.8970472440944882
11
0.395
21
0.8970472440944882
0
LINE
8
BLACK
6
CONTINUOUS
10
0.395
20
0.8970472440944882
11
0.3939900787401575
21
0.8972253149606298
0
LINE
8
BLACK
6
CONTINUOUS
10
0.3939900787401575
20
0.8972253149606298
11
0.3924428346456693
21
0.8985236220472441
0
LINE
8
BLACK
6
CONTINUOUS
10
0.3924428346456693
20
0.8985236220472441
11
0.3920920866141732
21
0.9005127559055118
0
LINE
8
BLACK
6
CONTINUOUS
10
0.3920920866141732
20
0.9005127559055118
11
0.3931020078740157
21
0.9022619291338583
0
LINE
8
BLACK
6
CONTINUOUS
10
0.3931020078740157
20
0.9022619291338583
11
0.395
21
0.9029527559055118
0
LINE
8
BLACK
6
CONTINUOUS
10
0.395
20
0.9029527559055118
11
0.4320472440944882
21
0.9029527559055118
0
LINE
8
BLACK
6
CONTINUOUS
10
0.4320472440944882
20
0.9029527559055118
11
0.4320472440944882
21
0.9570472440944882
0
LINE
8
BLACK
6
CONTINUOUS
10
0.4320472440944882
20
0.9570472440944882
11
0.395
21
0.9570472440944882
0
LINE
8
BLACK
6
CONTINUOUS
10
0.395
20
0.9570472440944882
11
0.3939900787401575
21
0.9572253149606299
0
LINE
8
BLACK
6
CONTINUOUS
10
0.3939900787401575
20
0.9572253149606299
11
0.3924428346456693
21
0.9585236220472441
0
LINE
8
BLACK
6
CONTINUOUS
10
0.3924428346456693
20
0.9585236220472441
11
0.3920920866141732
21
0.9605127559055118
0
LINE
8
BLACK
6
CONTINUOUS
10
0.3920920866141732
20
0.9605127559055118
11
0.3931020078740157
21
0.9622619291338582
0
LINE
8
BLACK
6
CONTINUOUS
10
0.3931020078740157
20
0.9622619291338582
11
0.395
21
0.9629527559055118
0
LINE
8
BLACK
6
CONTINUOUS
10
0.395
20
0.9629527559055118
11
0.435
21
0.9629527559055118
0
LINE
8
BLACK
6
CONTINUOUS
10
0.435
20
0.9629527559055118
11
0.4353835039370079
21
0.9628851181102362
0
LINE
8
BLACK
6
CONTINUOUS
10
0.4384331102362204
20
0.9015668897637795
11
0.4379527559055118
21
0.9004071653543307
0
LINE
8
BLACK
6
CONTINUOUS
10
0.4379527559055118
20
0.9004071653543307
11
0.4379527559055118
21
0.9
0
LINE
8
BLACK
6
CONTINUOUS
10
0.4379527559055118
20
0.9
11
0.4379023622047244
21
0.8997143700787401
0
LINE
8
BLACK
6
CONTINUOUS
10
0.4379023622047244
20
0.8997143700787401
11
0.4384331102362204
21
0.8984331102362204
0
LINE
8
BLACK
6
CONTINUOUS
10
0.4384331102362204
20
0.8984331102362204
11
0.44
21
0.897784094488189
0
LINE
8
BLACK
6
CONTINUOUS
10
0.44
20
0.897784094488189
11
0.4415668897637795
21
0.8984331102362204
0
LINE
8
BLACK
6
CONTINUOUS
10
0.4415668897637795
20
0.8984331102362204
11
0.442215905511811
21
0.9
0
LINE
8
BLACK
6
CONTINUOUS
10
0.442215905511811
20
0.9
11
0.4415668897637795
21
0.9015668897637795
0
LINE
8
BLACK
6
CONTINUOUS
10
0.4415668897637795
20
0.9015668897637795
11
0.44
21
0.902215905511811
0
LINE
8
BLACK
6
CONTINUOUS
10
0.44
20
0.902215905511811
11
0.4384331102362204
21
0.9015668897637795
0
LINE
8
BLACK
6
CONTINUOUS
10
0.2922619291338582
20
0.9418979921259842
11
0.2929527559055118
21
0.9399999999999999
0
LINE
8
BLACK
6
CONTINUOUS
10
0.2929527559055118
20
0.9399999999999999
11
0.2929527559055118
21
0.9
0
LINE
8
BLACK
6
CONTINUOUS
10
0.2929527559055118
20
0.9
11
0.2928851181102362
21
0.8996164566929133
0
LINE
8
BLACK
6
CONTINUOUS
10
0.2928851181102362
20
0.8996164566929133
11
0.2929079133858268
21
0.8994872440944882
0
LINE
8
BLACK
6
CONTINUOUS
10
0.2929079133858268
20
0.8994872440944882
11
0.2928422834645669
21
0.899373622047244
0
LINE
8
BLACK
6
CONTINUOUS
10
0.2928422834645669
20
0.899373622047244
11
0.2927746850393701
21
0.8989900787401575
0
LINE
8
BLACK
6
CONTINUOUS
10
0.2927746850393701
20
0.8989900787401575
11
0.2922815354330708
21
0.8984023622047244
0
LINE
8
BLACK
6
CONTINUOUS
10
0.2922815354330708
20
0.8984023622047244
11
0.2918979921259842
21
0.8977380708661417
0
LINE
8
BLACK
6
CONTINUOUS
10
0.2918979921259842
20
0.8977380708661417
11
0.2916476377952756
21
0.8976469291338582
0
LINE
8
BLACK
6
CONTINUOUS
10
0.2916476377952756
20
0.8976469291338582
11
0.2914763779527559
21
0.8974428346456693
0
LINE
8
BLACK
6
CONTINUOUS
10
0.2914763779527559
20
0.8974428346456693
11
0.2907207874015748
21
0.8973095669291339
0
LINE
8
BLACK
6
CONTINUOUS
10
0.2907207874015748
20
0.8973095669291339
11
0.29
21
0.8970472440944882
0
LINE
8
BLACK
6
CONTINUOUS
10
0.29
20
0.8970472440944882
11
0.23
21
0.8970472440944882
0
LINE
8
BLACK
6
CONTINUOUS
10
0.23
20
0.8970472440944882
11
0.2296164566929134
21
0.897114842519685
0
LINE
8
BLACK
6
CONTINUOUS
10
0.2296164566929134
20
0.897114842519685
11
0.2294872440944882
21
0.8970920866141732
0
LINE
8
BLACK
6
CONTINUOUS
10
0.2294872440944882
20
0.8970920866141732
11
0.2293736220472441
21
0.8971576771653543
0
LINE
8
BLACK
6
CONTINUOUS
10
0.2293736220472441
20
0.8971576771653543
11
0.2289900787401575
21
0.8972253149606298
0
LINE
8
BLACK
6
CONTINUOUS
10
0.2289900787401575
20
0.8972253149606298
11
0.2284023622047244
21
0.8977184251968504
0
LINE
8
BLACK
6
CONTINUOUS
10
0.2284023622047244
20
0.8977184251968504
11
0.2277380708661417
21
0.8981020078740157
0
LINE
8
BLACK
6
CONTINUOUS
10
0.2277380708661417
20
0.8981020078740157
11
0.2276469291338583
21
0.8983523228346456
0
LINE
8
BLACK
6
CONTINUOUS
10
0.2276469291338583
20
0.8983523228346456
11
0.2274428346456693
21
0.8985236220472441
0
LINE
8
BLACK
6
CONTINUOUS
10
0.2274428346456693
20
0.8985236220472441
11
0.2273095669291338
21
0.8992791732283464
0
LINE
8
BLACK
6
CONTINUOUS
10
0.2273095669291338
20
0.8992791732283464
11
0.2270472440944882
21
0.9
0
LINE
8
BLACK
6
CONTINUOUS
10
0.2270472440944882
20
0.9
11
0.2270472440944882
21
0.9399999999999999
0
LINE
8
BLACK
6
CONTINUOUS
10
0.2270472440944882
20
0.9399999999999999
11
0.2272253149606299
21
0.9410099212598425
0
LINE
8
BLACK
6
CONTINUOUS
10
0.2272253149606299
20
0.9410099212598425
11
0.2285236220472441
21
0.9425571653543307
0
LINE
8
BLACK
6
CONTINUOUS
10
0.2285236220472441
20
0.9425571653543307
11
0.2305127559055118
21
0.9429079133858268
0
LINE
8
BLACK
6
CONTINUOUS
10
0.2305127559055118
20
0.9429079133858268
11
0.2322619291338583
21
0.9418979921259842
0
LINE
8
BLACK
6
CONTINUOUS
10
0.2322619291338583
20
0.9418979921259842
11
0.2329527559055118
21
0.9399999999999999
0
LINE
8
BLACK
6
CONTINUOUS
10
0.2329527559055118
20
0.9399999999999999
11
0.2329527559055118
21
0.9029527559055118
0
LINE
8
BLACK
6
CONTINUOUS
10
0.2329527559055118
20
0.9029527559055118
11
0.2870472440944882
21
0.9029527559055118
0
LINE
8
BLACK
6
CONTINUOUS
10
0.2870472440944882
20
0.9029527559055118
11
0.2870472440944882
21
0.9399999999999999
0
LINE
8
BLACK
6
CONTINUOUS
10
0.2870472440944882
20
0.9399999999999999
11
0.2872253149606299
21
0.9410099212598425
0
LINE
8
BLACK
6
CONTINUOUS
10
0.2872253149606299
20
0.9410099212598425
11
0.2885236220472441
21
0.9425571653543307
0
LINE
8
BLACK
6
CONTINUOUS
10
0.2885236220472441
20
0.9425571653543307
11
0.2905127559055118
21
0.9429079133858268
0
LINE
8
BLACK
6
CONTINUOUS
10
0.2905127559055118
20
0.9429079133858268
11
0.2922619291338582
21
0.9418979921259842
0
LINE
8
BLACK
6
CONTINUOUS
10
0.3560099212598425
20
0.96277468503937
11
0.3575571653543307
21
0.9614763779527559
0
LINE
8
BLACK
6
CONTINUOUS
10
0.3575571653543307
20
0.9614763779527559
11
0.3579079133858268
21
0.9594872440944882
0
LINE
8
BLACK
6
CONTINUOUS
10
0.3579079133858268
20
0.9594872440944882
11
0.3568979921259842
21
0.9577380708661417
0
LINE
8
BLACK
6
CONTINUOUS
10
0.3568979921259842
20
0.9577380708661417
11
0.355
21
0.9570472440944882
0
LINE
8
BLACK
6
CONTINUOUS
10
0.355
20
0.9570472440944882
11
0.3179527559055118
21
0.9570472440944882
0
LINE
8
BLACK
6
CONTINUOUS
10
0.3179527559055118
20
0.9570472440944882
11
0.3179527559055118
21
0.9029527559055118
0
LINE
8
BLACK
6
CONTINUOUS
10
0.3179527559055118
20
0.9029527559055118
11
0.355
21
0.9029527559055118
0
LINE
8
BLACK
6
CONTINUOUS
10
0.355
20
0.9029527559055118
11
0.3560099212598425
21
0.9027746850393701
0
LINE
8
BLACK
6
CONTINUOUS
10
0.3560099212598425
20
0.9027746850393701
11
0.3575571653543307
21
0.9014763779527559
0
LINE
8
BLACK
6
CONTINUOUS
10
0.3575571653543307
20
0.9014763779527559
11
0.3579079133858268
21
0.8994872440944882
0
LINE
8
BLACK
6
CONTINUOUS
10
0.3579079133858268
20
0.8994872440944882
11
0.3568979921259842
21
0.8977380708661417
0
LINE
8
BLACK
6
CONTINUOUS
10
0.3568979921259842
20
0.8977380708661417
11
0.355
21
0.8970472440944882
0
LINE
8
BLACK
6
CONTINUOUS
10
0.355
20
0.8970472440944882
11
0.315
21
0.8970472440944882
0
LINE
8
BLACK
6
CONTINUOUS
10
0.315
20
0.8970472440944882
11
0.3146164566929134
21
0.897114842519685
0
LINE
8
BLACK
6
CONTINUOUS
10
0.3146164566929134
20
0.897114842519685
11
0.3144872440944882
21
0.8970920866141732
0
LINE
8
BLACK
6
CONTINUOUS
10
0.3144872440944882
20
0.8970920866141732
11
0.3143736220472441
21
0.8971576771653543
0
LINE
8
BLACK
6
CONTINUOUS
10
0.3143736220472441
20
0.8971576771653543
11
0.3139900787401575
21
0.8972253149606298
0
LINE
8
BLACK
6
CONTINUOUS
10
0.3139900787401575
20
0.8972253149606298
11
0.3134023622047244
21
0.8977184251968504
0
LINE
8
BLACK
6
CONTINUOUS
10
0.3134023622047244
20
0.8977184251968504
11
0.3127380708661417
21
0.8981020078740157
0
LINE
8
BLACK
6
CONTINUOUS
10
0.3127380708661417
20
0.8981020078740157
11
0.3126469291338583
21
0.8983523228346456
0
LINE
8
BLACK
6
CONTINUOUS
10
0.3126469291338583
20
0.8983523228346456
11
0.3124428346456693
21
0.8985236220472441
0
LINE
8
BLACK
6
CONTINUOUS
10
0.3124428346456693
20
0.8985236220472441
11
0.3123095669291339
21
0.8992791732283464
0
LINE
8
BLACK
6
CONTINUOUS
10
0.3123095669291339
20
0.8992791732283464
11
0.3120472440944882
21
0.9
0
LINE
8
BLACK
6
CONTINUOUS
10
0.3120472440944882
20
0.9
11
0.3120472440944882
21
0.96
0
LINE
8
BLACK
6
CONTINUOUS
10
0.3120472440944882
20
0.96
11
0.312114842519685
21
0.9603835039370079
0
LINE
8
BLACK
6
CONTINUOUS
10
0.312114842519685
20
0.9603835039370079
11
0.3120920866141732
21
0.9605127559055118
0
LINE
8
BLACK
6
CONTINUOUS
10
0.3120920866141732
20
0.9605127559055118
11
0.3121576771653543
21
0.9606263385826771
0
LINE
8
BLACK
6
CONTINUOUS
10
0.3121576771653543
20
0.9606263385826771
11
0.3122253149606299
21
0.9610099212598425
0
LINE
8
BLACK
6
CONTINUOUS
10
0.3122253149606299
20
0.9610099212598425
11
0.3127184251968504
21
0.9615975984251969
0
LINE
8
BLACK
6
CONTINUOUS
10
0.3127184251968504
20
0.9615975984251969
11
0.3131020078740158
21
0.9622619291338582
0
LINE
8
BLACK
6
CONTINUOUS
10
0.3131020078740158
20
0.9622619291338582
11
0.3133523228346456
21
0.962353031496063
0
LINE
8
BLACK
6
CONTINUOUS
10
0.3133523228346456
20
0.962353031496063
11
0.3135236220472441
21
0.9625571653543307
0
LINE
8
BLACK
6
CONTINUOUS
10
0.3135236220472441
20
0.9625571653543307
11
0.3142791732283465
21
0.9626903937007874
0
LINE
8
BLACK
6
CONTINUOUS
10
0.3142791732283465
20
0.9626903937007874
11
0.315
21
0.9629527559055118
0
LINE
8
BLACK
6
CONTINUOUS
10
0.315
20
0.9629527559055118
11
0.355
21
0.9629527559055118
0
LINE
8
BLACK
6
CONTINUOUS
10
0.355
20
0.9629527559055118
11
0.3560099212598425
21
0.96277468503937
0
LINE
8
BLACK
6
CONTINUOUS
10
0.7754102362204724
20
0.9132178740157481
11
0.7760399606299212
21
0.9116975984251968
0
LINE
8
BLACK
6
CONTINUOUS
10
0.7760399606299212
20
0.9116975984251968
11
0.7754102362204724
21
0.9101773228346457
0
LINE
8
BLACK
6
CONTINUOUS
10
0.7754102362204724
20
0.9101773228346457
11
0.7738899606299212
21
0.9095475984251968
0
LINE
8
BLACK
6
CONTINUOUS
10
0.7738899606299212
20
0.9095475984251968
11
0.765720905511811
21
0.9095475984251968
0
LINE
8
BLACK
6
CONTINUOUS
10
0.765720905511811
20
0.9095475984251968
11
0.765720905511811
21
0.9051309448818897
0
LINE
8
BLACK
6
CONTINUOUS
10
0.765720905511811
20
0.9051309448818897
11
0.7650911811023622
21
0.9036106692913386
0
LINE
8
BLACK
6
CONTINUOUS
10
0.7650911811023622
20
0.9036106692913386
11
0.7635709055118111
21
0.9029809448818897
0
LINE
8
BLACK
6
CONTINUOUS
10
0.7635709055118111
20
0.9029809448818897
11
0.7620506299212598
21
0.9036106692913386
0
LINE
8
BLACK
6
CONTINUOUS
10
0.7620506299212598
20
0.9036106692913386
11
0.761420905511811
21
0.9051309448818897
0
LINE
8
BLACK
6
CONTINUOUS
10
0.761420905511811
20
0.9051309448818897
11
0.761420905511811
21
0.9095475984251968
0
LINE
8
BLACK
6
CONTINUOUS
10
0.761420905511811
20
0.9095475984251968
11
0.7563399606299213
21
0.9095475984251968
0
LINE
8
BLACK
6
CONTINUOUS
10
0.7563399606299213
20
0.9095475984251968
11
0.7563399606299213
21
0.902316653543307
0
LINE
8
BLACK
6
CONTINUOUS
10
0.7563399606299213
20
0.902316653543307
11
0.7557102362204724
21
0.9007963779527559
0
LINE
8
BLACK
6
CONTINUOUS
10
0.7557102362204724
20
0.9007963779527559
11
0.7541899606299213
21
0.900166653543307
0
LINE
8
BLACK
6
CONTINUOUS
10
0.7541899606299213
20
0.900166653543307
11
0.75266968503937
21
0.9007963779527559
0
LINE
8
BLACK
6
CONTINUOUS
10
0.75266968503937
20
0.9007963779527559
11
0.7520399606299213
21
0.902316653543307
0
LINE
8
BLACK
6
CONTINUOUS
10
0.7520399606299213
20
0.902316653543307
11
0.7520399606299213
21
0.9116975984251968
0
LINE
8
BLACK
6
CONTINUOUS
10
0.7520399606299213
20
0.9116975984251968
11
0.75266968503937
21
0.9132178740157481
0
LINE
8
BLACK
6
CONTINUOUS
10
0.75266968503937
20
0.9132178740157481
11
0.7541899606299213
21
0.9138475984251968
0
LINE
8
BLACK
6
CONTINUOUS
10
0.7541899606299213
20
0.9138475984251968
11
0.7738899606299212
21
0.9138475984251968
0
LINE
8
BLACK
6
CONTINUOUS
10
0.7738899606299212
20
0.9138475984251968
11
0.7754102362204724
21
0.9132178740157481
0
LINE
8
BLACK
6
CONTINUOUS
10
0.338217874015748
20
0.9273302755905511
11
0.3388475984251968
21
0.92581
0
LINE
8
BLACK
6
CONTINUOUS
10
0.3388475984251968
20
0.92581
11
0.3388475984251968
21
0.90611
0
LINE
8
BLACK
6
CONTINUOUS
10
0.3388475984251968
20
0.90611
11
0.338217874015748
21
0.9045897244094488
0
LINE
8
BLACK
6
CONTINUOUS
10
0.338217874015748
20
0.9045897244094488
11
0.3366975984251969
21
0.90396
0
LINE
8
BLACK
6
CONTINUOUS
10
0.3366975984251969
20
0.90396
11
0.3351773228346457
21
0.9045897244094488
0
LINE
8
BLACK
6
CONTINUOUS
10
0.3351773228346457
20
0.9045897244094488
11
0.3345475984251968
21
0.90611
0
LINE
8
BLACK
6
CONTINUOUS
10
0.3345475984251968
20
0.90611
11
0.3345475984251968
21
0.9142790551181103
0
LINE
8
BLACK
6
CONTINUOUS
10
0.3345475984251968
20
0.9142790551181103
11
0.3301309448818898
21
0.9142790551181103
0
LINE
8
BLACK
6
CONTINUOUS
10
0.3301309448818898
20
0.9142790551181103
11
0.3286106692913386
21
0.914908779527559
0
LINE
8
BLACK
6
CONTINUOUS
10
0.3286106692913386
20
0.914908779527559
11
0.3279809448818898
21
0.9164290551181102
0
LINE
8
BLACK
6
CONTINUOUS
10
0.3279809448818898
20
0.9164290551181102
11
0.3286106692913386
21
0.9179493307086614
0
LINE
8
BLACK
6
CONTINUOUS
10
0.3286106692913386
20
0.9179493307086614
11
0.3301309448818898
21
0.9185790551181102
0
LINE
8
BLACK
6
CONTINUOUS
10
0.3301309448818898
20
0.9185790551181102
11
0.3345475984251968
21
0.9185790551181102
0
LINE
8
BLACK
6
CONTINUOUS
10
0.3345475984251968
20
0.9185790551181102
11
0.3345475984251968
21
0.9236599999999999
0
LINE
8
BLACK
6
CONTINUOUS
10
0.3345475984251968
20
0.9236599999999999
11
0.3273166535433071
21
0.9236599999999999
0
LINE
8
BLACK
6
CONTINUOUS
10
0.3273166535433071
20
0.9236599999999999
11
0.3257963779527559
21
0.9242897244094488
0
LINE
8
BLACK
6
CONTINUOUS
10
0.3257963779527559
20
0.9242897244094488
11
0.3251666535433071
21
0.92581
0
LINE
8
BLACK
6
CONTINUOUS
10
0.3251666535433071
20
0.92581
11
0.3257963779527559
21
0.9273302755905511
0
LINE
8
BLACK
6
CONTINUOUS
10
0.3257963779527559
20
0.9273302755905511
11
0.3273166535433071
21
0.92796
0
LINE
8
BLACK
6
CONTINUOUS
10
0.3273166535433071
20
0.92796
11
0.3366975984251969
21
0.92796
0
LINE
8
BLACK
6
CONTINUOUS
10
0.3366975984251969
20
0.92796
11
0.338217874015748
21
0.9273302755905511
0
LINE
8
BLACK
6
CONTINUOUS
10
0.3521695275590551
20
0.921201811023622
11
0.3526687007874016
21
0.9211663385826772
0
LINE
8
BLACK
6
CONTINUOUS
10
0.3526687007874016
20
0.9211663385826772
11
0.3532598031496063
21
0.920870748031496
0
LINE
8
BLACK
6
CONTINUOUS
10
0.3532598031496063
20
0.920870748031496
11
0.3545214173228347
21
0.9213933464566929
0
LINE
8
BLACK
6
CONTINUOUS
10
0.3545214173228347
20
0.9213933464566929
11
0.3560416929133858
21
0.920763622047244
0
LINE
8
BLACK
6
CONTINUOUS
10
0.3560416929133858
20
0.920763622047244
11
0.3566714173228346
21
0.9192433464566929
0
LINE
8
BLACK
6
CONTINUOUS
10
0.3566714173228346
20
0.9192433464566929
11
0.3566714173228346
21
0.90611
0
LINE
8
BLACK
6
CONTINUOUS
10
0.3566714173228346
20
0.90611
11
0.3560416929133858
21
0.9045897244094488
0
LINE
8
BLACK
6
CONTINUOUS
10
0.3560416929133858
20
0.9045897244094488
11
0.3545214173228347
21
0.90396
0
LINE
8
BLACK
6
CONTINUOUS
10
0.3545214173228347
20
0.90396
11
0.3530011417322835
21
0.9045897244094488
0
LINE
8
BLACK
6
CONTINUOUS
10
0.3530011417322835
20
0.9045897244094488
11
0.3523714173228346
21
0.90611
0
LINE
8
BLACK
6
CONTINUOUS
10
0.3523714173228346
20
0.90611
11
0.3523714173228346
21
0.9164765748031496
0
LINE
8
BLACK
6
CONTINUOUS
10
0.3523714173228346
20
0.9164765748031496
11
0.3523097244094488
21
0.9165382677165355
0
LINE
8
BLACK
6
CONTINUOUS
10
0.3523097244094488
20
0.9165382677165355
11
0.3511996456692913
21
0.9170933464566929
0
LINE
8
BLACK
6
CONTINUOUS
10
0.3511996456692913
20
0.9170933464566929
11
0.3494004330708662
21
0.9170933464566929
0
LINE
8
BLACK
6
CONTINUOUS
10
0.3494004330708662
20
0.9170933464566929
11
0.3486191732283465
21
0.916702716535433
0
LINE
8
BLACK
6
CONTINUOUS
10
0.3486191732283465
20
0.916702716535433
11
0.3482285826771653
21
0.9159214960629921
0
LINE
8
BLACK
6
CONTINUOUS
10
0.3482285826771653
20
0.9159214960629921
11
0.3482285826771653
21
0.90611
0
LINE
8
BLACK
6
CONTINUOUS
10
0.3482285826771653
20
0.90611
11
0.3475988582677165
21
0.9045897244094488
0
LINE
8
BLACK
6
CONTINUOUS
10
0.3475988582677165
20
0.9045897244094488
11
0.3460785826771653
21
0.90396
0
LINE
8
BLACK
6
CONTINUOUS
10
0.3460785826771653
20
0.90396
11
0.3445583070866142
21
0.9045897244094488
0
LINE
8
BLACK
6
CONTINUOUS
10
0.3445583070866142
20
0.9045897244094488
11
0.3439285826771654
21
0.90611
0
LINE
8
BLACK
6
CONTINUOUS
10
0.3439285826771654
20
0.90611
11
0.3439285826771654
21
0.9164290551181102
0
LINE
8
BLACK
6
CONTINUOUS
10
0.3439285826771654
20
0.9164290551181102
11
0.3441200787401575
21
0.9168913779527559
0
LINE
8
BLACK
6
CONTINUOUS
10
0.3441200787401575
20
0.9168913779527559
11
0.3441555511811024
21
0.9173905511811024
0
LINE
8
BLACK
6
CONTINUOUS
10
0.3441555511811024
20
0.9173905511811024
11
0.3450936220472441
21
0.9192667322834646
0
LINE
8
BLACK
6
CONTINUOUS
10
0.3450936220472441
20
0.9192667322834646
11
0.3456085826771653
21
0.9197133858267716
0
LINE
8
BLACK
6
CONTINUOUS
10
0.3456085826771653
20
0.9197133858267716
11
0.346055157480315
21
0.9202282677165354
0
LINE
8
BLACK
6
CONTINUOUS
10
0.346055157480315
20
0.9202282677165354
11
0.3479313779527559
21
0.9211663779527559
0
LINE
8
BLACK
6
CONTINUOUS
10
0.3479313779527559
20
0.9211663779527559
11
0.3484305118110236
21
0.921201811023622
0
LINE
8
BLACK
6
CONTINUOUS
10
0.3484305118110236
20
0.921201811023622
11
0.348892874015748
21
0.9213933464566929
0
LINE
8
BLACK
6
CONTINUOUS
10
0.348892874015748
20
0.9213933464566929
11
0.3517071653543307
21
0.9213933464566929
0
LINE
8
BLACK
6
CONTINUOUS
10
0.3517071653543307
20
0.9213933464566929
11
0.3521695275590551
21
0.921201811023622
0
LINE
8
BLACK
6
CONTINUOUS
10
0.3699933070866142
20
0.9277684645669291
11
0.3704924803149606
21
0.9277329921259843
0
LINE
8
BLACK
6
CONTINUOUS
10
0.3704924803149606
20
0.9277329921259843
11
0.3723686614173228
21
0.9267949212598425
0
LINE
8
BLACK
6
CONTINUOUS
10
0.3723686614173228
20
0.9267949212598425
11
0.3726004724409449
21
0.9265275590551181
0
LINE
8
BLACK
6
CONTINUOUS
10
0.3726004724409449
20
0.9265275590551181
11
0.3729273622047244
21
0.9263922047244094
0
LINE
8
BLACK
6
CONTINUOUS
10
0.3729273622047244
20
0.9263922047244094
11
0.3738654724409449
21
0.9254541338582677
0
LINE
8
BLACK
6
CONTINUOUS
10
0.3738654724409449
20
0.9254541338582677
11
0.3740008661417323
21
0.9251271653543307
0
LINE
8
BLACK
6
CONTINUOUS
10
0.3740008661417323
20
0.9251271653543307
11
0.3742682677165354
21
0.9248953149606299
0
LINE
8
BLACK
6
CONTINUOUS
10
0.3742682677165354
20
0.9248953149606299
11
0.3752063385826772
21
0.9230190551181102
0
LINE
8
BLACK
6
CONTINUOUS
10
0.3752063385826772
20
0.9230190551181102
11
0.3752236220472441
21
0.9227753149606299
0
LINE
8
BLACK
6
CONTINUOUS
10
0.3752236220472441
20
0.9227753149606299
11
0.3753690944881889
21
0.9225790551181102
0
LINE
8
BLACK
6
CONTINUOUS
10
0.3753690944881889
20
0.9225790551181102
11
0.3763072047244094
21
0.9188267322834646
0
LINE
8
BLACK
6
CONTINUOUS
10
0.3763072047244094
20
0.9188267322834646
11
0.3762670866141732
21
0.9185570866141732
0
LINE
8
BLACK
6
CONTINUOUS
10
0.3762670866141732
20
0.9185570866141732
11
0.3763714173228346
21
0.9183052362204724
0
LINE
8
BLACK
6
CONTINUOUS
10
0.3763714173228346
20
0.9183052362204724
11
0.3763714173228346
21
0.9136147637795276
0
LINE
8
BLACK
6
CONTINUOUS
10
0.3763714173228346
20
0.9136147637795276
11
0.3762670866141732
21
0.913362874015748
0
LINE
8
BLACK
6
CONTINUOUS
10
0.3762670866141732
20
0.913362874015748
11
0.3763072047244094
21
0.9130933070866142
0
LINE
8
BLACK
6
CONTINUOUS
10
0.3763072047244094
20
0.9130933070866142
11
0.3753690944881889
21
0.909340905511811
0
LINE
8
BLACK
6
CONTINUOUS
10
0.3753690944881889
20
0.909340905511811
11
0.3752236220472441
21
0.9091446062992126
0
LINE
8
BLACK
6
CONTINUOUS
10
0.3752236220472441
20
0.9091446062992126
11
0.3752063385826772
21
0.9089008661417323
0
LINE
8
BLACK
6
CONTINUOUS
10
0.3752063385826772
20
0.9089008661417323
11
0.3742682677165354
21
0.9070246850393701
0
LINE
8
BLACK
6
CONTINUOUS
10
0.3742682677165354
20
0.9070246850393701
11
0.3740008661417323
21
0.9067927952755905
0
LINE
8
BLACK
6
CONTINUOUS
10
0.3740008661417323
20
0.9067927952755905
11
0.3738654724409449
21
0.9064658661417323
0
LINE
8
BLACK
6
CONTINUOUS
10
0.3738654724409449
20
0.9064658661417323
11
0.3729273622047244
21
0.9055277952755906
0
LINE
8
BLACK
6
CONTINUOUS
10
0.3729273622047244
20
0.9055277952755906
11
0.3726004724409449
21
0.9053924015748032
0
LINE
8
BLACK
6
CONTINUOUS
10
0.3726004724409449
20
0.9053924015748032
11
0.3723686614173228
21
0.9051250787401575
0
LINE
8
BLACK
6
CONTINUOUS
10
0.3723686614173228
20
0.9051250787401575
11
0.3704924803149606
21
0.9041870078740157
0
LINE
8
BLACK
6
CONTINUOUS
10
0.3704924803149606
20
0.9041870078740157
11
0.3699933070866142
21
0.9041514960629921
0
LINE
8
BLACK
6
CONTINUOUS
10
0.3699933070866142
20
0.9041514960629921
11
0.3695309448818898
21
0.90396
0
LINE
8
BLACK
6
CONTINUOUS
10
0.3695309448818898
20
0.90396
11
0.3676547637795275
21
0.90396
0
LINE
8
BLACK
6
CONTINUOUS
10
0.3676547637795275
20
0.90396
11
0.3671924015748032
21
0.9041514960629921
0
LINE
8
BLACK
6
CONTINUOUS
10
0.3671924015748032
20
0.9041514960629921
11
0.3666932677165354
21
0.904186968503937
0
LINE
8
BLACK
6
CONTINUOUS
10
0.3666932677165354
20
0.904186968503937
11
0.3648170472440945
21
0.9051250787401575
0
LINE
8
BLACK
6
CONTINUOUS
10
0.3648170472440945
20
0.9051250787401575
11
0.3645851574803149
21
0.9053924015748032
0
LINE
8
BLACK
6
CONTINUOUS
10
0.3645851574803149
20
0.9053924015748032
11
0.3642582677165354
21
0.9055278346456692
0
LINE
8
BLACK
6
CONTINUOUS
10
0.3642582677165354
20
0.9055278346456692
11
0.3633201968503937
21
0.9064659055118111
0
LINE
8
BLACK
6
CONTINUOUS
10
0.3633201968503937
20
0.9064659055118111
11
0.3631847637795276
21
0.9067927559055118
0
LINE
8
BLACK
6
CONTINUOUS
10
0.3631847637795276
20
0.9067927559055118
11
0.3629174409448819
21
0.9070246456692913
0
LINE
8
BLACK
6
CONTINUOUS
10
0.3629174409448819
20
0.9070246456692913
11
0.3619793700787401
21
0.9089008267716535
0
LINE
8
BLACK
6
CONTINUOUS
10
0.3619793700787401
20
0.9089008267716535
11
0.3619620078740157
21
0.9091445275590551
0
LINE
8
BLACK
6
CONTINUOUS
10
0.3619620078740157
20
0.9091445275590551
11
0.3618165354330709
21
0.9093409448818898
0
LINE
8
BLACK
6
CONTINUOUS
10
0.3618165354330709
20
0.9093409448818898
11
0.3608784645669291
21
0.9130933464566929
0
LINE
8
BLACK
6
CONTINUOUS
10
0.3608784645669291
20
0.9130933464566929
11
0.3609185826771654
21
0.9133629527559055
0
LINE
8
BLACK
6
CONTINUOUS
10
0.3609185826771654
20
0.9133629527559055
11
0.3608142913385827
21
0.9136147637795276
0
LINE
8
BLACK
6
CONTINUOUS
10
0.3608142913385827
20
0.9136147637795276
11
0.3608142913385827
21
0.9183052362204724
0
LINE
8
BLACK
6
CONTINUOUS
10
0.3608142913385827
20
0.9183052362204724
11
0.3609185826771654
21
0.9185570472440945
0
LINE
8
BLACK
6
CONTINUOUS
10
0.3609185826771654
20
0.9185570472440945
11
0.3608784645669291
21
0.9188266929133858
0
LINE
8
BLACK
6
CONTINUOUS
10
0.3608784645669291
20
0.9188266929133858
11
0.3618165354330709
21
0.9225790157480315
0
LINE
8
BLACK
6
CONTINUOUS
10
0.3618165354330709
20
0.9225790157480315
11
0.3619620078740157
21
0.9227753543307087
0
LINE
8
BLACK
6
CONTINUOUS
10
0.3619620078740157
20
0.9227753543307087
11
0.3619793307086614
21
0.923019094488189
0
LINE
8
BLACK
6
CONTINUOUS
10
0.3619793307086614
20
0.923019094488189
11
0.3629174409448819
21
0.9248953149606299
0
LINE
8
BLACK
6
CONTINUOUS
10
0.3629174409448819
20
0.9248953149606299
11
0.3631847637795276
21
0.9251271653543307
0
LINE
8
BLACK
6
CONTINUOUS
10
0.3631847637795276
20
0.9251271653543307
11
0.3633201968503937
21
0.9254540944881889
0
LINE
8
BLACK
6
CONTINUOUS
10
0.3633201968503937
20
0.9254540944881889
11
0.3642582677165354
21
0.9263921653543307
0
LINE
8
BLACK
6
CONTINUOUS
10
0.3642582677165354
20
0.9263921653543307
11
0.3645851574803149
21
0.9265275590551181
0
LINE
8
BLACK
6
CONTINUOUS
10
0.3645851574803149
20
0.9265275590551181
11
0.3648170472440945
21
0.9267949212598425
0
LINE
8
BLACK
6
CONTINUOUS
10
0.3648170472440945
20
0.9267949212598425
11
0.3666932677165354
21
0.927733031496063
0
LINE
8
BLACK
6
CONTINUOUS
10
0.3666932677165354
20
0.927733031496063
11
0.3671924015748032
21
0.9277684645669291
0
LINE
8
BLACK
6
CONTINUOUS
10
0.3671924015748032
20
0.9277684645669291
11
0.3676547637795275
21
0.92796
0
LINE
8
BLACK
6
CONTINUOUS
10
0.3676547637795275
20
0.92796
11
0.3695309448818898
21
0.92796
0
LINE
8
BLACK
6
CONTINUOUS
10
0.3695309448818898
20
0.92796
11
0.3699933070866142
21
0.9277684645669291
0
LINE
8
BLACK
6
CONTINUOUS
10
0.3670520866141732
20
0.9231048818897638
11
0.3666074803149606
21
0.9226602755905512
0
LINE
8
BLACK
6
CONTINUOUS
10
0.3666074803149606
20
0.9226602755905512
11
0.3659309448818898
21
0.9213072440944882
0
LINE
8
BLACK
6
CONTINUOUS
10
0.3659309448818898
20
0.9213072440944882
11
0.3651142913385826
21
0.9180404724409449
0
LINE
8
BLACK
6
CONTINUOUS
10
0.3651142913385826
20
0.9180404724409449
11
0.3651142913385826
21
0.9138794488188976
0
LINE
8
BLACK
6
CONTINUOUS
10
0.3651142913385826
20
0.9138794488188976
11
0.3659309842519685
21
0.9106126377952756
0
LINE
8
BLACK
6
CONTINUOUS
10
0.3659309842519685
20
0.9106126377952756
11
0.3666074015748031
21
0.9092597637795276
0
LINE
8
BLACK
6
CONTINUOUS
10
0.3666074015748031
20
0.9092597637795276
11
0.3670520866141732
21
0.9088151181102362
0
LINE
8
BLACK
6
CONTINUOUS
10
0.3670520866141732
20
0.9088151181102362
11
0.3681623228346457
21
0.90826
0
LINE
8
BLACK
6
CONTINUOUS
10
0.3681623228346457
20
0.90826
11
0.3690234251968504
21
0.90826
0
LINE
8
BLACK
6
CONTINUOUS
10
0.3690234251968504
20
0.90826
11
0.3701335433070866
21
0.9088150787401574
0
LINE
8
BLACK
6
CONTINUOUS
10
0.3701335433070866
20
0.9088150787401574
11
0.3705782283464567
21
0.9092597244094488
0
LINE
8
BLACK
6
CONTINUOUS
10
0.3705782283464567
20
0.9092597244094488
11
0.3712547637795275
21
0.9106128346456692
0
LINE
8
BLACK
6
CONTINUOUS
10
0.3712547637795275
20
0.9106128346456692
11
0.3720714173228347
21
0.9138794881889764
0
LINE
8
BLACK
6
CONTINUOUS
10
0.3720714173228347
20
0.9138794881889764
11
0.3720714173228347
21
0.9180404724409449
0
LINE
8
BLACK
6
CONTINUOUS
10
0.3720714173228347
20
0.9180404724409449
11
0.3712547637795275
21
0.9213070866141732
0
LINE
8
BLACK
6
CONTINUOUS
10
0.3712547637795275
20
0.9213070866141732
11
0.370578188976378
21
0.9226602362204724
0
LINE
8
BLACK
6
CONTINUOUS
10
0.370578188976378
20
0.9226602362204724
11
0.3701335433070866
21
0.9231048818897638
0
LINE
8
BLACK
6
CONTINUOUS
10
0.3701335433070866
20
0.9231048818897638
11
0.3690234251968504
21
0.9236599999999999
0
LINE
8
BLACK
6
CONTINUOUS
10
0.3690234251968504
20
0.9236599999999999
11
0.3681623228346457
21
0.9236599999999999
0
LINE
8
BLACK
6
CONTINUOUS
10
0.3681623228346457
20
0.9236599999999999
11
0.3670520866141732
21
0.9231048818897638
0
LINE
8
BLACK
6
CONTINUOUS
10
0.3887551968503937
20
0.9277684645669291
11
0.3892543700787401
21
0.9277329921259843
0
LINE
8
BLACK
6
CONTINUOUS
10
0.3892543700787401
20
0.9277329921259843
11
0.3911305511811023
21
0.9267949212598425
0
LINE
8
BLACK
6
CONTINUOUS
10
0.3911305511811023
20
0.9267949212598425
11
0.3913623622047244
21
0.9265275590551181
0
LINE
8
BLACK
6
CONTINUOUS
10
0.3913623622047244
20
0.9265275590551181
11
0.3916892519685039
21
0.9263922047244094
0
LINE
8
BLACK
6
CONTINUOUS
10
0.3916892519685039
20
0.9263922047244094
11
0.3926273622047244
21
0.9254541338582677
0
LINE
8
BLACK
6
CONTINUOUS
10
0.3926273622047244
20
0.9254541338582677
11
0.3927627559055118
21
0.9251271653543307
0
LINE
8
BLACK
6
CONTINUOUS
10
0.3927627559055118
20
0.9251271653543307
11
0.3930301574803149
21
0.9248953149606299
0
LINE
8
BLACK
6
CONTINUOUS
10
0.3930301574803149
20
0.9248953149606299
11
0.3939682283464567
21
0.9230190551181102
0
LINE
8
BLACK
6
CONTINUOUS
10
0.3939682283464567
20
0.9230190551181102
11
0.3939855118110236
21
0.9227753149606299
0
LINE
8
BLACK
6
CONTINUOUS
10
0.3939855118110236
20
0.9227753149606299
11
0.3941309842519685
21
0.9225790551181102
0
LINE
8
BLACK
6
CONTINUOUS
10
0.3941309842519685
20
0.9225790551181102
11
0.3950690944881889
21
0.9188267322834646
0
LINE
8
BLACK
6
CONTINUOUS
10
0.3950690944881889
20
0.9188267322834646
11
0.3950289763779528
21
0.9185570866141732
0
LINE
8
BLACK
6
CONTINUOUS
10
0.3950289763779528
20
0.9185570866141732
11
0.3951333070866141
21
0.9183052362204724
0
LINE
8
BLACK
6
CONTINUOUS
10
0.3951333070866141
20
0.9183052362204724
11
0.3951333070866141
21
0.9136147637795276
0
LINE
8
BLACK
6
CONTINUOUS
10
0.3951333070866141
20
0.9136147637795276
11
0.3950289763779528
21
0.913362874015748
0
LINE
8
BLACK
6
CONTINUOUS
10
0.3950289763779528
20
0.913362874015748
11
0.3950690944881889
21
0.9130933070866142
0
LINE
8
BLACK
6
CONTINUOUS
10
0.3950690944881889
20
0.9130933070866142
11
0.3941309842519685
21
0.909340905511811
0
LINE
8
BLACK
6
CONTINUOUS
10
0.3941309842519685
20
0.909340905511811
11
0.3939855118110236
21
0.9091446062992126
0
LINE
8
BLACK
6
CONTINUOUS
10
0.3939855118110236
20
0.9091446062992126
11
0.3939682283464567
21
0.9089008661417323
0
LINE
8
BLACK
6
CONTINUOUS
10
0.3939682283464567
20
0.9089008661417323
11
0.3930301574803149
21
0.9070246850393701
0
LINE
8
BLACK
6
CONTINUOUS
10
0.3930301574803149
20
0.9070246850393701
11
0.3927627559055118
21
0.9067927952755905
0
LINE
8
BLACK
6
CONTINUOUS
10
0.3927627559055118
20
0.9067927952755905
11
0.3926273622047244
21
0.9064658661417323
0
LINE
8
BLACK
6
CONTINUOUS
10
0.3926273622047244
20
0.9064658661417323
11
0.3916892519685039
21
0.9055277952755906
0
LINE
8
BLACK
6
CONTINUOUS
10
0.3916892519685039
20
0.9055277952755906
11
0.3913623622047244
21
0.9053924015748032
0
LINE
8
BLACK
6
CONTINUOUS
10
0.3913623622047244
20
0.9053924015748032
11
0.3911305511811023
21
0.9051250787401575
0
LINE
8
BLACK
6
CONTINUOUS
10
0.3911305511811023
20
0.9051250787401575
11
0.3892543700787401
21
0.9041870078740157
0
LINE
8
BLACK
6
CONTINUOUS
10
0.3892543700787401
20
0.9041870078740157
11
0.3887551968503937
21
0.9041514960629921
0
LINE
8
BLACK
6
CONTINUOUS
10
0.3887551968503937
20
0.9041514960629921
11
0.3882928346456693
21
0.90396
0
LINE
8
BLACK
6
CONTINUOUS
10
0.3882928346456693
20
0.90396
11
0.3864166535433071
21
0.90396
0
LINE
8
BLACK
6
CONTINUOUS
10
0.3864166535433071
20
0.90396
11
0.3859542913385827
21
0.9041514960629921
0
LINE
8
BLACK
6
CONTINUOUS
10
0.3859542913385827
20
0.9041514960629921
11
0.3854551574803149
21
0.904186968503937
0
LINE
8
BLACK
6
CONTINUOUS
10
0.3854551574803149
20
0.904186968503937
11
0.383578937007874
21
0.9051250787401575
0
LINE
8
BLACK
6
CONTINUOUS
10
0.383578937007874
20
0.9051250787401575
11
0.3833470472440945
21
0.9053924015748032
0
LINE
8
BLACK
6
CONTINUOUS
10
0.3833470472440945
20
0.9053924015748032
11
0.3830201574803149
21
0.9055278346456692
0
LINE
8
BLACK
6
CONTINUOUS
10
0.3830201574803149
20
0.9055278346456692
11
0.3820820866141732
21
0.9064659055118111
0
LINE
8
BLACK
6
CONTINUOUS
10
0.3820820866141732
20
0.9064659055118111
11
0.3819466535433071
21
0.9067927559055118
0
LINE
8
BLACK
6
CONTINUOUS
10
0.3819466535433071
20
0.9067927559055118
11
0.3816793307086614
21
0.9070246456692913
0
LINE
8
BLACK
6
CONTINUOUS
10
0.3816793307086614
20
0.9070246456692913
11
0.3807412598425197
21
0.9089008267716535
0
LINE
8
BLACK
6
CONTINUOUS
10
0.3807412598425197
20
0.9089008267716535
11
0.3807238976377953
21
0.9091445275590551
0
LINE
8
BLACK
6
CONTINUOUS
10
0.3807238976377953
20
0.9091445275590551
11
0.3805784251968504
21
0.9093409448818898
0
LINE
8
BLACK
6
CONTINUOUS
10
0.3805784251968504
20
0.9093409448818898
11
0.3796403543307086
21
0.9130933464566929
0
LINE
8
BLACK
6
CONTINUOUS
10
0.3796403543307086
20
0.9130933464566929
11
0.3796804724409449
21
0.9133629527559055
0
LINE
8
BLACK
6
CONTINUOUS
10
0.3796804724409449
20
0.9133629527559055
11
0.3795761811023622
21
0.9136147637795276
0
LINE
8
BLACK
6
CONTINUOUS
10
0.3795761811023622
20
0.9136147637795276
11
0.3795761811023622
21
0.9183052362204724
0
LINE
8
BLACK
6
CONTINUOUS
10
0.3795761811023622
20
0.9183052362204724
11
0.3796804724409449
21
0.9185570472440945
0
LINE
8
BLACK
6
CONTINUOUS
10
0.3796804724409449
20
0.9185570472440945
11
0.3796403543307086
21
0.9188266929133858
0
LINE
8
BLACK
6
CONTINUOUS
10
0.3796403543307086
20
0.9188266929133858
11
0.3805784251968504
21
0.9225790157480315
0
LINE
8
BLACK
6
CONTINUOUS
10
0.3805784251968504
20
0.9225790157480315
11
0.3807238976377953
21
0.9227753543307087
0
LINE
8
BLACK
6
CONTINUOUS
10
0.3807238976377953
20
0.9227753543307087
11
0.3807412204724409
21
0.923019094488189
0
LINE
8
BLACK
6
CONTINUOUS
10
0.3807412204724409
20
0.923019094488189
11
0.3816793307086614
21
0.9248953149606299
0
LINE
8
BLACK
6
CONTINUOUS
10
0.3816793307086614
20
0.9248953149606299
11
0.3819466535433071
21
0.9251271653543307
0
LINE
8
BLACK
6
CONTINUOUS
10
0.3819466535433071
20
0.9251271653543307
11
0.3820820866141732
21
0.9254540944881889
0
LINE
8
BLACK
6
CONTINUOUS
10
0.3820820866141732
20
0.9254540944881889
11
0.3830201574803149
21
0.9263921653543307
0
LINE
8
BLACK
6
CONTINUOUS
10
0.3830201574803149
20
0.9263921653543307
11
0.3833470472440945
21
0.9265275590551181
0
LINE
8
BLACK
6
CONTINUOUS
10
0.3833470472440945
20
0.9265275590551181
11
0.383578937007874
21
0.9267949212598425
0
LINE
8
BLACK
6
CONTINUOUS
10
0.383578937007874
20
0.9267949212598425
11
0.3854551574803149
21
0.927733031496063
0
LINE
8
BLACK
6
CONTINUOUS
10
0.3854551574803149
20
0.927733031496063
11
0.3859542913385827
21
0.9277684645669291
0
LINE
8
BLACK
6
CONTINUOUS
10
0.3859542913385827
20
0.9277684645669291
11
0.3864166535433071
21
0.92796
0
LINE
8
BLACK
6
CONTINUOUS
10
0.3864166535433071
20
0.92796
11
0.3882928346456693
21
0.92796
0
LINE
8
BLACK
6
CONTINUOUS
10
0.3882928346456693
20
0.92796
11
0.3887551968503937
21
0.9277684645669291
0
LINE
8
BLACK
6
CONTINUOUS
10
0.3858139763779527
20
0.9231048818897638
11
0.3853693700787402
21
0.9226602755905512
0
LINE
8
BLACK
6
CONTINUOUS
10
0.3853693700787402
20
0.9226602755905512
11
0.3846928346456693
21
0.9213072440944882
0
LINE
8
BLACK
6
CONTINUOUS
10
0.3846928346456693
20
0.9213072440944882
11
0.3838761811023622
21
0.9180404724409449
0
LINE
8
BLACK
6
CONTINUOUS
10
0.3838761811023622
20
0.9180404724409449
11
0.3838761811023622
21
0.9138794488188976
0
LINE
8
BLACK
6
CONTINUOUS
10
0.3838761811023622
20
0.9138794488188976
11
0.384692874015748
21
0.9106126377952756
0
LINE
8
BLACK
6
CONTINUOUS
10
0.384692874015748
20
0.9106126377952756
11
0.3853692913385827
21
0.9092597637795276
0
LINE
8
BLACK
6
CONTINUOUS
10
0.3853692913385827
20
0.9092597637795276
11
0.3858139763779527
21
0.9088151181102362
0
LINE
8
BLACK
6
CONTINUOUS
10
0.3858139763779527
20
0.9088151181102362
11
0.3869242125984252
21
0.90826
0
LINE
8
BLACK
6
CONTINUOUS
10
0.3869242125984252
20
0.90826
11
0.3877853149606299
21
0.90826
0
LINE
8
BLACK
6
CONTINUOUS
10
0.3877853149606299
20
0.90826
11
0.3888954330708662
21
0.9088150787401574
0
LINE
8
BLACK
6
CONTINUOUS
10
0.3888954330708662
20
0.9088150787401574
11
0.3893401181102362
21
0.9092597244094488
0
LINE
8
BLACK
6
CONTINUOUS
10
0.3893401181102362
20
0.9092597244094488
11
0.3900166535433071
21
0.9106128346456692
0
LINE
8
BLACK
6
CONTINUOUS
10
0.3900166535433071
20
0.9106128346456692
11
0.3908333070866142
21
0.9138794881889764
0
LINE
8
BLACK
6
CONTINUOUS
10
0.3908333070866142
20
0.9138794881889764
11
0.3908333070866142
21
0.9180404724409449
0
LINE
8
BLACK
6
CONTINUOUS
10
0.3908333070866142
20
0.9180404724409449
11
0.3900166535433071
21
0.9213070866141732
0
LINE
8
BLACK
6
CONTINUOUS
10
0.3900166535433071
20
0.9213070866141732
11
0.3893400787401575
21
0.9226602362204724
0
LINE
8
BLACK
6
CONTINUOUS
10
0.3893400787401575
20
0.9226602362204724
11
0.3888954330708662
21
0.9231048818897638
0
LINE
8
BLACK
6
CONTINUOUS
10
0.3888954330708662
20
0.9231048818897638
11
0.3877853149606299
21
0.9236599999999999
0
LINE
8
BLACK
6
CONTINUOUS
10
0.3877853149606299
20
0.9236599999999999
11
0.3869242125984252
21
0.9236599999999999
0
LINE
8
BLACK
6
CONTINUOUS
10
0.3869242125984252
20
0.9236599999999999
11
0.3858139763779527
21
0.9231048818897638
0
LINE
8
BLACK
6
CONTINUOUS
10
0.4063211417322835
20
0.9278752755905512
11
0.4065382677165355
21
0.9279182283464567
0
LINE
8
BLACK
6
CONTINUOUS
10
0.4065382677165355
20
0.9279182283464567
11
0.4070583858267716
21
0.9275698818897637
0
LINE
8
BLACK
6
CONTINUOUS
10
0.4070583858267716
20
0.9275698818897637
11
0.4076368897637795
21
0.9273302755905511
0
LINE
8
BLACK
6
CONTINUOUS
10
0.4076368897637795
20
0.9273302755905511
11
0.4077215748031496
21
0.9271257480314961
0
LINE
8
BLACK
6
CONTINUOUS
10
0.4077215748031496
20
0.9271257480314961
11
0.4079055118110236
21
0.9270025984251968
0
LINE
8
BLACK
6
CONTINUOUS
10
0.4079055118110236
20
0.9270025984251968
11
0.4096636614173228
21
0.9243653937007874
0
LINE
8
BLACK
6
CONTINUOUS
10
0.4096636614173228
20
0.9243653937007874
11
0.4111425590551181
21
0.9228864960629921
0
LINE
8
BLACK
6
CONTINUOUS
10
0.4111425590551181
20
0.9228864960629921
11
0.4127067322834646
21
0.9221044488188976
0
LINE
8
BLACK
6
CONTINUOUS
10
0.4127067322834646
20
0.9221044488188976
11
0.413784842519685
21
0.9208612992125984
0
LINE
8
BLACK
6
CONTINUOUS
10
0.413784842519685
20
0.9208612992125984
11
0.413668188976378
21
0.9192198818897638
0
LINE
8
BLACK
6
CONTINUOUS
10
0.413668188976378
20
0.9192198818897638
11
0.4124250787401575
21
0.9181417322834645
0
LINE
8
BLACK
6
CONTINUOUS
10
0.4124250787401575
20
0.9181417322834645
11
0.4107836614173228
21
0.9182584251968504
0
LINE
8
BLACK
6
CONTINUOUS
10
0.4107836614173228
20
0.9182584251968504
11
0.4089074803149606
21
0.9191965354330709
0
LINE
8
BLACK
6
CONTINUOUS
10
0.4089074803149606
20
0.9191965354330709
11
0.4086756299212598
21
0.9194638188976377
0
LINE
8
BLACK
6
CONTINUOUS
10
0.4086756299212598
20
0.9194638188976377
11
0.4083487401574803
21
0.9195992519685039
0
LINE
8
BLACK
6
CONTINUOUS
10
0.4083487401574803
20
0.9195992519685039
11
0.4082666141732283
21
0.9196813779527558
0
LINE
8
BLACK
6
CONTINUOUS
10
0.4082666141732283
20
0.9196813779527558
11
0.4082666141732283
21
0.90826
0
LINE
8
BLACK
6
CONTINUOUS
10
0.4082666141732283
20
0.90826
11
0.4117451968503937
21
0.90826
0
LINE
8
BLACK
6
CONTINUOUS
10
0.4117451968503937
20
0.90826
11
0.4132654724409449
21
0.9076302755905512
0
LINE
8
BLACK
6
CONTINUOUS
10
0.4132654724409449
20
0.9076302755905512
11
0.4138951968503937
21
0.90611
0
LINE
8
BLACK
6
CONTINUOUS
10
0.4138951968503937
20
0.90611
11
0.4132654724409449
21
0.9045897244094488
0
LINE
8
BLACK
6
CONTINUOUS
10
0.4132654724409449
20
0.9045897244094488
11
0.4117451968503937
21
0.90396
0
LINE
8
BLACK
6
CONTINUOUS
10
0.4117451968503937
20
0.90396
11
0.4061166141732284
21
0.90396
0
LINE
8
BLACK
6
CONTINUOUS
10
0.4061166141732284
20
0.90396
11
0.4004880708661417
21
0.90396
0
LINE
8
BLACK
6
CONTINUOUS
10
0.4004880708661417
20
0.90396
11
0.3989677952755906
21
0.9045897244094488
0
LINE
8
BLACK
6
CONTINUOUS
10
0.3989677952755906
20
0.9045897244094488
11
0.3983380708661417
21
0.90611
0
LINE
8
BLACK
6
CONTINUOUS
10
0.3983380708661417
20
0.90611
11
0.3989677952755906
21
0.9076302755905512
0
LINE
8
BLACK
6
CONTINUOUS
10
0.3989677952755906
20
0.9076302755905512
11
0.4004880708661417
21
0.90826
0
LINE
8
BLACK
6
CONTINUOUS
10
0.4004880708661417
20
0.90826
11
0.4039666141732283
21
0.90826
0
LINE
8
BLACK
6
CONTINUOUS
10
0.4039666141732283
20
0.90826
11
0.4039666141732283
21
0.92581
0
LINE
8
BLACK
6
CONTINUOUS
10
0.4039666141732283
20
0.92581
11
0.4040512992125984
21
0.9260145275590551
0
LINE
8
BLACK
6
CONTINUOUS
10
0.4040512992125984
20
0.9260145275590551
11
0.4040083858267716
21
0.9262316535433071
0
LINE
8
BLACK
6
CONTINUOUS
10
0.4040083858267716
20
0.9262316535433071
11
0.4043566929133858
21
0.9267517716535433
0
LINE
8
BLACK
6
CONTINUOUS
10
0.4043566929133858
20
0.9267517716535433
11
0.4045963385826771
21
0.9273302755905511
0
LINE
8
BLACK
6
CONTINUOUS
10
0.4045963385826771
20
0.9273302755905511
11
0.4048008267716535
21
0.9274149606299212
0
LINE
8
BLACK
6
CONTINUOUS
10
0.4048008267716535
20
0.9274149606299212
11
0.4049240157480315
21
0.9275988976377952
0
LINE
8
BLACK
6
CONTINUOUS
10
0.4049240157480315
20
0.9275988976377952
11
0.4055381102362204
21
0.9277203543307087
0
LINE
8
BLACK
6
CONTINUOUS
10
0.4055381102362204
20
0.9277203543307087
11
0.4061166141732284
21
0.92796
0
LINE
8
BLACK
6
CONTINUOUS
10
0.4061166141732284
20
0.92796
11
0.4063211417322835
21
0.9278752755905512
0
LINE
8
BLACK
6
CONTINUOUS
10
0.8754102362204724
20
0.9225988188976377
11
0.8760399606299213
21
0.9210785433070866
0
LINE
8
BLACK
6
CONTINUOUS
10
0.8760399606299213
20
0.9210785433070866
11
0.8754102362204724
21
0.9195582677165354
0
LINE
8
BLACK
6
CONTINUOUS
10
0.8754102362204724
20
0.9195582677165354
11
0.8738899606299212
21
0.9189285433070866
0
LINE
8
BLACK
6
CONTINUOUS
10
0.8738899606299212
20
0.9189285433070866
11
0.865720905511811
21
0.9189285433070866
0
LINE
8
BLACK
6
CONTINUOUS
10
0.865720905511811
20
0.9189285433070866
11
0.865720905511811
21
0.9145118897637795
0
LINE
8
BLACK
6
CONTINUOUS
10
0.865720905511811
20
0.9145118897637795
11
0.8650911811023622
21
0.9129916141732283
0
LINE
8
BLACK
6
CONTINUOUS
10
0.8650911811023622
20
0.9129916141732283
11
0.863570905511811
21
0.9123618897637795
0
LINE
8
BLACK
6
CONTINUOUS
10
0.863570905511811
20
0.9123618897637795
11
0.8620506299212598
21
0.9129916141732283
0
LINE
8
BLACK
6
CONTINUOUS
10
0.8620506299212598
20
0.9129916141732283
11
0.8614209055118111
21
0.9145118897637795
0
LINE
8
BLACK
6
CONTINUOUS
10
0.8614209055118111
20
0.9145118897637795
11
0.8614209055118111
21
0.9189285433070866
0
LINE
8
BLACK
6
CONTINUOUS
10
0.8614209055118111
20
0.9189285433070866
11
0.8563399606299212
21
0.9189285433070866
0
LINE
8
BLACK
6
CONTINUOUS
10
0.8563399606299212
20
0.9189285433070866
11
0.8563399606299212
21
0.9116975984251968
0
LINE
8
BLACK
6
CONTINUOUS
10
0.8563399606299212
20
0.9116975984251968
11
0.8557102362204724
21
0.9101773228346457
0
LINE
8
BLACK
6
CONTINUOUS
10
0.8557102362204724
20
0.9101773228346457
11
0.8541899606299213
21
0.9095475984251968
0
LINE
8
BLACK
6
CONTINUOUS
10
0.8541899606299213
20
0.9095475984251968
11
0.85266968503937
21
0.9101773228346457
0
LINE
8
BLACK
6
CONTINUOUS
10
0.85266968503937
20
0.9101773228346457
11
0.8520399606299213
21
0.9116975984251968
0
LINE
8
BLACK
6
CONTINUOUS
10
0.8520399606299213
20
0.9116975984251968
11
0.8520399606299213
21
0.9210785433070866
0
LINE
8
BLACK
6
CONTINUOUS
10
0.8520399606299213
20
0.9210785433070866
11
0.85266968503937
21
0.9225988188976377
0
LINE
8
BLACK
6
CONTINUOUS
10
0.85266968503937
20
0.9225988188976377
11
0.8541899606299213
21
0.9232285433070866
0
LINE
8
BLACK
6
CONTINUOUS
10
0.8541899606299213
20
0.9232285433070866
11
0.8738899606299212
21
0.9232285433070866
0
LINE
8
BLACK
6
CONTINUOUS
10
0.8738899606299212
20
0.9232285433070866
11
0.8754102362204724
21
0.9225988188976377
0
LINE
8
BLACK
6
CONTINUOUS
10
0.7754102362204724
20
0.9310416929133858
11
0.7760399606299212
21
0.9295214173228347
0
LINE
8
BLACK
6
CONTINUOUS
10
0.7760399606299212
20
0.9295214173228347
11
0.7754102362204724
21
0.9280011417322834
0
LINE
8
BLACK
6
CONTINUOUS
10
0.7754102362204724
20
0.9280011417322834
11
0.7738899606299212
21
0.9273714173228347
0
LINE
8
BLACK
6
CONTINUOUS
10
0.7738899606299212
20
0.9273714173228347
11
0.7635233464566928
21
0.9273714173228347
0
LINE
8
BLACK
6
CONTINUOUS
10
0.7635233464566928
20
0.9273714173228347
11
0.7634616535433071
21
0.9273097244094488
0
LINE
8
BLACK
6
CONTINUOUS
10
0.7634616535433071
20
0.9273097244094488
11
0.7629066141732284
21
0.9261996062992126
0
LINE
8
BLACK
6
CONTINUOUS
10
0.7629066141732284
20
0.9261996062992126
11
0.7629066141732284
21
0.9244004330708662
0
LINE
8
BLACK
6
CONTINUOUS
10
0.7629066141732284
20
0.9244004330708662
11
0.7632972047244094
21
0.9236191732283464
0
LINE
8
BLACK
6
CONTINUOUS
10
0.7632972047244094
20
0.9236191732283464
11
0.7640784645669291
21
0.9232285826771653
0
LINE
8
BLACK
6
CONTINUOUS
10
0.7640784645669291
20
0.9232285826771653
11
0.7738899606299212
21
0.9232285826771653
0
LINE
8
BLACK
6
CONTINUOUS
10
0.7738899606299212
20
0.9232285826771653
11
0.7754102362204724
21
0.9225988582677165
0
LINE
8
BLACK
6
CONTINUOUS
10
0.7754102362204724
20
0.9225988582677165
11
0.7760399606299212
21
0.9210785826771654
0
LINE
8
BLACK
6
CONTINUOUS
10
0.7760399606299212
20
0.9210785826771654
11
0.7754102362204724
21
0.9195583070866141
0
LINE
8
BLACK
6
CONTINUOUS
10
0.7754102362204724
20
0.9195583070866141
11
0.7738899606299212
21
0.9189285826771654
0
LINE
8
BLACK
6
CONTINUOUS
10
0.7738899606299212
20
0.9189285826771654
11
0.7635709055118111
21
0.9189285826771654
0
LINE
8
BLACK
6
CONTINUOUS
10
0.7635709055118111
20
0.9189285826771654
11
0.7631085433070866
21
0.9191200787401574
0
LINE
8
BLACK
6
CONTINUOUS
10
0.7631085433070866
20
0.9191200787401574
11
0.7626094094488188
21
0.9191555511811024
0
LINE
8
BLACK
6
CONTINUOUS
10
0.7626094094488188
20
0.9191555511811024
11
0.7607332283464566
21
0.9200936220472441
0
LINE
8
BLACK
6
CONTINUOUS
10
0.7607332283464566
20
0.9200936220472441
11
0.7602865748031495
21
0.9206085826771654
0
LINE
8
BLACK
6
CONTINUOUS
10
0.7602865748031495
20
0.9206085826771654
11
0.7597716929133858
21
0.921055157480315
0
LINE
8
BLACK
6
CONTINUOUS
10
0.7597716929133858
20
0.921055157480315
11
0.7588335826771654
21
0.9229313779527559
0
LINE
8
BLACK
6
CONTINUOUS
10
0.7588335826771654
20
0.9229313779527559
11
0.7587981102362205
21
0.9234305118110236
0
LINE
8
BLACK
6
CONTINUOUS
10
0.7587981102362205
20
0.9234305118110236
11
0.7586066141732283
21
0.923892874015748
0
LINE
8
BLACK
6
CONTINUOUS
10
0.7586066141732283
20
0.923892874015748
11
0.7586066141732283
21
0.9267071653543307
0
LINE
8
BLACK
6
CONTINUOUS
10
0.7586066141732283
20
0.9267071653543307
11
0.7587981102362205
21
0.9271695275590551
0
LINE
8
BLACK
6
CONTINUOUS
10
0.7587981102362205
20
0.9271695275590551
11
0.758833622047244
21
0.9276687007874016
0
LINE
8
BLACK
6
CONTINUOUS
10
0.758833622047244
20
0.9276687007874016
11
0.7591291732283464
21
0.9282598031496063
0
LINE
8
BLACK
6
CONTINUOUS
10
0.7591291732283464
20
0.9282598031496063
11
0.7586066141732283
21
0.9295214173228347
0
LINE
8
BLACK
6
CONTINUOUS
10
0.7586066141732283
20
0.9295214173228347
11
0.7592363385826771
21
0.9310416929133858
0
LINE
8
BLACK
6
CONTINUOUS
10
0.7592363385826771
20
0.9310416929133858
11
0.7607566141732284
21
0.9316714173228346
0
LINE
8
BLACK
6
CONTINUOUS
10
0.7607566141732284
20
0.9316714173228346
11
0.7738899606299212
21
0.9316714173228346
0
LINE
8
BLACK
6
CONTINUOUS
10
0.7738899606299212
20
0.9316714173228346
11
0.7754102362204724
21
0.9310416929133858
0
LINE
8
BLACK
6
CONTINUOUS
10
0.2835340551181103
20
0.9438559842519685
11
0.2844721653543307
21
0.942917874015748
0
LINE
8
BLACK
6
CONTINUOUS
10
0.2844721653543307
20
0.942917874015748
11
0.2846075590551181
21
0.9425909448818898
0
LINE
8
BLACK
6
CONTINUOUS
10
0.2846075590551181
20
0.9425909448818898
11
0.2848749212598425
21
0.942359094488189
0
LINE
8
BLACK
6
CONTINUOUS
10
0.2848749212598425
20
0.942359094488189
11
0.2858129921259843
21
0.9404829133858268
0
LINE
8
BLACK
6
CONTINUOUS
10
0.2858129921259843
20
0.9404829133858268
11
0.2858484251968504
21
0.9399837401574803
0
LINE
8
BLACK
6
CONTINUOUS
10
0.2858484251968504
20
0.9399837401574803
11
0.2860399606299213
21
0.9395214173228347
0
LINE
8
BLACK
6
CONTINUOUS
10
0.2860399606299213
20
0.9395214173228347
11
0.2860399606299213
21
0.9338928346456693
0
LINE
8
BLACK
6
CONTINUOUS
10
0.2860399606299213
20
0.9338928346456693
11
0.2858484251968504
21
0.9334304724409449
0
LINE
8
BLACK
6
CONTINUOUS
10
0.2858484251968504
20
0.9334304724409449
11
0.2858129921259843
21
0.9329313385826772
0
LINE
8
BLACK
6
CONTINUOUS
10
0.2858129921259843
20
0.9329313385826772
11
0.2848749212598425
21
0.931055157480315
0
LINE
8
BLACK
6
CONTINUOUS
10
0.2848749212598425
20
0.931055157480315
11
0.2846075590551181
21
0.9308232677165355
0
LINE
8
BLACK
6
CONTINUOUS
10
0.2846075590551181
20
0.9308232677165355
11
0.2844721653543307
21
0.9304963779527559
0
LINE
8
BLACK
6
CONTINUOUS
10
0.2844721653543307
20
0.9304963779527559
11
0.2835340551181103
21
0.9295582677165354
0
LINE
8
BLACK
6
CONTINUOUS
10
0.2835340551181103
20
0.9295582677165354
11
0.283207125984252
21
0.9294228346456692
0
LINE
8
BLACK
6
CONTINUOUS
10
0.283207125984252
20
0.9294228346456692
11
0.2829752755905512
21
0.9291555118110236
0
LINE
8
BLACK
6
CONTINUOUS
10
0.2829752755905512
20
0.9291555118110236
11
0.281099094488189
21
0.9282174409448819
0
LINE
8
BLACK
6
CONTINUOUS
10
0.281099094488189
20
0.9282174409448819
11
0.2805999212598425
21
0.928181968503937
0
LINE
8
BLACK
6
CONTINUOUS
10
0.2805999212598425
20
0.928181968503937
11
0.2801375984251969
21
0.9279904724409449
0
LINE
8
BLACK
6
CONTINUOUS
10
0.2801375984251969
20
0.9279904724409449
11
0.275447125984252
21
0.9279904724409449
0
LINE
8
BLACK
6
CONTINUOUS
10
0.275447125984252
20
0.9279904724409449
11
0.2749847637795276
21
0.928181968503937
0
LINE
8
BLACK
6
CONTINUOUS
10
0.2749847637795276
20
0.928181968503937
11
0.2744856692913386
21
0.9282174409448819
0
LINE
8
BLACK
6
CONTINUOUS
10
0.2744856692913386
20
0.9282174409448819
11
0.2726094094488189
21
0.9291555118110236
0
LINE
8
BLACK
6
CONTINUOUS
10
0.2726094094488189
20
0.9291555118110236
11
0.2723775196850394
21
0.929422874015748
0
LINE
8
BLACK
6
CONTINUOUS
10
0.2723775196850394
20
0.929422874015748
11
0.2720505905511811
21
0.9295583070866141
0
LINE
8
BLACK
6
CONTINUOUS
10
0.2720505905511811
20
0.9295583070866141
11
0.2711125196850394
21
0.9304964173228346
0
LINE
8
BLACK
6
CONTINUOUS
10
0.2711125196850394
20
0.9304964173228346
11
0.2709771259842519
21
0.9308232677165355
0
LINE
8
BLACK
6
CONTINUOUS
10
0.2709771259842519
20
0.9308232677165355
11
0.2707098031496063
21
0.9310551181102362
0
LINE
8
BLACK
6
CONTINUOUS
10
0.2707098031496063
20
0.9310551181102362
11
0.2700373228346457
21
0.9324000393700788
0
LINE
8
BLACK
6
CONTINUOUS
10
0.2700373228346457
20
0.9324000393700788
11
0.2656057480314961
21
0.9285224409448819
0
LINE
8
BLACK
6
CONTINUOUS
10
0.2656057480314961
20
0.9285224409448819
11
0.2648890551181102
21
0.9282800393700787
0
LINE
8
BLACK
6
CONTINUOUS
10
0.2648890551181102
20
0.9282800393700787
11
0.2641899606299212
21
0.9279904724409449
0
LINE
8
BLACK
6
CONTINUOUS
10
0.2641899606299212
20
0.9279904724409449
11
0.2641193307086614
21
0.9280197244094488
0
LINE
8
BLACK
6
CONTINUOUS
10
0.2641193307086614
20
0.9280197244094488
11
0.2640469291338582
21
0.9279952362204724
0
LINE
8
BLACK
6
CONTINUOUS
10
0.2640469291338582
20
0.9279952362204724
11
0.2633686220472441
21
0.9283306692913386
0
LINE
8
BLACK
6
CONTINUOUS
10
0.2633686220472441
20
0.9283306692913386
11
0.26266968503937
21
0.9286201968503937
0
LINE
8
BLACK
6
CONTINUOUS
10
0.26266968503937
20
0.9286201968503937
11
0.2626404330708662
21
0.9286907874015747
0
LINE
8
BLACK
6
CONTINUOUS
10
0.2626404330708662
20
0.9286907874015747
11
0.2625719291338582
21
0.9287246850393701
0
LINE
8
BLACK
6
CONTINUOUS
10
0.2625719291338582
20
0.9287246850393701
11
0.2623295275590551
21
0.9294413385826772
0
LINE
8
BLACK
6
CONTINUOUS
10
0.2623295275590551
20
0.9294413385826772
11
0.2620399606299212
21
0.9301404724409449
0
LINE
8
BLACK
6
CONTINUOUS
10
0.2620399606299212
20
0.9301404724409449
11
0.2620399606299212
21
0.9423357086614172
0
LINE
8
BLACK
6
CONTINUOUS
10
0.2620399606299212
20
0.9423357086614172
11
0.26266968503937
21
0.9438559842519685
0
LINE
8
BLACK
6
CONTINUOUS
10
0.26266968503937
20
0.9438559842519685
11
0.2641899606299212
21
0.9444857086614173
0
LINE
8
BLACK
6
CONTINUOUS
10
0.2641899606299212
20
0.9444857086614173
11
0.2657102362204725
21
0.9438559842519685
0
LINE
8
BLACK
6
CONTINUOUS
10
0.2657102362204725
20
0.9438559842519685
11
0.2663399606299213
21
0.9423357086614172
0
LINE
8
BLACK
6
CONTINUOUS
10
0.2663399606299213
20
0.9423357086614172
11
0.2663399606299213
21
0.9348785433070866
0
LINE
8
BLACK
6
CONTINUOUS
10
0.2663399606299213
20
0.9348785433070866
11
0.270278937007874
21
0.938325157480315
0
LINE
8
BLACK
6
CONTINUOUS
10
0.270278937007874
20
0.938325157480315
11
0.2709955905511811
21
0.9385675196850394
0
LINE
8
BLACK
6
CONTINUOUS
10
0.2709955905511811
20
0.9385675196850394
11
0.2716947244094488
21
0.938857125984252
0
LINE
8
BLACK
6
CONTINUOUS
10
0.2716947244094488
20
0.938857125984252
11
0.2717653149606299
21
0.9388278346456693
0
LINE
8
BLACK
6
CONTINUOUS
10
0.2717653149606299
20
0.9388278346456693
11
0.2718377559055118
21
0.9388523622047243
0
LINE
8
BLACK
6
CONTINUOUS
10
0.2718377559055118
20
0.9388523622047243
11
0.2725160236220472
21
0.9385168897637796
0
LINE
8
BLACK
6
CONTINUOUS
10
0.2725160236220472
20
0.9385168897637796
11
0.273215
21
0.9382274015748031
0
LINE
8
BLACK
6
CONTINUOUS
10
0.273215
20
0.9382274015748031
11
0.2732442125984252
21
0.9381567716535433
0
LINE
8
BLACK
6
CONTINUOUS
10
0.2732442125984252
20
0.9381567716535433
11
0.2733127559055118
21
0.9381229133858268
0
LINE
8
BLACK
6
CONTINUOUS
10
0.2733127559055118
20
0.9381229133858268
11
0.2735551181102362
21
0.9374062204724409
0
LINE
8
BLACK
6
CONTINUOUS
10
0.2735551181102362
20
0.9374062204724409
11
0.2738447244094488
21
0.936707125984252
0
LINE
8
BLACK
6
CONTINUOUS
10
0.2738447244094488
20
0.936707125984252
11
0.2738447244094488
21
0.9344003543307087
0
LINE
8
BLACK
6
CONTINUOUS
10
0.2738447244094488
20
0.9344003543307087
11
0.2743998031496063
21
0.9332901968503937
0
LINE
8
BLACK
6
CONTINUOUS
10
0.2743998031496063
20
0.9332901968503937
11
0.2748444488188976
21
0.9328455511811024
0
LINE
8
BLACK
6
CONTINUOUS
10
0.2748444488188976
20
0.9328455511811024
11
0.2759546850393701
21
0.9322904724409449
0
LINE
8
BLACK
6
CONTINUOUS
10
0.2759546850393701
20
0.9322904724409449
11
0.2796300393700787
21
0.9322904724409449
0
LINE
8
BLACK
6
CONTINUOUS
10
0.2796300393700787
20
0.9322904724409449
11
0.2807402362204724
21
0.9328455511811024
0
LINE
8
BLACK
6
CONTINUOUS
10
0.2807402362204724
20
0.9328455511811024
11
0.281184842519685
21
0.933290157480315
0
LINE
8
BLACK
6
CONTINUOUS
10
0.281184842519685
20
0.933290157480315
11
0.2817399606299212
21
0.9344003543307087
0
LINE
8
BLACK
6
CONTINUOUS
10
0.2817399606299212
20
0.9344003543307087
11
0.2817399606299212
21
0.9390138582677166
0
LINE
8
BLACK
6
CONTINUOUS
10
0.2817399606299212
20
0.9390138582677166
11
0.281184842519685
21
0.9401240551181103
0
LINE
8
BLACK
6
CONTINUOUS
10
0.281184842519685
20
0.9401240551181103
11
0.2804935039370079
21
0.9408154330708661
0
LINE
8
BLACK
6
CONTINUOUS
10
0.2804935039370079
20
0.9408154330708661
11
0.279863779527559
21
0.9423357086614172
0
LINE
8
BLACK
6
CONTINUOUS
10
0.279863779527559
20
0.9423357086614172
11
0.2804935039370079
21
0.9438559842519685
0
LINE
8
BLACK
6
CONTINUOUS
10
0.2804935039370079
20
0.9438559842519685
11
0.2820137795275591
21
0.9444857086614173
0
LINE
8
BLACK
6
CONTINUOUS
10
0.2820137795275591
20
0.9444857086614173
11
0.2835340551181103
21
0.9438559842519685
0
LINE
8
BLACK
6
CONTINUOUS
10
0.8715379921259843
20
0.9408608267716535
11
0.8720371653543307
21
0.9408253937007873
0
LINE
8
BLACK
6
CONTINUOUS
10
0.8720371653543307
20
0.9408253937007873
11
0.8739133858267716
21
0.9398873228346456
0
LINE
8
BLACK
6
CONTINUOUS
10
0.8739133858267716
20
0.9398873228346456
11
0.8743600393700787
21
0.9393723228346457
0
LINE
8
BLACK
6
CONTINUOUS
10
0.8743600393700787
20
0.9393723228346457
11
0.8748749212598425
21
0.9389257874015747
0
LINE
8
BLACK
6
CONTINUOUS
10
0.8748749212598425
20
0.9389257874015747
11
0.8758129921259842
21
0.9370496062992125
0
LINE
8
BLACK
6
CONTINUOUS
10
0.8758129921259842
20
0.9370496062992125
11
0.8758484251968504
21
0.9365504330708662
0
LINE
8
BLACK
6
CONTINUOUS
10
0.8758484251968504
20
0.9365504330708662
11
0.8760399606299213
21
0.9360881102362204
0
LINE
8
BLACK
6
CONTINUOUS
10
0.8760399606299213
20
0.9360881102362204
11
0.8760399606299213
21
0.9332738188976377
0
LINE
8
BLACK
6
CONTINUOUS
10
0.8760399606299213
20
0.9332738188976377
11
0.8758484251968504
21
0.9328114566929133
0
LINE
8
BLACK
6
CONTINUOUS
10
0.8758484251968504
20
0.9328114566929133
11
0.8758129921259842
21
0.9323123622047244
0
LINE
8
BLACK
6
CONTINUOUS
10
0.8758129921259842
20
0.9323123622047244
11
0.8755173622047244
21
0.9317211023622047
0
LINE
8
BLACK
6
CONTINUOUS
10
0.8755173622047244
20
0.9317211023622047
11
0.8760399606299213
21
0.9304595275590551
0
LINE
8
BLACK
6
CONTINUOUS
10
0.8760399606299213
20
0.9304595275590551
11
0.8754102362204724
21
0.9289392519685039
0
LINE
8
BLACK
6
CONTINUOUS
10
0.8754102362204724
20
0.9289392519685039
11
0.8738899606299212
21
0.928309527559055
0
LINE
8
BLACK
6
CONTINUOUS
10
0.8738899606299212
20
0.928309527559055
11
0.8720137401574803
21
0.928309527559055
0
LINE
8
BLACK
6
CONTINUOUS
10
0.8720137401574803
20
0.928309527559055
11
0.8607566141732284
21
0.928309527559055
0
LINE
8
BLACK
6
CONTINUOUS
10
0.8607566141732284
20
0.928309527559055
11
0.8592363385826771
21
0.9289392519685039
0
LINE
8
BLACK
6
CONTINUOUS
10
0.8592363385826771
20
0.9289392519685039
11
0.8586066141732284
21
0.9304595275590551
0
LINE
8
BLACK
6
CONTINUOUS
10
0.8586066141732284
20
0.9304595275590551
11
0.8592363385826771
21
0.9319798031496063
0
LINE
8
BLACK
6
CONTINUOUS
10
0.8592363385826771
20
0.9319798031496063
11
0.8607566141732284
21
0.9326095275590551
0
LINE
8
BLACK
6
CONTINUOUS
10
0.8607566141732284
20
0.9326095275590551
11
0.8711232677165354
21
0.9326095275590551
0
LINE
8
BLACK
6
CONTINUOUS
10
0.8711232677165354
20
0.9326095275590551
11
0.871184842519685
21
0.9326711417322835
0
LINE
8
BLACK
6
CONTINUOUS
10
0.871184842519685
20
0.9326711417322835
11
0.8717399606299212
21
0.9337813385826771
0
LINE
8
BLACK
6
CONTINUOUS
10
0.8717399606299212
20
0.9337813385826771
11
0.8717399606299212
21
0.9355805511811024
0
LINE
8
BLACK
6
CONTINUOUS
10
0.8717399606299212
20
0.9355805511811024
11
0.8713493307086614
21
0.9363617716535433
0
LINE
8
BLACK
6
CONTINUOUS
10
0.8713493307086614
20
0.9363617716535433
11
0.8705681496062992
21
0.9367523622047244
0
LINE
8
BLACK
6
CONTINUOUS
10
0.8705681496062992
20
0.9367523622047244
11
0.8607566141732284
21
0.9367523622047244
0
LINE
8
BLACK
6
CONTINUOUS
10
0.8607566141732284
20
0.9367523622047244
11
0.8592363385826771
21
0.9373820866141732
0
LINE
8
BLACK
6
CONTINUOUS
10
0.8592363385826771
20
0.9373820866141732
11
0.8586066141732284
21
0.9389023622047243
0
LINE
8
BLACK
6
CONTINUOUS
10
0.8586066141732284
20
0.9389023622047243
11
0.8592363385826771
21
0.9404226377952756
0
LINE
8
BLACK
6
CONTINUOUS
10
0.8592363385826771
20
0.9404226377952756
11
0.8607566141732284
21
0.9410523622047244
0
LINE
8
BLACK
6
CONTINUOUS
10
0.8607566141732284
20
0.9410523622047244
11
0.8710756692913386
21
0.9410523622047244
0
LINE
8
BLACK
6
CONTINUOUS
10
0.8710756692913386
20
0.9410523622047244
11
0.8715379921259843
21
0.9408608267716535
0
LINE
8
BLACK
6
CONTINUOUS
10
0.7402857086614173
20
0.947736968503937
11
0.7407848031496063
21
0.9477015354330709
0
LINE
8
BLACK
6
CONTINUOUS
10
0.7407848031496063
20
0.9477015354330709
11
0.7410166141732283
21
0.9474342519685039
0
LINE
8
BLACK
6
CONTINUOUS
10
0.7410166141732283
20
0.9474342519685039
11
0.7413435826771654
21
0.9472988188976378
0
LINE
8
BLACK
6
CONTINUOUS
10
0.7413435826771654
20
0.9472988188976378
11
0.7415350787401574
21
0.9468364173228346
0
LINE
8
BLACK
6
CONTINUOUS
10
0.7415350787401574
20
0.9468364173228346
11
0.7418629527559055
21
0.9464584251968504
0
LINE
8
BLACK
6
CONTINUOUS
10
0.7418629527559055
20
0.9464584251968504
11
0.7418378346456693
21
0.9461055118110236
0
LINE
8
BLACK
6
CONTINUOUS
10
0.7418378346456693
20
0.9461055118110236
11
0.7419733070866141
21
0.9457785433070865
0
LINE
8
BLACK
6
CONTINUOUS
10
0.7419733070866141
20
0.9457785433070865
11
0.7419733070866141
21
0.9385475984251969
0
LINE
8
BLACK
6
CONTINUOUS
10
0.7419733070866141
20
0.9385475984251969
11
0.7463899606299212
21
0.9385475984251969
0
LINE
8
BLACK
6
CONTINUOUS
10
0.7463899606299212
20
0.9385475984251969
11
0.7479102362204724
21
0.937917874015748
0
LINE
8
BLACK
6
CONTINUOUS
10
0.7479102362204724
20
0.937917874015748
11
0.7485399606299212
21
0.9363975984251969
0
LINE
8
BLACK
6
CONTINUOUS
10
0.7485399606299212
20
0.9363975984251969
11
0.7479102362204724
21
0.9348773228346456
0
LINE
8
BLACK
6
CONTINUOUS
10
0.7479102362204724
20
0.9348773228346456
11
0.7463899606299212
21
0.9342475984251968
0
LINE
8
BLACK
6
CONTINUOUS
10
0.7463899606299212
20
0.9342475984251968
11
0.7419733070866141
21
0.9342475984251968
0
LINE
8
BLACK
6
CONTINUOUS
10
0.7419733070866141
20
0.9342475984251968
11
0.7419733070866141
21
0.9335833070866142
0
LINE
8
BLACK
6
CONTINUOUS
10
0.7419733070866141
20
0.9335833070866142
11
0.7413435826771654
21
0.932063031496063
0
LINE
8
BLACK
6
CONTINUOUS
10
0.7413435826771654
20
0.932063031496063
11
0.7398233070866141
21
0.9314333070866142
0
LINE
8
BLACK
6
CONTINUOUS
10
0.7398233070866141
20
0.9314333070866142
11
0.738303031496063
21
0.932063031496063
0
LINE
8
BLACK
6
CONTINUOUS
10
0.738303031496063
20
0.932063031496063
11
0.7376733070866142
21
0.9335833070866142
0
LINE
8
BLACK
6
CONTINUOUS
10
0.7376733070866142
20
0.9335833070866142
11
0.7376733070866142
21
0.9342475984251968
0
LINE
8
BLACK
6
CONTINUOUS
10
0.7376733070866142
20
0.9342475984251968
11
0.7332566141732283
21
0.9342475984251968
0
LINE
8
BLACK
6
CONTINUOUS
10
0.7332566141732283
20
0.9342475984251968
11
0.7317363385826772
21
0.9348773228346456
0
LINE
8
BLACK
6
CONTINUOUS
10
0.7317363385826772
20
0.9348773228346456
11
0.7311066141732283
21
0.9363975984251969
0
LINE
8
BLACK
6
CONTINUOUS
10
0.7311066141732283
20
0.9363975984251969
11
0.7317363385826772
21
0.937917874015748
0
LINE
8
BLACK
6
CONTINUOUS
10
0.7317363385826772
20
0.937917874015748
11
0.7332566141732283
21
0.9385475984251969
0
LINE
8
BLACK
6
CONTINUOUS
10
0.7332566141732283
20
0.9385475984251969
11
0.7376733070866142
21
0.9385475984251969
0
LINE
8
BLACK
6
CONTINUOUS
10
0.7376733070866142
20
0.9385475984251969
11
0.7376733070866142
21
0.9427955511811024
0
LINE
8
BLACK
6
CONTINUOUS
10
0.7376733070866142
20
0.9427955511811024
11
0.7264317716535433
21
0.9390483858267716
0
LINE
8
BLACK
6
CONTINUOUS
10
0.7264317716535433
20
0.9390483858267716
11
0.7247903937007873
21
0.9391650393700787
0
LINE
8
BLACK
6
CONTINUOUS
10
0.7247903937007873
20
0.9391650393700787
11
0.7237122047244094
21
0.9404081889763779
0
LINE
8
BLACK
6
CONTINUOUS
10
0.7237122047244094
20
0.9404081889763779
11
0.7238288582677165
21
0.9420495669291339
0
LINE
8
BLACK
6
CONTINUOUS
10
0.7238288582677165
20
0.9420495669291339
11
0.7250720078740157
21
0.9431277559055118
0
LINE
8
BLACK
6
CONTINUOUS
10
0.7250720078740157
20
0.9431277559055118
11
0.7391433858267716
21
0.9478181889763779
0
LINE
8
BLACK
6
CONTINUOUS
10
0.7391433858267716
20
0.9478181889763779
11
0.7394962992125984
21
0.9477930708661417
0
LINE
8
BLACK
6
CONTINUOUS
10
0.7394962992125984
20
0.9477930708661417
11
0.7398233070866141
21
0.9479285433070866
0
LINE
8
BLACK
6
CONTINUOUS
10
0.7398233070866141
20
0.9479285433070866
11
0.7402857086614173
21
0.947736968503937
0
LINE
8
BLACK
6
CONTINUOUS
10
0.3656122834645669
20
0.9552684645669292
11
0.3661114566929134
21
0.955233031496063
0
LINE
8
BLACK
6
CONTINUOUS
10
0.3661114566929134
20
0.955233031496063
11
0.3679876771653543
21
0.9542949212598425
0
LINE
8
BLACK
6
CONTINUOUS
10
0.3679876771653543
20
0.9542949212598425
11
0.3682195275590551
21
0.954027559055118
0
LINE
8
BLACK
6
CONTINUOUS
10
0.3682195275590551
20
0.954027559055118
11
0.3685464566929134
21
0.9538921653543306
0
LINE
8
BLACK
6
CONTINUOUS
10
0.3685464566929134
20
0.9538921653543306
11
0.3694845275590551
21
0.9529540944881889
0
LINE
8
BLACK
6
CONTINUOUS
10
0.3694845275590551
20
0.9529540944881889
11
0.3695692125984252
21
0.9527495669291338
0
LINE
8
BLACK
6
CONTINUOUS
10
0.3695692125984252
20
0.9527495669291338
11
0.3697531496062992
21
0.9526264173228346
0
LINE
8
BLACK
6
CONTINUOUS
10
0.3697531496062992
20
0.9526264173228346
11
0.3716293700787401
21
0.9498121259842519
0
LINE
8
BLACK
6
CONTINUOUS
10
0.3716293700787401
20
0.9498121259842519
11
0.3717023622047244
21
0.9494430708661417
0
LINE
8
BLACK
6
CONTINUOUS
10
0.3717023622047244
20
0.9494430708661417
11
0.3719262204724409
21
0.9491409842519685
0
LINE
8
BLACK
6
CONTINUOUS
10
0.3719262204724409
20
0.9491409842519685
11
0.3728643307086614
21
0.9453885826771653
0
LINE
8
BLACK
6
CONTINUOUS
10
0.3728643307086614
20
0.9453885826771653
11
0.3728242125984252
21
0.9451189763779527
0
LINE
8
BLACK
6
CONTINUOUS
10
0.3728242125984252
20
0.9451189763779527
11
0.3729285433070866
21
0.9448671259842519
0
LINE
8
BLACK
6
CONTINUOUS
10
0.3729285433070866
20
0.9448671259842519
11
0.3729285433070866
21
0.9373623622047244
0
LINE
8
BLACK
6
CONTINUOUS
10
0.3729285433070866
20
0.9373623622047244
11
0.3727370078740158
21
0.9368999606299212
0
LINE
8
BLACK
6
CONTINUOUS
10
0.3727370078740158
20
0.9368999606299212
11
0.3727015354330709
21
0.9364008267716535
0
LINE
8
BLACK
6
CONTINUOUS
10
0.3727015354330709
20
0.9364008267716535
11
0.3717634251968504
21
0.9345246456692913
0
LINE
8
BLACK
6
CONTINUOUS
10
0.3717634251968504
20
0.9345246456692913
11
0.3714961023622047
21
0.9342927952755905
0
LINE
8
BLACK
6
CONTINUOUS
10
0.3714961023622047
20
0.9342927952755905
11
0.3713607086614173
21
0.933965905511811
0
LINE
8
BLACK
6
CONTINUOUS
10
0.3713607086614173
20
0.933965905511811
11
0.3704226377952756
21
0.9330278346456693
0
LINE
8
BLACK
6
CONTINUOUS
10
0.3704226377952756
20
0.9330278346456693
11
0.370095748031496
21
0.9328924015748031
0
LINE
8
BLACK
6
CONTINUOUS
10
0.370095748031496
20
0.9328924015748031
11
0.3698638976377953
21
0.9326250787401574
0
LINE
8
BLACK
6
CONTINUOUS
10
0.3698638976377953
20
0.9326250787401574
11
0.3679877165354331
21
0.9316870078740157
0
LINE
8
BLACK
6
CONTINUOUS
10
0.3679877165354331
20
0.9316870078740157
11
0.3674885433070866
21
0.9316514960629921
0
LINE
8
BLACK
6
CONTINUOUS
10
0.3674885433070866
20
0.9316514960629921
11
0.3670261811023622
21
0.93146
0
LINE
8
BLACK
6
CONTINUOUS
10
0.3670261811023622
20
0.93146
11
0.3632737795275591
21
0.93146
0
LINE
8
BLACK
6
CONTINUOUS
10
0.3632737795275591
20
0.93146
11
0.3628113779527559
21
0.9316514960629921
0
LINE
8
BLACK
6
CONTINUOUS
10
0.3628113779527559
20
0.9316514960629921
11
0.3623122440944882
21
0.9316870078740157
0
LINE
8
BLACK
6
CONTINUOUS
10
0.3623122440944882
20
0.9316870078740157
11
0.360436062992126
21
0.9326251181102362
0
LINE
8
BLACK
6
CONTINUOUS
10
0.360436062992126
20
0.9326251181102362
11
0.3602042125984252
21
0.9328924015748031
0
LINE
8
BLACK
6
CONTINUOUS
10
0.3602042125984252
20
0.9328924015748031
11
0.3598773622047244
21
0.9330277952755905
0
LINE
8
BLACK
6
CONTINUOUS
10
0.3598773622047244
20
0.9330277952755905
11
0.3589392519685039
21
0.9339658661417323
0
LINE
8
BLACK
6
CONTINUOUS
10
0.3589392519685039
20
0.9339658661417323
11
0.3588038188976378
21
0.9342927952755905
0
LINE
8
BLACK
6
CONTINUOUS
10
0.3588038188976378
20
0.9342927952755905
11
0.3585364566929134
21
0.93452468503937
0
LINE
8
BLACK
6
CONTINUOUS
10
0.3585364566929134
20
0.93452468503937
11
0.3575983858267717
21
0.9364008661417322
0
LINE
8
BLACK
6
CONTINUOUS
10
0.3575983858267717
20
0.9364008661417322
11
0.3575629133858267
21
0.9369
0
LINE
8
BLACK
6
CONTINUOUS
10
0.3575629133858267
20
0.9369
11
0.3573714173228346
21
0.9373623622047244
0
LINE
8
BLACK
6
CONTINUOUS
10
0.3573714173228346
20
0.9373623622047244
11
0.3573714173228346
21
0.9420528346456692
0
LINE
8
BLACK
6
CONTINUOUS
10
0.3573714173228346
20
0.9420528346456692
11
0.3575629133858267
21
0.9425151574803149
0
LINE
8
BLACK
6
CONTINUOUS
10
0.3575629133858267
20
0.9425151574803149
11
0.3575983858267717
21
0.9430143307086614
0
LINE
8
BLACK
6
CONTINUOUS
10
0.3575983858267717
20
0.9430143307086614
11
0.3585364566929134
21
0.9448905511811023
0
LINE
8
BLACK
6
CONTINUOUS
10
0.3585364566929134
20
0.9448905511811023
11
0.3588038188976378
21
0.9451224409448818
0
LINE
8
BLACK
6
CONTINUOUS
10
0.3588038188976378
20
0.9451224409448818
11
0.3589392519685039
21
0.9454493700787401
0
LINE
8
BLACK
6
CONTINUOUS
10
0.3589392519685039
20
0.9454493700787401
11
0.3598773622047244
21
0.9463874409448819
0
LINE
8
BLACK
6
CONTINUOUS
10
0.3598773622047244
20
0.9463874409448819
11
0.3602042125984252
21
0.9465227952755906
0
LINE
8
BLACK
6
CONTINUOUS
10
0.3602042125984252
20
0.9465227952755906
11
0.360436062992126
21
0.9467901181102362
0
LINE
8
BLACK
6
CONTINUOUS
10
0.360436062992126
20
0.9467901181102362
11
0.3623122440944882
21
0.9477282283464566
0
LINE
8
BLACK
6
CONTINUOUS
10
0.3623122440944882
20
0.9477282283464566
11
0.3628113779527559
21
0.9477637007874016
0
LINE
8
BLACK
6
CONTINUOUS
10
0.3628113779527559
20
0.9477637007874016
11
0.3632737795275591
21
0.9479552362204724
0
LINE
8
BLACK
6
CONTINUOUS
10
0.3632737795275591
20
0.9479552362204724
11
0.3670261811023622
21
0.9479552362204724
0
LINE
8
BLACK
6
CONTINUOUS
10
0.3670261811023622
20
0.9479552362204724
11
0.3674885433070866
21
0.9477637007874016
0
LINE
8
BLACK
6
CONTINUOUS
10
0.3674885433070866
20
0.9477637007874016
11
0.3678438188976378
21
0.9477384251968504
0
LINE
8
BLACK
6
CONTINUOUS
10
0.3678438188976378
20
0.9477384251968504
11
0.3662934251968504
21
0.9500640551181102
0
LINE
8
BLACK
6
CONTINUOUS
10
0.3662934251968504
20
0.9500640551181102
11
0.3657526377952756
21
0.9506048818897638
0
LINE
8
BLACK
6
CONTINUOUS
10
0.3657526377952756
20
0.9506048818897638
11
0.3646424015748032
21
0.95116
0
LINE
8
BLACK
6
CONTINUOUS
10
0.3646424015748032
20
0.95116
11
0.3613975984251969
21
0.95116
0
LINE
8
BLACK
6
CONTINUOUS
10
0.3613975984251969
20
0.95116
11
0.3598773228346457
21
0.9517897244094488
0
LINE
8
BLACK
6
CONTINUOUS
10
0.3598773228346457
20
0.9517897244094488
11
0.3592475984251968
21
0.95331
0
LINE
8
BLACK
6
CONTINUOUS
10
0.3592475984251968
20
0.95331
11
0.3598773228346457
21
0.9548302755905511
0
LINE
8
BLACK
6
CONTINUOUS
10
0.3598773228346457
20
0.9548302755905511
11
0.3613975984251969
21
0.95546
0
LINE
8
BLACK
6
CONTINUOUS
10
0.3613975984251969
20
0.95546
11
0.3651499606299213
21
0.95546
0
LINE
8
BLACK
6
CONTINUOUS
10
0.3651499606299213
20
0.95546
11
0.3656122834645669
21
0.9552684645669292
0
LINE
8
BLACK
6
CONTINUOUS
10
0.3626711417322834
20
0.9431001181102362
11
0.3622264566929134
21
0.9426554330708661
0
LINE
8
BLACK
6
CONTINUOUS
10
0.3622264566929134
20
0.9426554330708661
11
0.3616714173228346
21
0.9415452755905511
0
LINE
8
BLACK
6
CONTINUOUS
10
0.3616714173228346
20
0.9415452755905511
11
0.3616714173228346
21
0.9378698818897637
0
LINE
8
BLACK
6
CONTINUOUS
10
0.3616714173228346
20
0.9378698818897637
11
0.3622264566929134
21
0.9367597244094488
0
LINE
8
BLACK
6
CONTINUOUS
10
0.3622264566929134
20
0.9367597244094488
11
0.3626711417322834
21
0.9363150787401575
0
LINE
8
BLACK
6
CONTINUOUS
10
0.3626711417322834
20
0.9363150787401575
11
0.3637813779527559
21
0.9357599999999999
0
LINE
8
BLACK
6
CONTINUOUS
10
0.3637813779527559
20
0.9357599999999999
11
0.3665186614173228
21
0.9357599999999999
0
LINE
8
BLACK
6
CONTINUOUS
10
0.3665186614173228
20
0.9357599999999999
11
0.3676287401574803
21
0.9363150393700788
0
LINE
8
BLACK
6
CONTINUOUS
10
0.3676287401574803
20
0.9363150393700788
11
0.3680734251968504
21
0.9367597244094488
0
LINE
8
BLACK
6
CONTINUOUS
10
0.3680734251968504
20
0.9367597244094488
11
0.3686285433070866
21
0.9378699212598425
0
LINE
8
BLACK
6
CONTINUOUS
10
0.3686285433070866
20
0.9378699212598425
11
0.3686285433070866
21
0.9415452755905511
0
LINE
8
BLACK
6
CONTINUOUS
10
0.3686285433070866
20
0.9415452755905511
11
0.3680734251968504
21
0.9426555118110236
0
LINE
8
BLACK
6
CONTINUOUS
10
0.3680734251968504
20
0.9426555118110236
11
0.3676287401574803
21
0.9431001574803149
0
LINE
8
BLACK
6
CONTINUOUS
10
0.3676287401574803
20
0.9431001574803149
11
0.3665186614173228
21
0.9436552362204724
0
LINE
8
BLACK
6
CONTINUOUS
10
0.3665186614173228
20
0.9436552362204724
11
0.3637813779527559
21
0.9436552362204724
0
LINE
8
BLACK
6
CONTINUOUS
10
0.3637813779527559
20
0.9436552362204724
11
0.3626711417322834
21
0.9431001181102362
0
LINE
8
BLACK
6
CONTINUOUS
10
0.3842387401574803
20
0.9553245669291338
11
0.3845917716535433
21
0.95534968503937
0
LINE
8
BLACK
6
CONTINUOUS
10
0.3845917716535433
20
0.95534968503937
11
0.3874061023622047
21
0.9544115354330709
0
LINE
8
BLACK
6
CONTINUOUS
10
0.3874061023622047
20
0.9544115354330709
11
0.3877841338582677
21
0.9540836614173228
0
LINE
8
BLACK
6
CONTINUOUS
10
0.3877841338582677
20
0.9540836614173228
11
0.3882464566929134
21
0.9538921653543306
0
LINE
8
BLACK
6
CONTINUOUS
10
0.3882464566929134
20
0.9538921653543306
11
0.3901226377952756
21
0.9520159842519684
0
LINE
8
BLACK
6
CONTINUOUS
10
0.3901226377952756
20
0.9520159842519684
11
0.390258031496063
21
0.9516890551181102
0
LINE
8
BLACK
6
CONTINUOUS
10
0.390258031496063
20
0.9516890551181102
11
0.3905253937007874
21
0.9514572047244094
0
LINE
8
BLACK
6
CONTINUOUS
10
0.3905253937007874
20
0.9514572047244094
11
0.3914634645669291
21
0.9495810236220472
0
LINE
8
BLACK
6
CONTINUOUS
10
0.3914634645669291
20
0.9495810236220472
11
0.3914807480314961
21
0.9493372440944882
0
LINE
8
BLACK
6
CONTINUOUS
10
0.3914807480314961
20
0.9493372440944882
11
0.3916262204724409
21
0.9491409842519685
0
LINE
8
BLACK
6
CONTINUOUS
10
0.3916262204724409
20
0.9491409842519685
11
0.3925643307086614
21
0.9453885826771653
0
LINE
8
BLACK
6
CONTINUOUS
10
0.3925643307086614
20
0.9453885826771653
11
0.3925242125984252
21
0.9451189763779527
0
LINE
8
BLACK
6
CONTINUOUS
10
0.3925242125984252
20
0.9451189763779527
11
0.3926285433070866
21
0.9448671259842519
0
LINE
8
BLACK
6
CONTINUOUS
10
0.3926285433070866
20
0.9448671259842519
11
0.3926285433070866
21
0.9420528346456692
0
LINE
8
BLACK
6
CONTINUOUS
10
0.3926285433070866
20
0.9420528346456692
11
0.3925242125984252
21
0.9418009448818897
0
LINE
8
BLACK
6
CONTINUOUS
10
0.3925242125984252
20
0.9418009448818897
11
0.3925643307086614
21
0.9415313385826771
0
LINE
8
BLACK
6
CONTINUOUS
10
0.3925643307086614
20
0.9415313385826771
11
0.3916262204724409
21
0.9377790157480315
0
LINE
8
BLACK
6
CONTINUOUS
10
0.3916262204724409
20
0.9377790157480315
11
0.3914807480314961
21
0.937582716535433
0
LINE
8
BLACK
6
CONTINUOUS
10
0.3914807480314961
20
0.937582716535433
11
0.3914634645669291
21
0.9373389763779527
0
LINE
8
BLACK
6
CONTINUOUS
10
0.3914634645669291
20
0.9373389763779527
11
0.3905253937007874
21
0.9354627952755905
0
LINE
8
BLACK
6
CONTINUOUS
10
0.3905253937007874
20
0.9354627952755905
11
0.390258031496063
21
0.935230905511811
0
LINE
8
BLACK
6
CONTINUOUS
10
0.390258031496063
20
0.935230905511811
11
0.3901226377952756
21
0.9349040157480315
0
LINE
8
BLACK
6
CONTINUOUS
10
0.3901226377952756
20
0.9349040157480315
11
0.3882464566929134
21
0.9330278346456693
0
LINE
8
BLACK
6
CONTINUOUS
10
0.3882464566929134
20
0.9330278346456693
11
0.3877841338582677
21
0.9328362992125984
0
LINE
8
BLACK
6
CONTINUOUS
10
0.3877841338582677
20
0.9328362992125984
11
0.3874061023622047
21
0.9325084645669292
0
LINE
8
BLACK
6
CONTINUOUS
10
0.3874061023622047
20
0.9325084645669292
11
0.3845917716535433
21
0.9315703149606299
0
LINE
8
BLACK
6
CONTINUOUS
10
0.3845917716535433
20
0.9315703149606299
11
0.3842387401574803
21
0.9315953937007874
0
LINE
8
BLACK
6
CONTINUOUS
10
0.3842387401574803
20
0.9315953937007874
11
0.3839118897637795
21
0.93146
0
LINE
8
BLACK
6
CONTINUOUS
10
0.3839118897637795
20
0.93146
11
0.3820356692913386
21
0.93146
0
LINE
8
BLACK
6
CONTINUOUS
10
0.3820356692913386
20
0.93146
11
0.3817087007874015
21
0.9315953937007874
0
LINE
8
BLACK
6
CONTINUOUS
10
0.3817087007874015
20
0.9315953937007874
11
0.3813557874015748
21
0.9315703543307087
0
LINE
8
BLACK
6
CONTINUOUS
10
0.3813557874015748
20
0.9315703543307087
11
0.3785414960629921
21
0.9325084645669292
0
LINE
8
BLACK
6
CONTINUOUS
10
0.3785414960629921
20
0.9325084645669292
11
0.3781634645669291
21
0.9328362992125984
0
LINE
8
BLACK
6
CONTINUOUS
10
0.3781634645669291
20
0.9328362992125984
11
0.3777011811023622
21
0.9330277952755905
0
LINE
8
BLACK
6
CONTINUOUS
10
0.3777011811023622
20
0.9330277952755905
11
0.3767630708661417
21
0.9339658661417323
0
LINE
8
BLACK
6
CONTINUOUS
10
0.3767630708661417
20
0.9339658661417323
11
0.3761333070866142
21
0.9354861417322834
0
LINE
8
BLACK
6
CONTINUOUS
10
0.3761333070866142
20
0.9354861417322834
11
0.3767629921259842
21
0.9370064173228346
0
LINE
8
BLACK
6
CONTINUOUS
10
0.3767629921259842
20
0.9370064173228346
11
0.3782832677165354
21
0.9376361811023621
0
LINE
8
BLACK
6
CONTINUOUS
10
0.3782832677165354
20
0.9376361811023621
11
0.3798035433070866
21
0.9370064960629921
0
LINE
8
BLACK
6
CONTINUOUS
10
0.3798035433070866
20
0.9370064960629921
11
0.3803827952755905
21
0.9364272440944882
0
LINE
8
BLACK
6
CONTINUOUS
10
0.3803827952755905
20
0.9364272440944882
11
0.3823845275590551
21
0.9357599999999999
0
LINE
8
BLACK
6
CONTINUOUS
10
0.3823845275590551
20
0.9357599999999999
11
0.3835629527559055
21
0.9357599999999999
0
LINE
8
BLACK
6
CONTINUOUS
10
0.3835629527559055
20
0.9357599999999999
11
0.3855648031496063
21
0.9364272834645669
0
LINE
8
BLACK
6
CONTINUOUS
10
0.3855648031496063
20
0.9364272834645669
11
0.3868353149606299
21
0.9376977952755905
0
LINE
8
BLACK
6
CONTINUOUS
10
0.3868353149606299
20
0.9376977952755905
11
0.3875118897637795
21
0.9390509448818898
0
LINE
8
BLACK
6
CONTINUOUS
10
0.3875118897637795
20
0.9390509448818898
11
0.3883285433070866
21
0.942317559055118
0
LINE
8
BLACK
6
CONTINUOUS
10
0.3883285433070866
20
0.942317559055118
11
0.3883285433070866
21
0.9446023622047244
0
LINE
8
BLACK
6
CONTINUOUS
10
0.3883285433070866
20
0.9446023622047244
11
0.3875118897637795
21
0.9478690157480315
0
LINE
8
BLACK
6
CONTINUOUS
10
0.3875118897637795
20
0.9478690157480315
11
0.3868353149606299
21
0.9492221653543307
0
LINE
8
BLACK
6
CONTINUOUS
10
0.3868353149606299
20
0.9492221653543307
11
0.3855648031496063
21
0.9504926771653543
0
LINE
8
BLACK
6
CONTINUOUS
10
0.3855648031496063
20
0.9504926771653543
11
0.3835629527559055
21
0.95116
0
LINE
8
BLACK
6
CONTINUOUS
10
0.3835629527559055
20
0.95116
11
0.3823845275590551
21
0.95116
0
LINE
8
BLACK
6
CONTINUOUS
10
0.3823845275590551
20
0.95116
11
0.3803827952755905
21
0.9504927165354331
0
LINE
8
BLACK
6
CONTINUOUS
10
0.3803827952755905
20
0.9504927165354331
11
0.3798035433070866
21
0.9499135039370078
0
LINE
8
BLACK
6
CONTINUOUS
10
0.3798035433070866
20
0.9499135039370078
11
0.3782832677165354
21
0.9492838188976378
0
LINE
8
BLACK
6
CONTINUOUS
10
0.3782832677165354
20
0.9492838188976378
11
0.3767629921259842
21
0.9499135826771653
0
LINE
8
BLACK
6
CONTINUOUS
10
0.3767629921259842
20
0.9499135826771653
11
0.3761333070866142
21
0.9514338582677165
0
LINE
8
BLACK
6
CONTINUOUS
10
0.3761333070866142
20
0.9514338582677165
11
0.3767630708661417
21
0.9529541338582677
0
LINE
8
BLACK
6
CONTINUOUS
10
0.3767630708661417
20
0.9529541338582677
11
0.3777011811023622
21
0.9538922047244094
0
LINE
8
BLACK
6
CONTINUOUS
10
0.3777011811023622
20
0.9538922047244094
11
0.3781634645669291
21
0.9540836614173228
0
LINE
8
BLACK
6
CONTINUOUS
10
0.3781634645669291
20
0.9540836614173228
11
0.3785414960629921
21
0.9544115354330709
0
LINE
8
BLACK
6
CONTINUOUS
10
0.3785414960629921
20
0.9544115354330709
11
0.3813557874015748
21
0.9553496456692914
0
LINE
8
BLACK
6
CONTINUOUS
10
0.3813557874015748
20
0.9553496456692914
11
0.3817087007874015
21
0.9553245669291338
0
LINE
8
BLACK
6
CONTINUOUS
10
0.3817087007874015
20
0.9553245669291338
11
0.3820356692913386
21
0.95546
0
LINE
8
BLACK
6
CONTINUOUS
10
0.3820356692913386
20
0.95546
11
0.3839118897637795
21
0.95546
0
LINE
8
BLACK
6
CONTINUOUS
10
0.3839118897637795
20
0.95546
11
0.3842387401574803
21
0.9553245669291338
0
LINE
8
BLACK
6
CONTINUOUS
10
0.8460340551181103
20
0.9482369291338583
11
0.8469721653543307
21
0.9472988188976378
0
LINE
8
BLACK
6
CONTINUOUS
10
0.8469721653543307
20
0.9472988188976378
11
0.8471075590551181
21
0.9469718897637796
0
LINE
8
BLACK
6
CONTINUOUS
10
0.8471075590551181
20
0.9469718897637796
11
0.8473749212598425
21
0.9467400393700787
0
LINE
8
BLACK
6
CONTINUOUS
10
0.8473749212598425
20
0.9467400393700787
11
0.8483129921259842
21
0.9448638582677165
0
LINE
8
BLACK
6
CONTINUOUS
10
0.8483129921259842
20
0.9448638582677165
11
0.8483484251968504
21
0.9443646850393701
0
LINE
8
BLACK
6
CONTINUOUS
10
0.8483484251968504
20
0.9443646850393701
11
0.8485399606299212
21
0.9439023622047243
0
LINE
8
BLACK
6
CONTINUOUS
10
0.8485399606299212
20
0.9439023622047243
11
0.8485399606299212
21
0.9382737795275591
0
LINE
8
BLACK
6
CONTINUOUS
10
0.8485399606299212
20
0.9382737795275591
11
0.8483484251968504
21
0.9378114173228346
0
LINE
8
BLACK
6
CONTINUOUS
10
0.8483484251968504
20
0.9378114173228346
11
0.8483129921259842
21
0.9373122834645669
0
LINE
8
BLACK
6
CONTINUOUS
10
0.8483129921259842
20
0.9373122834645669
11
0.8473749212598425
21
0.9354361023622048
0
LINE
8
BLACK
6
CONTINUOUS
10
0.8473749212598425
20
0.9354361023622048
11
0.8471075590551181
21
0.9352042125984251
0
LINE
8
BLACK
6
CONTINUOUS
10
0.8471075590551181
20
0.9352042125984251
11
0.8469721653543307
21
0.9348773228346456
0
LINE
8
BLACK
6
CONTINUOUS
10
0.8469721653543307
20
0.9348773228346456
11
0.8460340551181103
21
0.9339392125984252
0
LINE
8
BLACK
6
CONTINUOUS
10
0.8460340551181103
20
0.9339392125984252
11
0.8457071259842519
21
0.933803779527559
0
LINE
8
BLACK
6
CONTINUOUS
10
0.8457071259842519
20
0.933803779527559
11
0.8454752755905511
21
0.9335364566929134
0
LINE
8
BLACK
6
CONTINUOUS
10
0.8454752755905511
20
0.9335364566929134
11
0.8435990944881889
21
0.9325983858267717
0
LINE
8
BLACK
6
CONTINUOUS
10
0.8435990944881889
20
0.9325983858267717
11
0.8430999212598425
21
0.9325629133858268
0
LINE
8
BLACK
6
CONTINUOUS
10
0.8430999212598425
20
0.9325629133858268
11
0.8426375984251968
21
0.9323714173228346
0
LINE
8
BLACK
6
CONTINUOUS
10
0.8426375984251968
20
0.9323714173228346
11
0.8379471259842519
21
0.9323714173228346
0
LINE
8
BLACK
6
CONTINUOUS
10
0.8379471259842519
20
0.9323714173228346
11
0.8374847637795275
21
0.9325629133858268
0
LINE
8
BLACK
6
CONTINUOUS
10
0.8374847637795275
20
0.9325629133858268
11
0.8369856692913386
21
0.9325983858267717
0
LINE
8
BLACK
6
CONTINUOUS
10
0.8369856692913386
20
0.9325983858267717
11
0.8351094094488188
21
0.9335364566929134
0
LINE
8
BLACK
6
CONTINUOUS
10
0.8351094094488188
20
0.9335364566929134
11
0.8348775196850393
21
0.9338038188976377
0
LINE
8
BLACK
6
CONTINUOUS
10
0.8348775196850393
20
0.9338038188976377
11
0.8345505905511811
21
0.9339392519685039
0
LINE
8
BLACK
6
CONTINUOUS
10
0.8345505905511811
20
0.9339392519685039
11
0.8336125196850394
21
0.9348773622047244
0
LINE
8
BLACK
6
CONTINUOUS
10
0.8336125196850394
20
0.9348773622047244
11
0.8334771259842519
21
0.9352042125984251
0
LINE
8
BLACK
6
CONTINUOUS
10
0.8334771259842519
20
0.9352042125984251
11
0.8332098031496062
21
0.935436062992126
0
LINE
8
BLACK
6
CONTINUOUS
10
0.8332098031496062
20
0.935436062992126
11
0.8325373228346457
21
0.9367809842519684
0
LINE
8
BLACK
6
CONTINUOUS
10
0.8325373228346457
20
0.9367809842519684
11
0.8281057480314961
21
0.9329033858267717
0
LINE
8
BLACK
6
CONTINUOUS
10
0.8281057480314961
20
0.9329033858267717
11
0.8273890551181102
21
0.9326609842519685
0
LINE
8
BLACK
6
CONTINUOUS
10
0.8273890551181102
20
0.9326609842519685
11
0.8266899606299213
21
0.9323714173228346
0
LINE
8
BLACK
6
CONTINUOUS
10
0.8266899606299213
20
0.9323714173228346
11
0.8266193307086614
21
0.9324006692913386
0
LINE
8
BLACK
6
CONTINUOUS
10
0.8266193307086614
20
0.9324006692913386
11
0.8265469291338583
21
0.9323761811023622
0
LINE
8
BLACK
6
CONTINUOUS
10
0.8265469291338583
20
0.9323761811023622
11
0.8258686220472441
21
0.9327116141732283
0
LINE
8
BLACK
6
CONTINUOUS
10
0.8258686220472441
20
0.9327116141732283
11
0.82516968503937
21
0.9330011417322834
0
LINE
8
BLACK
6
CONTINUOUS
10
0.82516968503937
20
0.9330011417322834
11
0.8251404330708662
21
0.9330717322834645
0
LINE
8
BLACK
6
CONTINUOUS
10
0.8251404330708662
20
0.9330717322834645
11
0.8250719291338583
21
0.9331056299212598
0
LINE
8
BLACK
6
CONTINUOUS
10
0.8250719291338583
20
0.9331056299212598
11
0.8248295275590551
21
0.9338222834645669
0
LINE
8
BLACK
6
CONTINUOUS
10
0.8248295275590551
20
0.9338222834645669
11
0.8245399606299212
21
0.9345214173228347
0
LINE
8
BLACK
6
CONTINUOUS
10
0.8245399606299212
20
0.9345214173228347
11
0.8245399606299212
21
0.946716653543307
0
LINE
8
BLACK
6
CONTINUOUS
10
0.8245399606299212
20
0.946716653543307
11
0.82516968503937
21
0.9482369291338583
0
LINE
8
BLACK
6
CONTINUOUS
10
0.82516968503937
20
0.9482369291338583
11
0.8266899606299213
21
0.948866653543307
0
LINE
8
BLACK
6
CONTINUOUS
10
0.8266899606299213
20
0.948866653543307
11
0.8282102362204724
21
0.9482369291338583
0
LINE
8
BLACK
6
CONTINUOUS
10
0.8282102362204724
20
0.9482369291338583
11
0.8288399606299213
21
0.946716653543307
0
LINE
8
BLACK
6
CONTINUOUS
10
0.8288399606299213
20
0.946716653543307
11
0.8288399606299213
21
0.9392594881889763
0
LINE
8
BLACK
6
CONTINUOUS
10
0.8288399606299213
20
0.9392594881889763
11
0.832778937007874
21
0.9427061023622048
0
LINE
8
BLACK
6
CONTINUOUS
10
0.832778937007874
20
0.9427061023622048
11
0.8334955905511811
21
0.9429484645669292
0
LINE
8
BLACK
6
CONTINUOUS
10
0.8334955905511811
20
0.9429484645669292
11
0.8341947244094488
21
0.9432380708661418
0
LINE
8
BLACK
6
CONTINUOUS
10
0.8341947244094488
20
0.9432380708661418
11
0.8342653149606299
21
0.943208779527559
0
LINE
8
BLACK
6
CONTINUOUS
10
0.8342653149606299
20
0.943208779527559
11
0.8343377559055118
21
0.9432333070866141
0
LINE
8
BLACK
6
CONTINUOUS
10
0.8343377559055118
20
0.9432333070866141
11
0.8350160236220472
21
0.9428978346456692
0
LINE
8
BLACK
6
CONTINUOUS
10
0.8350160236220472
20
0.9428978346456692
11
0.835715
21
0.9426083464566929
0
LINE
8
BLACK
6
CONTINUOUS
10
0.835715
20
0.9426083464566929
11
0.8357442125984251
21
0.9425377165354331
0
LINE
8
BLACK
6
CONTINUOUS
10
0.8357442125984251
20
0.9425377165354331
11
0.8358127559055117
21
0.9425038582677165
0
LINE
8
BLACK
6
CONTINUOUS
10
0.8358127559055117
20
0.9425038582677165
11
0.8360551181102363
21
0.9417871653543307
0
LINE
8
BLACK
6
CONTINUOUS
10
0.8360551181102363
20
0.9417871653543307
11
0.8363447244094488
21
0.9410880708661417
0
LINE
8
BLACK
6
CONTINUOUS
10
0.8363447244094488
20
0.9410880708661417
11
0.8363447244094488
21
0.9387812992125985
0
LINE
8
BLACK
6
CONTINUOUS
10
0.8363447244094488
20
0.9387812992125985
11
0.8368998031496063
21
0.9376711417322835
0
LINE
8
BLACK
6
CONTINUOUS
10
0.8368998031496063
20
0.9376711417322835
11
0.8373444488188976
21
0.9372264960629921
0
LINE
8
BLACK
6
CONTINUOUS
10
0.8373444488188976
20
0.9372264960629921
11
0.83845468503937
21
0.9366714173228347
0
LINE
8
BLACK
6
CONTINUOUS
10
0.83845468503937
20
0.9366714173228347
11
0.8421300393700787
21
0.9366714173228347
0
LINE
8
BLACK
6
CONTINUOUS
10
0.8421300393700787
20
0.9366714173228347
11
0.8432402362204724
21
0.9372264960629921
0
LINE
8
BLACK
6
CONTINUOUS
10
0.8432402362204724
20
0.9372264960629921
11
0.843684842519685
21
0.9376711023622047
0
LINE
8
BLACK
6
CONTINUOUS
10
0.843684842519685
20
0.9376711023622047
11
0.8442399606299212
21
0.9387812992125985
0
LINE
8
BLACK
6
CONTINUOUS
10
0.8442399606299212
20
0.9387812992125985
11
0.8442399606299212
21
0.9433948031496063
0
LINE
8
BLACK
6
CONTINUOUS
10
0.8442399606299212
20
0.9433948031496063
11
0.843684842519685
21
0.9445049999999999
0
LINE
8
BLACK
6
CONTINUOUS
10
0.843684842519685
20
0.9445049999999999
11
0.8429935039370079
21
0.9451963779527559
0
LINE
8
BLACK
6
CONTINUOUS
10
0.8429935039370079
20
0.9451963779527559
11
0.842363779527559
21
0.946716653543307
0
LINE
8
BLACK
6
CONTINUOUS
10
0.842363779527559
20
0.946716653543307
11
0.8429935039370079
21
0.9482369291338583
0
LINE
8
BLACK
6
CONTINUOUS
10
0.8429935039370079
20
0.9482369291338583
11
0.844513779527559
21
0.948866653543307
0
LINE
8
BLACK
6
CONTINUOUS
10
0.844513779527559
20
0.948866653543307
11
0.8460340551181103
21
0.9482369291338583
0
LINE
8
BLACK
6
CONTINUOUS
10
0.7666370472440944
20
0.9512670866141733
11
0.7669066535433071
21
0.9513072047244094
0
LINE
8
BLACK
6
CONTINUOUS
10
0.7669066535433071
20
0.9513072047244094
11
0.7706590551181102
21
0.9503691338582677
0
LINE
8
BLACK
6
CONTINUOUS
10
0.7706590551181102
20
0.9503691338582677
11
0.7708553937007874
21
0.9502236220472441
0
LINE
8
BLACK
6
CONTINUOUS
10
0.7708553937007874
20
0.9502236220472441
11
0.7710990944881889
21
0.9502063385826771
0
LINE
8
BLACK
6
CONTINUOUS
10
0.7710990944881889
20
0.9502063385826771
11
0.7729752755905511
21
0.9492682677165354
0
LINE
8
BLACK
6
CONTINUOUS
10
0.7729752755905511
20
0.9492682677165354
11
0.7732071259842519
21
0.949000905511811
0
LINE
8
BLACK
6
CONTINUOUS
10
0.7732071259842519
20
0.949000905511811
11
0.7735340551181102
21
0.9488655118110236
0
LINE
8
BLACK
6
CONTINUOUS
10
0.7735340551181102
20
0.9488655118110236
11
0.7744721653543307
21
0.9479274015748032
0
LINE
8
BLACK
6
CONTINUOUS
10
0.7744721653543307
20
0.9479274015748032
11
0.7746075590551181
21
0.9476004724409448
0
LINE
8
BLACK
6
CONTINUOUS
10
0.7746075590551181
20
0.9476004724409448
11
0.7748749212598425
21
0.947368622047244
0
LINE
8
BLACK
6
CONTINUOUS
10
0.7748749212598425
20
0.947368622047244
11
0.7758129921259842
21
0.9454924409448818
0
LINE
8
BLACK
6
CONTINUOUS
10
0.7758129921259842
20
0.9454924409448818
11
0.7758484251968504
21
0.9449932677165354
0
LINE
8
BLACK
6
CONTINUOUS
10
0.7758484251968504
20
0.9449932677165354
11
0.7760399606299212
21
0.9445309448818897
0
LINE
8
BLACK
6
CONTINUOUS
10
0.7760399606299212
20
0.9445309448818897
11
0.7760399606299212
21
0.9426547637795275
0
LINE
8
BLACK
6
CONTINUOUS
10
0.7760399606299212
20
0.9426547637795275
11
0.7758484251968504
21
0.9421924015748031
0
LINE
8
BLACK
6
CONTINUOUS
10
0.7758484251968504
20
0.9421924015748031
11
0.7758129921259842
21
0.9416933070866141
0
LINE
8
BLACK
6
CONTINUOUS
10
0.7758129921259842
20
0.9416933070866141
11
0.7748749212598425
21
0.9398170472440944
0
LINE
8
BLACK
6
CONTINUOUS
10
0.7748749212598425
20
0.9398170472440944
11
0.7746075196850394
21
0.9395851574803149
0
LINE
8
BLACK
6
CONTINUOUS
10
0.7746075196850394
20
0.9395851574803149
11
0.774472125984252
21
0.9392582283464567
0
LINE
8
BLACK
6
CONTINUOUS
10
0.774472125984252
20
0.9392582283464567
11
0.7735340157480315
21
0.9383201574803149
0
LINE
8
BLACK
6
CONTINUOUS
10
0.7735340157480315
20
0.9383201574803149
11
0.7732071259842519
21
0.9381847637795275
0
LINE
8
BLACK
6
CONTINUOUS
10
0.7732071259842519
20
0.9381847637795275
11
0.7729753149606299
21
0.9379174409448818
0
LINE
8
BLACK
6
CONTINUOUS
10
0.7729753149606299
20
0.9379174409448818
11
0.7710991338582677
21
0.9369793700787401
0
LINE
8
BLACK
6
CONTINUOUS
10
0.7710991338582677
20
0.9369793700787401
11
0.7708553937007874
21
0.9369620078740157
0
LINE
8
BLACK
6
CONTINUOUS
10
0.7708553937007874
20
0.9369620078740157
11
0.7706590157480315
21
0.9368165354330709
0
LINE
8
BLACK
6
CONTINUOUS
10
0.7706590157480315
20
0.9368165354330709
11
0.7669066141732284
21
0.9358784645669291
0
LINE
8
BLACK
6
CONTINUOUS
10
0.7669066141732284
20
0.9358784645669291
11
0.766636968503937
21
0.9359185826771653
0
LINE
8
BLACK
6
CONTINUOUS
10
0.766636968503937
20
0.9359185826771653
11
0.7663851968503936
21
0.9358142913385826
0
LINE
8
BLACK
6
CONTINUOUS
10
0.7663851968503936
20
0.9358142913385826
11
0.7616947244094489
21
0.9358142913385826
0
LINE
8
BLACK
6
CONTINUOUS
10
0.7616947244094489
20
0.9358142913385826
11
0.7614428740157481
21
0.9359185826771653
0
LINE
8
BLACK
6
CONTINUOUS
10
0.7614428740157481
20
0.9359185826771653
11
0.7611732677165354
21
0.9358784645669291
0
LINE
8
BLACK
6
CONTINUOUS
10
0.7611732677165354
20
0.9358784645669291
11
0.757420905511811
21
0.9368165354330709
0
LINE
8
BLACK
6
CONTINUOUS
10
0.757420905511811
20
0.9368165354330709
11
0.7572245275590551
21
0.9369620078740157
0
LINE
8
BLACK
6
CONTINUOUS
10
0.7572245275590551
20
0.9369620078740157
11
0.7569808661417322
21
0.9369793307086614
0
LINE
8
BLACK
6
CONTINUOUS
10
0.7569808661417322
20
0.9369793307086614
11
0.7551046456692914
21
0.9379174409448818
0
LINE
8
BLACK
6
CONTINUOUS
10
0.7551046456692914
20
0.9379174409448818
11
0.7548727559055118
21
0.9381847637795275
0
LINE
8
BLACK
6
CONTINUOUS
10
0.7548727559055118
20
0.9381847637795275
11
0.7545458661417322
21
0.9383201968503937
0
LINE
8
BLACK
6
CONTINUOUS
10
0.7545458661417322
20
0.9383201968503937
11
0.7536077952755905
21
0.9392582677165354
0
LINE
8
BLACK
6
CONTINUOUS
10
0.7536077952755905
20
0.9392582677165354
11
0.7534723622047244
21
0.9395851574803149
0
LINE
8
BLACK
6
CONTINUOUS
10
0.7534723622047244
20
0.9395851574803149
11
0.7532050393700788
21
0.9398170472440944
0
LINE
8
BLACK
6
CONTINUOUS
10
0.7532050393700788
20
0.9398170472440944
11
0.7522669291338583
21
0.9416932677165354
0
LINE
8
BLACK
6
CONTINUOUS
10
0.7522669291338583
20
0.9416932677165354
11
0.7522314566929134
21
0.9421924015748031
0
LINE
8
BLACK
6
CONTINUOUS
10
0.7522314566929134
20
0.9421924015748031
11
0.7520399606299213
21
0.9426547637795275
0
LINE
8
BLACK
6
CONTINUOUS
10
0.7520399606299213
20
0.9426547637795275
11
0.7520399606299213
21
0.9445309448818897
0
LINE
8
BLACK
6
CONTINUOUS
10
0.7520399606299213
20
0.9445309448818897
11
0.7522314566929134
21
0.9449933070866141
0
LINE
8
BLACK
6
CONTINUOUS
10
0.7522314566929134
20
0.9449933070866141
11
0.752266968503937
21
0.9454924803149606
0
LINE
8
BLACK
6
CONTINUOUS
10
0.752266968503937
20
0.9454924803149606
11
0.7532050393700788
21
0.9473686614173228
0
LINE
8
BLACK
6
CONTINUOUS
10
0.7532050393700788
20
0.9473686614173228
11
0.7534723622047244
21
0.9476004724409448
0
LINE
8
BLACK
6
CONTINUOUS
10
0.7534723622047244
20
0.9476004724409448
11
0.7536077559055118
21
0.9479273622047244
0
LINE
8
BLACK
6
CONTINUOUS
10
0.7536077559055118
20
0.9479273622047244
11
0.7545458267716535
21
0.9488654724409449
0
LINE
8
BLACK
6
CONTINUOUS
10
0.7545458267716535
20
0.9488654724409449
11
0.7548727559055118
21
0.9490008661417323
0
LINE
8
BLACK
6
CONTINUOUS
10
0.7548727559055118
20
0.9490008661417323
11
0.7551046456692914
21
0.9492682677165354
0
LINE
8
BLACK
6
CONTINUOUS
10
0.7551046456692914
20
0.9492682677165354
11
0.756980905511811
21
0.9502063385826771
0
LINE
8
BLACK
6
CONTINUOUS
10
0.756980905511811
20
0.9502063385826771
11
0.7572246062992126
21
0.9502236220472441
0
LINE
8
BLACK
6
CONTINUOUS
10
0.7572246062992126
20
0.9502236220472441
11
0.757420905511811
21
0.950369094488189
0
LINE
8
BLACK
6
CONTINUOUS
10
0.757420905511811
20
0.950369094488189
11
0.7611732283464566
21
0.9513072047244094
0
LINE
8
BLACK
6
CONTINUOUS
10
0.7611732283464566
20
0.9513072047244094
11
0.7614428346456693
21
0.9512670866141733
0
LINE
8
BLACK
6
CONTINUOUS
10
0.7614428346456693
20
0.9512670866141733
11
0.7616947244094489
21
0.9513714173228346
0
LINE
8
BLACK
6
CONTINUOUS
10
0.7616947244094489
20
0.9513714173228346
11
0.7663851968503936
21
0.9513714173228346
0
LINE
8
BLACK
6
CONTINUOUS
10
0.7663851968503936
20
0.9513714173228346
11
0.7666370472440944
21
0.9512670866141733
0
LINE
8
BLACK
6
CONTINUOUS
10
0.7586928346456693
20
0.9462547637795276
11
0.7573396850393701
21
0.9455781889763779
0
LINE
8
BLACK
6
CONTINUOUS
10
0.7573396850393701
20
0.9455781889763779
11
0.7568950393700787
21
0.9451335433070865
0
LINE
8
BLACK
6
CONTINUOUS
10
0.7568950393700787
20
0.9451335433070865
11
0.7563399606299213
21
0.9440233858267716
0
LINE
8
BLACK
6
CONTINUOUS
10
0.7563399606299213
20
0.9440233858267716
11
0.7563399606299213
21
0.9431623228346456
0
LINE
8
BLACK
6
CONTINUOUS
10
0.7563399606299213
20
0.9431623228346456
11
0.7568950787401575
21
0.9420520866141732
0
LINE
8
BLACK
6
CONTINUOUS
10
0.7568950787401575
20
0.9420520866141732
11
0.7573396850393701
21
0.9416074803149606
0
LINE
8
BLACK
6
CONTINUOUS
10
0.7573396850393701
20
0.9416074803149606
11
0.7586926771653543
21
0.9409309448818898
0
LINE
8
BLACK
6
CONTINUOUS
10
0.7586926771653543
20
0.9409309448818898
11
0.7619594488188977
21
0.9401142913385827
0
LINE
8
BLACK
6
CONTINUOUS
10
0.7619594488188977
20
0.9401142913385827
11
0.7661204724409448
21
0.9401142913385827
0
LINE
8
BLACK
6
CONTINUOUS
10
0.7661204724409448
20
0.9401142913385827
11
0.7693872834645669
21
0.9409309842519685
0
LINE
8
BLACK
6
CONTINUOUS
10
0.7693872834645669
20
0.9409309842519685
11
0.7707401968503936
21
0.9416074409448819
0
LINE
8
BLACK
6
CONTINUOUS
10
0.7707401968503936
20
0.9416074409448819
11
0.771184842519685
21
0.9420520866141732
0
LINE
8
BLACK
6
CONTINUOUS
10
0.771184842519685
20
0.9420520866141732
11
0.7717399606299212
21
0.9431622834645669
0
LINE
8
BLACK
6
CONTINUOUS
10
0.7717399606299212
20
0.9431622834645669
11
0.7717399606299212
21
0.9440233858267716
0
LINE
8
BLACK
6
CONTINUOUS
10
0.7717399606299212
20
0.9440233858267716
11
0.771184842519685
21
0.9451335826771653
0
LINE
8
BLACK
6
CONTINUOUS
10
0.771184842519685
20
0.9451335826771653
11
0.7707402362204724
21
0.9455781889763779
0
LINE
8
BLACK
6
CONTINUOUS
10
0.7707402362204724
20
0.9455781889763779
11
0.7693870866141732
21
0.9462547637795276
0
LINE
8
BLACK
6
CONTINUOUS
10
0.7693870866141732
20
0.9462547637795276
11
0.7661205905511811
21
0.9470714173228346
0
LINE
8
BLACK
6
CONTINUOUS
10
0.7661205905511811
20
0.9470714173228346
11
0.7619594881889764
21
0.9470714173228346
0
LINE
8
BLACK
6
CONTINUOUS
10
0.7619594881889764
20
0.9470714173228346
11
0.7586928346456693
21
0.9462547637795276
0
LINE
8
BLACK
6
CONTINUOUS
10
0.2560340551181102
20
0.9582369291338583
11
0.2569721653543307
21
0.9572988188976378
0
LINE
8
BLACK
6
CONTINUOUS
10
0.2569721653543307
20
0.9572988188976378
11
0.2571075590551181
21
0.9569718897637796
0
LINE
8
BLACK
6
CONTINUOUS
10
0.2571075590551181
20
0.9569718897637796
11
0.2573749212598425
21
0.9567400393700787
0
LINE
8
BLACK
6
CONTINUOUS
10
0.2573749212598425
20
0.9567400393700787
11
0.2583129921259842
21
0.9548638582677165
0
LINE
8
BLACK
6
CONTINUOUS
10
0.2583129921259842
20
0.9548638582677165
11
0.2583484251968504
21
0.9543646850393701
0
LINE
8
BLACK
6
CONTINUOUS
10
0.2583484251968504
20
0.9543646850393701
11
0.2585399606299212
21
0.9539023622047244
0
LINE
8
BLACK
6
CONTINUOUS
10
0.2585399606299212
20
0.9539023622047244
11
0.2585399606299212
21
0.948273779527559
0
LINE
8
BLACK
6
CONTINUOUS
10
0.2585399606299212
20
0.948273779527559
11
0.2583484251968504
21
0.9478114173228346
0
LINE
8
BLACK
6
CONTINUOUS
10
0.2583484251968504
20
0.9478114173228346
11
0.2583129921259842
21
0.9473122834645669
0
LINE
8
BLACK
6
CONTINUOUS
10
0.2583129921259842
20
0.9473122834645669
11
0.2573749212598425
21
0.9454361023622047
0
LINE
8
BLACK
6
CONTINUOUS
10
0.2573749212598425
20
0.9454361023622047
11
0.2571075590551181
21
0.9452042125984251
0
LINE
8
BLACK
6
CONTINUOUS
10
0.2571075590551181
20
0.9452042125984251
11
0.2569721653543307
21
0.9448773228346456
0
LINE
8
BLACK
6
CONTINUOUS
10
0.2569721653543307
20
0.9448773228346456
11
0.2560340551181102
21
0.9439392125984252
0
LINE
8
BLACK
6
CONTINUOUS
10
0.2560340551181102
20
0.9439392125984252
11
0.2557071259842519
21
0.943803779527559
0
LINE
8
BLACK
6
CONTINUOUS
10
0.2557071259842519
20
0.943803779527559
11
0.2554752755905512
21
0.9435364566929134
0
LINE
8
BLACK
6
CONTINUOUS
10
0.2554752755905512
20
0.9435364566929134
11
0.253599094488189
21
0.9425983858267716
0
LINE
8
BLACK
6
CONTINUOUS
10
0.253599094488189
20
0.9425983858267716
11
0.2530999212598425
21
0.9425629133858268
0
LINE
8
BLACK
6
CONTINUOUS
10
0.2530999212598425
20
0.9425629133858268
11
0.2526375984251968
21
0.9423714173228346
0
LINE
8
BLACK
6
CONTINUOUS
10
0.2526375984251968
20
0.9423714173228346
11
0.247947125984252
21
0.9423714173228346
0
LINE
8
BLACK
6
CONTINUOUS
10
0.247947125984252
20
0.9423714173228346
11
0.2474847637795276
21
0.9425629133858268
0
LINE
8
BLACK
6
CONTINUOUS
10
0.2474847637795276
20
0.9425629133858268
11
0.2469856692913386
21
0.9425983858267716
0
LINE
8
BLACK
6
CONTINUOUS
10
0.2469856692913386
20
0.9425983858267716
11
0.2451094094488189
21
0.9435364566929134
0
LINE
8
BLACK
6
CONTINUOUS
10
0.2451094094488189
20
0.9435364566929134
11
0.2448775196850394
21
0.9438038188976378
0
LINE
8
BLACK
6
CONTINUOUS
10
0.2448775196850394
20
0.9438038188976378
11
0.2445505905511811
21
0.9439392519685039
0
LINE
8
BLACK
6
CONTINUOUS
10
0.2445505905511811
20
0.9439392519685039
11
0.2436125196850394
21
0.9448773622047244
0
LINE
8
BLACK
6
CONTINUOUS
10
0.2436125196850394
20
0.9448773622047244
11
0.243477125984252
21
0.9452042125984251
0
LINE
8
BLACK
6
CONTINUOUS
10
0.243477125984252
20
0.9452042125984251
11
0.2432098031496063
21
0.945436062992126
0
LINE
8
BLACK
6
CONTINUOUS
10
0.2432098031496063
20
0.945436062992126
11
0.2425373228346457
21
0.9467809842519684
0
LINE
8
BLACK
6
CONTINUOUS
10
0.2425373228346457
20
0.9467809842519684
11
0.2381057480314961
21
0.9429033858267716
0
LINE
8
BLACK
6
CONTINUOUS
10
0.2381057480314961
20
0.9429033858267716
11
0.2373890551181102
21
0.9426609842519685
0
LINE
8
BLACK
6
CONTINUOUS
10
0.2373890551181102
20
0.9426609842519685
11
0.2366899606299213
21
0.9423714173228346
0
LINE
8
BLACK
6
CONTINUOUS
10
0.2366899606299213
20
0.9423714173228346
11
0.2366193307086614
21
0.9424006692913386
0
LINE
8
BLACK
6
CONTINUOUS
10
0.2366193307086614
20
0.9424006692913386
11
0.2365469291338583
21
0.9423761811023622
0
LINE
8
BLACK
6
CONTINUOUS
10
0.2365469291338583
20
0.9423761811023622
11
0.2358686220472441
21
0.9427116141732284
0
LINE
8
BLACK
6
CONTINUOUS
10
0.2358686220472441
20
0.9427116141732284
11
0.2351696850393701
21
0.9430011417322834
0
LINE
8
BLACK
6
CONTINUOUS
10
0.2351696850393701
20
0.9430011417322834
11
0.2351404330708661
21
0.9430717322834645
0
LINE
8
BLACK
6
CONTINUOUS
10
0.2351404330708661
20
0.9430717322834645
11
0.2350719291338583
21
0.9431056299212598
0
LINE
8
BLACK
6
CONTINUOUS
10
0.2350719291338583
20
0.9431056299212598
11
0.2348295275590551
21
0.9438222834645669
0
LINE
8
BLACK
6
CONTINUOUS
10
0.2348295275590551
20
0.9438222834645669
11
0.2345399606299212
21
0.9445214173228347
0
LINE
8
BLACK
6
CONTINUOUS
10
0.2345399606299212
20
0.9445214173228347
11
0.2345399606299212
21
0.956716653543307
0
LINE
8
BLACK
6
CONTINUOUS
10
0.2345399606299212
20
0.956716653543307
11
0.2351696850393701
21
0.9582369291338583
0
LINE
8
BLACK
6
CONTINUOUS
10
0.2351696850393701
20
0.9582369291338583
11
0.2366899606299213
21
0.958866653543307
0
LINE
8
BLACK
6
CONTINUOUS
10
0.2366899606299213
20
0.958866653543307
11
0.2382102362204724
21
0.9582369291338583
0
LINE
8
BLACK
6
CONTINUOUS
10
0.2382102362204724
20
0.9582369291338583
11
0.2388399606299212
21
0.956716653543307
0
LINE
8
BLACK
6
CONTINUOUS
10
0.2388399606299212
20
0.956716653543307
11
0.2388399606299212
21
0.9492594881889763
0
LINE
8
BLACK
6
CONTINUOUS
10
0.2388399606299212
20
0.9492594881889763
11
0.242778937007874
21
0.9527061023622047
0
LINE
8
BLACK
6
CONTINUOUS
10
0.242778937007874
20
0.9527061023622047
11
0.2434955905511811
21
0.9529484645669292
0
LINE
8
BLACK
6
CONTINUOUS
10
0.2434955905511811
20
0.9529484645669292
11
0.2441947244094488
21
0.9532380708661418
0
LINE
8
BLACK
6
CONTINUOUS
10
0.2441947244094488
20
0.9532380708661418
11
0.2442653149606299
21
0.953208779527559
0
LINE
8
BLACK
6
CONTINUOUS
10
0.2442653149606299
20
0.953208779527559
11
0.2443377559055118
21
0.9532333070866141
0
LINE
8
BLACK
6
CONTINUOUS
10
0.2443377559055118
20
0.9532333070866141
11
0.2450160236220472
21
0.9528978346456692
0
LINE
8
BLACK
6
CONTINUOUS
10
0.2450160236220472
20
0.9528978346456692
11
0.245715
21
0.9526083464566929
0
LINE
8
BLACK
6
CONTINUOUS
10
0.245715
20
0.9526083464566929
11
0.2457442125984252
21
0.9525377165354331
0
LINE
8
BLACK
6
CONTINUOUS
10
0.2457442125984252
20
0.9525377165354331
11
0.2458127559055118
21
0.9525038582677166
0
LINE
8
BLACK
6
CONTINUOUS
10
0.2458127559055118
20
0.9525038582677166
11
0.2460551181102362
21
0.9517871653543307
0
LINE
8
BLACK
6
CONTINUOUS
10
0.2460551181102362
20
0.9517871653543307
11
0.2463447244094488
21
0.9510880708661417
0
LINE
8
BLACK
6
CONTINUOUS
10
0.2463447244094488
20
0.9510880708661417
11
0.2463447244094488
21
0.9487812992125984
0
LINE
8
BLACK
6
CONTINUOUS
10
0.2463447244094488
20
0.9487812992125984
11
0.2468998031496063
21
0.9476711417322834
0
LINE
8
BLACK
6
CONTINUOUS
10
0.2468998031496063
20
0.9476711417322834
11
0.2473444488188976
21
0.9472264960629921
0
LINE
8
BLACK
6
CONTINUOUS
10
0.2473444488188976
20
0.9472264960629921
11
0.2484546850393701
21
0.9466714173228347
0
LINE
8
BLACK
6
CONTINUOUS
10
0.2484546850393701
20
0.9466714173228347
11
0.2521300393700787
21
0.9466714173228347
0
LINE
8
BLACK
6
CONTINUOUS
10
0.2521300393700787
20
0.9466714173228347
11
0.2532402362204724
21
0.9472264960629921
0
LINE
8
BLACK
6
CONTINUOUS
10
0.2532402362204724
20
0.9472264960629921
11
0.253684842519685
21
0.9476711023622048
0
LINE
8
BLACK
6
CONTINUOUS
10
0.253684842519685
20
0.9476711023622048
11
0.2542399606299213
21
0.9487812992125984
0
LINE
8
BLACK
6
CONTINUOUS
10
0.2542399606299213
20
0.9487812992125984
11
0.2542399606299213
21
0.9533948031496062
0
LINE
8
BLACK
6
CONTINUOUS
10
0.2542399606299213
20
0.9533948031496062
11
0.253684842519685
21
0.9545049999999999
0
LINE
8
BLACK
6
CONTINUOUS
10
0.253684842519685
20
0.9545049999999999
11
0.2529935039370079
21
0.9551963779527559
0
LINE
8
BLACK
6
CONTINUOUS
10
0.2529935039370079
20
0.9551963779527559
11
0.2523637795275591
21
0.956716653543307
0
LINE
8
BLACK
6
CONTINUOUS
10
0.2523637795275591
20
0.956716653543307
11
0.2529935039370079
21
0.9582369291338583
0
LINE
8
BLACK
6
CONTINUOUS
10
0.2529935039370079
20
0.9582369291338583
11
0.254513779527559
21
0.958866653543307
0
LINE
8
BLACK
6
CONTINUOUS
10
0.254513779527559
20
0.958866653543307
11
0.2560340551181102
21
0.9582369291338583
0
LINE
8
BLACK
6
CONTINUOUS
10
0.8666370472440945
20
0.9606480314960629
11
0.8669066535433071
21
0.9606881496062992
0
LINE
8
BLACK
6
CONTINUOUS
10
0.8669066535433071
20
0.9606881496062992
11
0.8706590551181103
21
0.9597500787401575
0
LINE
8
BLACK
6
CONTINUOUS
10
0.8706590551181103
20
0.9597500787401575
11
0.8708553937007874
21
0.9596045669291339
0
LINE
8
BLACK
6
CONTINUOUS
10
0.8708553937007874
20
0.9596045669291339
11
0.871099094488189
21
0.9595872834645669
0
LINE
8
BLACK
6
CONTINUOUS
10
0.871099094488189
20
0.9595872834645669
11
0.8729752755905512
21
0.9586492125984252
0
LINE
8
BLACK
6
CONTINUOUS
10
0.8729752755905512
20
0.9586492125984252
11
0.873207125984252
21
0.9583818503937007
0
LINE
8
BLACK
6
CONTINUOUS
10
0.873207125984252
20
0.9583818503937007
11
0.8735340551181102
21
0.9582464566929134
0
LINE
8
BLACK
6
CONTINUOUS
10
0.8735340551181102
20
0.9582464566929134
11
0.8744721653543307
21
0.9573083464566929
0
LINE
8
BLACK
6
CONTINUOUS
10
0.8744721653543307
20
0.9573083464566929
11
0.8746075590551181
21
0.9569814173228346
0
LINE
8
BLACK
6
CONTINUOUS
10
0.8746075590551181
20
0.9569814173228346
11
0.8748749212598425
21
0.9567495669291338
0
LINE
8
BLACK
6
CONTINUOUS
10
0.8748749212598425
20
0.9567495669291338
11
0.8758129921259842
21
0.9548733858267716
0
LINE
8
BLACK
6
CONTINUOUS
10
0.8758129921259842
20
0.9548733858267716
11
0.8758484251968504
21
0.9543742125984251
0
LINE
8
BLACK
6
CONTINUOUS
10
0.8758484251968504
20
0.9543742125984251
11
0.8760399606299213
21
0.9539118897637795
0
LINE
8
BLACK
6
CONTINUOUS
10
0.8760399606299213
20
0.9539118897637795
11
0.8760399606299213
21
0.9520357086614173
0
LINE
8
BLACK
6
CONTINUOUS
10
0.8760399606299213
20
0.9520357086614173
11
0.8758484251968504
21
0.9515733464566929
0
LINE
8
BLACK
6
CONTINUOUS
10
0.8758484251968504
20
0.9515733464566929
11
0.8758129921259842
21
0.9510742519685039
0
LINE
8
BLACK
6
CONTINUOUS
10
0.8758129921259842
20
0.9510742519685039
11
0.8748749212598425
21
0.9491979921259842
0
LINE
8
BLACK
6
CONTINUOUS
10
0.8748749212598425
20
0.9491979921259842
11
0.8746075196850394
21
0.9489661023622047
0
LINE
8
BLACK
6
CONTINUOUS
10
0.8746075196850394
20
0.9489661023622047
11
0.8744721259842519
21
0.9486391732283465
0
LINE
8
BLACK
6
CONTINUOUS
10
0.8744721259842519
20
0.9486391732283465
11
0.8735340157480315
21
0.9477011023622047
0
LINE
8
BLACK
6
CONTINUOUS
10
0.8735340157480315
20
0.9477011023622047
11
0.873207125984252
21
0.9475657086614173
0
LINE
8
BLACK
6
CONTINUOUS
10
0.873207125984252
20
0.9475657086614173
11
0.8729753149606299
21
0.9472983858267716
0
LINE
8
BLACK
6
CONTINUOUS
10
0.8729753149606299
20
0.9472983858267716
11
0.8710991338582676
21
0.9463603149606299
0
LINE
8
BLACK
6
CONTINUOUS
10
0.8710991338582676
20
0.9463603149606299
11
0.8708553937007874
21
0.9463429527559055
0
LINE
8
BLACK
6
CONTINUOUS
10
0.8708553937007874
20
0.9463429527559055
11
0.8706590157480315
21
0.9461974803149606
0
LINE
8
BLACK
6
CONTINUOUS
10
0.8706590157480315
20
0.9461974803149606
11
0.8669066141732283
21
0.9452594094488189
0
LINE
8
BLACK
6
CONTINUOUS
10
0.8669066141732283
20
0.9452594094488189
11
0.866636968503937
21
0.9452995275590551
0
LINE
8
BLACK
6
CONTINUOUS
10
0.866636968503937
20
0.9452995275590551
11
0.8663851968503937
21
0.9451952362204724
0
LINE
8
BLACK
6
CONTINUOUS
10
0.8663851968503937
20
0.9451952362204724
11
0.8616947244094488
21
0.9451952362204724
0
LINE
8
BLACK
6
CONTINUOUS
10
0.8616947244094488
20
0.9451952362204724
11
0.861442874015748
21
0.9452995275590551
0
LINE
8
BLACK
6
CONTINUOUS
10
0.861442874015748
20
0.9452995275590551
11
0.8611732677165355
21
0.9452594094488189
0
LINE
8
BLACK
6
CONTINUOUS
10
0.8611732677165355
20
0.9452594094488189
11
0.857420905511811
21
0.9461974803149606
0
LINE
8
BLACK
6
CONTINUOUS
10
0.857420905511811
20
0.9461974803149606
11
0.8572245275590551
21
0.9463429527559055
0
LINE
8
BLACK
6
CONTINUOUS
10
0.8572245275590551
20
0.9463429527559055
11
0.8569808661417323
21
0.9463602755905511
0
LINE
8
BLACK
6
CONTINUOUS
10
0.8569808661417323
20
0.9463602755905511
11
0.8551046456692913
21
0.9472983858267716
0
LINE
8
BLACK
6
CONTINUOUS
10
0.8551046456692913
20
0.9472983858267716
11
0.8548727559055118
21
0.9475657086614173
0
LINE
8
BLACK
6
CONTINUOUS
10
0.8548727559055118
20
0.9475657086614173
11
0.8545458661417322
21
0.9477011417322835
0
LINE
8
BLACK
6
CONTINUOUS
10
0.8545458661417322
20
0.9477011417322835
11
0.8536077952755905
21
0.9486392125984252
0
LINE
8
BLACK
6
CONTINUOUS
10
0.8536077952755905
20
0.9486392125984252
11
0.8534723622047244
21
0.9489661023622047
0
LINE
8
BLACK
6
CONTINUOUS
10
0.8534723622047244
20
0.9489661023622047
11
0.8532050393700787
21
0.9491979921259842
0
LINE
8
BLACK
6
CONTINUOUS
10
0.8532050393700787
20
0.9491979921259842
11
0.8522669291338583
21
0.9510742125984252
0
LINE
8
BLACK
6
CONTINUOUS
10
0.8522669291338583
20
0.9510742125984252
11
0.8522314566929133
21
0.9515733464566929
0
LINE
8
BLACK
6
CONTINUOUS
10
0.8522314566929133
20
0.9515733464566929
11
0.8520399606299213
21
0.9520357086614173
0
LINE
8
BLACK
6
CONTINUOUS
10
0.8520399606299213
20
0.9520357086614173
11
0.8520399606299213
21
0.9539118897637795
0
LINE
8
BLACK
6
CONTINUOUS
10
0.8520399606299213
20
0.9539118897637795
11
0.8522314566929133
21
0.9543742519685039
0
LINE
8
BLACK
6
CONTINUOUS
10
0.8522314566929133
20
0.9543742519685039
11
0.852266968503937
21
0.9548734251968504
0
LINE
8
BLACK
6
CONTINUOUS
10
0.852266968503937
20
0.9548734251968504
11
0.8532050393700787
21
0.9567496062992126
0
LINE
8
BLACK
6
CONTINUOUS
10
0.8532050393700787
20
0.9567496062992126
11
0.8534723622047244
21
0.9569814173228346
0
LINE
8
BLACK
6
CONTINUOUS
10
0.8534723622047244
20
0.9569814173228346
11
0.8536077559055117
21
0.9573083070866142
0
LINE
8
BLACK
6
CONTINUOUS
10
0.8536077559055117
20
0.9573083070866142
11
0.8545458267716535
21
0.9582464173228347
0
LINE
8
BLACK
6
CONTINUOUS
10
0.8545458267716535
20
0.9582464173228347
11
0.8548727559055118
21
0.9583818110236221
0
LINE
8
BLACK
6
CONTINUOUS
10
0.8548727559055118
20
0.9583818110236221
11
0.8551046456692913
21
0.9586492125984252
0
LINE
8
BLACK
6
CONTINUOUS
10
0.8551046456692913
20
0.9586492125984252
11
0.8569809055118111
21
0.9595872834645669
0
LINE
8
BLACK
6
CONTINUOUS
10
0.8569809055118111
20
0.9595872834645669
11
0.8572246062992126
21
0.9596045669291339
0
LINE
8
BLACK
6
CONTINUOUS
10
0.8572246062992126
20
0.9596045669291339
11
0.857420905511811
21
0.9597500393700787
0
LINE
8
BLACK
6
CONTINUOUS
10
0.857420905511811
20
0.9597500393700787
11
0.8611732283464567
21
0.9606881496062992
0
LINE
8
BLACK
6
CONTINUOUS
10
0.8611732283464567
20
0.9606881496062992
11
0.8614428346456693
21
0.9606480314960629
0
LINE
8
BLACK
6
CONTINUOUS
10
0.8614428346456693
20
0.9606480314960629
11
0.8616947244094488
21
0.9607523622047244
0
LINE
8
BLACK
6
CONTINUOUS
10
0.8616947244094488
20
0.9607523622047244
11
0.8663851968503937
21
0.9607523622047244
0
LINE
8
BLACK
6
CONTINUOUS
10
0.8663851968503937
20
0.9607523622047244
11
0.8666370472440945
21
0.9606480314960629
0
LINE
8
BLACK
6
CONTINUOUS
10
0.8586928346456693
20
0.9556357086614173
11
0.8573396850393701
21
0.9549591338582677
0
LINE
8
BLACK
6
CONTINUOUS
10
0.8573396850393701
20
0.9549591338582677
11
0.8568950393700787
21
0.9545144881889763
0
LINE
8
BLACK
6
CONTINUOUS
10
0.8568950393700787
20
0.9545144881889763
11
0.8563399606299212
21
0.9534043307086614
0
LINE
8
BLACK
6
CONTINUOUS
10
0.8563399606299212
20
0.9534043307086614
11
0.8563399606299212
21
0.9525432677165354
0
LINE
8
BLACK
6
CONTINUOUS
10
0.8563399606299212
20
0.9525432677165354
11
0.8568950787401575
21
0.951433031496063
0
LINE
8
BLACK
6
CONTINUOUS
10
0.8568950787401575
20
0.951433031496063
11
0.8573396850393701
21
0.9509884251968503
0
LINE
8
BLACK
6
CONTINUOUS
10
0.8573396850393701
20
0.9509884251968503
11
0.8586926771653544
21
0.9503118897637796
0
LINE
8
BLACK
6
CONTINUOUS
10
0.8586926771653544
20
0.9503118897637796
11
0.8619594488188976
21
0.9494952362204724
0
LINE
8
BLACK
6
CONTINUOUS
10
0.8619594488188976
20
0.9494952362204724
11
0.8661204724409448
21
0.9494952362204724
0
LINE
8
BLACK
6
CONTINUOUS
10
0.8661204724409448
20
0.9494952362204724
11
0.869387283464567
21
0.9503119291338582
0
LINE
8
BLACK
6
CONTINUOUS
10
0.869387283464567
20
0.9503119291338582
11
0.8707401968503937
21
0.9509883858267716
0
LINE
8
BLACK
6
CONTINUOUS
10
0.8707401968503937
20
0.9509883858267716
11
0.871184842519685
21
0.951433031496063
0
LINE
8
BLACK
6
CONTINUOUS
10
0.871184842519685
20
0.951433031496063
11
0.8717399606299212
21
0.9525432283464567
0
LINE
8
BLACK
6
CONTINUOUS
10
0.8717399606299212
20
0.9525432283464567
11
0.8717399606299212
21
0.9534043307086614
0
LINE
8
BLACK
6
CONTINUOUS
10
0.8717399606299212
20
0.9534043307086614
11
0.871184842519685
21
0.9545145275590551
0
LINE
8
BLACK
6
CONTINUOUS
10
0.871184842519685
20
0.9545145275590551
11
0.8707402362204725
21
0.9549591338582677
0
LINE
8
BLACK
6
CONTINUOUS
10
0.8707402362204725
20
0.9549591338582677
11
0.8693870866141732
21
0.9556357086614173
0
LINE
8
BLACK
6
CONTINUOUS
10
0.8693870866141732
20
0.9556357086614173
11
0.8661205905511811
21
0.9564523622047244
0
LINE
8
BLACK
6
CONTINUOUS
10
0.8661205905511811
20
0.9564523622047244
11
0.8619594881889764
21
0.9564523622047244
0
LINE
8
BLACK
6
CONTINUOUS
10
0.8619594881889764
20
0.9564523622047244
11
0.8586928346456693
21
0.9556357086614173
0
LINE
8
BLACK
6
CONTINUOUS
10
0.2854102362204725
20
0.9616797637795276
11
0.2860399606299213
21
0.9601594881889763
0
LINE
8
BLACK
6
CONTINUOUS
10
0.2860399606299213
20
0.9601594881889763
11
0.2854102362204725
21
0.9586392125984252
0
LINE
8
BLACK
6
CONTINUOUS
10
0.2854102362204725
20
0.9586392125984252
11
0.2838899606299213
21
0.9580094881889764
0
LINE
8
BLACK
6
CONTINUOUS
10
0.2838899606299213
20
0.9580094881889764
11
0.2763376771653543
21
0.9580094881889764
0
LINE
8
BLACK
6
CONTINUOUS
10
0.2763376771653543
20
0.9580094881889764
11
0.2759060236220472
21
0.9575778346456693
0
LINE
8
BLACK
6
CONTINUOUS
10
0.2759060236220472
20
0.9575778346456693
11
0.2851799606299212
21
0.9506223622047244
0
LINE
8
BLACK
6
CONTINUOUS
10
0.2851799606299212
20
0.9506223622047244
11
0.2860183464566929
21
0.9492064173228346
0
LINE
8
BLACK
6
CONTINUOUS
10
0.2860183464566929
20
0.9492064173228346
11
0.2856099606299213
21
0.9476123622047243
0
LINE
8
BLACK
6
CONTINUOUS
10
0.2856099606299213
20
0.9476123622047243
11
0.2841940157480315
21
0.9467739763779527
0
LINE
8
BLACK
6
CONTINUOUS
10
0.2841940157480315
20
0.9467739763779527
11
0.2825999606299213
21
0.9471823622047244
0
LINE
8
BLACK
6
CONTINUOUS
10
0.2825999606299213
20
0.9471823622047244
11
0.2728345669291338
21
0.9545063779527558
0
LINE
8
BLACK
6
CONTINUOUS
10
0.2728345669291338
20
0.9545063779527558
11
0.2657102362204725
21
0.9473820866141732
0
LINE
8
BLACK
6
CONTINUOUS
10
0.2657102362204725
20
0.9473820866141732
11
0.2641899606299212
21
0.9467523622047244
0
LINE
8
BLACK
6
CONTINUOUS
10
0.2641899606299212
20
0.9467523622047244
11
0.26266968503937
21
0.9473820866141732
0
LINE
8
BLACK
6
CONTINUOUS
10
0.26266968503937
20
0.9473820866141732
11
0.2620399606299212
21
0.9489023622047243
0
LINE
8
BLACK
6
CONTINUOUS
10
0.2620399606299212
20
0.9489023622047243
11
0.26266968503937
21
0.9504226377952756
0
LINE
8
BLACK
6
CONTINUOUS
10
0.26266968503937
20
0.9504226377952756
11
0.2702565748031496
21
0.9580094881889764
0
LINE
8
BLACK
6
CONTINUOUS
10
0.2702565748031496
20
0.9580094881889764
11
0.2641899606299212
21
0.9580094881889764
0
LINE
8
BLACK
6
CONTINUOUS
10
0.2641899606299212
20
0.9580094881889764
11
0.26266968503937
21
0.9586392125984252
0
LINE
8
BLACK
6
CONTINUOUS
10
0.26266968503937
20
0.9586392125984252
11
0.2620399606299212
21
0.9601594881889763
0
LINE
8
BLACK
6
CONTINUOUS
10
0.2620399606299212
20
0.9601594881889763
11
0.26266968503937
21
0.9616797637795276
0
LINE
8
BLACK
6
CONTINUOUS
10
0.26266968503937
20
0.9616797637795276
11
0.2641899606299212
21
0.9623094881889763
0
LINE
8
BLACK
6
CONTINUOUS
10
0.2641899606299212
20
0.9623094881889763
11
0.2838899606299213
21
0.9623094881889763
0
LINE
8
BLACK
6
CONTINUOUS
10
0.2838899606299213
20
0.9623094881889763
11
0.2854102362204725
21
0.9616797637795276
0
LINE
8
BLACK
6
CONTINUOUS
10
0.6747225590551181
20
1.0801263385826771
11
0.6754133858267717
21
1.0782283464566929
0
LINE
8
BLACK
6
CONTINUOUS
10
0.6754133858267717
20
1.0782283464566929
11
0.6754133858267717
21
0.9532283464566929
0
LINE
8
BLACK
6
CONTINUOUS
10
0.6754133858267717
20
0.9532283464566929
11
0.6752353149606299
21
0.9522184251968504
0
LINE
8
BLACK
6
CONTINUOUS
10
0.6752353149606299
20
0.9522184251968504
11
0.6739370078740158
21
0.9506711811023622
0
LINE
8
BLACK
6
CONTINUOUS
10
0.6739370078740158
20
0.9506711811023622
11
0.6719478740157481
21
0.9503204330708661
0
LINE
8
BLACK
6
CONTINUOUS
10
0.6719478740157481
20
0.9503204330708661
11
0.6701987007874015
21
0.9513303543307087
0
LINE
8
BLACK
6
CONTINUOUS
10
0.6701987007874015
20
0.9513303543307087
11
0.669507874015748
21
0.9532283464566929
0
LINE
8
BLACK
6
CONTINUOUS
10
0.669507874015748
20
0.9532283464566929
11
0.669507874015748
21
1.0782283464566929
0
LINE
8
BLACK
6
CONTINUOUS
10
0.669507874015748
20
1.0782283464566929
11
0.6696859448818897
21
1.0792382677165353
0
LINE
8
BLACK
6
CONTINUOUS
10
0.6696859448818897
20
1.0792382677165353
11
0.670984251968504
21
1.0807855118110237
0
LINE
8
BLACK
6
CONTINUOUS
10
0.670984251968504
20
1.0807855118110237
11
0.6729733858267717
21
1.0811362598425196
0
LINE
8
BLACK
6
CONTINUOUS
10
0.6729733858267717
20
1.0811362598425196
11
0.6747225590551181
21
1.0801263385826771
0
LINE
8
BLACK
6
CONTINUOUS
10
0.7381989763779527
20
0.9675242125984251
11
0.7384685826771653
21
0.9675643307086614
0
LINE
8
BLACK
6
CONTINUOUS
10
0.7384685826771653
20
0.9675643307086614
11
0.7422209448818897
21
0.9666262598425197
0
LINE
8
BLACK
6
CONTINUOUS
10
0.7422209448818897
20
0.9666262598425197
11
0.7424172440944882
21
0.9664807480314961
0
LINE
8
BLACK
6
CONTINUOUS
10
0.7424172440944882
20
0.9664807480314961
11
0.7426609842519685
21
0.9664634645669291
0
LINE
8
BLACK
6
CONTINUOUS
10
0.7426609842519685
20
0.9664634645669291
11
0.7445371653543307
21
0.9655253937007874
0
LINE
8
BLACK
6
CONTINUOUS
10
0.7445371653543307
20
0.9655253937007874
11
0.7447689763779527
21
0.9652580708661417
0
LINE
8
BLACK
6
CONTINUOUS
10
0.7447689763779527
20
0.9652580708661417
11
0.7450959448818898
21
0.9651226771653543
0
LINE
8
BLACK
6
CONTINUOUS
10
0.7450959448818898
20
0.9651226771653543
11
0.7469721653543306
21
0.9632464960629921
0
LINE
8
BLACK
6
CONTINUOUS
10
0.7469721653543306
20
0.9632464960629921
11
0.7471636614173228
21
0.9627840944881889
0
LINE
8
BLACK
6
CONTINUOUS
10
0.7471636614173228
20
0.9627840944881889
11
0.7474915748031495
21
0.9624060629921259
0
LINE
8
BLACK
6
CONTINUOUS
10
0.7474915748031495
20
0.9624060629921259
11
0.7484296456692914
21
0.9595917716535433
0
LINE
8
BLACK
6
CONTINUOUS
10
0.7484296456692914
20
0.9595917716535433
11
0.7484045275590551
21
0.959238779527559
0
LINE
8
BLACK
6
CONTINUOUS
10
0.7484045275590551
20
0.959238779527559
11
0.7485399606299212
21
0.9589118897637795
0
LINE
8
BLACK
6
CONTINUOUS
10
0.7485399606299212
20
0.9589118897637795
11
0.7485399606299212
21
0.9570356692913385
0
LINE
8
BLACK
6
CONTINUOUS
10
0.7485399606299212
20
0.9570356692913385
11
0.7484045275590551
21
0.9567087795275591
0
LINE
8
BLACK
6
CONTINUOUS
10
0.7484045275590551
20
0.9567087795275591
11
0.7484296456692914
21
0.9563557874015748
0
LINE
8
BLACK
6
CONTINUOUS
10
0.7484296456692914
20
0.9563557874015748
11
0.7474915748031495
21
0.9535415354330709
0
LINE
8
BLACK
6
CONTINUOUS
10
0.7474915748031495
20
0.9535415354330709
11
0.7471636614173228
21
0.9531634645669291
0
LINE
8
BLACK
6
CONTINUOUS
10
0.7471636614173228
20
0.9531634645669291
11
0.7469721653543306
21
0.9527011417322835
0
LINE
8
BLACK
6
CONTINUOUS
10
0.7469721653543306
20
0.9527011417322835
11
0.7460340551181103
21
0.951763031496063
0
LINE
8
BLACK
6
CONTINUOUS
10
0.7460340551181103
20
0.951763031496063
11
0.744513779527559
21
0.9511333070866141
0
LINE
8
BLACK
6
CONTINUOUS
10
0.744513779527559
20
0.9511333070866141
11
0.7429935039370078
21
0.951763031496063
0
LINE
8
BLACK
6
CONTINUOUS
10
0.7429935039370078
20
0.951763031496063
11
0.7423637795275591
21
0.9532833070866141
0
LINE
8
BLACK
6
CONTINUOUS
10
0.7423637795275591
20
0.9532833070866141
11
0.7429935039370078
21
0.9548035826771654
0
LINE
8
BLACK
6
CONTINUOUS
10
0.7429935039370078
20
0.9548035826771654
11
0.7435726771653544
21
0.9553827559055118
0
LINE
8
BLACK
6
CONTINUOUS
10
0.7435726771653544
20
0.9553827559055118
11
0.7442399606299213
21
0.9573845669291339
0
LINE
8
BLACK
6
CONTINUOUS
10
0.7442399606299213
20
0.9573845669291339
11
0.7442399606299213
21
0.9585629921259843
0
LINE
8
BLACK
6
CONTINUOUS
10
0.7442399606299213
20
0.9585629921259843
11
0.7435726771653544
21
0.9605648031496062
0
LINE
8
BLACK
6
CONTINUOUS
10
0.7435726771653544
20
0.9605648031496062
11
0.7423020472440944
21
0.9618353543307087
0
LINE
8
BLACK
6
CONTINUOUS
10
0.7423020472440944
20
0.9618353543307087
11
0.7409490157480315
21
0.9625118897637795
0
LINE
8
BLACK
6
CONTINUOUS
10
0.7409490157480315
20
0.9625118897637795
11
0.7376825196850394
21
0.9633285433070866
0
LINE
8
BLACK
6
CONTINUOUS
10
0.7376825196850394
20
0.9633285433070866
11
0.7353975984251968
21
0.9633285433070866
0
LINE
8
BLACK
6
CONTINUOUS
10
0.7353975984251968
20
0.9633285433070866
11
0.732130905511811
21
0.9625118897637795
0
LINE
8
BLACK
6
CONTINUOUS
10
0.732130905511811
20
0.9625118897637795
11
0.7307777559055118
21
0.9618353149606299
0
LINE
8
BLACK
6
CONTINUOUS
10
0.7307777559055118
20
0.9618353149606299
11
0.7295072440944882
21
0.9605648031496062
0
LINE
8
BLACK
6
CONTINUOUS
10
0.7295072440944882
20
0.9605648031496062
11
0.7288399606299213
21
0.9585629133858268
0
LINE
8
BLACK
6
CONTINUOUS
10
0.7288399606299213
20
0.9585629133858268
11
0.7288399606299213
21
0.9573845275590551
0
LINE
8
BLACK
6
CONTINUOUS
10
0.7288399606299213
20
0.9573845275590551
11
0.7295072047244094
21
0.9553827952755906
0
LINE
8
BLACK
6
CONTINUOUS
10
0.7295072047244094
20
0.9553827952755906
11
0.7300864566929134
21
0.9548035433070866
0
LINE
8
BLACK
6
CONTINUOUS
10
0.7300864566929134
20
0.9548035433070866
11
0.7307161417322835
21
0.9532832677165354
0
LINE
8
BLACK
6
CONTINUOUS
10
0.7307161417322835
20
0.9532832677165354
11
0.7300863779527559
21
0.9517629921259843
0
LINE
8
BLACK
6
CONTINUOUS
10
0.7300863779527559
20
0.9517629921259843
11
0.7285661023622048
21
0.9511333070866141
0
LINE
8
BLACK
6
CONTINUOUS
10
0.7285661023622048
20
0.9511333070866141
11
0.7270458267716535
21
0.9517630708661418
0
LINE
8
BLACK
6
CONTINUOUS
10
0.7270458267716535
20
0.9517630708661418
11
0.7261077559055118
21
0.9527011811023622
0
LINE
8
BLACK
6
CONTINUOUS
10
0.7261077559055118
20
0.9527011811023622
11
0.7259162598425196
21
0.9531634645669291
0
LINE
8
BLACK
6
CONTINUOUS
10
0.7259162598425196
20
0.9531634645669291
11
0.7255884251968504
21
0.9535414960629921
0
LINE
8
BLACK
6
CONTINUOUS
10
0.7255884251968504
20
0.9535414960629921
11
0.7246503149606299
21
0.956355748031496
0
LINE
8
BLACK
6
CONTINUOUS
10
0.7246503149606299
20
0.956355748031496
11
0.7246753543307086
21
0.9567087007874016
0
LINE
8
BLACK
6
CONTINUOUS
10
0.7246753543307086
20
0.9567087007874016
11
0.7245399606299212
21
0.9570356692913385
0
LINE
8
BLACK
6
CONTINUOUS
10
0.7245399606299212
20
0.9570356692913385
11
0.7245399606299212
21
0.9589118897637795
0
LINE
8
BLACK
6
CONTINUOUS
10
0.7245399606299212
20
0.9589118897637795
11
0.7246753543307086
21
0.9592387401574803
0
LINE
8
BLACK
6
CONTINUOUS
10
0.7246753543307086
20
0.9592387401574803
11
0.7246502755905512
21
0.9595917716535433
0
LINE
8
BLACK
6
CONTINUOUS
10
0.7246502755905512
20
0.9595917716535433
11
0.7255884251968504
21
0.9624061023622047
0
LINE
8
BLACK
6
CONTINUOUS
10
0.7255884251968504
20
0.9624061023622047
11
0.7259162598425196
21
0.9627841338582677
0
LINE
8
BLACK
6
CONTINUOUS
10
0.7259162598425196
20
0.9627841338582677
11
0.7261077952755906
21
0.9632464566929133
0
LINE
8
BLACK
6
CONTINUOUS
10
0.7261077952755906
20
0.9632464566929133
11
0.7279839763779528
21
0.9651226377952755
0
LINE
8
BLACK
6
CONTINUOUS
10
0.7279839763779528
20
0.9651226377952755
11
0.7283108661417322
21
0.9652580314960629
0
LINE
8
BLACK
6
CONTINUOUS
10
0.7283108661417322
20
0.9652580314960629
11
0.7285427559055118
21
0.9655253937007874
0
LINE
8
BLACK
6
CONTINUOUS
10
0.7285427559055118
20
0.9655253937007874
11
0.730418937007874
21
0.9664634645669291
0
LINE
8
BLACK
6
CONTINUOUS
10
0.730418937007874
20
0.9664634645669291
11
0.7306626771653543
21
0.9664807480314961
0
LINE
8
BLACK
6
CONTINUOUS
10
0.7306626771653543
20
0.9664807480314961
11
0.7308589763779527
21
0.966626220472441
0
LINE
8
BLACK
6
CONTINUOUS
10
0.7308589763779527
20
0.966626220472441
11
0.7346113779527559
21
0.9675643307086614
0
LINE
8
BLACK
6
CONTINUOUS
10
0.7346113779527559
20
0.9675643307086614
11
0.7348809448818897
21
0.9675242125984251
0
LINE
8
BLACK
6
CONTINUOUS
10
0.7348809448818897
20
0.9675242125984251
11
0.7351328346456693
21
0.9676285433070866
0
LINE
8
BLACK
6
CONTINUOUS
10
0.7351328346456693
20
0.9676285433070866
11
0.7379471259842519
21
0.9676285433070866
0
LINE
8
BLACK
6
CONTINUOUS
10
0.7379471259842519
20
0.9676285433070866
11
0.7381989763779527
21
0.9675242125984251
0
LINE
8
BLACK
6
CONTINUOUS
10
0.8381989763779527
20
0.9675242125984251
11
0.8384685826771653
21
0.9675643307086614
0
LINE
8
BLACK
6
CONTINUOUS
10
0.8384685826771653
20
0.9675643307086614
11
0.8422209448818897
21
0.9666262598425197
0
LINE
8
BLACK
6
CONTINUOUS
10
0.8422209448818897
20
0.9666262598425197
11
0.8424172440944881
21
0.9664807480314961
0
LINE
8
BLACK
6
CONTINUOUS
10
0.8424172440944881
20
0.9664807480314961
11
0.8426609842519684
21
0.9664634645669291
0
LINE
8
BLACK
6
CONTINUOUS
10
0.8426609842519684
20
0.9664634645669291
11
0.8445371653543307
21
0.9655253937007874
0
LINE
8
BLACK
6
CONTINUOUS
10
0.8445371653543307
20
0.9655253937007874
11
0.8447689763779528
21
0.9652580708661417
0
LINE
8
BLACK
6
CONTINUOUS
10
0.8447689763779528
20
0.9652580708661417
11
0.8450959448818898
21
0.9651226771653543
0
LINE
8
BLACK
6
CONTINUOUS
10
0.8450959448818898
20
0.9651226771653543
11
0.8469721653543307
21
0.9632464960629921
0
LINE
8
BLACK
6
CONTINUOUS
10
0.8469721653543307
20
0.9632464960629921
11
0.8471636614173228
21
0.9627840944881889
0
LINE
8
BLACK
6
CONTINUOUS
10
0.8471636614173228
20
0.9627840944881889
11
0.8474915748031496
21
0.9624060629921259
0
LINE
8
BLACK
6
CONTINUOUS
10
0.8474915748031496
20
0.9624060629921259
11
0.8484296456692914
21
0.9595917716535433
0
LINE
8
BLACK
6
CONTINUOUS
10
0.8484296456692914
20
0.9595917716535433
11
0.848404527559055
21
0.959238779527559
0
LINE
8
BLACK
6
CONTINUOUS
10
0.848404527559055
20
0.959238779527559
11
0.8485399606299212
21
0.9589118897637795
0
LINE
8
BLACK
6
CONTINUOUS
10
0.8485399606299212
20
0.9589118897637795
11
0.8485399606299212
21
0.9570356692913385
0
LINE
8
BLACK
6
CONTINUOUS
10
0.8485399606299212
20
0.9570356692913385
11
0.848404527559055
21
0.9567087795275591
0
LINE
8
BLACK
6
CONTINUOUS
10
0.848404527559055
20
0.9567087795275591
11
0.8484296456692914
21
0.9563557874015748
0
LINE
8
BLACK
6
CONTINUOUS
10
0.8484296456692914
20
0.9563557874015748
11
0.8474915748031496
21
0.9535415354330709
0
LINE
8
BLACK
6
CONTINUOUS
10
0.8474915748031496
20
0.9535415354330709
11
0.8471636614173228
21
0.9531634645669291
0
LINE
8
BLACK
6
CONTINUOUS
10
0.8471636614173228
20
0.9531634645669291
11
0.8469721653543307
21
0.9527011417322835
0
LINE
8
BLACK
6
CONTINUOUS
10
0.8469721653543307
20
0.9527011417322835
11
0.8460340551181103
21
0.951763031496063
0
LINE
8
BLACK
6
CONTINUOUS
10
0.8460340551181103
20
0.951763031496063
11
0.844513779527559
21
0.9511333070866141
0
LINE
8
BLACK
6
CONTINUOUS
10
0.844513779527559
20
0.9511333070866141
11
0.8429935039370079
21
0.951763031496063
0
LINE
8
BLACK
6
CONTINUOUS
10
0.8429935039370079
20
0.951763031496063
11
0.842363779527559
21
0.9532833070866141
0
LINE
8
BLACK
6
CONTINUOUS
10
0.842363779527559
20
0.9532833070866141
11
0.8429935039370079
21
0.9548035826771654
0
LINE
8
BLACK
6
CONTINUOUS
10
0.8429935039370079
20
0.9548035826771654
11
0.8435726771653543
21
0.9553827559055118
0
LINE
8
BLACK
6
CONTINUOUS
10
0.8435726771653543
20
0.9553827559055118
11
0.8442399606299212
21
0.9573845669291339
0
LINE
8
BLACK
6
CONTINUOUS
10
0.8442399606299212
20
0.9573845669291339
11
0.8442399606299212
21
0.9585629921259843
0
LINE
8
BLACK
6
CONTINUOUS
10
0.8442399606299212
20
0.9585629921259843
11
0.8435726771653543
21
0.9605648031496062
0
LINE
8
BLACK
6
CONTINUOUS
10
0.8435726771653543
20
0.9605648031496062
11
0.8423020472440945
21
0.9618353543307087
0
LINE
8
BLACK
6
CONTINUOUS
10
0.8423020472440945
20
0.9618353543307087
11
0.8409490157480315
21
0.9625118897637795
0
LINE
8
BLACK
6
CONTINUOUS
10
0.8409490157480315
20
0.9625118897637795
11
0.8376825196850394
21
0.9633285433070866
0
LINE
8
BLACK
6
CONTINUOUS
10
0.8376825196850394
20
0.9633285433070866
11
0.8353975984251968
21
0.9633285433070866
0
LINE
8
BLACK
6
CONTINUOUS
10
0.8353975984251968
20
0.9633285433070866
11
0.832130905511811
21
0.9625118897637795
0
LINE
8
BLACK
6
CONTINUOUS
10
0.832130905511811
20
0.9625118897637795
11
0.8307777559055118
21
0.9618353149606299
0
LINE
8
BLACK
6
CONTINUOUS
10
0.8307777559055118
20
0.9618353149606299
11
0.8295072440944882
21
0.9605648031496062
0
LINE
8
BLACK
6
CONTINUOUS
10
0.8295072440944882
20
0.9605648031496062
11
0.8288399606299213
21
0.9585629133858268
0
LINE
8
BLACK
6
CONTINUOUS
10
0.8288399606299213
20
0.9585629133858268
11
0.8288399606299213
21
0.9573845275590551
0
LINE
8
BLACK
6
CONTINUOUS
10
0.8288399606299213
20
0.9573845275590551
11
0.8295072047244094
21
0.9553827952755906
0
LINE
8
BLACK
6
CONTINUOUS
10
0.8295072047244094
20
0.9553827952755906
11
0.8300864566929134
21
0.9548035433070866
0
LINE
8
BLACK
6
CONTINUOUS
10
0.8300864566929134
20
0.9548035433070866
11
0.8307161417322835
21
0.9532832677165354
0
LINE
8
BLACK
6
CONTINUOUS
10
0.8307161417322835
20
0.9532832677165354
11
0.8300863779527559
21
0.9517629921259843
0
LINE
8
BLACK
6
CONTINUOUS
10
0.8300863779527559
20
0.9517629921259843
11
0.8285661023622047
21
0.9511333070866141
0
LINE
8
BLACK
6
CONTINUOUS
10
0.8285661023622047
20
0.9511333070866141
11
0.8270458267716535
21
0.9517630708661418
0
LINE
8
BLACK
6
CONTINUOUS
10
0.8270458267716535
20
0.9517630708661418
11
0.8261077559055118
21
0.9527011811023622
0
LINE
8
BLACK
6
CONTINUOUS
10
0.8261077559055118
20
0.9527011811023622
11
0.8259162598425197
21
0.9531634645669291
0
LINE
8
BLACK
6
CONTINUOUS
10
0.8259162598425197
20
0.9531634645669291
11
0.8255884251968504
21
0.9535414960629921
0
LINE
8
BLACK
6
CONTINUOUS
10
0.8255884251968504
20
0.9535414960629921
11
0.8246503149606299
21
0.956355748031496
0
LINE
8
BLACK
6
CONTINUOUS
10
0.8246503149606299
20
0.956355748031496
11
0.8246753543307086
21
0.9567087007874016
0
LINE
8
BLACK
6
CONTINUOUS
10
0.8246753543307086
20
0.9567087007874016
11
0.8245399606299212
21
0.9570356692913385
0
LINE
8
BLACK
6
CONTINUOUS
10
0.8245399606299212
20
0.9570356692913385
11
0.8245399606299212
21
0.9589118897637795
0
LINE
8
BLACK
6
CONTINUOUS
10
0.8245399606299212
20
0.9589118897637795
11
0.8246753543307086
21
0.9592387401574803
0
LINE
8
BLACK
6
CONTINUOUS
10
0.8246753543307086
20
0.9592387401574803
11
0.8246502755905512
21
0.9595917716535433
0
LINE
8
BLACK
6
CONTINUOUS
10
0.8246502755905512
20
0.9595917716535433
11
0.8255884251968504
21
0.9624061023622047
0
LINE
8
BLACK
6
CONTINUOUS
10
0.8255884251968504
20
0.9624061023622047
11
0.8259162598425197
21
0.9627841338582677
0
LINE
8
BLACK
6
CONTINUOUS
10
0.8259162598425197
20
0.9627841338582677
11
0.8261077952755905
21
0.9632464566929133
0
LINE
8
BLACK
6
CONTINUOUS
10
0.8261077952755905
20
0.9632464566929133
11
0.8279839763779527
21
0.9651226377952755
0
LINE
8
BLACK
6
CONTINUOUS
10
0.8279839763779527
20
0.9651226377952755
11
0.8283108661417322
21
0.9652580314960629
0
LINE
8
BLACK
6
CONTINUOUS
10
0.8283108661417322
20
0.9652580314960629
11
0.8285427559055117
21
0.9655253937007874
0
LINE
8
BLACK
6
CONTINUOUS
10
0.8285427559055117
20
0.9655253937007874
11
0.8304189370078739
21
0.9664634645669291
0
LINE
8
BLACK
6
CONTINUOUS
10
0.8304189370078739
20
0.9664634645669291
11
0.8306626771653544
21
0.9664807480314961
0
LINE
8
BLACK
6
CONTINUOUS
10
0.8306626771653544
20
0.9664807480314961
11
0.8308589763779527
21
0.966626220472441
0
LINE
8
BLACK
6
CONTINUOUS
10
0.8308589763779527
20
0.966626220472441
11
0.8346113779527559
21
0.9675643307086614
0
LINE
8
BLACK
6
CONTINUOUS
10
0.8346113779527559
20
0.9675643307086614
11
0.8348809448818898
21
0.9675242125984251
0
LINE
8
BLACK
6
CONTINUOUS
10
0.8348809448818898
20
0.9675242125984251
11
0.8351328346456692
21
0.9676285433070866
0
LINE
8
BLACK
6
CONTINUOUS
10
0.8351328346456692
20
0.9676285433070866
11
0.8379471259842519
21
0.9676285433070866
0
LINE
8
BLACK
6
CONTINUOUS
10
0.8379471259842519
20
0.9676285433070866
11
0.8381989763779527
21
0.9675242125984251
0
LINE
8
BLACK
6
CONTINUOUS
10
0.7666370472440944
20
0.9700289763779527
11
0.7669066535433071
21
0.9700690944881889
0
LINE
8
BLACK
6
CONTINUOUS
10
0.7669066535433071
20
0.9700690944881889
11
0.7706590551181102
21
0.9691310236220472
0
LINE
8
BLACK
6
CONTINUOUS
10
0.7706590551181102
20
0.9691310236220472
11
0.7708553937007874
21
0.9689855118110235
0
LINE
8
BLACK
6
CONTINUOUS
10
0.7708553937007874
20
0.9689855118110235
11
0.7710990944881889
21
0.9689682283464567
0
LINE
8
BLACK
6
CONTINUOUS
10
0.7710990944881889
20
0.9689682283464567
11
0.7729752755905511
21
0.968030157480315
0
LINE
8
BLACK
6
CONTINUOUS
10
0.7729752755905511
20
0.968030157480315
11
0.7732071259842519
21
0.9677627952755905
0
LINE
8
BLACK
6
CONTINUOUS
10
0.7732071259842519
20
0.9677627952755905
11
0.7735340551181102
21
0.9676274015748031
0
LINE
8
BLACK
6
CONTINUOUS
10
0.7735340551181102
20
0.9676274015748031
11
0.7744721653543307
21
0.9666892913385826
0
LINE
8
BLACK
6
CONTINUOUS
10
0.7744721653543307
20
0.9666892913385826
11
0.7746075590551181
21
0.9663623622047244
0
LINE
8
BLACK
6
CONTINUOUS
10
0.7746075590551181
20
0.9663623622047244
11
0.7748749212598425
21
0.9661305118110236
0
LINE
8
BLACK
6
CONTINUOUS
10
0.7748749212598425
20
0.9661305118110236
11
0.7758129921259842
21
0.9642543307086614
0
LINE
8
BLACK
6
CONTINUOUS
10
0.7758129921259842
20
0.9642543307086614
11
0.7758484251968504
21
0.9637551574803149
0
LINE
8
BLACK
6
CONTINUOUS
10
0.7758484251968504
20
0.9637551574803149
11
0.7760399606299212
21
0.9632928346456693
0
LINE
8
BLACK
6
CONTINUOUS
10
0.7760399606299212
20
0.9632928346456693
11
0.7760399606299212
21
0.9614166535433071
0
LINE
8
BLACK
6
CONTINUOUS
10
0.7760399606299212
20
0.9614166535433071
11
0.7758484251968504
21
0.9609542913385827
0
LINE
8
BLACK
6
CONTINUOUS
10
0.7758484251968504
20
0.9609542913385827
11
0.7758129921259842
21
0.9604551968503937
0
LINE
8
BLACK
6
CONTINUOUS
10
0.7758129921259842
20
0.9604551968503937
11
0.7748749212598425
21
0.958578937007874
0
LINE
8
BLACK
6
CONTINUOUS
10
0.7748749212598425
20
0.958578937007874
11
0.7746075196850394
21
0.9583470472440945
0
LINE
8
BLACK
6
CONTINUOUS
10
0.7746075196850394
20
0.9583470472440945
11
0.774472125984252
21
0.9580201181102362
0
LINE
8
BLACK
6
CONTINUOUS
10
0.774472125984252
20
0.9580201181102362
11
0.7735340157480315
21
0.9570820472440945
0
LINE
8
BLACK
6
CONTINUOUS
10
0.7735340157480315
20
0.9570820472440945
11
0.7732071259842519
21
0.9569466535433071
0
LINE
8
BLACK
6
CONTINUOUS
10
0.7732071259842519
20
0.9569466535433071
11
0.7729753149606299
21
0.9566793307086614
0
LINE
8
BLACK
6
CONTINUOUS
10
0.7729753149606299
20
0.9566793307086614
11
0.7710991338582677
21
0.9557412598425197
0
LINE
8
BLACK
6
CONTINUOUS
10
0.7710991338582677
20
0.9557412598425197
11
0.7708553937007874
21
0.9557238976377953
0
LINE
8
BLACK
6
CONTINUOUS
10
0.7708553937007874
20
0.9557238976377953
11
0.7706590157480315
21
0.9555784251968503
0
LINE
8
BLACK
6
CONTINUOUS
10
0.7706590157480315
20
0.9555784251968503
11
0.7669066141732284
21
0.9546403543307086
0
LINE
8
BLACK
6
CONTINUOUS
10
0.7669066141732284
20
0.9546403543307086
11
0.766636968503937
21
0.9546804724409449
0
LINE
8
BLACK
6
CONTINUOUS
10
0.766636968503937
20
0.9546804724409449
11
0.7663851968503936
21
0.9545761811023622
0
LINE
8
BLACK
6
CONTINUOUS
10
0.7663851968503936
20
0.9545761811023622
11
0.7616947244094489
21
0.9545761811023622
0
LINE
8
BLACK
6
CONTINUOUS
10
0.7616947244094489
20
0.9545761811023622
11
0.7614428740157481
21
0.9546804724409449
0
LINE
8
BLACK
6
CONTINUOUS
10
0.7614428740157481
20
0.9546804724409449
11
0.7611732677165354
21
0.9546403543307086
0
LINE
8
BLACK
6
CONTINUOUS
10
0.7611732677165354
20
0.9546403543307086
11
0.757420905511811
21
0.9555784251968503
0
LINE
8
BLACK
6
CONTINUOUS
10
0.757420905511811
20
0.9555784251968503
11
0.7572245275590551
21
0.9557238976377953
0
LINE
8
BLACK
6
CONTINUOUS
10
0.7572245275590551
20
0.9557238976377953
11
0.7569808661417322
21
0.9557412204724409
0
LINE
8
BLACK
6
CONTINUOUS
10
0.7569808661417322
20
0.9557412204724409
11
0.7551046456692914
21
0.9566793307086614
0
LINE
8
BLACK
6
CONTINUOUS
10
0.7551046456692914
20
0.9566793307086614
11
0.7548727559055118
21
0.9569466535433071
0
LINE
8
BLACK
6
CONTINUOUS
10
0.7548727559055118
20
0.9569466535433071
11
0.7545458661417322
21
0.9570820866141732
0
LINE
8
BLACK
6
CONTINUOUS
10
0.7545458661417322
20
0.9570820866141732
11
0.7536077952755905
21
0.958020157480315
0
LINE
8
BLACK
6
CONTINUOUS
10
0.7536077952755905
20
0.958020157480315
11
0.7534723622047244
21
0.9583470472440945
0
LINE
8
BLACK
6
CONTINUOUS
10
0.7534723622047244
20
0.9583470472440945
11
0.7532050393700788
21
0.958578937007874
0
LINE
8
BLACK
6
CONTINUOUS
10
0.7532050393700788
20
0.958578937007874
11
0.7522669291338583
21
0.960455157480315
0
LINE
8
BLACK
6
CONTINUOUS
10
0.7522669291338583
20
0.960455157480315
11
0.7522314566929134
21
0.9609542913385827
0
LINE
8
BLACK
6
CONTINUOUS
10
0.7522314566929134
20
0.9609542913385827
11
0.7520399606299213
21
0.9614166535433071
0
LINE
8
BLACK
6
CONTINUOUS
10
0.7520399606299213
20
0.9614166535433071
11
0.7520399606299213
21
0.9632928346456693
0
LINE
8
BLACK
6
CONTINUOUS
10
0.7520399606299213
20
0.9632928346456693
11
0.7522314566929134
21
0.9637551968503937
0
LINE
8
BLACK
6
CONTINUOUS
10
0.7522314566929134
20
0.9637551968503937
11
0.752266968503937
21
0.9642543700787402
0
LINE
8
BLACK
6
CONTINUOUS
10
0.752266968503937
20
0.9642543700787402
11
0.7532050393700788
21
0.9661305511811024
0
LINE
8
BLACK
6
CONTINUOUS
10
0.7532050393700788
20
0.9661305511811024
11
0.7534723622047244
21
0.9663623622047244
0
LINE
8
BLACK
6
CONTINUOUS
10
0.7534723622047244
20
0.9663623622047244
11
0.7536077559055118
21
0.9666892519685039
0
LINE
8
BLACK
6
CONTINUOUS
10
0.7536077559055118
20
0.9666892519685039
11
0.7545458267716535
21
0.9676273622047243
0
LINE
8
BLACK
6
CONTINUOUS
10
0.7545458267716535
20
0.9676273622047243
11
0.7548727559055118
21
0.9677627559055118
0
LINE
8
BLACK
6
CONTINUOUS
10
0.7548727559055118
20
0.9677627559055118
11
0.7551046456692914
21
0.968030157480315
0
LINE
8
BLACK
6
CONTINUOUS
10
0.7551046456692914
20
0.968030157480315
11
0.756980905511811
21
0.9689682283464567
0
LINE
8
BLACK
6
CONTINUOUS
10
0.756980905511811
20
0.9689682283464567
11
0.7572246062992126
21
0.9689855118110235
0
LINE
8
BLACK
6
CONTINUOUS
10
0.7572246062992126
20
0.9689855118110235
11
0.757420905511811
21
0.9691309842519685
0
LINE
8
BLACK
6
CONTINUOUS
10
0.757420905511811
20
0.9691309842519685
11
0.7611732283464566
21
0.9700690944881889
0
LINE
8
BLACK
6
CONTINUOUS
10
0.7611732283464566
20
0.9700690944881889
11
0.7614428346456693
21
0.9700289763779527
0
LINE
8
BLACK
6
CONTINUOUS
10
0.7614428346456693
20
0.9700289763779527
11
0.7616947244094489
21
0.9701333070866142
0
LINE
8
BLACK
6
CONTINUOUS
10
0.7616947244094489
20
0.9701333070866142
11
0.7663851968503936
21
0.9701333070866142
0
LINE
8
BLACK
6
CONTINUOUS
10
0.7663851968503936
20
0.9701333070866142
11
0.7666370472440944
21
0.9700289763779527
0
LINE
8
BLACK
6
CONTINUOUS
10
0.7586928346456693
20
0.965016653543307
11
0.7573396850393701
21
0.9643400787401575
0
LINE
8
BLACK
6
CONTINUOUS
10
0.7573396850393701
20
0.9643400787401575
11
0.7568950393700787
21
0.9638954330708661
0
LINE
8
BLACK
6
CONTINUOUS
10
0.7568950393700787
20
0.9638954330708661
11
0.7563399606299213
21
0.9627852755905512
0
LINE
8
BLACK
6
CONTINUOUS
10
0.7563399606299213
20
0.9627852755905512
11
0.7563399606299213
21
0.9619242125984252
0
LINE
8
BLACK
6
CONTINUOUS
10
0.7563399606299213
20
0.9619242125984252
11
0.7568950787401575
21
0.9608139763779527
0
LINE
8
BLACK
6
CONTINUOUS
10
0.7568950787401575
20
0.9608139763779527
11
0.7573396850393701
21
0.9603693700787401
0
LINE
8
BLACK
6
CONTINUOUS
10
0.7573396850393701
20
0.9603693700787401
11
0.7586926771653543
21
0.9596928346456692
0
LINE
8
BLACK
6
CONTINUOUS
10
0.7586926771653543
20
0.9596928346456692
11
0.7619594488188977
21
0.9588761811023622
0
LINE
8
BLACK
6
CONTINUOUS
10
0.7619594488188977
20
0.9588761811023622
11
0.7661204724409448
21
0.9588761811023622
0
LINE
8
BLACK
6
CONTINUOUS
10
0.7661204724409448
20
0.9588761811023622
11
0.7693872834645669
21
0.959692874015748
0
LINE
8
BLACK
6
CONTINUOUS
10
0.7693872834645669
20
0.959692874015748
11
0.7707401968503936
21
0.9603693307086614
0
LINE
8
BLACK
6
CONTINUOUS
10
0.7707401968503936
20
0.9603693307086614
11
0.771184842519685
21
0.9608139763779527
0
LINE
8
BLACK
6
CONTINUOUS
10
0.771184842519685
20
0.9608139763779527
11
0.7717399606299212
21
0.9619241732283464
0
LINE
8
BLACK
6
CONTINUOUS
10
0.7717399606299212
20
0.9619241732283464
11
0.7717399606299212
21
0.9627852755905512
0
LINE
8
BLACK
6
CONTINUOUS
10
0.7717399606299212
20
0.9627852755905512
11
0.771184842519685
21
0.9638954724409449
0
LINE
8
BLACK
6
CONTINUOUS
10
0.771184842519685
20
0.9638954724409449
11
0.7707402362204724
21
0.9643400787401575
0
LINE
8
BLACK
6
CONTINUOUS
10
0.7707402362204724
20
0.9643400787401575
11
0.7693870866141732
21
0.965016653543307
0
LINE
8
BLACK
6
CONTINUOUS
10
0.7693870866141732
20
0.965016653543307
11
0.7661205905511811
21
0.9658333070866142
0
LINE
8
BLACK
6
CONTINUOUS
10
0.7661205905511811
20
0.9658333070866142
11
0.7619594881889764
21
0.9658333070866142
0
LINE
8
BLACK
6
CONTINUOUS
10
0.7619594881889764
20
0.9658333070866142
11
0.7586928346456693
21
0.965016653543307
0
LINE
8
BLACK
6
CONTINUOUS
10
0.2579102362204724
20
0.9760607086614173
11
0.2585399606299212
21
0.9745404330708661
0
LINE
8
BLACK
6
CONTINUOUS
10
0.2585399606299212
20
0.9745404330708661
11
0.2579102362204724
21
0.9730201574803149
0
LINE
8
BLACK
6
CONTINUOUS
10
0.2579102362204724
20
0.9730201574803149
11
0.2563899606299213
21
0.9723904330708661
0
LINE
8
BLACK
6
CONTINUOUS
10
0.2563899606299213
20
0.9723904330708661
11
0.2491590157480315
21
0.9723904330708661
0
LINE
8
BLACK
6
CONTINUOUS
10
0.2491590157480315
20
0.9723904330708661
11
0.2491590157480315
21
0.9709693307086614
0
LINE
8
BLACK
6
CONTINUOUS
10
0.2491590157480315
20
0.9709693307086614
11
0.2576229133858268
21
0.9650446456692913
0
LINE
8
BLACK
6
CONTINUOUS
10
0.2576229133858268
20
0.9650446456692913
11
0.2585072440944882
21
0.9636569291338583
0
LINE
8
BLACK
6
CONTINUOUS
10
0.2585072440944882
20
0.9636569291338583
11
0.2581512992125984
21
0.9620503543307086
0
LINE
8
BLACK
6
CONTINUOUS
10
0.2581512992125984
20
0.9620503543307086
11
0.2567636220472441
21
0.9611660236220472
0
LINE
8
BLACK
6
CONTINUOUS
10
0.2567636220472441
20
0.9611660236220472
11
0.2551570078740157
21
0.961521968503937
0
LINE
8
BLACK
6
CONTINUOUS
10
0.2551570078740157
20
0.961521968503937
11
0.2488598818897638
21
0.9659299212598424
0
LINE
8
BLACK
6
CONTINUOUS
10
0.2488598818897638
20
0.9659299212598424
11
0.2479938976377953
21
0.9641979527559055
0
LINE
8
BLACK
6
CONTINUOUS
10
0.2479938976377953
20
0.9641979527559055
11
0.2477265748031496
21
0.9639661023622047
0
LINE
8
BLACK
6
CONTINUOUS
10
0.2477265748031496
20
0.9639661023622047
11
0.2475911811023622
21
0.9636392125984252
0
LINE
8
BLACK
6
CONTINUOUS
10
0.2475911811023622
20
0.9636392125984252
11
0.2466531102362205
21
0.9627011417322835
0
LINE
8
BLACK
6
CONTINUOUS
10
0.2466531102362205
20
0.9627011417322835
11
0.2463261811023622
21
0.9625657086614173
0
LINE
8
BLACK
6
CONTINUOUS
10
0.2463261811023622
20
0.9625657086614173
11
0.2460943307086614
21
0.9622983858267716
0
LINE
8
BLACK
6
CONTINUOUS
10
0.2460943307086614
20
0.9622983858267716
11
0.2442181102362205
21
0.9613602755905511
0
LINE
8
BLACK
6
CONTINUOUS
10
0.2442181102362205
20
0.9613602755905511
11
0.243718937007874
21
0.9613248031496063
0
LINE
8
BLACK
6
CONTINUOUS
10
0.243718937007874
20
0.9613248031496063
11
0.2432566141732283
21
0.9611333070866142
0
LINE
8
BLACK
6
CONTINUOUS
10
0.2432566141732283
20
0.9611333070866142
11
0.2404423622047244
21
0.9611333070866142
0
LINE
8
BLACK
6
CONTINUOUS
10
0.2404423622047244
20
0.9611333070866142
11
0.23998
21
0.9613248031496063
0
LINE
8
BLACK
6
CONTINUOUS
10
0.23998
20
0.9613248031496063
11
0.2394808661417323
21
0.9613602755905511
0
LINE
8
BLACK
6
CONTINUOUS
10
0.2394808661417323
20
0.9613602755905511
11
0.2376046456692913
21
0.9622983858267716
0
LINE
8
BLACK
6
CONTINUOUS
10
0.2376046456692913
20
0.9622983858267716
11
0.2373727559055118
21
0.9625657086614173
0
LINE
8
BLACK
6
CONTINUOUS
10
0.2373727559055118
20
0.9625657086614173
11
0.2370458661417323
21
0.9627011417322835
0
LINE
8
BLACK
6
CONTINUOUS
10
0.2370458661417323
20
0.9627011417322835
11
0.2361077952755906
21
0.9636392125984252
0
LINE
8
BLACK
6
CONTINUOUS
10
0.2361077952755906
20
0.9636392125984252
11
0.2359723622047244
21
0.9639660629921259
0
LINE
8
BLACK
6
CONTINUOUS
10
0.2359723622047244
20
0.9639660629921259
11
0.2357050393700787
21
0.9641979527559055
0
LINE
8
BLACK
6
CONTINUOUS
10
0.2357050393700787
20
0.9641979527559055
11
0.234766968503937
21
0.9660741338582677
0
LINE
8
BLACK
6
CONTINUOUS
10
0.234766968503937
20
0.9660741338582677
11
0.2347314566929134
21
0.9665732677165354
0
LINE
8
BLACK
6
CONTINUOUS
10
0.2347314566929134
20
0.9665732677165354
11
0.2345399606299212
21
0.9670356692913386
0
LINE
8
BLACK
6
CONTINUOUS
10
0.2345399606299212
20
0.9670356692913386
11
0.2345399606299212
21
0.9745404330708661
0
LINE
8
BLACK
6
CONTINUOUS
10
0.2345399606299212
20
0.9745404330708661
11
0.2351696850393701
21
0.9760607086614173
0
LINE
8
BLACK
6
CONTINUOUS
10
0.2351696850393701
20
0.9760607086614173
11
0.2366899606299213
21
0.9766904330708661
0
LINE
8
BLACK
6
CONTINUOUS
10
0.2366899606299213
20
0.9766904330708661
11
0.2563899606299213
21
0.9766904330708661
0
LINE
8
BLACK
6
CONTINUOUS
10
0.2563899606299213
20
0.9766904330708661
11
0.2579102362204724
21
0.9760607086614173
0
LINE
8
BLACK
6
CONTINUOUS
10
0.2388399606299212
20
0.9675431889763779
11
0.239395
21
0.9664330708661417
0
LINE
8
BLACK
6
CONTINUOUS
10
0.239395
20
0.9664330708661417
11
0.2398396850393701
21
0.9659884251968504
0
LINE
8
BLACK
6
CONTINUOUS
10
0.2398396850393701
20
0.9659884251968504
11
0.2409499212598425
21
0.9654333070866141
0
LINE
8
BLACK
6
CONTINUOUS
10
0.2409499212598425
20
0.9654333070866141
11
0.2427490551181102
21
0.9654333070866141
0
LINE
8
BLACK
6
CONTINUOUS
10
0.2427490551181102
20
0.9654333070866141
11
0.2438592913385827
21
0.9659884251968504
0
LINE
8
BLACK
6
CONTINUOUS
10
0.2438592913385827
20
0.9659884251968504
11
0.2443038976377953
21
0.966433031496063
0
LINE
8
BLACK
6
CONTINUOUS
10
0.2443038976377953
20
0.966433031496063
11
0.2448590157480315
21
0.9675432283464567
0
LINE
8
BLACK
6
CONTINUOUS
10
0.2448590157480315
20
0.9675432283464567
11
0.2448590157480315
21
0.9723904330708661
0
LINE
8
BLACK
6
CONTINUOUS
10
0.2448590157480315
20
0.9723904330708661
11
0.2388399606299212
21
0.9723904330708661
0
LINE
8
BLACK
6
CONTINUOUS
10
0.2388399606299212
20
0.9723904330708661
11
0.2388399606299212
21
0.9675431889763779
0
LINE
8
BLACK
6
CONTINUOUS
10
0.8754102362204724
20
0.9788845275590551
11
0.8760399606299213
21
0.977364251968504
0
LINE
8
BLACK
6
CONTINUOUS
10
0.8760399606299213
20
0.977364251968504
11
0.8760399606299213
21
0.966107125984252
0
LINE
8
BLACK
6
CONTINUOUS
10
0.8760399606299213
20
0.966107125984252
11
0.8754102362204724
21
0.9645868503937007
0
LINE
8
BLACK
6
CONTINUOUS
10
0.8754102362204724
20
0.9645868503937007
11
0.8738899606299212
21
0.963957125984252
0
LINE
8
BLACK
6
CONTINUOUS
10
0.8738899606299212
20
0.963957125984252
11
0.8723696850393701
21
0.9645868503937007
0
LINE
8
BLACK
6
CONTINUOUS
10
0.8723696850393701
20
0.9645868503937007
11
0.8717399606299212
21
0.966107125984252
0
LINE
8
BLACK
6
CONTINUOUS
10
0.8717399606299212
20
0.966107125984252
11
0.8717399606299212
21
0.9695856692913386
0
LINE
8
BLACK
6
CONTINUOUS
10
0.8717399606299212
20
0.9695856692913386
11
0.8541899606299213
21
0.9695856692913386
0
LINE
8
BLACK
6
CONTINUOUS
10
0.8541899606299213
20
0.9695856692913386
11
0.8539853937007874
21
0.9696703543307087
0
LINE
8
BLACK
6
CONTINUOUS
10
0.8539853937007874
20
0.9696703543307087
11
0.8537683070866141
21
0.9696274409448818
0
LINE
8
BLACK
6
CONTINUOUS
10
0.8537683070866141
20
0.9696274409448818
11
0.8532481496062992
21
0.969975748031496
0
LINE
8
BLACK
6
CONTINUOUS
10
0.8532481496062992
20
0.969975748031496
11
0.85266968503937
21
0.9702153937007874
0
LINE
8
BLACK
6
CONTINUOUS
10
0.85266968503937
20
0.9702153937007874
11
0.8525849606299213
21
0.9704198818897638
0
LINE
8
BLACK
6
CONTINUOUS
10
0.8525849606299213
20
0.9704198818897638
11
0.8524010629921259
21
0.9705430708661417
0
LINE
8
BLACK
6
CONTINUOUS
10
0.8524010629921259
20
0.9705430708661417
11
0.8522795669291339
21
0.9711571653543307
0
LINE
8
BLACK
6
CONTINUOUS
10
0.8522795669291339
20
0.9711571653543307
11
0.8520399606299213
21
0.9717356692913386
0
LINE
8
BLACK
6
CONTINUOUS
10
0.8520399606299213
20
0.9717356692913386
11
0.8521246456692914
21
0.9719401968503937
0
LINE
8
BLACK
6
CONTINUOUS
10
0.8521246456692914
20
0.9719401968503937
11
0.8520817322834645
21
0.9721573228346456
0
LINE
8
BLACK
6
CONTINUOUS
10
0.8520817322834645
20
0.9721573228346456
11
0.8524300393700788
21
0.9726774409448818
0
LINE
8
BLACK
6
CONTINUOUS
10
0.8524300393700788
20
0.9726774409448818
11
0.85266968503937
21
0.9732559448818897
0
LINE
8
BLACK
6
CONTINUOUS
10
0.85266968503937
20
0.9732559448818897
11
0.8528741732283465
21
0.9733406299212598
0
LINE
8
BLACK
6
CONTINUOUS
10
0.8528741732283465
20
0.9733406299212598
11
0.8529973622047244
21
0.9735245669291338
0
LINE
8
BLACK
6
CONTINUOUS
10
0.8529973622047244
20
0.9735245669291338
11
0.8556345275590551
21
0.9752827165354331
0
LINE
8
BLACK
6
CONTINUOUS
10
0.8556345275590551
20
0.9752827165354331
11
0.8571134251968504
21
0.9767616141732284
0
LINE
8
BLACK
6
CONTINUOUS
10
0.8571134251968504
20
0.9767616141732284
11
0.8578955118110236
21
0.9783257874015748
0
LINE
8
BLACK
6
CONTINUOUS
10
0.8578955118110236
20
0.9783257874015748
11
0.8591386614173229
21
0.9794038976377952
0
LINE
8
BLACK
6
CONTINUOUS
10
0.8591386614173229
20
0.9794038976377952
11
0.8607800787401575
21
0.9792872440944882
0
LINE
8
BLACK
6
CONTINUOUS
10
0.8607800787401575
20
0.9792872440944882
11
0.8618582283464566
21
0.9780441338582677
0
LINE
8
BLACK
6
CONTINUOUS
10
0.8618582283464566
20
0.9780441338582677
11
0.8617415354330709
21
0.9764027165354331
0
LINE
8
BLACK
6
CONTINUOUS
10
0.8617415354330709
20
0.9764027165354331
11
0.8608034251968504
21
0.9745265354330709
0
LINE
8
BLACK
6
CONTINUOUS
10
0.8608034251968504
20
0.9745265354330709
11
0.8605361023622047
21
0.9742946850393701
0
LINE
8
BLACK
6
CONTINUOUS
10
0.8605361023622047
20
0.9742946850393701
11
0.8604007086614173
21
0.9739677952755905
0
LINE
8
BLACK
6
CONTINUOUS
10
0.8604007086614173
20
0.9739677952755905
11
0.8603185826771653
21
0.9738856692913386
0
LINE
8
BLACK
6
CONTINUOUS
10
0.8603185826771653
20
0.9738856692913386
11
0.8717399606299212
21
0.9738856692913386
0
LINE
8
BLACK
6
CONTINUOUS
10
0.8717399606299212
20
0.9738856692913386
11
0.8717399606299212
21
0.977364251968504
0
LINE
8
BLACK
6
CONTINUOUS
10
0.8717399606299212
20
0.977364251968504
11
0.8723696850393701
21
0.9788845275590551
0
LINE
8
BLACK
6
CONTINUOUS
10
0.8723696850393701
20
0.9788845275590551
11
0.8738899606299212
21
0.9795142519685039
0
LINE
8
BLACK
6
CONTINUOUS
10
0.8738899606299212
20
0.9795142519685039
11
0.8754102362204724
21
0.9788845275590551
0
LINE
8
BLACK
6
CONTINUOUS
10
0.2835340551181103
20
0.982317874015748
11
0.2844721653543307
21
0.9813797637795275
0
LINE
8
BLACK
6
CONTINUOUS
10
0.2844721653543307
20
0.9813797637795275
11
0.2846075590551181
21
0.9810528346456693
0
LINE
8
BLACK
6
CONTINUOUS
10
0.2846075590551181
20
0.9810528346456693
11
0.2848749212598425
21
0.9808209842519685
0
LINE
8
BLACK
6
CONTINUOUS
10
0.2848749212598425
20
0.9808209842519685
11
0.2858129921259843
21
0.9789448031496063
0
LINE
8
BLACK
6
CONTINUOUS
10
0.2858129921259843
20
0.9789448031496063
11
0.2858484251968504
21
0.9784456299212598
0
LINE
8
BLACK
6
CONTINUOUS
10
0.2858484251968504
20
0.9784456299212598
11
0.2860399606299213
21
0.9779833070866142
0
LINE
8
BLACK
6
CONTINUOUS
10
0.2860399606299213
20
0.9779833070866142
11
0.2860399606299213
21
0.9723547244094488
0
LINE
8
BLACK
6
CONTINUOUS
10
0.2860399606299213
20
0.9723547244094488
11
0.2858484251968504
21
0.9718923622047244
0
LINE
8
BLACK
6
CONTINUOUS
10
0.2858484251968504
20
0.9718923622047244
11
0.2858129921259843
21
0.9713932283464567
0
LINE
8
BLACK
6
CONTINUOUS
10
0.2858129921259843
20
0.9713932283464567
11
0.2848749212598425
21
0.9695170472440945
0
LINE
8
BLACK
6
CONTINUOUS
10
0.2848749212598425
20
0.9695170472440945
11
0.2846075590551181
21
0.969285157480315
0
LINE
8
BLACK
6
CONTINUOUS
10
0.2846075590551181
20
0.969285157480315
11
0.2844721653543307
21
0.9689582677165354
0
LINE
8
BLACK
6
CONTINUOUS
10
0.2844721653543307
20
0.9689582677165354
11
0.2835340551181103
21
0.9680201574803149
0
LINE
8
BLACK
6
CONTINUOUS
10
0.2835340551181103
20
0.9680201574803149
11
0.283207125984252
21
0.9678847244094488
0
LINE
8
BLACK
6
CONTINUOUS
10
0.283207125984252
20
0.9678847244094488
11
0.2829752755905512
21
0.9676174015748031
0
LINE
8
BLACK
6
CONTINUOUS
10
0.2829752755905512
20
0.9676174015748031
11
0.281099094488189
21
0.9666793307086614
0
LINE
8
BLACK
6
CONTINUOUS
10
0.281099094488189
20
0.9666793307086614
11
0.2805999212598425
21
0.9666438582677165
0
LINE
8
BLACK
6
CONTINUOUS
10
0.2805999212598425
20
0.9666438582677165
11
0.2801375984251969
21
0.9664523622047244
0
LINE
8
BLACK
6
CONTINUOUS
10
0.2801375984251969
20
0.9664523622047244
11
0.275447125984252
21
0.9664523622047244
0
LINE
8
BLACK
6
CONTINUOUS
10
0.275447125984252
20
0.9664523622047244
11
0.2749847637795276
21
0.9666438582677165
0
LINE
8
BLACK
6
CONTINUOUS
10
0.2749847637795276
20
0.9666438582677165
11
0.2744856692913386
21
0.9666793307086614
0
LINE
8
BLACK
6
CONTINUOUS
10
0.2744856692913386
20
0.9666793307086614
11
0.2726094094488189
21
0.9676174015748031
0
LINE
8
BLACK
6
CONTINUOUS
10
0.2726094094488189
20
0.9676174015748031
11
0.2723775196850394
21
0.9678847637795276
0
LINE
8
BLACK
6
CONTINUOUS
10
0.2723775196850394
20
0.9678847637795276
11
0.2720505905511811
21
0.9680201968503936
0
LINE
8
BLACK
6
CONTINUOUS
10
0.2720505905511811
20
0.9680201968503936
11
0.2711125196850394
21
0.9689583070866141
0
LINE
8
BLACK
6
CONTINUOUS
10
0.2711125196850394
20
0.9689583070866141
11
0.2709771259842519
21
0.969285157480315
0
LINE
8
BLACK
6
CONTINUOUS
10
0.2709771259842519
20
0.969285157480315
11
0.2707098031496063
21
0.9695170078740157
0
LINE
8
BLACK
6
CONTINUOUS
10
0.2707098031496063
20
0.9695170078740157
11
0.2700373228346457
21
0.9708619291338583
0
LINE
8
BLACK
6
CONTINUOUS
10
0.2700373228346457
20
0.9708619291338583
11
0.2656057480314961
21
0.9669843307086614
0
LINE
8
BLACK
6
CONTINUOUS
10
0.2656057480314961
20
0.9669843307086614
11
0.2648890551181102
21
0.9667419291338583
0
LINE
8
BLACK
6
CONTINUOUS
10
0.2648890551181102
20
0.9667419291338583
11
0.2641899606299212
21
0.9664523622047244
0
LINE
8
BLACK
6
CONTINUOUS
10
0.2641899606299212
20
0.9664523622047244
11
0.2641193307086614
21
0.9664816141732283
0
LINE
8
BLACK
6
CONTINUOUS
10
0.2641193307086614
20
0.9664816141732283
11
0.2640469291338582
21
0.9664571259842519
0
LINE
8
BLACK
6
CONTINUOUS
10
0.2640469291338582
20
0.9664571259842519
11
0.2633686220472441
21
0.9667925590551181
0
LINE
8
BLACK
6
CONTINUOUS
10
0.2633686220472441
20
0.9667925590551181
11
0.26266968503937
21
0.9670820866141732
0
LINE
8
BLACK
6
CONTINUOUS
10
0.26266968503937
20
0.9670820866141732
11
0.2626404330708662
21
0.9671526771653544
0
LINE
8
BLACK
6
CONTINUOUS
10
0.2626404330708662
20
0.9671526771653544
11
0.2625719291338582
21
0.9671865748031496
0
LINE
8
BLACK
6
CONTINUOUS
10
0.2625719291338582
20
0.9671865748031496
11
0.2623295275590551
21
0.9679032283464567
0
LINE
8
BLACK
6
CONTINUOUS
10
0.2623295275590551
20
0.9679032283464567
11
0.2620399606299212
21
0.9686023622047244
0
LINE
8
BLACK
6
CONTINUOUS
10
0.2620399606299212
20
0.9686023622047244
11
0.2620399606299212
21
0.9807975984251969
0
LINE
8
BLACK
6
CONTINUOUS
10
0.2620399606299212
20
0.9807975984251969
11
0.26266968503937
21
0.982317874015748
0
LINE
8
BLACK
6
CONTINUOUS
10
0.26266968503937
20
0.982317874015748
11
0.2641899606299212
21
0.9829475984251969
0
LINE
8
BLACK
6
CONTINUOUS
10
0.2641899606299212
20
0.9829475984251969
11
0.2657102362204725
21
0.982317874015748
0
LINE
8
BLACK
6
CONTINUOUS
10
0.2657102362204725
20
0.982317874015748
11
0.2663399606299213
21
0.9807975984251969
0
LINE
8
BLACK
6
CONTINUOUS
10
0.2663399606299213
20
0.9807975984251969
11
0.2663399606299213
21
0.9733404330708662
0
LINE
8
BLACK
6
CONTINUOUS
10
0.2663399606299213
20
0.9733404330708662
11
0.270278937007874
21
0.9767870472440945
0
LINE
8
BLACK
6
CONTINUOUS
10
0.270278937007874
20
0.9767870472440945
11
0.2709955905511811
21
0.9770294094488189
0
LINE
8
BLACK
6
CONTINUOUS
10
0.2709955905511811
20
0.9770294094488189
11
0.2716947244094488
21
0.9773190157480315
0
LINE
8
BLACK
6
CONTINUOUS
10
0.2716947244094488
20
0.9773190157480315
11
0.2717653149606299
21
0.9772897244094488
0
LINE
8
BLACK
6
CONTINUOUS
10
0.2717653149606299
20
0.9772897244094488
11
0.2718377559055118
21
0.977314251968504
0
LINE
8
BLACK
6
CONTINUOUS
10
0.2718377559055118
20
0.977314251968504
11
0.2725160236220472
21
0.9769787795275591
0
LINE
8
BLACK
6
CONTINUOUS
10
0.2725160236220472
20
0.9769787795275591
11
0.273215
21
0.9766892913385826
0
LINE
8
BLACK
6
CONTINUOUS
10
0.273215
20
0.9766892913385826
11
0.2732442125984252
21
0.9766186614173228
0
LINE
8
BLACK
6
CONTINUOUS
10
0.2732442125984252
20
0.9766186614173228
11
0.2733127559055118
21
0.9765848031496063
0
LINE
8
BLACK
6
CONTINUOUS
10
0.2733127559055118
20
0.9765848031496063
11
0.2735551181102362
21
0.9758681102362204
0
LINE
8
BLACK
6
CONTINUOUS
10
0.2735551181102362
20
0.9758681102362204
11
0.2738447244094488
21
0.9751690157480315
0
LINE
8
BLACK
6
CONTINUOUS
10
0.2738447244094488
20
0.9751690157480315
11
0.2738447244094488
21
0.9728622440944882
0
LINE
8
BLACK
6
CONTINUOUS
10
0.2738447244094488
20
0.9728622440944882
11
0.2743998031496063
21
0.9717520866141732
0
LINE
8
BLACK
6
CONTINUOUS
10
0.2743998031496063
20
0.9717520866141732
11
0.2748444488188976
21
0.9713074409448819
0
LINE
8
BLACK
6
CONTINUOUS
10
0.2748444488188976
20
0.9713074409448819
11
0.2759546850393701
21
0.9707523622047244
0
LINE
8
BLACK
6
CONTINUOUS
10
0.2759546850393701
20
0.9707523622047244
11
0.2796300393700787
21
0.9707523622047244
0
LINE
8
BLACK
6
CONTINUOUS
10
0.2796300393700787
20
0.9707523622047244
11
0.2807402362204724
21
0.9713074409448819
0
LINE
8
BLACK
6
CONTINUOUS
10
0.2807402362204724
20
0.9713074409448819
11
0.281184842519685
21
0.9717520472440945
0
LINE
8
BLACK
6
CONTINUOUS
10
0.281184842519685
20
0.9717520472440945
11
0.2817399606299212
21
0.9728622440944882
0
LINE
8
BLACK
6
CONTINUOUS
10
0.2817399606299212
20
0.9728622440944882
11
0.2817399606299212
21
0.9774757480314961
0
LINE
8
BLACK
6
CONTINUOUS
10
0.2817399606299212
20
0.9774757480314961
11
0.281184842519685
21
0.9785859448818898
0
LINE
8
BLACK
6
CONTINUOUS
10
0.281184842519685
20
0.9785859448818898
11
0.2804935039370079
21
0.9792773228346456
0
LINE
8
BLACK
6
CONTINUOUS
10
0.2804935039370079
20
0.9792773228346456
11
0.279863779527559
21
0.9807975984251969
0
LINE
8
BLACK
6
CONTINUOUS
10
0.279863779527559
20
0.9807975984251969
11
0.2804935039370079
21
0.982317874015748
0
LINE
8
BLACK
6
CONTINUOUS
10
0.2804935039370079
20
0.982317874015748
11
0.2820137795275591
21
0.9829475984251969
0
LINE
8
BLACK
6
CONTINUOUS
10
0.2820137795275591
20
0.9829475984251969
11
0.2835340551181103
21
0.982317874015748
0
LINE
8
BLACK
6
CONTINUOUS
10
0.7849584645669291
20
1.021217716535433
11
0.7871651968503937
21
1.0184505905511811
0
LINE
8
BLACK
6
CONTINUOUS
10
0.7871651968503937
20
1.0184505905511811
11
0.7879527559055118
21
1.0149999999999999
0
LINE
8
BLACK
6
CONTINUOUS
10
0.7879527559055118
20
1.0149999999999999
11
0.7871651968503937
21
1.0115494094488189
0
LINE
8
BLACK
6
CONTINUOUS
10
0.7871651968503937
20
1.0115494094488189
11
0.7849584645669291
21
1.008782283464567
0
LINE
8
BLACK
6
CONTINUOUS
10
0.7849584645669291
20
1.008782283464567
11
0.7829527559055118
21
1.0078163779527558
0
LINE
8
BLACK
6
CONTINUOUS
10
0.7829527559055118
20
1.0078163779527558
11
0.7829527559055118
21
0.97
0
LINE
8
BLACK
6
CONTINUOUS
10
0.7829527559055118
20
0.97
11
0.7827746850393701
21
0.9689900787401574
0
LINE
8
BLACK
6
CONTINUOUS
10
0.7827746850393701
20
0.9689900787401574
11
0.7814763779527559
21
0.9674428346456693
0
LINE
8
BLACK
6
CONTINUOUS
10
0.7814763779527559
20
0.9674428346456693
11
0.7794872440944882
21
0.9670920866141732
0
LINE
8
BLACK
6
CONTINUOUS
10
0.7794872440944882
20
0.9670920866141732
11
0.7777380708661417
21
0.9681020078740157
0
LINE
8
BLACK
6
CONTINUOUS
10
0.7777380708661417
20
0.9681020078740157
11
0.7770472440944882
21
0.97
0
LINE
8
BLACK
6
CONTINUOUS
10
0.7770472440944882
20
0.97
11
0.7770472440944882
21
1.0070472440944882
0
LINE
8
BLACK
6
CONTINUOUS
10
0.7770472440944882
20
1.0070472440944882
11
0.7229527559055118
21
1.0070472440944882
0
LINE
8
BLACK
6
CONTINUOUS
10
0.7229527559055118
20
1.0070472440944882
11
0.7229527559055118
21
0.97
0
LINE
8
BLACK
6
CONTINUOUS
10
0.7229527559055118
20
0.97
11
0.72277468503937
21
0.9689900787401574
0
LINE
8
BLACK
6
CONTINUOUS
10
0.72277468503937
20
0.9689900787401574
11
0.7214763779527559
21
0.9674428346456693
0
LINE
8
BLACK
6
CONTINUOUS
10
0.7214763779527559
20
0.9674428346456693
11
0.7194872440944882
21
0.9670920866141732
0
LINE
8
BLACK
6
CONTINUOUS
10
0.7194872440944882
20
0.9670920866141732
11
0.7177380708661417
21
0.9681020078740157
0
LINE
8
BLACK
6
CONTINUOUS
10
0.7177380708661417
20
0.9681020078740157
11
0.7170472440944882
21
0.97
0
LINE
8
BLACK
6
CONTINUOUS
10
0.7170472440944882
20
0.97
11
0.7170472440944882
21
1.01
0
LINE
8
BLACK
6
CONTINUOUS
10
0.7170472440944882
20
1.01
11
0.717114842519685
21
1.0103835039370079
0
LINE
8
BLACK
6
CONTINUOUS
10
0.717114842519685
20
1.0103835039370079
11
0.7170920866141732
21
1.0105127559055118
0
LINE
8
BLACK
6
CONTINUOUS
10
0.7170920866141732
20
1.0105127559055118
11
0.7171576771653543
21
1.0106263385826773
0
LINE
8
BLACK
6
CONTINUOUS
10
0.7171576771653543
20
1.0106263385826773
11
0.7172253149606299
21
1.0110099212598425
0
LINE
8
BLACK
6
CONTINUOUS
10
0.7172253149606299
20
1.0110099212598425
11
0.7177184251968504
21
1.0115975984251968
0
LINE
8
BLACK
6
CONTINUOUS
10
0.7177184251968504
20
1.0115975984251968
11
0.7181020078740157
21
1.0122619291338582
0
LINE
8
BLACK
6
CONTINUOUS
10
0.7181020078740157
20
1.0122619291338582
11
0.7183523228346457
21
1.0123530314960629
0
LINE
8
BLACK
6
CONTINUOUS
10
0.7183523228346457
20
1.0123530314960629
11
0.7185236220472441
21
1.0125571653543306
0
LINE
8
BLACK
6
CONTINUOUS
10
0.7185236220472441
20
1.0125571653543306
11
0.7192791732283464
21
1.0126903937007874
0
LINE
8
BLACK
6
CONTINUOUS
10
0.7192791732283464
20
1.0126903937007874
11
0.72
21
1.0129527559055118
0
LINE
8
BLACK
6
CONTINUOUS
10
0.72
20
1.0129527559055118
11
0.7725144881889764
21
1.0129527559055118
0
LINE
8
BLACK
6
CONTINUOUS
10
0.7725144881889764
20
1.0129527559055118
11
0.7720472440944882
21
1.0149999999999999
0
LINE
8
BLACK
6
CONTINUOUS
10
0.7720472440944882
20
1.0149999999999999
11
0.7728348031496063
21
1.0184505905511811
0
LINE
8
BLACK
6
CONTINUOUS
10
0.7728348031496063
20
1.0184505905511811
11
0.7750415354330709
21
1.021217716535433
0
LINE
8
BLACK
6
CONTINUOUS
10
0.7750415354330709
20
1.021217716535433
11
0.7782303543307086
21
1.0227533464566929
0
LINE
8
BLACK
6
CONTINUOUS
10
0.7782303543307086
20
1.0227533464566929
11
0.7817696456692913
21
1.0227533464566929
0
LINE
8
BLACK
6
CONTINUOUS
10
0.7817696456692913
20
1.0227533464566929
11
0.7849584645669291
21
1.021217716535433
0
LINE
8
BLACK
6
CONTINUOUS
10
0.7784331102362204
20
1.0134331102362204
11
0.7795927952755906
21
1.0129527559055118
0
LINE
8
BLACK
6
CONTINUOUS
10
0.7795927952755906
20
1.0129527559055118
11
0.78
21
1.0129527559055118
0
LINE
8
BLACK
6
CONTINUOUS
10
0.78
20
1.0129527559055118
11
0.7802855905511811
21
1.0129023622047244
0
LINE
8
BLACK
6
CONTINUOUS
10
0.7802855905511811
20
1.0129023622047244
11
0.7815668897637795
21
1.0134331102362204
0
LINE
8
BLACK
6
CONTINUOUS
10
0.7815668897637795
20
1.0134331102362204
11
0.782215905511811
21
1.0149999999999999
0
LINE
8
BLACK
6
CONTINUOUS
10
0.782215905511811
20
1.0149999999999999
11
0.7815668897637795
21
1.0165668897637794
0
LINE
8
BLACK
6
CONTINUOUS
10
0.7815668897637795
20
1.0165668897637794
11
0.78
21
1.0172159055118111
0
LINE
8
BLACK
6
CONTINUOUS
10
0.78
20
1.0172159055118111
11
0.7784331102362204
21
1.0165668897637794
0
LINE
8
BLACK
6
CONTINUOUS
10
0.7784331102362204
20
1.0165668897637794
11
0.777784094488189
21
1.0149999999999999
0
LINE
8
BLACK
6
CONTINUOUS
10
0.777784094488189
20
1.0149999999999999
11
0.7784331102362204
21
1.0134331102362204
0
LINE
8
BLACK
6
CONTINUOUS
10
0.8849584645669291
20
1.021217716535433
11
0.8871651968503936
21
1.0184505905511811
0
LINE
8
BLACK
6
CONTINUOUS
10
0.8871651968503936
20
1.0184505905511811
11
0.8879527559055118
21
1.0149999999999999
0
LINE
8
BLACK
6
CONTINUOUS
10
0.8879527559055118
20
1.0149999999999999
11
0.8871651968503936
21
1.0115494094488189
0
LINE
8
BLACK
6
CONTINUOUS
10
0.8871651968503936
20
1.0115494094488189
11
0.8849584645669291
21
1.008782283464567
0
LINE
8
BLACK
6
CONTINUOUS
10
0.8849584645669291
20
1.008782283464567
11
0.8829527559055118
21
1.0078163779527558
0
LINE
8
BLACK
6
CONTINUOUS
10
0.8829527559055118
20
1.0078163779527558
11
0.8829527559055118
21
0.97
0
LINE
8
BLACK
6
CONTINUOUS
10
0.8829527559055118
20
0.97
11
0.8827746850393701
21
0.9689900787401574
0
LINE
8
BLACK
6
CONTINUOUS
10
0.8827746850393701
20
0.9689900787401574
11
0.8814763779527559
21
0.9674428346456693
0
LINE
8
BLACK
6
CONTINUOUS
10
0.8814763779527559
20
0.9674428346456693
11
0.8794872440944882
21
0.9670920866141732
0
LINE
8
BLACK
6
CONTINUOUS
10
0.8794872440944882
20
0.9670920866141732
11
0.8777380708661418
21
0.9681020078740157
0
LINE
8
BLACK
6
CONTINUOUS
10
0.8777380708661418
20
0.9681020078740157
11
0.8770472440944882
21
0.97
0
LINE
8
BLACK
6
CONTINUOUS
10
0.8770472440944882
20
0.97
11
0.8770472440944882
21
1.0070472440944882
0
LINE
8
BLACK
6
CONTINUOUS
10
0.8770472440944882
20
1.0070472440944882
11
0.8229527559055118
21
1.0070472440944882
0
LINE
8
BLACK
6
CONTINUOUS
10
0.8229527559055118
20
1.0070472440944882
11
0.8229527559055118
21
0.97
0
LINE
8
BLACK
6
CONTINUOUS
10
0.8229527559055118
20
0.97
11
0.82277468503937
21
0.9689900787401574
0
LINE
8
BLACK
6
CONTINUOUS
10
0.82277468503937
20
0.9689900787401574
11
0.8214763779527559
21
0.9674428346456693
0
LINE
8
BLACK
6
CONTINUOUS
10
0.8214763779527559
20
0.9674428346456693
11
0.8194872440944881
21
0.9670920866141732
0
LINE
8
BLACK
6
CONTINUOUS
10
0.8194872440944881
20
0.9670920866141732
11
0.8177380708661417
21
0.9681020078740157
0
LINE
8
BLACK
6
CONTINUOUS
10
0.8177380708661417
20
0.9681020078740157
11
0.8170472440944881
21
0.97
0
LINE
8
BLACK
6
CONTINUOUS
10
0.8170472440944881
20
0.97
11
0.8170472440944881
21
1.01
0
LINE
8
BLACK
6
CONTINUOUS
10
0.8170472440944881
20
1.01
11
0.817114842519685
21
1.0103835039370079
0
LINE
8
BLACK
6
CONTINUOUS
10
0.817114842519685
20
1.0103835039370079
11
0.8170920866141732
21
1.0105127559055118
0
LINE
8
BLACK
6
CONTINUOUS
10
0.8170920866141732
20
1.0105127559055118
11
0.8171576771653543
21
1.0106263385826773
0
LINE
8
BLACK
6
CONTINUOUS
10
0.8171576771653543
20
1.0106263385826773
11
0.8172253149606299
21
1.0110099212598425
0
LINE
8
BLACK
6
CONTINUOUS
10
0.8172253149606299
20
1.0110099212598425
11
0.8177184251968503
21
1.0115975984251968
0
LINE
8
BLACK
6
CONTINUOUS
10
0.8177184251968503
20
1.0115975984251968
11
0.8181020078740158
21
1.0122619291338582
0
LINE
8
BLACK
6
CONTINUOUS
10
0.8181020078740158
20
1.0122619291338582
11
0.8183523228346457
21
1.0123530314960629
0
LINE
8
BLACK
6
CONTINUOUS
10
0.8183523228346457
20
1.0123530314960629
11
0.818523622047244
21
1.0125571653543306
0
LINE
8
BLACK
6
CONTINUOUS
10
0.818523622047244
20
1.0125571653543306
11
0.8192791732283464
21
1.0126903937007874
0
LINE
8
BLACK
6
CONTINUOUS
10
0.8192791732283464
20
1.0126903937007874
11
0.82
21
1.0129527559055118
0
LINE
8
BLACK
6
CONTINUOUS
10
0.82
20
1.0129527559055118
11
0.8725144881889764
21
1.0129527559055118
0
LINE
8
BLACK
6
CONTINUOUS
10
0.8725144881889764
20
1.0129527559055118
11
0.8720472440944882
21
1.0149999999999999
0
LINE
8
BLACK
6
CONTINUOUS
10
0.8720472440944882
20
1.0149999999999999
11
0.8728348031496063
21
1.0184505905511811
0
LINE
8
BLACK
6
CONTINUOUS
10
0.8728348031496063
20
1.0184505905511811
11
0.8750415354330708
21
1.021217716535433
0
LINE
8
BLACK
6
CONTINUOUS
10
0.8750415354330708
20
1.021217716535433
11
0.8782303543307086
21
1.0227533464566929
0
LINE
8
BLACK
6
CONTINUOUS
10
0.8782303543307086
20
1.0227533464566929
11
0.8817696456692913
21
1.0227533464566929
0
LINE
8
BLACK
6
CONTINUOUS
10
0.8817696456692913
20
1.0227533464566929
11
0.8849584645669291
21
1.021217716535433
0
LINE
8
BLACK
6
CONTINUOUS
10
0.8784331102362205
20
1.0134331102362204
11
0.8795927952755905
21
1.0129527559055118
0
LINE
8
BLACK
6
CONTINUOUS
10
0.8795927952755905
20
1.0129527559055118
11
0.88
21
1.0129527559055118
0
LINE
8
BLACK
6
CONTINUOUS
10
0.88
20
1.0129527559055118
11
0.8802855905511811
21
1.0129023622047244
0
LINE
8
BLACK
6
CONTINUOUS
10
0.8802855905511811
20
1.0129023622047244
11
0.8815668897637795
21
1.0134331102362204
0
LINE
8
BLACK
6
CONTINUOUS
10
0.8815668897637795
20
1.0134331102362204
11
0.8822159055118109
21
1.0149999999999999
0
LINE
8
BLACK
6
CONTINUOUS
10
0.8822159055118109
20
1.0149999999999999
11
0.8815668897637795
21
1.0165668897637794
0
LINE
8
BLACK
6
CONTINUOUS
10
0.8815668897637795
20
1.0165668897637794
11
0.88
21
1.0172159055118111
0
LINE
8
BLACK
6
CONTINUOUS
10
0.88
20
1.0172159055118111
11
0.8784331102362205
21
1.0165668897637794
0
LINE
8
BLACK
6
CONTINUOUS
10
0.8784331102362205
20
1.0165668897637794
11
0.8777840944881889
21
1.0149999999999999
0
LINE
8
BLACK
6
CONTINUOUS
10
0.8777840944881889
20
1.0149999999999999
11
0.8784331102362205
21
1.0134331102362204
0
LINE
8
BLACK
6
CONTINUOUS
10
0.3654102362204724
20
1.0275988188976377
11
0.3660399606299212
21
1.0260785433070867
0
LINE
8
BLACK
6
CONTINUOUS
10
0.3660399606299212
20
1.0260785433070867
11
0.3654102362204724
21
1.0245582677165355
0
LINE
8
BLACK
6
CONTINUOUS
10
0.3654102362204724
20
1.0245582677165355
11
0.3638899606299212
21
1.0239285433070866
0
LINE
8
BLACK
6
CONTINUOUS
10
0.3638899606299212
20
1.0239285433070866
11
0.355720905511811
21
1.0239285433070866
0
LINE
8
BLACK
6
CONTINUOUS
10
0.355720905511811
20
1.0239285433070866
11
0.355720905511811
21
1.0195118897637796
0
LINE
8
BLACK
6
CONTINUOUS
10
0.355720905511811
20
1.0195118897637796
11
0.3550911811023622
21
1.0179916141732284
0
LINE
8
BLACK
6
CONTINUOUS
10
0.3550911811023622
20
1.0179916141732284
11
0.353570905511811
21
1.0173618897637795
0
LINE
8
BLACK
6
CONTINUOUS
10
0.353570905511811
20
1.0173618897637795
11
0.3520506299212598
21
1.0179916141732284
0
LINE
8
BLACK
6
CONTINUOUS
10
0.3520506299212598
20
1.0179916141732284
11
0.351420905511811
21
1.0195118897637796
0
LINE
8
BLACK
6
CONTINUOUS
10
0.351420905511811
20
1.0195118897637796
11
0.351420905511811
21
1.0239285433070866
0
LINE
8
BLACK
6
CONTINUOUS
10
0.351420905511811
20
1.0239285433070866
11
0.3463399606299212
21
1.0239285433070866
0
LINE
8
BLACK
6
CONTINUOUS
10
0.3463399606299212
20
1.0239285433070866
11
0.3463399606299212
21
1.0166975984251969
0
LINE
8
BLACK
6
CONTINUOUS
10
0.3463399606299212
20
1.0166975984251969
11
0.3457102362204724
21
1.0151773228346457
0
LINE
8
BLACK
6
CONTINUOUS
10
0.3457102362204724
20
1.0151773228346457
11
0.3441899606299212
21
1.0145475984251968
0
LINE
8
BLACK
6
CONTINUOUS
10
0.3441899606299212
20
1.0145475984251968
11
0.3429527559055118
21
1.0150600393700788
0
LINE
8
BLACK
6
CONTINUOUS
10
0.3429527559055118
20
1.0150600393700788
11
0.3429527559055118
21
0.9879527559055118
0
LINE
8
BLACK
6
CONTINUOUS
10
0.3429527559055118
20
0.9879527559055118
11
0.3970472440944882
21
0.9879527559055118
0
LINE
8
BLACK
6
CONTINUOUS
10
0.3970472440944882
20
0.9879527559055118
11
0.3970472440944882
21
1.0249999999999999
0
LINE
8
BLACK
6
CONTINUOUS
10
0.3970472440944882
20
1.0249999999999999
11
0.3972253149606299
21
1.0260099212598426
0
LINE
8
BLACK
6
CONTINUOUS
10
0.3972253149606299
20
1.0260099212598426
11
0.3985236220472441
21
1.0275571653543307
0
LINE
8
BLACK
6
CONTINUOUS
10
0.3985236220472441
20
1.0275571653543307
11
0.4005127559055118
21
1.0279079133858267
0
LINE
8
BLACK
6
CONTINUOUS
10
0.4005127559055118
20
1.0279079133858267
11
0.4022619291338583
21
1.0268979921259842
0
LINE
8
BLACK
6
CONTINUOUS
10
0.4022619291338583
20
1.0268979921259842
11
0.4029527559055118
21
1.0249999999999999
0
LINE
8
BLACK
6
CONTINUOUS
10
0.4029527559055118
20
1.0249999999999999
11
0.4029527559055118
21
0.985
0
LINE
8
BLACK
6
CONTINUOUS
10
0.4029527559055118
20
0.985
11
0.4028851181102362
21
0.9846164566929133
0
LINE
8
BLACK
6
CONTINUOUS
10
0.4028851181102362
20
0.9846164566929133
11
0.4029079133858268
21
0.9844872440944882
0
LINE
8
BLACK
6
CONTINUOUS
10
0.4029079133858268
20
0.9844872440944882
11
0.4028422834645669
21
0.9843736220472441
0
LINE
8
BLACK
6
CONTINUOUS
10
0.4028422834645669
20
0.9843736220472441
11
0.4027746850393701
21
0.9839900787401574
0
LINE
8
BLACK
6
CONTINUOUS
10
0.4027746850393701
20
0.9839900787401574
11
0.4022815354330709
21
0.9834023622047244
0
LINE
8
BLACK
6
CONTINUOUS
10
0.4022815354330709
20
0.9834023622047244
11
0.4018979921259843
21
0.9827380708661417
0
LINE
8
BLACK
6
CONTINUOUS
10
0.4018979921259843
20
0.9827380708661417
11
0.4016476377952756
21
0.9826469291338582
0
LINE
8
BLACK
6
CONTINUOUS
10
0.4016476377952756
20
0.9826469291338582
11
0.4014763779527559
21
0.9824428346456693
0
LINE
8
BLACK
6
CONTINUOUS
10
0.4014763779527559
20
0.9824428346456693
11
0.4007207874015748
21
0.9823095669291338
0
LINE
8
BLACK
6
CONTINUOUS
10
0.4007207874015748
20
0.9823095669291338
11
0.4
21
0.9820472440944882
0
LINE
8
BLACK
6
CONTINUOUS
10
0.4
20
0.9820472440944882
11
0.3474855118110236
21
0.9820472440944882
0
LINE
8
BLACK
6
CONTINUOUS
10
0.3474855118110236
20
0.9820472440944882
11
0.3479527559055118
21
0.98
0
LINE
8
BLACK
6
CONTINUOUS
10
0.3479527559055118
20
0.98
11
0.3471651968503937
21
0.9765494094488189
0
LINE
8
BLACK
6
CONTINUOUS
10
0.3471651968503937
20
0.9765494094488189
11
0.3449584645669291
21
0.9737822834645669
0
LINE
8
BLACK
6
CONTINUOUS
10
0.3449584645669291
20
0.9737822834645669
11
0.3417696456692914
21
0.9722466535433071
0
LINE
8
BLACK
6
CONTINUOUS
10
0.3417696456692914
20
0.9722466535433071
11
0.3382303543307086
21
0.9722466535433071
0
LINE
8
BLACK
6
CONTINUOUS
10
0.3382303543307086
20
0.9722466535433071
11
0.3350415354330709
21
0.9737822834645669
0
LINE
8
BLACK
6
CONTINUOUS
10
0.3350415354330709
20
0.9737822834645669
11
0.3328348031496063
21
0.9765494094488189
0
LINE
8
BLACK
6
CONTINUOUS
10
0.3328348031496063
20
0.9765494094488189
11
0.3320472440944882
21
0.98
0
LINE
8
BLACK
6
CONTINUOUS
10
0.3320472440944882
20
0.98
11
0.3328348031496063
21
0.9834505905511811
0
LINE
8
BLACK
6
CONTINUOUS
10
0.3328348031496063
20
0.9834505905511811
11
0.3350415354330709
21
0.986217716535433
0
LINE
8
BLACK
6
CONTINUOUS
10
0.3350415354330709
20
0.986217716535433
11
0.3370472440944882
21
0.9871835826771653
0
LINE
8
BLACK
6
CONTINUOUS
10
0.3370472440944882
20
0.9871835826771653
11
0.3370472440944882
21
1.0249999999999999
0
LINE
8
BLACK
6
CONTINUOUS
10
0.3370472440944882
20
1.0249999999999999
11
0.3372253149606299
21
1.0260099212598426
0
LINE
8
BLACK
6
CONTINUOUS
10
0.3372253149606299
20
1.0260099212598426
11
0.3385236220472441
21
1.0275571653543307
0
LINE
8
BLACK
6
CONTINUOUS
10
0.3385236220472441
20
1.0275571653543307
11
0.3405127559055118
21
1.0279079133858267
0
LINE
8
BLACK
6
CONTINUOUS
10
0.3405127559055118
20
1.0279079133858267
11
0.3422619291338583
21
1.0268979921259842
0
LINE
8
BLACK
6
CONTINUOUS
10
0.3422619291338583
20
1.0268979921259842
11
0.3423168503937008
21
1.0267470472440945
0
LINE
8
BLACK
6
CONTINUOUS
10
0.3423168503937008
20
1.0267470472440945
11
0.3426696850393701
21
1.0275988188976377
0
LINE
8
BLACK
6
CONTINUOUS
10
0.3426696850393701
20
1.0275988188976377
11
0.3441899606299212
21
1.0282285433070866
0
LINE
8
BLACK
6
CONTINUOUS
10
0.3441899606299212
20
1.0282285433070866
11
0.3638899606299212
21
1.0282285433070866
0
LINE
8
BLACK
6
CONTINUOUS
10
0.3638899606299212
20
1.0282285433070866
11
0.3654102362204724
21
1.0275988188976377
0
LINE
8
BLACK
6
CONTINUOUS
10
0.3384331102362205
20
0.9784331102362205
11
0.34
21
0.9777840944881889
0
LINE
8
BLACK
6
CONTINUOUS
10
0.34
20
0.9777840944881889
11
0.3415668897637795
21
0.9784331102362205
0
LINE
8
BLACK
6
CONTINUOUS
10
0.3415668897637795
20
0.9784331102362205
11
0.342215905511811
21
0.98
0
LINE
8
BLACK
6
CONTINUOUS
10
0.342215905511811
20
0.98
11
0.3415668897637795
21
0.9815668897637795
0
LINE
8
BLACK
6
CONTINUOUS
10
0.3415668897637795
20
0.9815668897637795
11
0.3404072047244094
21
0.9820472440944882
0
LINE
8
BLACK
6
CONTINUOUS
10
0.3404072047244094
20
0.9820472440944882
11
0.34
21
0.9820472440944882
0
LINE
8
BLACK
6
CONTINUOUS
10
0.34
20
0.9820472440944882
11
0.3397143700787402
21
0.9820975984251968
0
LINE
8
BLACK
6
CONTINUOUS
10
0.3397143700787402
20
0.9820975984251968
11
0.3384331102362205
21
0.9815668897637795
0
LINE
8
BLACK
6
CONTINUOUS
10
0.3384331102362205
20
0.9815668897637795
11
0.337784094488189
21
0.98
0
LINE
8
BLACK
6
CONTINUOUS
10
0.337784094488189
20
0.98
11
0.3384331102362205
21
0.9784331102362205
0
LINE
8
BLACK
6
CONTINUOUS
10
0.7754102362204724
20
0.9882654724409449
11
0.7760399606299212
21
0.9867451968503936
0
LINE
8
BLACK
6
CONTINUOUS
10
0.7760399606299212
20
0.9867451968503936
11
0.7760399606299212
21
0.9754880708661418
0
LINE
8
BLACK
6
CONTINUOUS
10
0.7760399606299212
20
0.9754880708661418
11
0.7754102362204724
21
0.9739677952755905
0
LINE
8
BLACK
6
CONTINUOUS
10
0.7754102362204724
20
0.9739677952755905
11
0.7738899606299212
21
0.9733380708661417
0
LINE
8
BLACK
6
CONTINUOUS
10
0.7738899606299212
20
0.9733380708661417
11
0.7723696850393701
21
0.9739677952755905
0
LINE
8
BLACK
6
CONTINUOUS
10
0.7723696850393701
20
0.9739677952755905
11
0.7717399606299212
21
0.9754880708661418
0
LINE
8
BLACK
6
CONTINUOUS
10
0.7717399606299212
20
0.9754880708661418
11
0.7717399606299212
21
0.9789666141732283
0
LINE
8
BLACK
6
CONTINUOUS
10
0.7717399606299212
20
0.9789666141732283
11
0.7541899606299213
21
0.9789666141732283
0
LINE
8
BLACK
6
CONTINUOUS
10
0.7541899606299213
20
0.9789666141732283
11
0.7539853937007874
21
0.9790512992125984
0
LINE
8
BLACK
6
CONTINUOUS
10
0.7539853937007874
20
0.9790512992125984
11
0.7537683070866141
21
0.9790083858267716
0
LINE
8
BLACK
6
CONTINUOUS
10
0.7537683070866141
20
0.9790083858267716
11
0.7532481496062992
21
0.9793566929133858
0
LINE
8
BLACK
6
CONTINUOUS
10
0.7532481496062992
20
0.9793566929133858
11
0.75266968503937
21
0.9795963385826771
0
LINE
8
BLACK
6
CONTINUOUS
10
0.75266968503937
20
0.9795963385826771
11
0.7525849606299212
21
0.9798008267716535
0
LINE
8
BLACK
6
CONTINUOUS
10
0.7525849606299212
20
0.9798008267716535
11
0.7524010629921259
21
0.9799240157480315
0
LINE
8
BLACK
6
CONTINUOUS
10
0.7524010629921259
20
0.9799240157480315
11
0.7522795669291339
21
0.9805381102362204
0
LINE
8
BLACK
6
CONTINUOUS
10
0.7522795669291339
20
0.9805381102362204
11
0.7520399606299213
21
0.9811166141732284
0
LINE
8
BLACK
6
CONTINUOUS
10
0.7520399606299213
20
0.9811166141732284
11
0.7521246456692913
21
0.9813211417322835
0
LINE
8
BLACK
6
CONTINUOUS
10
0.7521246456692913
20
0.9813211417322835
11
0.7520817322834645
21
0.9815382677165354
0
LINE
8
BLACK
6
CONTINUOUS
10
0.7520817322834645
20
0.9815382677165354
11
0.7524300393700787
21
0.9820583858267716
0
LINE
8
BLACK
6
CONTINUOUS
10
0.7524300393700787
20
0.9820583858267716
11
0.75266968503937
21
0.9826368897637795
0
LINE
8
BLACK
6
CONTINUOUS
10
0.75266968503937
20
0.9826368897637795
11
0.7528741732283465
21
0.9827215748031496
0
LINE
8
BLACK
6
CONTINUOUS
10
0.7528741732283465
20
0.9827215748031496
11
0.7529973622047244
21
0.9829055118110236
0
LINE
8
BLACK
6
CONTINUOUS
10
0.7529973622047244
20
0.9829055118110236
11
0.7556345275590551
21
0.9846636614173229
0
LINE
8
BLACK
6
CONTINUOUS
10
0.7556345275590551
20
0.9846636614173229
11
0.7571134251968504
21
0.9861425590551181
0
LINE
8
BLACK
6
CONTINUOUS
10
0.7571134251968504
20
0.9861425590551181
11
0.7578955118110237
21
0.9877067322834645
0
LINE
8
BLACK
6
CONTINUOUS
10
0.7578955118110237
20
0.9877067322834645
11
0.7591386614173228
21
0.988784842519685
0
LINE
8
BLACK
6
CONTINUOUS
10
0.7591386614173228
20
0.988784842519685
11
0.7607800787401575
21
0.988668188976378
0
LINE
8
BLACK
6
CONTINUOUS
10
0.7607800787401575
20
0.988668188976378
11
0.7618582283464567
21
0.9874250787401575
0
LINE
8
BLACK
6
CONTINUOUS
10
0.7618582283464567
20
0.9874250787401575
11
0.7617415354330709
21
0.9857836614173228
0
LINE
8
BLACK
6
CONTINUOUS
10
0.7617415354330709
20
0.9857836614173228
11
0.7608034251968504
21
0.9839074803149606
0
LINE
8
BLACK
6
CONTINUOUS
10
0.7608034251968504
20
0.9839074803149606
11
0.7605361023622047
21
0.9836756299212598
0
LINE
8
BLACK
6
CONTINUOUS
10
0.7605361023622047
20
0.9836756299212598
11
0.7604007086614173
21
0.9833487401574803
0
LINE
8
BLACK
6
CONTINUOUS
10
0.7604007086614173
20
0.9833487401574803
11
0.7603185826771653
21
0.9832666141732284
0
LINE
8
BLACK
6
CONTINUOUS
10
0.7603185826771653
20
0.9832666141732284
11
0.7717399606299212
21
0.9832666141732284
0
LINE
8
BLACK
6
CONTINUOUS
10
0.7717399606299212
20
0.9832666141732284
11
0.7717399606299212
21
0.9867451968503936
0
LINE
8
BLACK
6
CONTINUOUS
10
0.7717399606299212
20
0.9867451968503936
11
0.7723696850393701
21
0.9882654724409449
0
LINE
8
BLACK
6
CONTINUOUS
10
0.7723696850393701
20
0.9882654724409449
11
0.7738899606299212
21
0.9888951968503937
0
LINE
8
BLACK
6
CONTINUOUS
10
0.7738899606299212
20
0.9888951968503937
11
0.7754102362204724
21
0.9882654724409449
0
LINE
8
BLACK
6
CONTINUOUS
10
0.2949584645669291
20
1.031217716535433
11
0.2971651968503937
21
1.0284505905511812
0
LINE
8
BLACK
6
CONTINUOUS
10
0.2971651968503937
20
1.0284505905511812
11
0.2979527559055118
21
1.0249999999999999
0
LINE
8
BLACK
6
CONTINUOUS
10
0.2979527559055118
20
1.0249999999999999
11
0.2971651968503937
21
1.0215494094488189
0
LINE
8
BLACK
6
CONTINUOUS
10
0.2971651968503937
20
1.0215494094488189
11
0.2949584645669291
21
1.018782283464567
0
LINE
8
BLACK
6
CONTINUOUS
10
0.2949584645669291
20
1.018782283464567
11
0.2929527559055118
21
1.0178163779527558
0
LINE
8
BLACK
6
CONTINUOUS
10
0.2929527559055118
20
1.0178163779527558
11
0.2929527559055118
21
0.98
0
LINE
8
BLACK
6
CONTINUOUS
10
0.2929527559055118
20
0.98
11
0.2927746850393701
21
0.9789900787401574
0
LINE
8
BLACK
6
CONTINUOUS
10
0.2927746850393701
20
0.9789900787401574
11
0.2914763779527559
21
0.9774428346456693
0
LINE
8
BLACK
6
CONTINUOUS
10
0.2914763779527559
20
0.9774428346456693
11
0.2894872440944882
21
0.9770920866141732
0
LINE
8
BLACK
6
CONTINUOUS
10
0.2894872440944882
20
0.9770920866141732
11
0.2877380708661417
21
0.9781020078740157
0
LINE
8
BLACK
6
CONTINUOUS
10
0.2877380708661417
20
0.9781020078740157
11
0.2870472440944882
21
0.98
0
LINE
8
BLACK
6
CONTINUOUS
10
0.2870472440944882
20
0.98
11
0.2870472440944882
21
1.0170472440944882
0
LINE
8
BLACK
6
CONTINUOUS
10
0.2870472440944882
20
1.0170472440944882
11
0.2329527559055118
21
1.0170472440944882
0
LINE
8
BLACK
6
CONTINUOUS
10
0.2329527559055118
20
1.0170472440944882
11
0.2329527559055118
21
0.98
0
LINE
8
BLACK
6
CONTINUOUS
10
0.2329527559055118
20
0.98
11
0.2327746850393701
21
0.9789900787401574
0
LINE
8
BLACK
6
CONTINUOUS
10
0.2327746850393701
20
0.9789900787401574
11
0.2314763779527559
21
0.9774428346456693
0
LINE
8
BLACK
6
CONTINUOUS
10
0.2314763779527559
20
0.9774428346456693
11
0.2294872440944882
21
0.9770920866141732
0
LINE
8
BLACK
6
CONTINUOUS
10
0.2294872440944882
20
0.9770920866141732
11
0.2277380708661417
21
0.9781020078740157
0
LINE
8
BLACK
6
CONTINUOUS
10
0.2277380708661417
20
0.9781020078740157
11
0.2270472440944882
21
0.98
0
LINE
8
BLACK
6
CONTINUOUS
10
0.2270472440944882
20
0.98
11
0.2270472440944882
21
1.02
0
LINE
8
BLACK
6
CONTINUOUS
10
0.2270472440944882
20
1.02
11
0.227114842519685
21
1.0203835039370079
0
LINE
8
BLACK
6
CONTINUOUS
10
0.227114842519685
20
1.0203835039370079
11
0.2270920866141732
21
1.0205127559055118
0
LINE
8
BLACK
6
CONTINUOUS
10
0.2270920866141732
20
1.0205127559055118
11
0.2271576771653543
21
1.020626338582677
0
LINE
8
BLACK
6
CONTINUOUS
10
0.2271576771653543
20
1.020626338582677
11
0.2272253149606299
21
1.0210099212598425
0
LINE
8
BLACK
6
CONTINUOUS
10
0.2272253149606299
20
1.0210099212598425
11
0.2277184251968504
21
1.0215975984251968
0
LINE
8
BLACK
6
CONTINUOUS
10
0.2277184251968504
20
1.0215975984251968
11
0.2281020078740157
21
1.0222619291338582
0
LINE
8
BLACK
6
CONTINUOUS
10
0.2281020078740157
20
1.0222619291338582
11
0.2283523228346457
21
1.0223530314960629
0
LINE
8
BLACK
6
CONTINUOUS
10
0.2283523228346457
20
1.0223530314960629
11
0.2285236220472441
21
1.0225571653543306
0
LINE
8
BLACK
6
CONTINUOUS
10
0.2285236220472441
20
1.0225571653543306
11
0.2292791732283465
21
1.0226903937007874
0
LINE
8
BLACK
6
CONTINUOUS
10
0.2292791732283465
20
1.0226903937007874
11
0.23
21
1.0229527559055118
0
LINE
8
BLACK
6
CONTINUOUS
10
0.23
20
1.0229527559055118
11
0.2825144881889764
21
1.0229527559055118
0
LINE
8
BLACK
6
CONTINUOUS
10
0.2825144881889764
20
1.0229527559055118
11
0.2820472440944882
21
1.0249999999999999
0
LINE
8
BLACK
6
CONTINUOUS
10
0.2820472440944882
20
1.0249999999999999
11
0.2828348031496063
21
1.0284505905511812
0
LINE
8
BLACK
6
CONTINUOUS
10
0.2828348031496063
20
1.0284505905511812
11
0.2850415354330709
21
1.031217716535433
0
LINE
8
BLACK
6
CONTINUOUS
10
0.2850415354330709
20
1.031217716535433
11
0.2882303543307086
21
1.0327533464566929
0
LINE
8
BLACK
6
CONTINUOUS
10
0.2882303543307086
20
1.0327533464566929
11
0.2917696456692913
21
1.0327533464566929
0
LINE
8
BLACK
6
CONTINUOUS
10
0.2917696456692913
20
1.0327533464566929
11
0.2949584645669291
21
1.031217716535433
0
LINE
8
BLACK
6
CONTINUOUS
10
0.2884331102362205
20
1.0234331102362204
11
0.2895927952755906
21
1.0229527559055118
0
LINE
8
BLACK
6
CONTINUOUS
10
0.2895927952755906
20
1.0229527559055118
11
0.29
21
1.0229527559055118
0
LINE
8
BLACK
6
CONTINUOUS
10
0.29
20
1.0229527559055118
11
0.2902855905511811
21
1.0229023622047244
0
LINE
8
BLACK
6
CONTINUOUS
10
0.2902855905511811
20
1.0229023622047244
11
0.2915668897637795
21
1.0234331102362204
0
LINE
8
BLACK
6
CONTINUOUS
10
0.2915668897637795
20
1.0234331102362204
11
0.292215905511811
21
1.0249999999999999
0
LINE
8
BLACK
6
CONTINUOUS
10
0.292215905511811
20
1.0249999999999999
11
0.2915668897637795
21
1.0265668897637794
0
LINE
8
BLACK
6
CONTINUOUS
10
0.2915668897637795
20
1.0265668897637794
11
0.29
21
1.0272159055118111
0
LINE
8
BLACK
6
CONTINUOUS
10
0.29
20
1.0272159055118111
11
0.2884331102362205
21
1.0265668897637794
0
LINE
8
BLACK
6
CONTINUOUS
10
0.2884331102362205
20
1.0265668897637794
11
0.287784094488189
21
1.0249999999999999
0
LINE
8
BLACK
6
CONTINUOUS
10
0.287784094488189
20
1.0249999999999999
11
0.2884331102362205
21
1.0234331102362204
0
LINE
8
BLACK
6
CONTINUOUS
10
0.5448012992125985
20
1.0801263385826771
11
0.545492125984252
21
1.0782283464566929
0
LINE
8
BLACK
6
CONTINUOUS
10
0.545492125984252
20
1.0782283464566929
11
0.545492125984252
21
0.9817716535433071
0
LINE
8
BLACK
6
CONTINUOUS
10
0.545492125984252
20
0.9817716535433071
11
0.5453140551181103
21
0.9807617322834645
0
LINE
8
BLACK
6
CONTINUOUS
10
0.5453140551181103
20
0.9807617322834645
11
0.5440157480314961
21
0.9792144881889764
0
LINE
8
BLACK
6
CONTINUOUS
10
0.5440157480314961
20
0.9792144881889764
11
0.5420266141732283
21
0.9788637401574803
0
LINE
8
BLACK
6
CONTINUOUS
10
0.5420266141732283
20
0.9788637401574803
11
0.5402774409448818
21
0.9798736614173228
0
LINE
8
BLACK
6
CONTINUOUS
10
0.5402774409448818
20
0.9798736614173228
11
0.5395866141732283
21
0.9817716535433071
0
LINE
8
BLACK
6
CONTINUOUS
10
0.5395866141732283
20
0.9817716535433071
11
0.5395866141732283
21
1.0782283464566929
0
LINE
8
BLACK
6
CONTINUOUS
10
0.5395866141732283
20
1.0782283464566929
11
0.53976468503937
21
1.0792382677165353
0
LINE
8
BLACK
6
CONTINUOUS
10
0.53976468503937
20
1.0792382677165353
11
0.5410629921259842
21
1.0807855118110237
0
LINE
8
BLACK
6
CONTINUOUS
10
0.5410629921259842
20
1.0807855118110237
11
0.543052125984252
21
1.0811362598425196
0
LINE
8
BLACK
6
CONTINUOUS
10
0.543052125984252
20
1.0811362598425196
11
0.5448012992125985
21
1.0801263385826771
0
LINE
8
BLACK
6
CONTINUOUS
10
0.6015438582677165
20
1.0229977165354331
11
0.6026566929133859
21
1.0213121653543307
0
LINE
8
BLACK
6
CONTINUOUS
10
0.6026566929133859
20
1.0213121653543307
11
0.6024257874015748
21
1.0193056299212597
0
LINE
8
BLACK
6
CONTINUOUS
10
0.6024257874015748
20
1.0193056299212597
11
0.6005510236220473
21
1.0155561023622046
0
LINE
8
BLACK
6
CONTINUOUS
10
0.6005510236220473
20
1.0155561023622046
11
0.6000250787401574
21
1.0148470078740157
0
LINE
8
BLACK
6
CONTINUOUS
10
0.6000250787401574
20
1.0148470078740157
11
0.5999979133858268
21
1.0147887007874015
0
LINE
8
BLACK
6
CONTINUOUS
10
0.5999979133858268
20
1.0147887007874015
11
0.5975395275590552
21
1.01233031496063
0
LINE
8
BLACK
6
CONTINUOUS
10
0.5975395275590552
20
1.01233031496063
11
0.6249535039370079
21
1.01233031496063
0
LINE
8
BLACK
6
CONTINUOUS
10
0.6249535039370079
20
1.01233031496063
11
0.6249535039370079
21
1.0206261417322835
0
LINE
8
BLACK
6
CONTINUOUS
10
0.6249535039370079
20
1.0206261417322835
11
0.6251315748031496
21
1.0216360629921259
0
LINE
8
BLACK
6
CONTINUOUS
10
0.6251315748031496
20
1.0216360629921259
11
0.6264298818897638
21
1.0231833070866141
0
LINE
8
BLACK
6
CONTINUOUS
10
0.6264298818897638
20
1.0231833070866141
11
0.6284190157480315
21
1.0235340551181102
0
LINE
8
BLACK
6
CONTINUOUS
10
0.6284190157480315
20
1.0235340551181102
11
0.6301681889763779
21
1.0225241338582678
0
LINE
8
BLACK
6
CONTINUOUS
10
0.6301681889763779
20
1.0225241338582678
11
0.6308590157480315
21
1.0206261417322835
0
LINE
8
BLACK
6
CONTINUOUS
10
0.6308590157480315
20
1.0206261417322835
11
0.6308590157480315
21
0.9981289763779527
0
LINE
8
BLACK
6
CONTINUOUS
10
0.6308590157480315
20
0.9981289763779527
11
0.6306809448818897
21
0.9971190551181102
0
LINE
8
BLACK
6
CONTINUOUS
10
0.6306809448818897
20
0.9971190551181102
11
0.6293826377952756
21
0.995571811023622
0
LINE
8
BLACK
6
CONTINUOUS
10
0.6293826377952756
20
0.995571811023622
11
0.6273935039370079
21
0.995221062992126
0
LINE
8
BLACK
6
CONTINUOUS
10
0.6273935039370079
20
0.995221062992126
11
0.6256443307086614
21
0.9962309842519684
0
LINE
8
BLACK
6
CONTINUOUS
10
0.6256443307086614
20
0.9962309842519684
11
0.6249535039370079
21
0.9981289763779527
0
LINE
8
BLACK
6
CONTINUOUS
10
0.6249535039370079
20
0.9981289763779527
11
0.6249535039370079
21
1.0064248031496064
0
LINE
8
BLACK
6
CONTINUOUS
10
0.6249535039370079
20
1.0064248031496064
11
0.5885361811023622
21
1.0064248031496064
0
LINE
8
BLACK
6
CONTINUOUS
10
0.5885361811023622
20
1.0064248031496064
11
0.5875262598425197
21
1.006602874015748
0
LINE
8
BLACK
6
CONTINUOUS
10
0.5875262598425197
20
1.006602874015748
11
0.5873961811023621
21
1.006711968503937
0
LINE
8
BLACK
6
CONTINUOUS
10
0.5873961811023621
20
1.006711968503937
11
0.5872274409448819
21
1.0067306692913385
0
LINE
8
BLACK
6
CONTINUOUS
10
0.5872274409448819
20
1.0067306692913385
11
0.5866355118110236
21
1.0073502755905512
0
LINE
8
BLACK
6
CONTINUOUS
10
0.5866355118110236
20
1.0073502755905512
11
0.5859790157480315
21
1.0079011811023622
0
LINE
8
BLACK
6
CONTINUOUS
10
0.5859790157480315
20
1.0079011811023622
11
0.5859495275590551
21
1.0080683858267716
0
LINE
8
BLACK
6
CONTINUOUS
10
0.5859495275590551
20
1.0080683858267716
11
0.5858322440944882
21
1.0081911811023623
0
LINE
8
BLACK
6
CONTINUOUS
10
0.5858322440944882
20
1.0081911811023623
11
0.5857770866141733
21
1.0090462992125984
0
LINE
8
BLACK
6
CONTINUOUS
10
0.5857770866141733
20
1.0090462992125984
11
0.5856282677165354
21
1.00989031496063
0
LINE
8
BLACK
6
CONTINUOUS
10
0.5856282677165354
20
1.00989031496063
11
0.5857131496062992
21
1.0100373622047243
0
LINE
8
BLACK
6
CONTINUOUS
10
0.5857131496062992
20
1.0100373622047243
11
0.5857022440944881
21
1.0102067716535432
0
LINE
8
BLACK
6
CONTINUOUS
10
0.5857022440944881
20
1.0102067716535432
11
0.5862096850393701
21
1.0108973622047244
0
LINE
8
BLACK
6
CONTINUOUS
10
0.5862096850393701
20
1.0108973622047244
11
0.586638188976378
21
1.0116394881889763
0
LINE
8
BLACK
6
CONTINUOUS
10
0.586638188976378
20
1.0116394881889763
11
0.5867976771653544
21
1.0116975196850393
0
LINE
8
BLACK
6
CONTINUOUS
10
0.5867976771653544
20
1.0116975196850393
11
0.5868982677165354
21
1.011834409448819
0
LINE
8
BLACK
6
CONTINUOUS
10
0.5868982677165354
20
1.011834409448819
11
0.5922792913385827
21
1.0154217322834644
0
LINE
8
BLACK
6
CONTINUOUS
10
0.5922792913385827
20
1.0154217322834644
11
0.5954832677165354
21
1.0186257086614172
0
LINE
8
BLACK
6
CONTINUOUS
10
0.5954832677165354
20
1.0186257086614172
11
0.5971437401574803
21
1.021946653543307
0
LINE
8
BLACK
6
CONTINUOUS
10
0.5971437401574803
20
1.021946653543307
11
0.5977546456692914
21
1.02277031496063
0
LINE
8
BLACK
6
CONTINUOUS
10
0.5977546456692914
20
1.02277031496063
11
0.5996078346456692
21
1.0235735826771653
0
LINE
8
BLACK
6
CONTINUOUS
10
0.5996078346456692
20
1.0235735826771653
11
0.6015438582677165
21
1.0229977165354331
0
LINE
8
BLACK
6
CONTINUOUS
10
0.3768427952755906
20
1.0427370078740157
11
0.377341968503937
21
1.0427015354330709
0
LINE
8
BLACK
6
CONTINUOUS
10
0.377341968503937
20
1.0427015354330709
11
0.3792181496062992
21
1.0417634645669291
0
LINE
8
BLACK
6
CONTINUOUS
10
0.3792181496062992
20
1.0417634645669291
11
0.3794499606299213
21
1.0414961023622047
0
LINE
8
BLACK
6
CONTINUOUS
10
0.3794499606299213
20
1.0414961023622047
11
0.3797768503937008
21
1.0413607480314961
0
LINE
8
BLACK
6
CONTINUOUS
10
0.3797768503937008
20
1.0413607480314961
11
0.3801327952755905
21
1.0410047637795274
0
LINE
8
BLACK
6
CONTINUOUS
10
0.3801327952755905
20
1.0410047637795274
11
0.3804887795275591
21
1.0413607480314961
0
LINE
8
BLACK
6
CONTINUOUS
10
0.3804887795275591
20
1.0413607480314961
11
0.3808156299212598
21
1.0414961023622047
0
LINE
8
BLACK
6
CONTINUOUS
10
0.3808156299212598
20
1.0414961023622047
11
0.3810474803149606
21
1.0417634251968504
0
LINE
8
BLACK
6
CONTINUOUS
10
0.3810474803149606
20
1.0417634251968504
11
0.3829236614173228
21
1.0427015354330709
0
LINE
8
BLACK
6
CONTINUOUS
10
0.3829236614173228
20
1.0427015354330709
11
0.3834227952755905
21
1.0427370078740157
0
LINE
8
BLACK
6
CONTINUOUS
10
0.3834227952755905
20
1.0427370078740157
11
0.3838851968503937
21
1.0429285433070865
0
LINE
8
BLACK
6
CONTINUOUS
10
0.3838851968503937
20
1.0429285433070865
11
0.3876375984251968
21
1.0429285433070865
0
LINE
8
BLACK
6
CONTINUOUS
10
0.3876375984251968
20
1.0429285433070865
11
0.3880999606299212
21
1.0427370078740157
0
LINE
8
BLACK
6
CONTINUOUS
10
0.3880999606299212
20
1.0427370078740157
11
0.3885991338582677
21
1.0427015354330709
0
LINE
8
BLACK
6
CONTINUOUS
10
0.3885991338582677
20
1.0427015354330709
11
0.3904753149606299
21
1.0417634645669291
0
LINE
8
BLACK
6
CONTINUOUS
10
0.3904753149606299
20
1.0417634645669291
11
0.3907071259842519
21
1.0414961023622047
0
LINE
8
BLACK
6
CONTINUOUS
10
0.3907071259842519
20
1.0414961023622047
11
0.3910340157480315
21
1.0413607480314961
0
LINE
8
BLACK
6
CONTINUOUS
10
0.3910340157480315
20
1.0413607480314961
11
0.391972125984252
21
1.0404226771653544
0
LINE
8
BLACK
6
CONTINUOUS
10
0.391972125984252
20
1.0404226771653544
11
0.3921075196850394
21
1.0400957086614173
0
LINE
8
BLACK
6
CONTINUOUS
10
0.3921075196850394
20
1.0400957086614173
11
0.3923749212598425
21
1.0398638582677164
0
LINE
8
BLACK
6
CONTINUOUS
10
0.3923749212598425
20
1.0398638582677164
11
0.3933129921259843
21
1.0379876771653542
0
LINE
8
BLACK
6
CONTINUOUS
10
0.3933129921259843
20
1.0379876771653542
11
0.3933484251968504
21
1.0374885039370079
0
LINE
8
BLACK
6
CONTINUOUS
10
0.3933484251968504
20
1.0374885039370079
11
0.3935399606299212
21
1.0370261811023622
0
LINE
8
BLACK
6
CONTINUOUS
10
0.3935399606299212
20
1.0370261811023622
11
0.3935399606299212
21
1.0332737795275591
0
LINE
8
BLACK
6
CONTINUOUS
10
0.3935399606299212
20
1.0332737795275591
11
0.3933484251968504
21
1.0328114173228347
0
LINE
8
BLACK
6
CONTINUOUS
10
0.3933484251968504
20
1.0328114173228347
11
0.3933129921259843
21
1.0323122834645668
0
LINE
8
BLACK
6
CONTINUOUS
10
0.3933129921259843
20
1.0323122834645668
11
0.3923749212598425
21
1.0304361023622046
0
LINE
8
BLACK
6
CONTINUOUS
10
0.3923749212598425
20
1.0304361023622046
11
0.3921075590551181
21
1.0302042125984252
0
LINE
8
BLACK
6
CONTINUOUS
10
0.3921075590551181
20
1.0302042125984252
11
0.3919721653543307
21
1.0298773228346456
0
LINE
8
BLACK
6
CONTINUOUS
10
0.3919721653543307
20
1.0298773228346456
11
0.3910340551181102
21
1.0289392125984251
0
LINE
8
BLACK
6
CONTINUOUS
10
0.3910340551181102
20
1.0289392125984251
11
0.3907071259842519
21
1.0288037795275591
0
LINE
8
BLACK
6
CONTINUOUS
10
0.3907071259842519
20
1.0288037795275591
11
0.3904752755905512
21
1.0285364566929134
0
LINE
8
BLACK
6
CONTINUOUS
10
0.3904752755905512
20
1.0285364566929134
11
0.388599094488189
21
1.0275983858267717
0
LINE
8
BLACK
6
CONTINUOUS
10
0.388599094488189
20
1.0275983858267717
11
0.3880999212598425
21
1.0275629133858268
0
LINE
8
BLACK
6
CONTINUOUS
10
0.3880999212598425
20
1.0275629133858268
11
0.3876375984251968
21
1.0273714173228345
0
LINE
8
BLACK
6
CONTINUOUS
10
0.3876375984251968
20
1.0273714173228345
11
0.3838851968503937
21
1.0273714173228345
0
LINE
8
BLACK
6
CONTINUOUS
10
0.3838851968503937
20
1.0273714173228345
11
0.3834228346456693
21
1.0275629133858268
0
LINE
8
BLACK
6
CONTINUOUS
10
0.3834228346456693
20
1.0275629133858268
11
0.3829237007874016
21
1.0275983858267717
0
LINE
8
BLACK
6
CONTINUOUS
10
0.3829237007874016
20
1.0275983858267717
11
0.3810475196850394
21
1.0285364566929134
0
LINE
8
BLACK
6
CONTINUOUS
10
0.3810475196850394
20
1.0285364566929134
11
0.3808156299212598
21
1.0288037795275591
0
LINE
8
BLACK
6
CONTINUOUS
10
0.3808156299212598
20
1.0288037795275591
11
0.3804887401574803
21
1.0289392125984251
0
LINE
8
BLACK
6
CONTINUOUS
10
0.3804887401574803
20
1.0289392125984251
11
0.3801327952755905
21
1.0292951181102361
0
LINE
8
BLACK
6
CONTINUOUS
10
0.3801327952755905
20
1.0292951181102361
11
0.3797768897637795
21
1.0289392125984251
0
LINE
8
BLACK
6
CONTINUOUS
10
0.3797768897637795
20
1.0289392125984251
11
0.3794499606299213
21
1.0288037795275591
0
LINE
8
BLACK
6
CONTINUOUS
10
0.3794499606299213
20
1.0288037795275591
11
0.3792181102362205
21
1.0285364566929134
0
LINE
8
BLACK
6
CONTINUOUS
10
0.3792181102362205
20
1.0285364566929134
11
0.3773419291338583
21
1.0275983858267717
0
LINE
8
BLACK
6
CONTINUOUS
10
0.3773419291338583
20
1.0275983858267717
11
0.3768427559055118
21
1.0275629133858268
0
LINE
8
BLACK
6
CONTINUOUS
10
0.3768427559055118
20
1.0275629133858268
11
0.3763804330708662
21
1.0273714173228345
0
LINE
8
BLACK
6
CONTINUOUS
10
0.3763804330708662
20
1.0273714173228345
11
0.3754423622047244
21
1.0273714173228345
0
LINE
8
BLACK
6
CONTINUOUS
10
0.3754423622047244
20
1.0273714173228345
11
0.37498
21
1.0275629133858268
0
LINE
8
BLACK
6
CONTINUOUS
10
0.37498
20
1.0275629133858268
11
0.374480905511811
21
1.0275983858267717
0
LINE
8
BLACK
6
CONTINUOUS
10
0.374480905511811
20
1.0275983858267717
11
0.3726046456692914
21
1.0285364566929134
0
LINE
8
BLACK
6
CONTINUOUS
10
0.3726046456692914
20
1.0285364566929134
11
0.3723727559055118
21
1.0288038188976378
0
LINE
8
BLACK
6
CONTINUOUS
10
0.3723727559055118
20
1.0288038188976378
11
0.3720458267716535
21
1.0289392519685039
0
LINE
8
BLACK
6
CONTINUOUS
10
0.3720458267716535
20
1.0289392519685039
11
0.3711077559055118
21
1.0298773622047244
0
LINE
8
BLACK
6
CONTINUOUS
10
0.3711077559055118
20
1.0298773622047244
11
0.3709723622047244
21
1.0302042125984252
0
LINE
8
BLACK
6
CONTINUOUS
10
0.3709723622047244
20
1.0302042125984252
11
0.3707050393700788
21
1.0304360629921259
0
LINE
8
BLACK
6
CONTINUOUS
10
0.3707050393700788
20
1.0304360629921259
11
0.369766968503937
21
1.0323122440944881
0
LINE
8
BLACK
6
CONTINUOUS
10
0.369766968503937
20
1.0323122440944881
11
0.3697314566929134
21
1.0328113779527559
0
LINE
8
BLACK
6
CONTINUOUS
10
0.3697314566929134
20
1.0328113779527559
11
0.3695399606299212
21
1.0332737795275591
0
LINE
8
BLACK
6
CONTINUOUS
10
0.3695399606299212
20
1.0332737795275591
11
0.3695399606299212
21
1.0370261811023622
0
LINE
8
BLACK
6
CONTINUOUS
10
0.3695399606299212
20
1.0370261811023622
11
0.3697314566929134
21
1.0374885433070866
0
LINE
8
BLACK
6
CONTINUOUS
10
0.3697314566929134
20
1.0374885433070866
11
0.369766968503937
21
1.037987716535433
0
LINE
8
BLACK
6
CONTINUOUS
10
0.369766968503937
20
1.037987716535433
11
0.3707050393700788
21
1.0398638976377952
0
LINE
8
BLACK
6
CONTINUOUS
10
0.3707050393700788
20
1.0398638976377952
11
0.3709723622047244
21
1.0400957480314961
0
LINE
8
BLACK
6
CONTINUOUS
10
0.3709723622047244
20
1.0400957480314961
11
0.3711077952755906
21
1.0404226377952757
0
LINE
8
BLACK
6
CONTINUOUS
10
0.3711077952755906
20
1.0404226377952757
11
0.3720458661417323
21
1.0413607086614174
0
LINE
8
BLACK
6
CONTINUOUS
10
0.3720458661417323
20
1.0413607086614174
11
0.3723727559055118
21
1.0414961023622047
0
LINE
8
BLACK
6
CONTINUOUS
10
0.3723727559055118
20
1.0414961023622047
11
0.3726046456692914
21
1.0417634645669291
0
LINE
8
BLACK
6
CONTINUOUS
10
0.3726046456692914
20
1.0417634645669291
11
0.3744808661417323
21
1.0427015748031496
0
LINE
8
BLACK
6
CONTINUOUS
10
0.3744808661417323
20
1.0427015748031496
11
0.37498
21
1.0427370078740157
0
LINE
8
BLACK
6
CONTINUOUS
10
0.37498
20
1.0427370078740157
11
0.3754423622047244
21
1.0429285433070865
0
LINE
8
BLACK
6
CONTINUOUS
10
0.3754423622047244
20
1.0429285433070865
11
0.3763804330708662
21
1.0429285433070865
0
LINE
8
BLACK
6
CONTINUOUS
10
0.3763804330708662
20
1.0429285433070865
11
0.3768427952755906
21
1.0427370078740157
0
LINE
8
BLACK
6
CONTINUOUS
10
0.3832825590551181
20
1.0380734251968504
11
0.382837874015748
21
1.0376287795275589
0
LINE
8
BLACK
6
CONTINUOUS
10
0.382837874015748
20
1.0376287795275589
11
0.3822828346456693
21
1.036518622047244
0
LINE
8
BLACK
6
CONTINUOUS
10
0.3822828346456693
20
1.036518622047244
11
0.3822828346456693
21
1.0337812992125983
0
LINE
8
BLACK
6
CONTINUOUS
10
0.3822828346456693
20
1.0337812992125983
11
0.3828379133858268
21
1.0326711023622046
0
LINE
8
BLACK
6
CONTINUOUS
10
0.3828379133858268
20
1.0326711023622046
11
0.3832825196850393
21
1.0322264960629921
0
LINE
8
BLACK
6
CONTINUOUS
10
0.3832825196850393
20
1.0322264960629921
11
0.3843927559055118
21
1.0316714173228345
0
LINE
8
BLACK
6
CONTINUOUS
10
0.3843927559055118
20
1.0316714173228345
11
0.3871300393700787
21
1.0316714173228345
0
LINE
8
BLACK
6
CONTINUOUS
10
0.3871300393700787
20
1.0316714173228345
11
0.3882402362204724
21
1.0322264960629921
0
LINE
8
BLACK
6
CONTINUOUS
10
0.3882402362204724
20
1.0322264960629921
11
0.388684842519685
21
1.0326711023622046
0
LINE
8
BLACK
6
CONTINUOUS
10
0.388684842519685
20
1.0326711023622046
11
0.3892399606299213
21
1.0337812992125983
0
LINE
8
BLACK
6
CONTINUOUS
10
0.3892399606299213
20
1.0337812992125983
11
0.3892399606299213
21
1.036518622047244
0
LINE
8
BLACK
6
CONTINUOUS
10
0.3892399606299213
20
1.036518622047244
11
0.3886848818897637
21
1.0376287795275589
0
LINE
8
BLACK
6
CONTINUOUS
10
0.3886848818897637
20
1.0376287795275589
11
0.3882401968503937
21
1.0380734251968504
0
LINE
8
BLACK
6
CONTINUOUS
10
0.3882401968503937
20
1.0380734251968504
11
0.3871300787401575
21
1.0386285433070865
0
LINE
8
BLACK
6
CONTINUOUS
10
0.3871300787401575
20
1.0386285433070865
11
0.3843927952755906
21
1.0386285433070865
0
LINE
8
BLACK
6
CONTINUOUS
10
0.3843927952755906
20
1.0386285433070865
11
0.3832825590551181
21
1.0380734251968504
0
LINE
8
BLACK
6
CONTINUOUS
10
0.3748396850393701
20
1.0380734251968504
11
0.374395
21
1.0376287401574802
0
LINE
8
BLACK
6
CONTINUOUS
10
0.374395
20
1.0376287401574802
11
0.3738399606299213
21
1.036518622047244
0
LINE
8
BLACK
6
CONTINUOUS
10
0.3738399606299213
20
1.036518622047244
11
0.3738399606299213
21
1.0337812992125983
0
LINE
8
BLACK
6
CONTINUOUS
10
0.3738399606299213
20
1.0337812992125983
11
0.3743950393700787
21
1.0326711417322834
0
LINE
8
BLACK
6
CONTINUOUS
10
0.3743950393700787
20
1.0326711417322834
11
0.3748396850393701
21
1.0322264960629921
0
LINE
8
BLACK
6
CONTINUOUS
10
0.3748396850393701
20
1.0322264960629921
11
0.3759113779527559
21
1.0316906692913386
0
LINE
8
BLACK
6
CONTINUOUS
10
0.3759113779527559
20
1.0316906692913386
11
0.3769830708661417
21
1.0322264960629921
0
LINE
8
BLACK
6
CONTINUOUS
10
0.3769830708661417
20
1.0322264960629921
11
0.3774277165354331
21
1.0326711417322834
0
LINE
8
BLACK
6
CONTINUOUS
10
0.3774277165354331
20
1.0326711417322834
11
0.3779828346456693
21
1.0337813385826771
0
LINE
8
BLACK
6
CONTINUOUS
10
0.3779828346456693
20
1.0337813385826771
11
0.3779828346456693
21
1.0365185826771652
0
LINE
8
BLACK
6
CONTINUOUS
10
0.3779828346456693
20
1.0365185826771652
11
0.3774277559055118
21
1.0376287401574802
0
LINE
8
BLACK
6
CONTINUOUS
10
0.3774277559055118
20
1.0376287401574802
11
0.376983031496063
21
1.0380734251968504
0
LINE
8
BLACK
6
CONTINUOUS
10
0.376983031496063
20
1.0380734251968504
11
0.3759113779527559
21
1.038609251968504
0
LINE
8
BLACK
6
CONTINUOUS
10
0.3759113779527559
20
1.038609251968504
11
0.3748396850393701
21
1.0380734251968504
0
LINE
8
BLACK
6
CONTINUOUS
10
0.3654102362204724
20
1.0454226377952756
11
0.3660399606299212
21
1.0439023622047243
0
LINE
8
BLACK
6
CONTINUOUS
10
0.3660399606299212
20
1.0439023622047243
11
0.3654102362204724
21
1.0423820866141733
0
LINE
8
BLACK
6
CONTINUOUS
10
0.3654102362204724
20
1.0423820866141733
11
0.3638899606299212
21
1.0417523622047244
0
LINE
8
BLACK
6
CONTINUOUS
10
0.3638899606299212
20
1.0417523622047244
11
0.3535233464566929
21
1.0417523622047244
0
LINE
8
BLACK
6
CONTINUOUS
10
0.3535233464566929
20
1.0417523622047244
11
0.3534616535433071
21
1.0416906692913386
0
LINE
8
BLACK
6
CONTINUOUS
10
0.3534616535433071
20
1.0416906692913386
11
0.3529066141732283
21
1.0405805511811024
0
LINE
8
BLACK
6
CONTINUOUS
10
0.3529066141732283
20
1.0405805511811024
11
0.3529066141732283
21
1.0387813779527559
0
LINE
8
BLACK
6
CONTINUOUS
10
0.3529066141732283
20
1.0387813779527559
11
0.3532972047244095
21
1.0380001181102363
0
LINE
8
BLACK
6
CONTINUOUS
10
0.3532972047244095
20
1.0380001181102363
11
0.3540784645669292
21
1.0376095275590551
0
LINE
8
BLACK
6
CONTINUOUS
10
0.3540784645669292
20
1.0376095275590551
11
0.3638899606299212
21
1.0376095275590551
0
LINE
8
BLACK
6
CONTINUOUS
10
0.3638899606299212
20
1.0376095275590551
11
0.3654102362204724
21
1.0369798031496062
0
LINE
8
BLACK
6
CONTINUOUS
10
0.3654102362204724
20
1.0369798031496062
11
0.3660399606299212
21
1.035459527559055
0
LINE
8
BLACK
6
CONTINUOUS
10
0.3660399606299212
20
1.035459527559055
11
0.3654102362204724
21
1.033939251968504
0
LINE
8
BLACK
6
CONTINUOUS
10
0.3654102362204724
20
1.033939251968504
11
0.3638899606299212
21
1.0333095275590551
0
LINE
8
BLACK
6
CONTINUOUS
10
0.3638899606299212
20
1.0333095275590551
11
0.353570905511811
21
1.0333095275590551
0
LINE
8
BLACK
6
CONTINUOUS
10
0.353570905511811
20
1.0333095275590551
11
0.3531085433070866
21
1.0335010236220472
0
LINE
8
BLACK
6
CONTINUOUS
10
0.3531085433070866
20
1.0335010236220472
11
0.3526094094488189
21
1.033536496062992
0
LINE
8
BLACK
6
CONTINUOUS
10
0.3526094094488189
20
1.033536496062992
11
0.3507332283464567
21
1.0344745669291338
0
LINE
8
BLACK
6
CONTINUOUS
10
0.3507332283464567
20
1.0344745669291338
11
0.3502865748031496
21
1.034989527559055
0
LINE
8
BLACK
6
CONTINUOUS
10
0.3502865748031496
20
1.034989527559055
11
0.3497716929133858
21
1.0354361023622047
0
LINE
8
BLACK
6
CONTINUOUS
10
0.3497716929133858
20
1.0354361023622047
11
0.3488335826771654
21
1.0373123228346457
0
LINE
8
BLACK
6
CONTINUOUS
10
0.3488335826771654
20
1.0373123228346457
11
0.3487981102362205
21
1.0378114566929133
0
LINE
8
BLACK
6
CONTINUOUS
10
0.3487981102362205
20
1.0378114566929133
11
0.3486066141732284
21
1.0382738188976377
0
LINE
8
BLACK
6
CONTINUOUS
10
0.3486066141732284
20
1.0382738188976377
11
0.3486066141732284
21
1.0410881102362204
0
LINE
8
BLACK
6
CONTINUOUS
10
0.3486066141732284
20
1.0410881102362204
11
0.3487981102362205
21
1.0415504724409448
0
LINE
8
BLACK
6
CONTINUOUS
10
0.3487981102362205
20
1.0415504724409448
11
0.3488336220472441
21
1.0420496456692914
0
LINE
8
BLACK
6
CONTINUOUS
10
0.3488336220472441
20
1.0420496456692914
11
0.3491291732283465
21
1.0426407480314961
0
LINE
8
BLACK
6
CONTINUOUS
10
0.3491291732283465
20
1.0426407480314961
11
0.3486066141732284
21
1.0439023622047243
0
LINE
8
BLACK
6
CONTINUOUS
10
0.3486066141732284
20
1.0439023622047243
11
0.3492363385826772
21
1.0454226377952756
0
LINE
8
BLACK
6
CONTINUOUS
10
0.3492363385826772
20
1.0454226377952756
11
0.3507566141732283
21
1.0460523622047244
0
LINE
8
BLACK
6
CONTINUOUS
10
0.3507566141732283
20
1.0460523622047244
11
0.3638899606299212
21
1.0460523622047244
0
LINE
8
BLACK
6
CONTINUOUS
10
0.3638899606299212
20
1.0460523622047244
11
0.3654102362204724
21
1.0454226377952756
0
LINE
8
BLACK
6
CONTINUOUS
10
0.6214170866141732
20
1.0627709055118111
11
0.6215523228346457
21
1.0626574015748032
0
LINE
8
BLACK
6
CONTINUOUS
10
0.6215523228346457
20
1.0626574015748032
11
0.6217276771653543
21
1.0626372440944882
0
LINE
8
BLACK
6
CONTINUOUS
10
0.6217276771653543
20
1.0626372440944882
11
0.6254772047244095
21
1.0607624803149607
0
LINE
8
BLACK
6
CONTINUOUS
10
0.6254772047244095
20
1.0607624803149607
11
0.6261861811023622
21
1.0602366141732282
0
LINE
8
BLACK
6
CONTINUOUS
10
0.6261861811023622
20
1.0602366141732282
11
0.6262445669291339
21
1.0602094094488188
0
LINE
8
BLACK
6
CONTINUOUS
10
0.6262445669291339
20
1.0602094094488188
11
0.6281193700787402
21
1.0583346456692913
0
LINE
8
BLACK
6
CONTINUOUS
10
0.6281193700787402
20
1.0583346456692913
11
0.6286257480314961
21
1.0576114566929133
0
LINE
8
BLACK
6
CONTINUOUS
10
0.6286257480314961
20
1.0576114566929133
11
0.6286725196850393
21
1.0575672047244093
0
LINE
8
BLACK
6
CONTINUOUS
10
0.6286725196850393
20
1.0575672047244093
11
0.6305472834645669
21
1.0538176771653542
0
LINE
8
BLACK
6
CONTINUOUS
10
0.6305472834645669
20
1.0538176771653542
11
0.6308396456692913
21
1.0528347637795274
0
LINE
8
BLACK
6
CONTINUOUS
10
0.6308396456692913
20
1.0528347637795274
11
0.6307986220472441
21
1.052663031496063
0
LINE
8
BLACK
6
CONTINUOUS
10
0.6307986220472441
20
1.052663031496063
11
0.6308590157480315
21
1.0524971653543307
0
LINE
8
BLACK
6
CONTINUOUS
10
0.6308590157480315
20
1.0524971653543307
11
0.6308590157480315
21
1.0449981102362205
0
LINE
8
BLACK
6
CONTINUOUS
10
0.6308590157480315
20
1.0449981102362205
11
0.6306809448818897
21
1.043988188976378
0
LINE
8
BLACK
6
CONTINUOUS
10
0.6306809448818897
20
1.043988188976378
11
0.6305674409448819
21
1.0438529133858268
0
LINE
8
BLACK
6
CONTINUOUS
10
0.6305674409448819
20
1.0438529133858268
11
0.6305472834645669
21
1.0436775984251969
0
LINE
8
BLACK
6
CONTINUOUS
10
0.6305472834645669
20
1.0436775984251969
11
0.6286725196850393
21
1.0399280708661418
0
LINE
8
BLACK
6
CONTINUOUS
10
0.6286725196850393
20
1.0399280708661418
11
0.6281465354330709
21
1.0392189370078739
0
LINE
8
BLACK
6
CONTINUOUS
10
0.6281465354330709
20
1.0392189370078739
11
0.6281193700787402
21
1.0391606299212599
0
LINE
8
BLACK
6
CONTINUOUS
10
0.6281193700787402
20
1.0391606299212599
11
0.6262445669291339
21
1.0372858661417323
0
LINE
8
BLACK
6
CONTINUOUS
10
0.6262445669291339
20
1.0372858661417323
11
0.6255214960629921
21
1.0367795669291338
0
LINE
8
BLACK
6
CONTINUOUS
10
0.6255214960629921
20
1.0367795669291338
11
0.6254772047244095
21
1.0367327952755905
0
LINE
8
BLACK
6
CONTINUOUS
10
0.6254772047244095
20
1.0367327952755905
11
0.6217276771653543
21
1.0348580314960629
0
LINE
8
BLACK
6
CONTINUOUS
10
0.6217276771653543
20
1.0348580314960629
11
0.6207447244094488
21
1.0345656692913385
0
LINE
8
BLACK
6
CONTINUOUS
10
0.6207447244094488
20
1.0345656692913385
11
0.620573031496063
21
1.0346066535433072
0
LINE
8
BLACK
6
CONTINUOUS
10
0.620573031496063
20
1.0346066535433072
11
0.6204071653543307
21
1.0345462992125984
0
LINE
8
BLACK
6
CONTINUOUS
10
0.6204071653543307
20
1.0345462992125984
11
0.5885361811023622
21
1.0345462992125984
0
LINE
8
BLACK
6
CONTINUOUS
10
0.5885361811023622
20
1.0345462992125984
11
0.5875262598425197
21
1.0347243700787401
0
LINE
8
BLACK
6
CONTINUOUS
10
0.5875262598425197
20
1.0347243700787401
11
0.5859790157480315
21
1.0360226771653542
0
LINE
8
BLACK
6
CONTINUOUS
10
0.5859790157480315
20
1.0360226771653542
11
0.5856282677165354
21
1.0380118110236221
0
LINE
8
BLACK
6
CONTINUOUS
10
0.5856282677165354
20
1.0380118110236221
11
0.586638188976378
21
1.0397609842519684
0
LINE
8
BLACK
6
CONTINUOUS
10
0.586638188976378
20
1.0397609842519684
11
0.5885361811023622
21
1.0404518110236221
0
LINE
8
BLACK
6
CONTINUOUS
10
0.5885361811023622
20
1.0404518110236221
11
0.6197101181102362
21
1.0404518110236221
0
LINE
8
BLACK
6
CONTINUOUS
10
0.6197101181102362
20
1.0404518110236221
11
0.6224075984251969
21
1.0418005511811024
0
LINE
8
BLACK
6
CONTINUOUS
10
0.6224075984251969
20
1.0418005511811024
11
0.6236047637795276
21
1.0429976771653544
0
LINE
8
BLACK
6
CONTINUOUS
10
0.6236047637795276
20
1.0429976771653544
11
0.6249535039370079
21
1.0456951574803148
0
LINE
8
BLACK
6
CONTINUOUS
10
0.6249535039370079
20
1.0456951574803148
11
0.6249535039370079
21
1.0518001181102361
0
LINE
8
BLACK
6
CONTINUOUS
10
0.6249535039370079
20
1.0518001181102361
11
0.6236047637795276
21
1.054497559055118
0
LINE
8
BLACK
6
CONTINUOUS
10
0.6236047637795276
20
1.054497559055118
11
0.6224075984251969
21
1.05569468503937
0
LINE
8
BLACK
6
CONTINUOUS
10
0.6224075984251969
20
1.05569468503937
11
0.6197101181102362
21
1.0570434645669291
0
LINE
8
BLACK
6
CONTINUOUS
10
0.6197101181102362
20
1.0570434645669291
11
0.5885361811023622
21
1.0570434645669291
0
LINE
8
BLACK
6
CONTINUOUS
10
0.5885361811023622
20
1.0570434645669291
11
0.5875262598425197
21
1.0572215354330707
0
LINE
8
BLACK
6
CONTINUOUS
10
0.5875262598425197
20
1.0572215354330707
11
0.5859790157480315
21
1.0585198425196851
0
LINE
8
BLACK
6
CONTINUOUS
10
0.5859790157480315
20
1.0585198425196851
11
0.5856282677165354
21
1.0605089763779527
0
LINE
8
BLACK
6
CONTINUOUS
10
0.5856282677165354
20
1.0605089763779527
11
0.586638188976378
21
1.0622581496062993
0
LINE
8
BLACK
6
CONTINUOUS
10
0.586638188976378
20
1.0622581496062993
11
0.5885361811023622
21
1.0629489763779527
0
LINE
8
BLACK
6
CONTINUOUS
10
0.5885361811023622
20
1.0629489763779527
11
0.6204071653543307
21
1.0629489763779527
0
LINE
8
BLACK
6
CONTINUOUS
10
0.6204071653543307
20
1.0629489763779527
11
0.6214170866141732
21
1.0627709055118111
0
LINE
8
BLACK
6
CONTINUOUS
10
0.3831989763779527
20
1.0625242125984251
11
0.3834685826771653
21
1.0625643307086614
0
LINE
8
BLACK
6
CONTINUOUS
10
0.3834685826771653
20
1.0625643307086614
11
0.3872209448818897
21
1.0616262598425197
0
LINE
8
BLACK
6
CONTINUOUS
10
0.3872209448818897
20
1.0616262598425197
11
0.3874172440944882
21
1.0614807480314961
0
LINE
8
BLACK
6
CONTINUOUS
10
0.3874172440944882
20
1.0614807480314961
11
0.3876609842519685
21
1.0614634645669292
0
LINE
8
BLACK
6
CONTINUOUS
10
0.3876609842519685
20
1.0614634645669292
11
0.3895371653543307
21
1.0605253937007875
0
LINE
8
BLACK
6
CONTINUOUS
10
0.3895371653543307
20
1.0605253937007875
11
0.3897689763779528
21
1.0602580708661418
0
LINE
8
BLACK
6
CONTINUOUS
10
0.3897689763779528
20
1.0602580708661418
11
0.3900959448818898
21
1.0601226771653542
0
LINE
8
BLACK
6
CONTINUOUS
10
0.3900959448818898
20
1.0601226771653542
11
0.3919721653543307
21
1.058246496062992
0
LINE
8
BLACK
6
CONTINUOUS
10
0.3919721653543307
20
1.058246496062992
11
0.3921636614173228
21
1.0577840944881889
0
LINE
8
BLACK
6
CONTINUOUS
10
0.3921636614173228
20
1.0577840944881889
11
0.3924915748031496
21
1.057406062992126
0
LINE
8
BLACK
6
CONTINUOUS
10
0.3924915748031496
20
1.057406062992126
11
0.3934296456692913
21
1.0545917716535433
0
LINE
8
BLACK
6
CONTINUOUS
10
0.3934296456692913
20
1.0545917716535433
11
0.3934045275590551
21
1.054238779527559
0
LINE
8
BLACK
6
CONTINUOUS
10
0.3934045275590551
20
1.054238779527559
11
0.3935399606299212
21
1.0539118897637796
0
LINE
8
BLACK
6
CONTINUOUS
10
0.3935399606299212
20
1.0539118897637796
11
0.3935399606299212
21
1.0520356692913386
0
LINE
8
BLACK
6
CONTINUOUS
10
0.3935399606299212
20
1.0520356692913386
11
0.3934045275590551
21
1.051708779527559
0
LINE
8
BLACK
6
CONTINUOUS
10
0.3934045275590551
20
1.051708779527559
11
0.3934296456692913
21
1.0513557874015749
0
LINE
8
BLACK
6
CONTINUOUS
10
0.3934296456692913
20
1.0513557874015749
11
0.3924915748031496
21
1.0485415354330709
0
LINE
8
BLACK
6
CONTINUOUS
10
0.3924915748031496
20
1.0485415354330709
11
0.3921636614173228
21
1.0481634645669291
0
LINE
8
BLACK
6
CONTINUOUS
10
0.3921636614173228
20
1.0481634645669291
11
0.3919721653543307
21
1.0477011417322835
0
LINE
8
BLACK
6
CONTINUOUS
10
0.3919721653543307
20
1.0477011417322835
11
0.3910340551181102
21
1.046763031496063
0
LINE
8
BLACK
6
CONTINUOUS
10
0.3910340551181102
20
1.046763031496063
11
0.3895137795275591
21
1.0461333070866141
0
LINE
8
BLACK
6
CONTINUOUS
10
0.3895137795275591
20
1.0461333070866141
11
0.3879935039370079
21
1.046763031496063
0
LINE
8
BLACK
6
CONTINUOUS
10
0.3879935039370079
20
1.046763031496063
11
0.3873637795275591
21
1.0482833070866142
0
LINE
8
BLACK
6
CONTINUOUS
10
0.3873637795275591
20
1.0482833070866142
11
0.3879935039370079
21
1.0498035826771652
0
LINE
8
BLACK
6
CONTINUOUS
10
0.3879935039370079
20
1.0498035826771652
11
0.3885726771653543
21
1.0503827559055119
0
LINE
8
BLACK
6
CONTINUOUS
10
0.3885726771653543
20
1.0503827559055119
11
0.3892399606299213
21
1.0523845669291338
0
LINE
8
BLACK
6
CONTINUOUS
10
0.3892399606299213
20
1.0523845669291338
11
0.3892399606299213
21
1.0535629921259841
0
LINE
8
BLACK
6
CONTINUOUS
10
0.3892399606299213
20
1.0535629921259841
11
0.3885726771653543
21
1.0555648031496063
0
LINE
8
BLACK
6
CONTINUOUS
10
0.3885726771653543
20
1.0555648031496063
11
0.3873020472440945
21
1.0568353543307087
0
LINE
8
BLACK
6
CONTINUOUS
10
0.3873020472440945
20
1.0568353543307087
11
0.3859490157480315
21
1.0575118897637794
0
LINE
8
BLACK
6
CONTINUOUS
10
0.3859490157480315
20
1.0575118897637794
11
0.3826825196850394
21
1.0583285433070866
0
LINE
8
BLACK
6
CONTINUOUS
10
0.3826825196850394
20
1.0583285433070866
11
0.3803975984251968
21
1.0583285433070866
0
LINE
8
BLACK
6
CONTINUOUS
10
0.3803975984251968
20
1.0583285433070866
11
0.377130905511811
21
1.0575118897637794
0
LINE
8
BLACK
6
CONTINUOUS
10
0.377130905511811
20
1.0575118897637794
11
0.3757777559055118
21
1.05683531496063
0
LINE
8
BLACK
6
CONTINUOUS
10
0.3757777559055118
20
1.05683531496063
11
0.3745072440944882
21
1.0555648031496063
0
LINE
8
BLACK
6
CONTINUOUS
10
0.3745072440944882
20
1.0555648031496063
11
0.3738399606299213
21
1.0535629133858266
0
LINE
8
BLACK
6
CONTINUOUS
10
0.3738399606299213
20
1.0535629133858266
11
0.3738399606299213
21
1.0523845275590551
0
LINE
8
BLACK
6
CONTINUOUS
10
0.3738399606299213
20
1.0523845275590551
11
0.3745072047244095
21
1.0503827952755904
0
LINE
8
BLACK
6
CONTINUOUS
10
0.3745072047244095
20
1.0503827952755904
11
0.3750864566929134
21
1.0498035433070867
0
LINE
8
BLACK
6
CONTINUOUS
10
0.3750864566929134
20
1.0498035433070867
11
0.3757161417322835
21
1.0482832677165355
0
LINE
8
BLACK
6
CONTINUOUS
10
0.3757161417322835
20
1.0482832677165355
11
0.3750863779527559
21
1.0467629921259842
0
LINE
8
BLACK
6
CONTINUOUS
10
0.3750863779527559
20
1.0467629921259842
11
0.3735661023622047
21
1.0461333070866141
0
LINE
8
BLACK
6
CONTINUOUS
10
0.3735661023622047
20
1.0461333070866141
11
0.3720458267716535
21
1.0467630708661417
0
LINE
8
BLACK
6
CONTINUOUS
10
0.3720458267716535
20
1.0467630708661417
11
0.3711077559055118
21
1.0477011811023622
0
LINE
8
BLACK
6
CONTINUOUS
10
0.3711077559055118
20
1.0477011811023622
11
0.3709162598425197
21
1.0481634645669291
0
LINE
8
BLACK
6
CONTINUOUS
10
0.3709162598425197
20
1.0481634645669291
11
0.3705884251968504
21
1.0485414960629922
0
LINE
8
BLACK
6
CONTINUOUS
10
0.3705884251968504
20
1.0485414960629922
11
0.3696503149606299
21
1.0513557480314961
0
LINE
8
BLACK
6
CONTINUOUS
10
0.3696503149606299
20
1.0513557480314961
11
0.3696753543307086
21
1.0517087007874015
0
LINE
8
BLACK
6
CONTINUOUS
10
0.3696753543307086
20
1.0517087007874015
11
0.3695399606299212
21
1.0520356692913386
0
LINE
8
BLACK
6
CONTINUOUS
10
0.3695399606299212
20
1.0520356692913386
11
0.3695399606299212
21
1.0539118897637796
0
LINE
8
BLACK
6
CONTINUOUS
10
0.3695399606299212
20
1.0539118897637796
11
0.3696753543307086
21
1.0542387401574802
0
LINE
8
BLACK
6
CONTINUOUS
10
0.3696753543307086
20
1.0542387401574802
11
0.3696502755905512
21
1.0545917716535433
0
LINE
8
BLACK
6
CONTINUOUS
10
0.3696502755905512
20
1.0545917716535433
11
0.3705884251968504
21
1.0574061023622048
0
LINE
8
BLACK
6
CONTINUOUS
10
0.3705884251968504
20
1.0574061023622048
11
0.3709162598425197
21
1.0577841338582676
0
LINE
8
BLACK
6
CONTINUOUS
10
0.3709162598425197
20
1.0577841338582676
11
0.3711077952755906
21
1.0582464566929133
0
LINE
8
BLACK
6
CONTINUOUS
10
0.3711077952755906
20
1.0582464566929133
11
0.3729839763779528
21
1.0601226377952755
0
LINE
8
BLACK
6
CONTINUOUS
10
0.3729839763779528
20
1.0601226377952755
11
0.3733108661417323
21
1.060258031496063
0
LINE
8
BLACK
6
CONTINUOUS
10
0.3733108661417323
20
1.060258031496063
11
0.3735427559055118
21
1.0605253937007875
0
LINE
8
BLACK
6
CONTINUOUS
10
0.3735427559055118
20
1.0605253937007875
11
0.375418937007874
21
1.0614634645669292
0
LINE
8
BLACK
6
CONTINUOUS
10
0.375418937007874
20
1.0614634645669292
11
0.3756626771653543
21
1.0614807480314961
0
LINE
8
BLACK
6
CONTINUOUS
10
0.3756626771653543
20
1.0614807480314961
11
0.3758589763779527
21
1.0616262204724409
0
LINE
8
BLACK
6
CONTINUOUS
10
0.3758589763779527
20
1.0616262204724409
11
0.3796113779527559
21
1.0625643307086614
0
LINE
8
BLACK
6
CONTINUOUS
10
0.3796113779527559
20
1.0625643307086614
11
0.3798809448818898
21
1.0625242125984251
0
LINE
8
BLACK
6
CONTINUOUS
10
0.3798809448818898
20
1.0625242125984251
11
0.3801328346456693
21
1.0626285433070866
0
LINE
8
BLACK
6
CONTINUOUS
10
0.3801328346456693
20
1.0626285433070866
11
0.382947125984252
21
1.0626285433070866
0
LINE
8
BLACK
6
CONTINUOUS
10
0.382947125984252
20
1.0626285433070866
11
0.3831989763779527
21
1.0625242125984251
0
LINE
8
BLACK
6
CONTINUOUS
10
0.3654102362204724
20
1.0660607480314961
11
0.3660399606299212
21
1.0645404724409449
0
LINE
8
BLACK
6
CONTINUOUS
10
0.3660399606299212
20
1.0645404724409449
11
0.3660399606299212
21
1.0523452362204724
0
LINE
8
BLACK
6
CONTINUOUS
10
0.3660399606299212
20
1.0523452362204724
11
0.3654102362204724
21
1.0508249606299211
0
LINE
8
BLACK
6
CONTINUOUS
10
0.3654102362204724
20
1.0508249606299211
11
0.3638899606299212
21
1.0501952362204725
0
LINE
8
BLACK
6
CONTINUOUS
10
0.3638899606299212
20
1.0501952362204725
11
0.3623696850393701
21
1.0508249606299211
0
LINE
8
BLACK
6
CONTINUOUS
10
0.3623696850393701
20
1.0508249606299211
11
0.3617399606299213
21
1.0523452362204724
0
LINE
8
BLACK
6
CONTINUOUS
10
0.3617399606299213
20
1.0523452362204724
11
0.3617399606299213
21
1.0593498818897638
0
LINE
8
BLACK
6
CONTINUOUS
10
0.3617399606299213
20
1.0593498818897638
11
0.3541531102362205
21
1.0517630314960629
0
LINE
8
BLACK
6
CONTINUOUS
10
0.3541531102362205
20
1.0517630314960629
11
0.353690748031496
21
1.0515714960629921
0
LINE
8
BLACK
6
CONTINUOUS
10
0.353690748031496
20
1.0515714960629921
11
0.3533126771653543
21
1.0512436220472441
0
LINE
8
BLACK
6
CONTINUOUS
10
0.3533126771653543
20
1.0512436220472441
11
0.3504984251968504
21
1.0503055511811024
0
LINE
8
BLACK
6
CONTINUOUS
10
0.3504984251968504
20
1.0503055511811024
11
0.3501454330708662
21
1.0503306299212598
0
LINE
8
BLACK
6
CONTINUOUS
10
0.3501454330708662
20
1.0503306299212598
11
0.3498185433070866
21
1.0501952362204725
0
LINE
8
BLACK
6
CONTINUOUS
10
0.3498185433070866
20
1.0501952362204725
11
0.3479423622047244
21
1.0501952362204725
0
LINE
8
BLACK
6
CONTINUOUS
10
0.3479423622047244
20
1.0501952362204725
11
0.34748
21
1.0503867322834646
0
LINE
8
BLACK
6
CONTINUOUS
10
0.34748
20
1.0503867322834646
11
0.346980905511811
21
1.0504222047244094
0
LINE
8
BLACK
6
CONTINUOUS
10
0.346980905511811
20
1.0504222047244094
11
0.3451046456692913
21
1.0513602755905511
0
LINE
8
BLACK
6
CONTINUOUS
10
0.3451046456692913
20
1.0513602755905511
11
0.3448727559055118
21
1.0516276377952756
0
LINE
8
BLACK
6
CONTINUOUS
10
0.3448727559055118
20
1.0516276377952756
11
0.3445458267716535
21
1.0517630708661416
0
LINE
8
BLACK
6
CONTINUOUS
10
0.3445458267716535
20
1.0517630708661416
11
0.3436077559055118
21
1.0527011811023621
0
LINE
8
BLACK
6
CONTINUOUS
10
0.3436077559055118
20
1.0527011811023621
11
0.3434723622047244
21
1.0530280314960629
0
LINE
8
BLACK
6
CONTINUOUS
10
0.3434723622047244
20
1.0530280314960629
11
0.3432050393700787
21
1.0532598818897638
0
LINE
8
BLACK
6
CONTINUOUS
10
0.3432050393700787
20
1.0532598818897638
11
0.342266968503937
21
1.055136062992126
0
LINE
8
BLACK
6
CONTINUOUS
10
0.342266968503937
20
1.055136062992126
11
0.3422314566929134
21
1.0556351968503936
0
LINE
8
BLACK
6
CONTINUOUS
10
0.3422314566929134
20
1.0556351968503936
11
0.3420399606299213
21
1.0560975984251968
0
LINE
8
BLACK
6
CONTINUOUS
10
0.3420399606299213
20
1.0560975984251968
11
0.3420399606299213
21
1.0607880708661417
0
LINE
8
BLACK
6
CONTINUOUS
10
0.3420399606299213
20
1.0607880708661417
11
0.3422314566929134
21
1.0612504330708661
0
LINE
8
BLACK
6
CONTINUOUS
10
0.3422314566929134
20
1.0612504330708661
11
0.342266968503937
21
1.0617496062992127
0
LINE
8
BLACK
6
CONTINUOUS
10
0.342266968503937
20
1.0617496062992127
11
0.3432050393700787
21
1.0636257874015749
0
LINE
8
BLACK
6
CONTINUOUS
10
0.3432050393700787
20
1.0636257874015749
11
0.3434723622047244
21
1.0638575984251968
0
LINE
8
BLACK
6
CONTINUOUS
10
0.3434723622047244
20
1.0638575984251968
11
0.3436077559055118
21
1.0641844881889764
0
LINE
8
BLACK
6
CONTINUOUS
10
0.3436077559055118
20
1.0641844881889764
11
0.3445458267716535
21
1.0651225984251969
0
LINE
8
BLACK
6
CONTINUOUS
10
0.3445458267716535
20
1.0651225984251969
11
0.3460661023622047
21
1.0657523622047245
0
LINE
8
BLACK
6
CONTINUOUS
10
0.3460661023622047
20
1.0657523622047245
11
0.3475863779527559
21
1.0651226771653544
0
LINE
8
BLACK
6
CONTINUOUS
10
0.3475863779527559
20
1.0651226771653544
11
0.3482161417322834
21
1.0636024015748031
0
LINE
8
BLACK
6
CONTINUOUS
10
0.3482161417322834
20
1.0636024015748031
11
0.3475864566929134
21
1.0620821259842519
0
LINE
8
BLACK
6
CONTINUOUS
10
0.3475864566929134
20
1.0620821259842519
11
0.3468950393700787
21
1.0613906692913386
0
LINE
8
BLACK
6
CONTINUOUS
10
0.3468950393700787
20
1.0613906692913386
11
0.3463399606299212
21
1.0602805118110237
0
LINE
8
BLACK
6
CONTINUOUS
10
0.3463399606299212
20
1.0602805118110237
11
0.3463399606299212
21
1.0566051181102363
0
LINE
8
BLACK
6
CONTINUOUS
10
0.3463399606299212
20
1.0566051181102363
11
0.3468950393700787
21
1.0554949606299213
0
LINE
8
BLACK
6
CONTINUOUS
10
0.3468950393700787
20
1.0554949606299213
11
0.3473396850393701
21
1.0550503149606298
0
LINE
8
BLACK
6
CONTINUOUS
10
0.3473396850393701
20
1.0550503149606298
11
0.3484499212598425
21
1.0544952362204725
0
LINE
8
BLACK
6
CONTINUOUS
10
0.3484499212598425
20
1.0544952362204725
11
0.3494696062992126
21
1.0544952362204725
0
LINE
8
BLACK
6
CONTINUOUS
10
0.3494696062992126
20
1.0544952362204725
11
0.3514714566929134
21
1.0551624803149606
0
LINE
8
BLACK
6
CONTINUOUS
10
0.3514714566929134
20
1.0551624803149606
11
0.3623696850393701
21
1.0660607480314961
0
LINE
8
BLACK
6
CONTINUOUS
10
0.3623696850393701
20
1.0660607480314961
11
0.3638899606299212
21
1.0666904724409449
0
LINE
8
BLACK
6
CONTINUOUS
10
0.3638899606299212
20
1.0666904724409449
11
0.3654102362204724
21
1.0660607480314961
0
LINE
8
BLACK
6
CONTINUOUS
10
0.4003835039370079
20
1.1078851181102363
11
0.4005127559055118
21
1.1079079133858267
0
LINE
8
BLACK
6
CONTINUOUS
10
0.4005127559055118
20
1.1079079133858267
11
0.4006263385826772
21
1.1078422834645669
0
LINE
8
BLACK
6
CONTINUOUS
10
0.4006263385826772
20
1.1078422834645669
11
0.4010099212598425
21
1.1077746850393702
0
LINE
8
BLACK
6
CONTINUOUS
10
0.4010099212598425
20
1.1077746850393702
11
0.4015975984251968
21
1.107281535433071
0
LINE
8
BLACK
6
CONTINUOUS
10
0.4015975984251968
20
1.107281535433071
11
0.4022619291338583
21
1.1068979921259843
0
LINE
8
BLACK
6
CONTINUOUS
10
0.4022619291338583
20
1.1068979921259843
11
0.402353031496063
21
1.1066476377952756
0
LINE
8
BLACK
6
CONTINUOUS
10
0.402353031496063
20
1.1066476377952756
11
0.4025571653543307
21
1.1064763779527558
0
LINE
8
BLACK
6
CONTINUOUS
10
0.4025571653543307
20
1.1064763779527558
11
0.4026903937007874
21
1.1057207874015749
0
LINE
8
BLACK
6
CONTINUOUS
10
0.4026903937007874
20
1.1057207874015749
11
0.4029527559055118
21
1.105
0
LINE
8
BLACK
6
CONTINUOUS
10
0.4029527559055118
20
1.105
11
0.4029527559055118
21
1.0649999999999999
0
LINE
8
BLACK
6
CONTINUOUS
10
0.4029527559055118
20
1.0649999999999999
11
0.4027746850393701
21
1.0639900787401575
0
LINE
8
BLACK
6
CONTINUOUS
10
0.4027746850393701
20
1.0639900787401575
11
0.4014763779527559
21
1.0624428346456694
0
LINE
8
BLACK
6
CONTINUOUS
10
0.4014763779527559
20
1.0624428346456694
11
0.3994872440944882
21
1.0620920866141732
0
LINE
8
BLACK
6
CONTINUOUS
10
0.3994872440944882
20
1.0620920866141732
11
0.3977380708661417
21
1.0631020078740157
0
LINE
8
BLACK
6
CONTINUOUS
10
0.3977380708661417
20
1.0631020078740157
11
0.3970472440944882
21
1.0649999999999999
0
LINE
8
BLACK
6
CONTINUOUS
10
0.3970472440944882
20
1.0649999999999999
11
0.3970472440944882
21
1.1020472440944882
0
LINE
8
BLACK
6
CONTINUOUS
10
0.3970472440944882
20
1.1020472440944882
11
0.3429527559055118
21
1.1020472440944882
0
LINE
8
BLACK
6
CONTINUOUS
10
0.3429527559055118
20
1.1020472440944882
11
0.3429527559055118
21
1.0818830708661418
0
LINE
8
BLACK
6
CONTINUOUS
10
0.3429527559055118
20
1.0818830708661418
11
0.3432050393700787
21
1.0823876771653542
0
LINE
8
BLACK
6
CONTINUOUS
10
0.3432050393700787
20
1.0823876771653542
11
0.3434723622047244
21
1.0826194881889764
0
LINE
8
BLACK
6
CONTINUOUS
10
0.3434723622047244
20
1.0826194881889764
11
0.3436077559055118
21
1.0829463779527559
0
LINE
8
BLACK
6
CONTINUOUS
10
0.3436077559055118
20
1.0829463779527559
11
0.3445458267716535
21
1.0838844881889764
0
LINE
8
BLACK
6
CONTINUOUS
10
0.3445458267716535
20
1.0838844881889764
11
0.3460661023622047
21
1.0845142519685038
0
LINE
8
BLACK
6
CONTINUOUS
10
0.3460661023622047
20
1.0845142519685038
11
0.3475863779527559
21
1.0838845669291339
0
LINE
8
BLACK
6
CONTINUOUS
10
0.3475863779527559
20
1.0838845669291339
11
0.3482161417322834
21
1.0823642913385827
0
LINE
8
BLACK
6
CONTINUOUS
10
0.3482161417322834
20
1.0823642913385827
11
0.3475864566929134
21
1.0808440157480315
0
LINE
8
BLACK
6
CONTINUOUS
10
0.3475864566929134
20
1.0808440157480315
11
0.3468950393700787
21
1.080152559055118
0
LINE
8
BLACK
6
CONTINUOUS
10
0.3468950393700787
20
1.080152559055118
11
0.3463399606299212
21
1.079042401574803
0
LINE
8
BLACK
6
CONTINUOUS
10
0.3463399606299212
20
1.079042401574803
11
0.3463399606299212
21
1.0753670078740156
0
LINE
8
BLACK
6
CONTINUOUS
10
0.3463399606299212
20
1.0753670078740156
11
0.3468950393700787
21
1.0742568503937007
0
LINE
8
BLACK
6
CONTINUOUS
10
0.3468950393700787
20
1.0742568503937007
11
0.3473396850393701
21
1.0738122047244094
0
LINE
8
BLACK
6
CONTINUOUS
10
0.3473396850393701
20
1.0738122047244094
11
0.3484499212598425
21
1.073257125984252
0
LINE
8
BLACK
6
CONTINUOUS
10
0.3484499212598425
20
1.073257125984252
11
0.3494696062992126
21
1.073257125984252
0
LINE
8
BLACK
6
CONTINUOUS
10
0.3494696062992126
20
1.073257125984252
11
0.3514714566929134
21
1.0739243700787402
0
LINE
8
BLACK
6
CONTINUOUS
10
0.3514714566929134
20
1.0739243700787402
11
0.3623696850393701
21
1.0848226377952757
0
LINE
8
BLACK
6
CONTINUOUS
10
0.3623696850393701
20
1.0848226377952757
11
0.3638899606299212
21
1.0854523622047243
0
LINE
8
BLACK
6
CONTINUOUS
10
0.3638899606299212
20
1.0854523622047243
11
0.3654102362204724
21
1.0848226377952757
0
LINE
8
BLACK
6
CONTINUOUS
10
0.3654102362204724
20
1.0848226377952757
11
0.3660399606299212
21
1.0833023622047244
0
LINE
8
BLACK
6
CONTINUOUS
10
0.3660399606299212
20
1.0833023622047244
11
0.3660399606299212
21
1.071107125984252
0
LINE
8
BLACK
6
CONTINUOUS
10
0.3660399606299212
20
1.071107125984252
11
0.3654102362204724
21
1.0695868503937007
0
LINE
8
BLACK
6
CONTINUOUS
10
0.3654102362204724
20
1.0695868503937007
11
0.3638899606299212
21
1.0689571259842519
0
LINE
8
BLACK
6
CONTINUOUS
10
0.3638899606299212
20
1.0689571259842519
11
0.3623696850393701
21
1.0695868503937007
0
LINE
8
BLACK
6
CONTINUOUS
10
0.3623696850393701
20
1.0695868503937007
11
0.3617399606299213
21
1.071107125984252
0
LINE
8
BLACK
6
CONTINUOUS
10
0.3617399606299213
20
1.071107125984252
11
0.3617399606299213
21
1.0781117716535433
0
LINE
8
BLACK
6
CONTINUOUS
10
0.3617399606299213
20
1.0781117716535433
11
0.3541531102362205
21
1.0705249212598424
0
LINE
8
BLACK
6
CONTINUOUS
10
0.3541531102362205
20
1.0705249212598424
11
0.353690748031496
21
1.0703333858267716
0
LINE
8
BLACK
6
CONTINUOUS
10
0.353690748031496
20
1.0703333858267716
11
0.3533126771653543
21
1.0700055118110237
0
LINE
8
BLACK
6
CONTINUOUS
10
0.3533126771653543
20
1.0700055118110237
11
0.3504984251968504
21
1.0690674409448819
0
LINE
8
BLACK
6
CONTINUOUS
10
0.3504984251968504
20
1.0690674409448819
11
0.3501454330708662
21
1.0690925196850394
0
LINE
8
BLACK
6
CONTINUOUS
10
0.3501454330708662
20
1.0690925196850394
11
0.3498185433070866
21
1.0689571259842519
0
LINE
8
BLACK
6
CONTINUOUS
10
0.3498185433070866
20
1.0689571259842519
11
0.3479423622047244
21
1.0689571259842519
0
LINE
8
BLACK
6
CONTINUOUS
10
0.3479423622047244
20
1.0689571259842519
11
0.34748
21
1.0691486220472441
0
LINE
8
BLACK
6
CONTINUOUS
10
0.34748
20
1.0691486220472441
11
0.346980905511811
21
1.069184094488189
0
LINE
8
BLACK
6
CONTINUOUS
10
0.346980905511811
20
1.069184094488189
11
0.3451046456692913
21
1.0701221653543307
0
LINE
8
BLACK
6
CONTINUOUS
10
0.3451046456692913
20
1.0701221653543307
11
0.3448727559055118
21
1.0703895275590551
0
LINE
8
BLACK
6
CONTINUOUS
10
0.3448727559055118
20
1.0703895275590551
11
0.3445458267716535
21
1.0705249606299212
0
LINE
8
BLACK
6
CONTINUOUS
10
0.3445458267716535
20
1.0705249606299212
11
0.3436077559055118
21
1.0714630708661417
0
LINE
8
BLACK
6
CONTINUOUS
10
0.3436077559055118
20
1.0714630708661417
11
0.3434723622047244
21
1.0717899212598425
0
LINE
8
BLACK
6
CONTINUOUS
10
0.3434723622047244
20
1.0717899212598425
11
0.3432050393700787
21
1.0720217716535432
0
LINE
8
BLACK
6
CONTINUOUS
10
0.3432050393700787
20
1.0720217716535432
11
0.3429527559055118
21
1.0725263385826771
0
LINE
8
BLACK
6
CONTINUOUS
10
0.3429527559055118
20
1.0725263385826771
11
0.3429527559055118
21
1.0649999999999999
0
LINE
8
BLACK
6
CONTINUOUS
10
0.3429527559055118
20
1.0649999999999999
11
0.3427746850393701
21
1.0639900787401575
0
LINE
8
BLACK
6
CONTINUOUS
10
0.3427746850393701
20
1.0639900787401575
11
0.3414763779527559
21
1.0624428346456694
0
LINE
8
BLACK
6
CONTINUOUS
10
0.3414763779527559
20
1.0624428346456694
11
0.3394872440944882
21
1.0620920866141732
0
LINE
8
BLACK
6
CONTINUOUS
10
0.3394872440944882
20
1.0620920866141732
11
0.3377380708661417
21
1.0631020078740157
0
LINE
8
BLACK
6
CONTINUOUS
10
0.3377380708661417
20
1.0631020078740157
11
0.3370472440944882
21
1.0649999999999999
0
LINE
8
BLACK
6
CONTINUOUS
10
0.3370472440944882
20
1.0649999999999999
11
0.3370472440944882
21
1.105
0
LINE
8
BLACK
6
CONTINUOUS
10
0.3370472440944882
20
1.105
11
0.337114842519685
21
1.1053835039370079
0
LINE
8
BLACK
6
CONTINUOUS
10
0.337114842519685
20
1.1053835039370079
11
0.3370920866141732
21
1.1055127559055118
0
LINE
8
BLACK
6
CONTINUOUS
10
0.3370920866141732
20
1.1055127559055118
11
0.3371576771653543
21
1.1056263385826772
0
LINE
8
BLACK
6
CONTINUOUS
10
0.3371576771653543
20
1.1056263385826772
11
0.3372253149606299
21
1.1060099212598424
0
LINE
8
BLACK
6
CONTINUOUS
10
0.3372253149606299
20
1.1060099212598424
11
0.3377184251968504
21
1.1065975984251968
0
LINE
8
BLACK
6
CONTINUOUS
10
0.3377184251968504
20
1.1065975984251968
11
0.3381020078740157
21
1.1072619291338583
0
LINE
8
BLACK
6
CONTINUOUS
10
0.3381020078740157
20
1.1072619291338583
11
0.3383523228346457
21
1.1073530314960629
0
LINE
8
BLACK
6
CONTINUOUS
10
0.3383523228346457
20
1.1073530314960629
11
0.3385236220472441
21
1.1075571653543306
0
LINE
8
BLACK
6
CONTINUOUS
10
0.3385236220472441
20
1.1075571653543306
11
0.3392791732283464
21
1.1076903937007874
0
LINE
8
BLACK
6
CONTINUOUS
10
0.3392791732283464
20
1.1076903937007874
11
0.34
21
1.1079527559055118
0
LINE
8
BLACK
6
CONTINUOUS
10
0.34
20
1.1079527559055118
11
0.4
21
1.1079527559055118
0
LINE
8
BLACK
6
CONTINUOUS
10
0.4
20
1.1079527559055118
11
0.4003835039370079
21
1.1078851181102363
0
LINE
8
BLACK
6
CONTINUOUS
10
0.3153835039370079
20
1.1928851181102362
11
0.3155127559055118
21
1.1929079133858267
0
LINE
8
BLACK
6
CONTINUOUS
10
0.3155127559055118
20
1.1929079133858267
11
0.3156263385826771
21
1.1928422834645669
0
LINE
8
BLACK
6
CONTINUOUS
10
0.3156263385826771
20
1.1928422834645669
11
0.3160099212598425
21
1.1927746850393701
0
LINE
8
BLACK
6
CONTINUOUS
10
0.3160099212598425
20
1.1927746850393701
11
0.3165975984251969
21
1.1922815354330709
0
LINE
8
BLACK
6
CONTINUOUS
10
0.3165975984251969
20
1.1922815354330709
11
0.3172619291338583
21
1.1918979921259842
0
LINE
8
BLACK
6
CONTINUOUS
10
0.3172619291338583
20
1.1918979921259842
11
0.317353031496063
21
1.1916476377952756
0
LINE
8
BLACK
6
CONTINUOUS
10
0.317353031496063
20
1.1916476377952756
11
0.3175571653543307
21
1.191476377952756
0
LINE
8
BLACK
6
CONTINUOUS
10
0.3175571653543307
20
1.191476377952756
11
0.3176903937007874
21
1.1907207874015748
0
LINE
8
BLACK
6
CONTINUOUS
10
0.3176903937007874
20
1.1907207874015748
11
0.3179527559055118
21
1.1899999999999999
0
LINE
8
BLACK
6
CONTINUOUS
10
0.3179527559055118
20
1.1899999999999999
11
0.3179527559055118
21
1.0874999999999999
0
LINE
8
BLACK
6
CONTINUOUS
10
0.3179527559055118
20
1.0874999999999999
11
0.3178851181102362
21
1.0871164566929135
0
LINE
8
BLACK
6
CONTINUOUS
10
0.3178851181102362
20
1.0871164566929135
11
0.3179079133858267
21
1.0869872440944881
0
LINE
8
BLACK
6
CONTINUOUS
10
0.3179079133858267
20
1.0869872440944881
11
0.3178422834645669
21
1.0868736220472441
0
LINE
8
BLACK
6
CONTINUOUS
10
0.3178422834645669
20
1.0868736220472441
11
0.3177746850393701
21
1.0864900787401575
0
LINE
8
BLACK
6
CONTINUOUS
10
0.3177746850393701
20
1.0864900787401575
11
0.3172815354330709
21
1.0859023622047244
0
LINE
8
BLACK
6
CONTINUOUS
10
0.3172815354330709
20
1.0859023622047244
11
0.3168979921259842
21
1.0852380708661418
0
LINE
8
BLACK
6
CONTINUOUS
10
0.3168979921259842
20
1.0852380708661418
11
0.3166476377952756
21
1.0851469291338582
0
LINE
8
BLACK
6
CONTINUOUS
10
0.3166476377952756
20
1.0851469291338582
11
0.3164763779527559
21
1.0849428346456693
0
LINE
8
BLACK
6
CONTINUOUS
10
0.3164763779527559
20
1.0849428346456693
11
0.3157207874015748
21
1.0848095669291338
0
LINE
8
BLACK
6
CONTINUOUS
10
0.3157207874015748
20
1.0848095669291338
11
0.315
21
1.0845472440944881
0
LINE
8
BLACK
6
CONTINUOUS
10
0.315
20
1.0845472440944881
11
0.28151468503937
21
1.0845472440944881
0
LINE
8
BLACK
6
CONTINUOUS
10
0.28151468503937
20
1.0845472440944881
11
0.2812
21
1.0844846456692914
0
LINE
8
BLACK
6
CONTINUOUS
10
0.2812
20
1.0844846456692914
11
0.2808853149606299
21
1.0845472440944881
0
LINE
8
BLACK
6
CONTINUOUS
10
0.2808853149606299
20
1.0845472440944881
11
0.275
21
1.0845472440944881
0
LINE
8
BLACK
6
CONTINUOUS
10
0.275
20
1.0845472440944881
11
0.2746164566929134
21
1.0846148425196851
0
LINE
8
BLACK
6
CONTINUOUS
10
0.2746164566929134
20
1.0846148425196851
11
0.2744872440944882
21
1.0845920866141732
0
LINE
8
BLACK
6
CONTINUOUS
10
0.2744872440944882
20
1.0845920866141732
11
0.2743736220472441
21
1.0846576771653542
0
LINE
8
BLACK
6
CONTINUOUS
10
0.2743736220472441
20
1.0846576771653542
11
0.2739900787401575
21
1.08472531496063
0
LINE
8
BLACK
6
CONTINUOUS
10
0.2739900787401575
20
1.08472531496063
11
0.2734023622047244
21
1.0852184251968504
0
LINE
8
BLACK
6
CONTINUOUS
10
0.2734023622047244
20
1.0852184251968504
11
0.2727380708661417
21
1.0856020078740156
0
LINE
8
BLACK
6
CONTINUOUS
10
0.2727380708661417
20
1.0856020078740156
11
0.2726469291338582
21
1.0858523228346457
0
LINE
8
BLACK
6
CONTINUOUS
10
0.2726469291338582
20
1.0858523228346457
11
0.2724428346456693
21
1.0860236220472441
0
LINE
8
BLACK
6
CONTINUOUS
10
0.2724428346456693
20
1.0860236220472441
11
0.2723095669291338
21
1.0867791732283465
0
LINE
8
BLACK
6
CONTINUOUS
10
0.2723095669291338
20
1.0867791732283465
11
0.2720472440944882
21
1.0874999999999999
0
LINE
8
BLACK
6
CONTINUOUS
10
0.2720472440944882
20
1.0874999999999999
11
0.2720472440944882
21
1.0933852755905511
0
LINE
8
BLACK
6
CONTINUOUS
10
0.2720472440944882
20
1.0933852755905511
11
0.2719846456692913
21
1.0936999999999999
0
LINE
8
BLACK
6
CONTINUOUS
10
0.2719846456692913
20
1.0936999999999999
11
0.2720472440944882
21
1.0940146850393702
0
LINE
8
BLACK
6
CONTINUOUS
10
0.2720472440944882
20
1.0940146850393702
11
0.2720472440944882
21
1.1899999999999999
0
LINE
8
BLACK
6
CONTINUOUS
10
0.2720472440944882
20
1.1899999999999999
11
0.272114842519685
21
1.1903835039370079
0
LINE
8
BLACK
6
CONTINUOUS
10
0.272114842519685
20
1.1903835039370079
11
0.2720920866141732
21
1.1905127559055118
0
LINE
8
BLACK
6
CONTINUOUS
10
0.2720920866141732
20
1.1905127559055118
11
0.2721576771653543
21
1.1906263385826772
0
LINE
8
BLACK
6
CONTINUOUS
10
0.2721576771653543
20
1.1906263385826772
11
0.2722253149606299
21
1.1910099212598424
0
LINE
8
BLACK
6
CONTINUOUS
10
0.2722253149606299
20
1.1910099212598424
11
0.2727184251968504
21
1.1915975984251967
0
LINE
8
BLACK
6
CONTINUOUS
10
0.2727184251968504
20
1.1915975984251967
11
0.2731020078740157
21
1.1922619291338583
0
LINE
8
BLACK
6
CONTINUOUS
10
0.2731020078740157
20
1.1922619291338583
11
0.2733523228346457
21
1.1923530314960629
0
LINE
8
BLACK
6
CONTINUOUS
10
0.2733523228346457
20
1.1923530314960629
11
0.2735236220472441
21
1.1925571653543308
0
LINE
8
BLACK
6
CONTINUOUS
10
0.2735236220472441
20
1.1925571653543308
11
0.2742791732283464
21
1.1926903937007873
0
LINE
8
BLACK
6
CONTINUOUS
10
0.2742791732283464
20
1.1926903937007873
11
0.275
21
1.1929527559055118
0
LINE
8
BLACK
6
CONTINUOUS
10
0.275
20
1.1929527559055118
11
0.315
21
1.1929527559055118
0
LINE
8
BLACK
6
CONTINUOUS
10
0.315
20
1.1929527559055118
11
0.3153835039370079
21
1.1928851181102362
0
LINE
8
BLACK
6
CONTINUOUS
10
0.2783844881889764
20
1.095745590551181
11
0.2779527559055118
21
1.0944168110236221
0
LINE
8
BLACK
6
CONTINUOUS
10
0.2779527559055118
20
1.0944168110236221
11
0.2779527559055118
21
1.0929831496062992
0
LINE
8
BLACK
6
CONTINUOUS
10
0.2779527559055118
20
1.0929831496062992
11
0.2783844881889764
21
1.091654409448819
0
LINE
8
BLACK
6
CONTINUOUS
10
0.2783844881889764
20
1.091654409448819
11
0.2800384251968504
21
1.0904527559055117
0
LINE
8
BLACK
6
CONTINUOUS
10
0.2800384251968504
20
1.0904527559055117
11
0.2823615748031496
21
1.0904527559055117
0
LINE
8
BLACK
6
CONTINUOUS
10
0.2823615748031496
20
1.0904527559055117
11
0.2840155118110236
21
1.091654409448819
0
LINE
8
BLACK
6
CONTINUOUS
10
0.2840155118110236
20
1.091654409448819
11
0.2846801574803149
21
1.0936999999999999
0
LINE
8
BLACK
6
CONTINUOUS
10
0.2846801574803149
20
1.0936999999999999
11
0.2840155118110236
21
1.095745590551181
0
LINE
8
BLACK
6
CONTINUOUS
10
0.2840155118110236
20
1.095745590551181
11
0.2822754330708661
21
1.097009842519685
0
LINE
8
BLACK
6
CONTINUOUS
10
0.2822754330708661
20
1.097009842519685
11
0.2801245669291338
21
1.097009842519685
0
LINE
8
BLACK
6
CONTINUOUS
10
0.2801245669291338
20
1.097009842519685
11
0.2783844881889764
21
1.095745590551181
0
LINE
8
BLACK
6
CONTINUOUS
10
0.2779527559055118
20
1.1870472440944881
11
0.2779527559055118
21
1.1022694094488188
0
LINE
8
BLACK
6
CONTINUOUS
10
0.2779527559055118
20
1.1022694094488188
11
0.2812
21
1.1029153543307086
0
LINE
8
BLACK
6
CONTINUOUS
10
0.2812
20
1.1029153543307086
11
0.2847265748031496
21
1.1022138582677166
0
LINE
8
BLACK
6
CONTINUOUS
10
0.2847265748031496
20
1.1022138582677166
11
0.2877162204724409
21
1.1002162204724408
0
LINE
8
BLACK
6
CONTINUOUS
10
0.2877162204724409
20
1.1002162204724408
11
0.2897138582677165
21
1.0972265748031496
0
LINE
8
BLACK
6
CONTINUOUS
10
0.2897138582677165
20
1.0972265748031496
11
0.2904153543307086
21
1.0936999999999999
0
LINE
8
BLACK
6
CONTINUOUS
10
0.2904153543307086
20
1.0936999999999999
11
0.2897694094488189
21
1.0904527559055117
0
LINE
8
BLACK
6
CONTINUOUS
10
0.2897694094488189
20
1.0904527559055117
11
0.3120472440944882
21
1.0904527559055117
0
LINE
8
BLACK
6
CONTINUOUS
10
0.3120472440944882
20
1.0904527559055117
11
0.3120472440944882
21
1.1870472440944881
0
LINE
8
BLACK
6
CONTINUOUS
10
0.3120472440944882
20
1.1870472440944881
11
0.2779527559055118
21
1.1870472440944881
0
LINE
8
BLACK
6
CONTINUOUS
10
0.7203835039370079
20
1.2528851181102363
11
0.7205127559055118
21
1.2529079133858267
0
LINE
8
BLACK
6
CONTINUOUS
10
0.7205127559055118
20
1.2529079133858267
11
0.7206263385826771
21
1.2528422834645669
0
LINE
8
BLACK
6
CONTINUOUS
10
0.7206263385826771
20
1.2528422834645669
11
0.7210099212598425
21
1.25277468503937
0
LINE
8
BLACK
6
CONTINUOUS
10
0.7210099212598425
20
1.25277468503937
11
0.7215975984251969
21
1.2522815354330707
0
LINE
8
BLACK
6
CONTINUOUS
10
0.7215975984251969
20
1.2522815354330707
11
0.7222619291338582
21
1.2518979921259843
0
LINE
8
BLACK
6
CONTINUOUS
10
0.7222619291338582
20
1.2518979921259843
11
0.722353031496063
21
1.2516476377952757
0
LINE
8
BLACK
6
CONTINUOUS
10
0.722353031496063
20
1.2516476377952757
11
0.7225571653543307
21
1.2514763779527558
0
LINE
8
BLACK
6
CONTINUOUS
10
0.7225571653543307
20
1.2514763779527558
11
0.7226903937007874
21
1.2507207874015749
0
LINE
8
BLACK
6
CONTINUOUS
10
0.7226903937007874
20
1.2507207874015749
11
0.7229527559055118
21
1.25
0
LINE
8
BLACK
6
CONTINUOUS
10
0.7229527559055118
20
1.25
11
0.7229527559055118
21
1.1976196456692914
0
LINE
8
BLACK
6
CONTINUOUS
10
0.7229527559055118
20
1.1976196456692914
11
0.7232303543307086
21
1.197753346456693
0
LINE
8
BLACK
6
CONTINUOUS
10
0.7232303543307086
20
1.197753346456693
11
0.7267696456692914
21
1.197753346456693
0
LINE
8
BLACK
6
CONTINUOUS
10
0.7267696456692914
20
1.197753346456693
11
0.7299584645669291
21
1.1962177165354331
0
LINE
8
BLACK
6
CONTINUOUS
10
0.7299584645669291
20
1.1962177165354331
11
0.7321651968503937
21
1.193450590551181
0
LINE
8
BLACK
6
CONTINUOUS
10
0.7321651968503937
20
1.193450590551181
11
0.7329527559055118
21
1.1899999999999999
0
LINE
8
BLACK
6
CONTINUOUS
10
0.7329527559055118
20
1.1899999999999999
11
0.7321651968503937
21
1.1865494094488189
0
LINE
8
BLACK
6
CONTINUOUS
10
0.7321651968503937
20
1.1865494094488189
11
0.7299584645669291
21
1.1837822834645668
0
LINE
8
BLACK
6
CONTINUOUS
10
0.7299584645669291
20
1.1837822834645668
11
0.7267696456692914
21
1.1822466535433072
0
LINE
8
BLACK
6
CONTINUOUS
10
0.7267696456692914
20
1.1822466535433072
11
0.7232303543307086
21
1.1822466535433072
0
LINE
8
BLACK
6
CONTINUOUS
10
0.7232303543307086
20
1.1822466535433072
11
0.7200415354330708
21
1.1837822834645668
0
LINE
8
BLACK
6
CONTINUOUS
10
0.7200415354330708
20
1.1837822834645668
11
0.7178348031496062
21
1.1865494094488189
0
LINE
8
BLACK
6
CONTINUOUS
10
0.7178348031496062
20
1.1865494094488189
11
0.7177211811023622
21
1.1870472440944881
0
LINE
8
BLACK
6
CONTINUOUS
10
0.7177211811023622
20
1.1870472440944881
11
0.6799999999999999
21
1.1870472440944881
0
LINE
8
BLACK
6
CONTINUOUS
10
0.6799999999999999
20
1.1870472440944881
11
0.6789900787401575
21
1.18722531496063
0
LINE
8
BLACK
6
CONTINUOUS
10
0.6789900787401575
20
1.18722531496063
11
0.6774428346456692
21
1.1885236220472442
0
LINE
8
BLACK
6
CONTINUOUS
10
0.6774428346456692
20
1.1885236220472442
11
0.6770920866141732
21
1.1905127559055118
0
LINE
8
BLACK
6
CONTINUOUS
10
0.6770920866141732
20
1.1905127559055118
11
0.6781020078740158
21
1.1922619291338583
0
LINE
8
BLACK
6
CONTINUOUS
10
0.6781020078740158
20
1.1922619291338583
11
0.6799999999999999
21
1.1929527559055118
0
LINE
8
BLACK
6
CONTINUOUS
10
0.6799999999999999
20
1.1929527559055118
11
0.7170472440944882
21
1.1929527559055118
0
LINE
8
BLACK
6
CONTINUOUS
10
0.7170472440944882
20
1.1929527559055118
11
0.7170472440944882
21
1.2470472440944882
0
LINE
8
BLACK
6
CONTINUOUS
10
0.7170472440944882
20
1.2470472440944882
11
0.6799999999999999
21
1.2470472440944882
0
LINE
8
BLACK
6
CONTINUOUS
10
0.6799999999999999
20
1.2470472440944882
11
0.6789900787401575
21
1.2472253149606298
0
LINE
8
BLACK
6
CONTINUOUS
10
0.6789900787401575
20
1.2472253149606298
11
0.6774428346456692
21
1.248523622047244
0
LINE
8
BLACK
6
CONTINUOUS
10
0.6774428346456692
20
1.248523622047244
11
0.6770920866141732
21
1.2505127559055118
0
LINE
8
BLACK
6
CONTINUOUS
10
0.6770920866141732
20
1.2505127559055118
11
0.6781020078740158
21
1.2522619291338581
0
LINE
8
BLACK
6
CONTINUOUS
10
0.6781020078740158
20
1.2522619291338581
11
0.6799999999999999
21
1.2529527559055118
0
LINE
8
BLACK
6
CONTINUOUS
10
0.6799999999999999
20
1.2529527559055118
11
0.72
21
1.2529527559055118
0
LINE
8
BLACK
6
CONTINUOUS
10
0.72
20
1.2529527559055118
11
0.7203835039370079
21
1.2528851181102363
0
LINE
8
BLACK
6
CONTINUOUS
10
0.7234331102362205
20
1.1915668897637794
11
0.7229527559055118
21
1.1904071653543307
0
LINE
8
BLACK
6
CONTINUOUS
10
0.7229527559055118
20
1.1904071653543307
11
0.7229527559055118
21
1.1899999999999999
0
LINE
8
BLACK
6
CONTINUOUS
10
0.7229527559055118
20
1.1899999999999999
11
0.7229023622047244
21
1.18971437007874
0
LINE
8
BLACK
6
CONTINUOUS
10
0.7229023622047244
20
1.18971437007874
11
0.7234331102362205
21
1.1884331102362204
0
LINE
8
BLACK
6
CONTINUOUS
10
0.7234331102362205
20
1.1884331102362204
11
0.725
21
1.187784094488189
0
LINE
8
BLACK
6
CONTINUOUS
10
0.725
20
1.187784094488189
11
0.7265668897637795
21
1.1884331102362204
0
LINE
8
BLACK
6
CONTINUOUS
10
0.7265668897637795
20
1.1884331102362204
11
0.727215905511811
21
1.1899999999999999
0
LINE
8
BLACK
6
CONTINUOUS
10
0.727215905511811
20
1.1899999999999999
11
0.7265668897637795
21
1.1915668897637794
0
LINE
8
BLACK
6
CONTINUOUS
10
0.7265668897637795
20
1.1915668897637794
11
0.725
21
1.1922159055118109
0
LINE
8
BLACK
6
CONTINUOUS
10
0.725
20
1.1922159055118109
11
0.7234331102362205
21
1.1915668897637794
0
LINE
8
BLACK
6
CONTINUOUS
10
0.4624584645669291
20
1.2562177165354331
11
0.4646651968503937
21
1.253450590551181
0
LINE
8
BLACK
6
CONTINUOUS
10
0.4646651968503937
20
1.253450590551181
11
0.4647788188976378
21
1.2529527559055118
0
LINE
8
BLACK
6
CONTINUOUS
10
0.4647788188976378
20
1.2529527559055118
11
0.5024999999999999
21
1.2529527559055118
0
LINE
8
BLACK
6
CONTINUOUS
10
0.5024999999999999
20
1.2529527559055118
11
0.5035099212598425
21
1.25277468503937
0
LINE
8
BLACK
6
CONTINUOUS
10
0.5035099212598425
20
1.25277468503937
11
0.5050571653543307
21
1.2514763779527558
0
LINE
8
BLACK
6
CONTINUOUS
10
0.5050571653543307
20
1.2514763779527558
11
0.5054079133858268
21
1.2494872440944882
0
LINE
8
BLACK
6
CONTINUOUS
10
0.5054079133858268
20
1.2494872440944882
11
0.5043979921259842
21
1.2477380708661416
0
LINE
8
BLACK
6
CONTINUOUS
10
0.5043979921259842
20
1.2477380708661416
11
0.5024999999999999
21
1.2470472440944882
0
LINE
8
BLACK
6
CONTINUOUS
10
0.5024999999999999
20
1.2470472440944882
11
0.4654527559055118
21
1.2470472440944882
0
LINE
8
BLACK
6
CONTINUOUS
10
0.4654527559055118
20
1.2470472440944882
11
0.4654527559055118
21
1.1929527559055118
0
LINE
8
BLACK
6
CONTINUOUS
10
0.4654527559055118
20
1.1929527559055118
11
0.5024999999999999
21
1.1929527559055118
0
LINE
8
BLACK
6
CONTINUOUS
10
0.5024999999999999
20
1.1929527559055118
11
0.5035099212598425
21
1.1927746850393701
0
LINE
8
BLACK
6
CONTINUOUS
10
0.5035099212598425
20
1.1927746850393701
11
0.5050571653543307
21
1.191476377952756
0
LINE
8
BLACK
6
CONTINUOUS
10
0.5050571653543307
20
1.191476377952756
11
0.5054079133858268
21
1.1894872440944881
0
LINE
8
BLACK
6
CONTINUOUS
10
0.5054079133858268
20
1.1894872440944881
11
0.5043979921259842
21
1.1877380708661418
0
LINE
8
BLACK
6
CONTINUOUS
10
0.5043979921259842
20
1.1877380708661418
11
0.5024999999999999
21
1.1870472440944881
0
LINE
8
BLACK
6
CONTINUOUS
10
0.5024999999999999
20
1.1870472440944881
11
0.4625
21
1.1870472440944881
0
LINE
8
BLACK
6
CONTINUOUS
10
0.4625
20
1.1870472440944881
11
0.4621164566929134
21
1.1871148425196849
0
LINE
8
BLACK
6
CONTINUOUS
10
0.4621164566929134
20
1.1871148425196849
11
0.4619872440944882
21
1.1870920866141732
0
LINE
8
BLACK
6
CONTINUOUS
10
0.4619872440944882
20
1.1870920866141732
11
0.4618736220472441
21
1.1871576771653543
0
LINE
8
BLACK
6
CONTINUOUS
10
0.4618736220472441
20
1.1871576771653543
11
0.4614900787401575
21
1.18722531496063
0
LINE
8
BLACK
6
CONTINUOUS
10
0.4614900787401575
20
1.18722531496063
11
0.4609023622047244
21
1.1877184251968504
0
LINE
8
BLACK
6
CONTINUOUS
10
0.4609023622047244
20
1.1877184251968504
11
0.4602380708661417
21
1.1881020078740157
0
LINE
8
BLACK
6
CONTINUOUS
10
0.4602380708661417
20
1.1881020078740157
11
0.4601469291338582
21
1.1883523228346455
0
LINE
8
BLACK
6
CONTINUOUS
10
0.4601469291338582
20
1.1883523228346455
11
0.4599428346456693
21
1.1885236220472442
0
LINE
8
BLACK
6
CONTINUOUS
10
0.4599428346456693
20
1.1885236220472442
11
0.4598095669291338
21
1.1892791732283465
0
LINE
8
BLACK
6
CONTINUOUS
10
0.4598095669291338
20
1.1892791732283465
11
0.4595472440944882
21
1.1899999999999999
0
LINE
8
BLACK
6
CONTINUOUS
10
0.4595472440944882
20
1.1899999999999999
11
0.4595472440944882
21
1.2423803149606298
0
LINE
8
BLACK
6
CONTINUOUS
10
0.4595472440944882
20
1.2423803149606298
11
0.4592696456692913
21
1.242246653543307
0
LINE
8
BLACK
6
CONTINUOUS
10
0.4592696456692913
20
1.242246653543307
11
0.4557303543307086
21
1.242246653543307
0
LINE
8
BLACK
6
CONTINUOUS
10
0.4557303543307086
20
1.242246653543307
11
0.4525415354330709
21
1.2437822834645669
0
LINE
8
BLACK
6
CONTINUOUS
10
0.4525415354330709
20
1.2437822834645669
11
0.4503348031496063
21
1.246549409448819
0
LINE
8
BLACK
6
CONTINUOUS
10
0.4503348031496063
20
1.246549409448819
11
0.4495472440944882
21
1.25
0
LINE
8
BLACK
6
CONTINUOUS
10
0.4495472440944882
20
1.25
11
0.4503348031496063
21
1.253450590551181
0
LINE
8
BLACK
6
CONTINUOUS
10
0.4503348031496063
20
1.253450590551181
11
0.4525415354330709
21
1.2562177165354331
0
LINE
8
BLACK
6
CONTINUOUS
10
0.4525415354330709
20
1.2562177165354331
11
0.4557303543307086
21
1.2577533464566928
0
LINE
8
BLACK
6
CONTINUOUS
10
0.4557303543307086
20
1.2577533464566928
11
0.4592696456692913
21
1.2577533464566928
0
LINE
8
BLACK
6
CONTINUOUS
10
0.4592696456692913
20
1.2577533464566928
11
0.4624584645669291
21
1.2562177165354331
0
LINE
8
BLACK
6
CONTINUOUS
10
0.4559331102362205
20
1.2484331102362205
11
0.4575
21
1.2477840944881891
0
LINE
8
BLACK
6
CONTINUOUS
10
0.4575
20
1.2477840944881891
11
0.4590668897637795
21
1.2484331102362205
0
LINE
8
BLACK
6
CONTINUOUS
10
0.4590668897637795
20
1.2484331102362205
11
0.4595472440944882
21
1.2495927952755905
0
LINE
8
BLACK
6
CONTINUOUS
10
0.4595472440944882
20
1.2495927952755905
11
0.4595472440944882
21
1.25
0
LINE
8
BLACK
6
CONTINUOUS
10
0.4595472440944882
20
1.25
11
0.4595975984251968
21
1.2502855905511812
0
LINE
8
BLACK
6
CONTINUOUS
10
0.4595975984251968
20
1.2502855905511812
11
0.4590668897637795
21
1.2515668897637795
0
LINE
8
BLACK
6
CONTINUOUS
10
0.4590668897637795
20
1.2515668897637795
11
0.4575
21
1.2522159055118109
0
LINE
8
BLACK
6
CONTINUOUS
10
0.4575
20
1.2522159055118109
11
0.4559331102362205
21
1.2515668897637795
0
LINE
8
BLACK
6
CONTINUOUS
10
0.4559331102362205
20
1.2515668897637795
11
0.455284094488189
21
1.25
0
LINE
8
BLACK
6
CONTINUOUS
10
0.455284094488189
20
1.25
11
0.4559331102362205
21
1.2484331102362205
0
LINE
8
BLACK
6
CONTINUOUS
10
0.5828835039370078
20
1.2528851181102363
11
0.5830127559055118
21
1.2529079133858267
0
LINE
8
BLACK
6
CONTINUOUS
10
0.5830127559055118
20
1.2529079133858267
11
0.5831263385826772
21
1.2528422834645669
0
LINE
8
BLACK
6
CONTINUOUS
10
0.5831263385826772
20
1.2528422834645669
11
0.5835099212598425
21
1.25277468503937
0
LINE
8
BLACK
6
CONTINUOUS
10
0.5835099212598425
20
1.25277468503937
11
0.5840975984251968
21
1.2522815354330707
0
LINE
8
BLACK
6
CONTINUOUS
10
0.5840975984251968
20
1.2522815354330707
11
0.5847619291338583
21
1.2518979921259843
0
LINE
8
BLACK
6
CONTINUOUS
10
0.5847619291338583
20
1.2518979921259843
11
0.5848530314960629
21
1.2516476377952757
0
LINE
8
BLACK
6
CONTINUOUS
10
0.5848530314960629
20
1.2516476377952757
11
0.5850571653543307
21
1.2514763779527558
0
LINE
8
BLACK
6
CONTINUOUS
10
0.5850571653543307
20
1.2514763779527558
11
0.5851903937007874
21
1.2507207874015749
0
LINE
8
BLACK
6
CONTINUOUS
10
0.5851903937007874
20
1.2507207874015749
11
0.5854527559055118
21
1.25
0
LINE
8
BLACK
6
CONTINUOUS
10
0.5854527559055118
20
1.25
11
0.5854527559055118
21
1.1899999999999999
0
LINE
8
BLACK
6
CONTINUOUS
10
0.5854527559055118
20
1.1899999999999999
11
0.5853851181102362
21
1.1896164566929133
0
LINE
8
BLACK
6
CONTINUOUS
10
0.5853851181102362
20
1.1896164566929133
11
0.5854079133858268
21
1.1894872440944881
0
LINE
8
BLACK
6
CONTINUOUS
10
0.5854079133858268
20
1.1894872440944881
11
0.585342283464567
21
1.1893736220472442
0
LINE
8
BLACK
6
CONTINUOUS
10
0.585342283464567
20
1.1893736220472442
11
0.5852746850393701
21
1.1889900787401575
0
LINE
8
BLACK
6
CONTINUOUS
10
0.5852746850393701
20
1.1889900787401575
11
0.5847815354330709
21
1.1884023622047244
0
LINE
8
BLACK
6
CONTINUOUS
10
0.5847815354330709
20
1.1884023622047244
11
0.5843979921259842
21
1.1877380708661418
0
LINE
8
BLACK
6
CONTINUOUS
10
0.5843979921259842
20
1.1877380708661418
11
0.5841476377952756
21
1.1876469291338583
0
LINE
8
BLACK
6
CONTINUOUS
10
0.5841476377952756
20
1.1876469291338583
11
0.5839763779527559
21
1.1874428346456694
0
LINE
8
BLACK
6
CONTINUOUS
10
0.5839763779527559
20
1.1874428346456694
11
0.5832207874015748
21
1.1873095669291338
0
LINE
8
BLACK
6
CONTINUOUS
10
0.5832207874015748
20
1.1873095669291338
11
0.5825
21
1.1870472440944881
0
LINE
8
BLACK
6
CONTINUOUS
10
0.5825
20
1.1870472440944881
11
0.5425
21
1.1870472440944881
0
LINE
8
BLACK
6
CONTINUOUS
10
0.5425
20
1.1870472440944881
11
0.5414900787401574
21
1.18722531496063
0
LINE
8
BLACK
6
CONTINUOUS
10
0.5414900787401574
20
1.18722531496063
11
0.5399428346456693
21
1.1885236220472442
0
LINE
8
BLACK
6
CONTINUOUS
10
0.5399428346456693
20
1.1885236220472442
11
0.5395920866141732
21
1.1905127559055118
0
LINE
8
BLACK
6
CONTINUOUS
10
0.5395920866141732
20
1.1905127559055118
11
0.5406020078740157
21
1.1922619291338583
0
LINE
8
BLACK
6
CONTINUOUS
10
0.5406020078740157
20
1.1922619291338583
11
0.5425
21
1.1929527559055118
0
LINE
8
BLACK
6
CONTINUOUS
10
0.5425
20
1.1929527559055118
11
0.5795472440944882
21
1.1929527559055118
0
LINE
8
BLACK
6
CONTINUOUS
10
0.5795472440944882
20
1.1929527559055118
11
0.5795472440944882
21
1.2470472440944882
0
LINE
8
BLACK
6
CONTINUOUS
10
0.5795472440944882
20
1.2470472440944882
11
0.5465769291338582
21
1.2470472440944882
0
LINE
8
BLACK
6
CONTINUOUS
10
0.5465769291338582
20
1.2470472440944882
11
0.546643622047244
21
1.2470025984251969
0
LINE
8
BLACK
6
CONTINUOUS
10
0.546643622047244
20
1.2470025984251969
11
0.5484017716535433
21
1.2443653937007875
0
LINE
8
BLACK
6
CONTINUOUS
10
0.5484017716535433
20
1.2443653937007875
11
0.5498806692913386
21
1.2428864960629922
0
LINE
8
BLACK
6
CONTINUOUS
10
0.5498806692913386
20
1.2428864960629922
11
0.5514448425196851
21
1.2421044488188977
0
LINE
8
BLACK
6
CONTINUOUS
10
0.5514448425196851
20
1.2421044488188977
11
0.5525229527559055
21
1.2408612992125985
0
LINE
8
BLACK
6
CONTINUOUS
10
0.5525229527559055
20
1.2408612992125985
11
0.5524062992125984
21
1.2392198818897637
0
LINE
8
BLACK
6
CONTINUOUS
10
0.5524062992125984
20
1.2392198818897637
11
0.5511631889763779
21
1.2381417322834645
0
LINE
8
BLACK
6
CONTINUOUS
10
0.5511631889763779
20
1.2381417322834645
11
0.5495217716535433
21
1.2382584251968505
0
LINE
8
BLACK
6
CONTINUOUS
10
0.5495217716535433
20
1.2382584251968505
11
0.5476455905511811
21
1.2391965354330707
0
LINE
8
BLACK
6
CONTINUOUS
10
0.5476455905511811
20
1.2391965354330707
11
0.5474137401574803
21
1.2394638188976377
0
LINE
8
BLACK
6
CONTINUOUS
10
0.5474137401574803
20
1.2394638188976377
11
0.5470868503937008
21
1.239599251968504
0
LINE
8
BLACK
6
CONTINUOUS
10
0.5470868503937008
20
1.239599251968504
11
0.5470047244094488
21
1.2396813779527558
0
LINE
8
BLACK
6
CONTINUOUS
10
0.5470047244094488
20
1.2396813779527558
11
0.5470047244094488
21
1.2282599999999999
0
LINE
8
BLACK
6
CONTINUOUS
10
0.5470047244094488
20
1.2282599999999999
11
0.5504833070866142
21
1.2282599999999999
0
LINE
8
BLACK
6
CONTINUOUS
10
0.5504833070866142
20
1.2282599999999999
11
0.5520035826771653
21
1.227630275590551
0
LINE
8
BLACK
6
CONTINUOUS
10
0.5520035826771653
20
1.227630275590551
11
0.5526333070866142
21
1.22611
0
LINE
8
BLACK
6
CONTINUOUS
10
0.5526333070866142
20
1.22611
11
0.5520035826771653
21
1.2245897244094488
0
LINE
8
BLACK
6
CONTINUOUS
10
0.5520035826771653
20
1.2245897244094488
11
0.5504833070866142
21
1.2239599999999999
0
LINE
8
BLACK
6
CONTINUOUS
10
0.5504833070866142
20
1.2239599999999999
11
0.5448547244094488
21
1.2239599999999999
0
LINE
8
BLACK
6
CONTINUOUS
10
0.5448547244094488
20
1.2239599999999999
11
0.5392261811023622
21
1.2239599999999999
0
LINE
8
BLACK
6
CONTINUOUS
10
0.5392261811023622
20
1.2239599999999999
11
0.537705905511811
21
1.2245897244094488
0
LINE
8
BLACK
6
CONTINUOUS
10
0.537705905511811
20
1.2245897244094488
11
0.5370761811023622
21
1.22611
0
LINE
8
BLACK
6
CONTINUOUS
10
0.5370761811023622
20
1.22611
11
0.537705905511811
21
1.227630275590551
0
LINE
8
BLACK
6
CONTINUOUS
10
0.537705905511811
20
1.227630275590551
11
0.5392261811023622
21
1.2282599999999999
0
LINE
8
BLACK
6
CONTINUOUS
10
0.5392261811023622
20
1.2282599999999999
11
0.5427047244094488
21
1.2282599999999999
0
LINE
8
BLACK
6
CONTINUOUS
10
0.5427047244094488
20
1.2282599999999999
11
0.5427047244094488
21
1.2458099999999999
0
LINE
8
BLACK
6
CONTINUOUS
10
0.5427047244094488
20
1.2458099999999999
11
0.5427894094488189
21
1.2460145275590551
0
LINE
8
BLACK
6
CONTINUOUS
10
0.5427894094488189
20
1.2460145275590551
11
0.5427464960629921
21
1.2462316535433071
0
LINE
8
BLACK
6
CONTINUOUS
10
0.5427464960629921
20
1.2462316535433071
11
0.5430948031496063
21
1.2467517716535432
0
LINE
8
BLACK
6
CONTINUOUS
10
0.5430948031496063
20
1.2467517716535432
11
0.5432172047244095
21
1.2470472440944882
0
LINE
8
BLACK
6
CONTINUOUS
10
0.5432172047244095
20
1.2470472440944882
11
0.5425
21
1.2470472440944882
0
LINE
8
BLACK
6
CONTINUOUS
10
0.5425
20
1.2470472440944882
11
0.5414900787401574
21
1.2472253149606298
0
LINE
8
BLACK
6
CONTINUOUS
10
0.5414900787401574
20
1.2472253149606298
11
0.5399428346456693
21
1.248523622047244
0
LINE
8
BLACK
6
CONTINUOUS
10
0.5399428346456693
20
1.248523622047244
11
0.5395920866141732
21
1.2505127559055118
0
LINE
8
BLACK
6
CONTINUOUS
10
0.5395920866141732
20
1.2505127559055118
11
0.5406020078740157
21
1.2522619291338581
0
LINE
8
BLACK
6
CONTINUOUS
10
0.5406020078740157
20
1.2522619291338581
11
0.5425
21
1.2529527559055118
0
LINE
8
BLACK
6
CONTINUOUS
10
0.5425
20
1.2529527559055118
11
0.5825
21
1.2529527559055118
0
LINE
8
BLACK
6
CONTINUOUS
10
0.5825
20
1.2529527559055118
11
0.5828835039370078
21
1.2528851181102363
0
LINE
8
BLACK
6
CONTINUOUS
10
0.6410099212598425
20
1.25277468503937
11
0.6425571653543307
21
1.2514763779527558
0
LINE
8
BLACK
6
CONTINUOUS
10
0.6425571653543307
20
1.2514763779527558
11
0.6429079133858268
21
1.2494872440944882
0
LINE
8
BLACK
6
CONTINUOUS
10
0.6429079133858268
20
1.2494872440944882
11
0.6418979921259842
21
1.2477380708661416
0
LINE
8
BLACK
6
CONTINUOUS
10
0.6418979921259842
20
1.2477380708661416
11
0.64
21
1.2470472440944882
0
LINE
8
BLACK
6
CONTINUOUS
10
0.64
20
1.2470472440944882
11
0.6029527559055118
21
1.2470472440944882
0
LINE
8
BLACK
6
CONTINUOUS
10
0.6029527559055118
20
1.2470472440944882
11
0.6029527559055118
21
1.1929527559055118
0
LINE
8
BLACK
6
CONTINUOUS
10
0.6029527559055118
20
1.1929527559055118
11
0.64
21
1.1929527559055118
0
LINE
8
BLACK
6
CONTINUOUS
10
0.64
20
1.1929527559055118
11
0.6410099212598425
21
1.1927746850393701
0
LINE
8
BLACK
6
CONTINUOUS
10
0.6410099212598425
20
1.1927746850393701
11
0.6425571653543307
21
1.191476377952756
0
LINE
8
BLACK
6
CONTINUOUS
10
0.6425571653543307
20
1.191476377952756
11
0.6429079133858268
21
1.1894872440944881
0
LINE
8
BLACK
6
CONTINUOUS
10
0.6429079133858268
20
1.1894872440944881
11
0.6418979921259842
21
1.1877380708661418
0
LINE
8
BLACK
6
CONTINUOUS
10
0.6418979921259842
20
1.1877380708661418
11
0.64
21
1.1870472440944881
0
LINE
8
BLACK
6
CONTINUOUS
10
0.64
20
1.1870472440944881
11
0.6
21
1.1870472440944881
0
LINE
8
BLACK
6
CONTINUOUS
10
0.6
20
1.1870472440944881
11
0.5996164566929134
21
1.1871148425196849
0
LINE
8
BLACK
6
CONTINUOUS
10
0.5996164566929134
20
1.1871148425196849
11
0.5994872440944882
21
1.1870920866141732
0
LINE
8
BLACK
6
CONTINUOUS
10
0.5994872440944882
20
1.1870920866141732
11
0.5993736220472441
21
1.1871576771653543
0
LINE
8
BLACK
6
CONTINUOUS
10
0.5993736220472441
20
1.1871576771653543
11
0.5989900787401574
21
1.18722531496063
0
LINE
8
BLACK
6
CONTINUOUS
10
0.5989900787401574
20
1.18722531496063
11
0.5984023622047244
21
1.1877184251968504
0
LINE
8
BLACK
6
CONTINUOUS
10
0.5984023622047244
20
1.1877184251968504
11
0.5977380708661417
21
1.1881020078740157
0
LINE
8
BLACK
6
CONTINUOUS
10
0.5977380708661417
20
1.1881020078740157
11
0.5976469291338583
21
1.1883523228346455
0
LINE
8
BLACK
6
CONTINUOUS
10
0.5976469291338583
20
1.1883523228346455
11
0.5974428346456693
21
1.1885236220472442
0
LINE
8
BLACK
6
CONTINUOUS
10
0.5974428346456693
20
1.1885236220472442
11
0.5973095669291338
21
1.1892791732283465
0
LINE
8
BLACK
6
CONTINUOUS
10
0.5973095669291338
20
1.1892791732283465
11
0.5970472440944882
21
1.1899999999999999
0
LINE
8
BLACK
6
CONTINUOUS
10
0.5970472440944882
20
1.1899999999999999
11
0.5970472440944882
21
1.25
0
LINE
8
BLACK
6
CONTINUOUS
10
0.5970472440944882
20
1.25
11
0.5971148425196851
21
1.2503835039370079
0
LINE
8
BLACK
6
CONTINUOUS
10
0.5971148425196851
20
1.2503835039370079
11
0.5970920866141732
21
1.2505127559055118
0
LINE
8
BLACK
6
CONTINUOUS
10
0.5970920866141732
20
1.2505127559055118
11
0.5971576771653543
21
1.2506263385826772
0
LINE
8
BLACK
6
CONTINUOUS
10
0.5971576771653543
20
1.2506263385826772
11
0.5972253149606299
21
1.2510099212598425
0
LINE
8
BLACK
6
CONTINUOUS
10
0.5972253149606299
20
1.2510099212598425
11
0.5977184251968504
21
1.2515975984251968
0
LINE
8
BLACK
6
CONTINUOUS
10
0.5977184251968504
20
1.2515975984251968
11
0.5981020078740157
21
1.2522619291338581
0
LINE
8
BLACK
6
CONTINUOUS
10
0.5981020078740157
20
1.2522619291338581
11
0.5983523228346457
21
1.2523530314960629
0
LINE
8
BLACK
6
CONTINUOUS
10
0.5983523228346457
20
1.2523530314960629
11
0.5985236220472441
21
1.2525571653543306
0
LINE
8
BLACK
6
CONTINUOUS
10
0.5985236220472441
20
1.2525571653543306
11
0.5992791732283465
21
1.2526903937007874
0
LINE
8
BLACK
6
CONTINUOUS
10
0.5992791732283465
20
1.2526903937007874
11
0.6
21
1.2529527559055118
0
LINE
8
BLACK
6
CONTINUOUS
10
0.6
20
1.2529527559055118
11
0.64
21
1.2529527559055118
0
LINE
8
BLACK
6
CONTINUOUS
10
0.64
20
1.2529527559055118
11
0.6410099212598425
21
1.25277468503937
0
LINE
8
BLACK
6
CONTINUOUS
10
0.6410416929133859
20
1.2173302755905511
11
0.6416714173228346
21
1.2158100000000001
0
LINE
8
BLACK
6
CONTINUOUS
10
0.6416714173228346
20
1.2158100000000001
11
0.6416714173228346
21
1.19611
0
LINE
8
BLACK
6
CONTINUOUS
10
0.6416714173228346
20
1.19611
11
0.6410416929133859
21
1.1945897244094488
0
LINE
8
BLACK
6
CONTINUOUS
10
0.6410416929133859
20
1.1945897244094488
11
0.6395214173228346
21
1.1939599999999999
0
LINE
8
BLACK
6
CONTINUOUS
10
0.6395214173228346
20
1.1939599999999999
11
0.6380011417322835
21
1.1945897244094488
0
LINE
8
BLACK
6
CONTINUOUS
10
0.6380011417322835
20
1.1945897244094488
11
0.6373714173228346
21
1.19611
0
LINE
8
BLACK
6
CONTINUOUS
10
0.6373714173228346
20
1.19611
11
0.6373714173228346
21
1.1996663385826771
0
LINE
8
BLACK
6
CONTINUOUS
10
0.6373714173228346
20
1.1996663385826771
11
0.6337366535433071
21
1.19482
0
LINE
8
BLACK
6
CONTINUOUS
10
0.6337366535433071
20
1.19482
11
0.6323207086614173
21
1.1939816141732282
0
LINE
8
BLACK
6
CONTINUOUS
10
0.6323207086614173
20
1.1939816141732282
11
0.630726653543307
21
1.1943900000000001
0
LINE
8
BLACK
6
CONTINUOUS
10
0.630726653543307
20
1.1943900000000001
11
0.6298882677165354
21
1.1958059448818896
0
LINE
8
BLACK
6
CONTINUOUS
10
0.6298882677165354
20
1.1958059448818896
11
0.6302966535433071
21
1.1974
0
LINE
8
BLACK
6
CONTINUOUS
10
0.6302966535433071
20
1.1974
11
0.6348064173228346
21
1.2034129921259842
0
LINE
8
BLACK
6
CONTINUOUS
10
0.6348064173228346
20
1.2034129921259842
11
0.6304963779527559
21
1.2077230708661417
0
LINE
8
BLACK
6
CONTINUOUS
10
0.6304963779527559
20
1.2077230708661417
11
0.6298666535433071
21
1.209243346456693
0
LINE
8
BLACK
6
CONTINUOUS
10
0.6298666535433071
20
1.209243346456693
11
0.6304963779527559
21
1.210763622047244
0
LINE
8
BLACK
6
CONTINUOUS
10
0.6304963779527559
20
1.210763622047244
11
0.632016653543307
21
1.2113933464566928
0
LINE
8
BLACK
6
CONTINUOUS
10
0.632016653543307
20
1.2113933464566928
11
0.6335369291338583
21
1.210763622047244
0
LINE
8
BLACK
6
CONTINUOUS
10
0.6335369291338583
20
1.210763622047244
11
0.6373714173228346
21
1.2069291338582677
0
LINE
8
BLACK
6
CONTINUOUS
10
0.6373714173228346
20
1.2069291338582677
11
0.6373714173228346
21
1.2158100000000001
0
LINE
8
BLACK
6
CONTINUOUS
10
0.6373714173228346
20
1.2158100000000001
11
0.6380011417322835
21
1.2173302755905511
0
LINE
8
BLACK
6
CONTINUOUS
10
0.6380011417322835
20
1.2173302755905511
11
0.6395214173228346
21
1.2179599999999999
0
LINE
8
BLACK
6
CONTINUOUS
10
0.6395214173228346
20
1.2179599999999999
11
0.6410416929133859
21
1.2173302755905511
0
LINE
8
BLACK
6
CONTINUOUS
10
0.6549933070866142
20
1.2177684645669291
11
0.6554924803149607
21
1.2177329921259843
0
LINE
8
BLACK
6
CONTINUOUS
10
0.6554924803149607
20
1.2177329921259843
11
0.6573686614173229
21
1.2167949212598426
0
LINE
8
BLACK
6
CONTINUOUS
10
0.6573686614173229
20
1.2167949212598426
11
0.6576004724409449
21
1.2165275590551181
0
LINE
8
BLACK
6
CONTINUOUS
10
0.6576004724409449
20
1.2165275590551181
11
0.6579273622047244
21
1.2163922047244093
0
LINE
8
BLACK
6
CONTINUOUS
10
0.6579273622047244
20
1.2163922047244093
11
0.6588654724409448
21
1.2154541338582676
0
LINE
8
BLACK
6
CONTINUOUS
10
0.6588654724409448
20
1.2154541338582676
11
0.6590008661417323
21
1.2151271653543307
0
LINE
8
BLACK
6
CONTINUOUS
10
0.6590008661417323
20
1.2151271653543307
11
0.6592682677165355
21
1.2148953149606299
0
LINE
8
BLACK
6
CONTINUOUS
10
0.6592682677165355
20
1.2148953149606299
11
0.6602063385826772
21
1.2130190551181101
0
LINE
8
BLACK
6
CONTINUOUS
10
0.6602063385826772
20
1.2130190551181101
11
0.6602236220472441
21
1.21277531496063
0
LINE
8
BLACK
6
CONTINUOUS
10
0.6602236220472441
20
1.21277531496063
11
0.6603690944881889
21
1.2125790551181101
0
LINE
8
BLACK
6
CONTINUOUS
10
0.6603690944881889
20
1.2125790551181101
11
0.6613072047244094
21
1.2088267322834645
0
LINE
8
BLACK
6
CONTINUOUS
10
0.6613072047244094
20
1.2088267322834645
11
0.6612670866141732
21
1.2085570866141733
0
LINE
8
BLACK
6
CONTINUOUS
10
0.6612670866141732
20
1.2085570866141733
11
0.6613714173228347
21
1.2083052362204725
0
LINE
8
BLACK
6
CONTINUOUS
10
0.6613714173228347
20
1.2083052362204725
11
0.6613714173228347
21
1.2036147637795276
0
LINE
8
BLACK
6
CONTINUOUS
10
0.6613714173228347
20
1.2036147637795276
11
0.6612670866141732
21
1.203362874015748
0
LINE
8
BLACK
6
CONTINUOUS
10
0.6612670866141732
20
1.203362874015748
11
0.6613072047244094
21
1.2030933070866141
0
LINE
8
BLACK
6
CONTINUOUS
10
0.6613072047244094
20
1.2030933070866141
11
0.6603690944881889
21
1.1993409055118109
0
LINE
8
BLACK
6
CONTINUOUS
10
0.6603690944881889
20
1.1993409055118109
11
0.6602236220472441
21
1.1991446062992126
0
LINE
8
BLACK
6
CONTINUOUS
10
0.6602236220472441
20
1.1991446062992126
11
0.6602063385826772
21
1.1989008661417322
0
LINE
8
BLACK
6
CONTINUOUS
10
0.6602063385826772
20
1.1989008661417322
11
0.6592682677165355
21
1.19702468503937
0
LINE
8
BLACK
6
CONTINUOUS
10
0.6592682677165355
20
1.19702468503937
11
0.6590008661417323
21
1.1967927952755906
0
LINE
8
BLACK
6
CONTINUOUS
10
0.6590008661417323
20
1.1967927952755906
11
0.6588654724409448
21
1.1964658661417322
0
LINE
8
BLACK
6
CONTINUOUS
10
0.6588654724409448
20
1.1964658661417322
11
0.6579273622047244
21
1.1955277952755905
0
LINE
8
BLACK
6
CONTINUOUS
10
0.6579273622047244
20
1.1955277952755905
11
0.6576004724409449
21
1.1953924015748032
0
LINE
8
BLACK
6
CONTINUOUS
10
0.6576004724409449
20
1.1953924015748032
11
0.6573686614173229
21
1.1951250787401575
0
LINE
8
BLACK
6
CONTINUOUS
10
0.6573686614173229
20
1.1951250787401575
11
0.6554924803149607
21
1.1941870078740158
0
LINE
8
BLACK
6
CONTINUOUS
10
0.6554924803149607
20
1.1941870078740158
11
0.6549933070866142
21
1.1941514960629922
0
LINE
8
BLACK
6
CONTINUOUS
10
0.6549933070866142
20
1.1941514960629922
11
0.6545309448818898
21
1.1939599999999999
0
LINE
8
BLACK
6
CONTINUOUS
10
0.6545309448818898
20
1.1939599999999999
11
0.6526547637795276
21
1.1939599999999999
0
LINE
8
BLACK
6
CONTINUOUS
10
0.6526547637795276
20
1.1939599999999999
11
0.6521924015748032
21
1.1941514960629922
0
LINE
8
BLACK
6
CONTINUOUS
10
0.6521924015748032
20
1.1941514960629922
11
0.6516932677165355
21
1.194186968503937
0
LINE
8
BLACK
6
CONTINUOUS
10
0.6516932677165355
20
1.194186968503937
11
0.6498170472440945
21
1.1951250787401575
0
LINE
8
BLACK
6
CONTINUOUS
10
0.6498170472440945
20
1.1951250787401575
11
0.649585157480315
21
1.1953924015748032
0
LINE
8
BLACK
6
CONTINUOUS
10
0.649585157480315
20
1.1953924015748032
11
0.6492582677165354
21
1.1955278346456693
0
LINE
8
BLACK
6
CONTINUOUS
10
0.6492582677165354
20
1.1955278346456693
11
0.6483201968503937
21
1.196465905511811
0
LINE
8
BLACK
6
CONTINUOUS
10
0.6483201968503937
20
1.196465905511811
11
0.6481847637795275
21
1.1967927559055118
0
LINE
8
BLACK
6
CONTINUOUS
10
0.6481847637795275
20
1.1967927559055118
11
0.6479174409448819
21
1.1970246456692912
0
LINE
8
BLACK
6
CONTINUOUS
10
0.6479174409448819
20
1.1970246456692912
11
0.6469793700787402
21
1.1989008267716534
0
LINE
8
BLACK
6
CONTINUOUS
10
0.6469793700787402
20
1.1989008267716534
11
0.6469620078740157
21
1.1991445275590551
0
LINE
8
BLACK
6
CONTINUOUS
10
0.6469620078740157
20
1.1991445275590551
11
0.6468165354330708
21
1.1993409448818897
0
LINE
8
BLACK
6
CONTINUOUS
10
0.6468165354330708
20
1.1993409448818897
11
0.6458784645669291
21
1.2030933464566929
0
LINE
8
BLACK
6
CONTINUOUS
10
0.6458784645669291
20
1.2030933464566929
11
0.6459185826771653
21
1.2033629527559055
0
LINE
8
BLACK
6
CONTINUOUS
10
0.6459185826771653
20
1.2033629527559055
11
0.6458142913385827
21
1.2036147637795276
0
LINE
8
BLACK
6
CONTINUOUS
10
0.6458142913385827
20
1.2036147637795276
11
0.6458142913385827
21
1.2083052362204725
0
LINE
8
BLACK
6
CONTINUOUS
10
0.6458142913385827
20
1.2083052362204725
11
0.6459185826771653
21
1.2085570472440945
0
LINE
8
BLACK
6
CONTINUOUS
10
0.6459185826771653
20
1.2085570472440945
11
0.6458784645669291
21
1.2088266929133857
0
LINE
8
BLACK
6
CONTINUOUS
10
0.6458784645669291
20
1.2088266929133857
11
0.6468165354330708
21
1.2125790157480314
0
LINE
8
BLACK
6
CONTINUOUS
10
0.6468165354330708
20
1.2125790157480314
11
0.6469620078740157
21
1.2127753543307087
0
LINE
8
BLACK
6
CONTINUOUS
10
0.6469620078740157
20
1.2127753543307087
11
0.6469793307086614
21
1.2130190944881889
0
LINE
8
BLACK
6
CONTINUOUS
10
0.6469793307086614
20
1.2130190944881889
11
0.6479174409448819
21
1.2148953149606299
0
LINE
8
BLACK
6
CONTINUOUS
10
0.6479174409448819
20
1.2148953149606299
11
0.6481847637795275
21
1.2151271653543307
0
LINE
8
BLACK
6
CONTINUOUS
10
0.6481847637795275
20
1.2151271653543307
11
0.6483201968503937
21
1.2154540944881889
0
LINE
8
BLACK
6
CONTINUOUS
10
0.6483201968503937
20
1.2154540944881889
11
0.6492582677165354
21
1.2163921653543306
0
LINE
8
BLACK
6
CONTINUOUS
10
0.6492582677165354
20
1.2163921653543306
11
0.649585157480315
21
1.2165275590551181
0
LINE
8
BLACK
6
CONTINUOUS
10
0.649585157480315
20
1.2165275590551181
11
0.6498170472440945
21
1.2167949212598426
0
LINE
8
BLACK
6
CONTINUOUS
10
0.6498170472440945
20
1.2167949212598426
11
0.6516932677165355
21
1.217733031496063
0
LINE
8
BLACK
6
CONTINUOUS
10
0.6516932677165355
20
1.217733031496063
11
0.6521924015748032
21
1.2177684645669291
0
LINE
8
BLACK
6
CONTINUOUS
10
0.6521924015748032
20
1.2177684645669291
11
0.6526547637795276
21
1.2179599999999999
0
LINE
8
BLACK
6
CONTINUOUS
10
0.6526547637795276
20
1.2179599999999999
11
0.6545309448818898
21
1.2179599999999999
0
LINE
8
BLACK
6
CONTINUOUS
10
0.6545309448818898
20
1.2179599999999999
11
0.6549933070866142
21
1.2177684645669291
0
LINE
8
BLACK
6
CONTINUOUS
10
0.6520520866141732
20
1.2131048818897638
11
0.6516074803149606
21
1.2126602755905511
0
LINE
8
BLACK
6
CONTINUOUS
10
0.6516074803149606
20
1.2126602755905511
11
0.6509309448818897
21
1.2113072440944881
0
LINE
8
BLACK
6
CONTINUOUS
10
0.6509309448818897
20
1.2113072440944881
11
0.6501142913385827
21
1.2080404724409448
0
LINE
8
BLACK
6
CONTINUOUS
10
0.6501142913385827
20
1.2080404724409448
11
0.6501142913385827
21
1.2038794488188975
0
LINE
8
BLACK
6
CONTINUOUS
10
0.6501142913385827
20
1.2038794488188975
11
0.6509309842519685
21
1.2006126377952755
0
LINE
8
BLACK
6
CONTINUOUS
10
0.6509309842519685
20
1.2006126377952755
11
0.6516074015748031
21
1.1992597637795275
0
LINE
8
BLACK
6
CONTINUOUS
10
0.6516074015748031
20
1.1992597637795275
11
0.6520520866141732
21
1.1988151181102362
0
LINE
8
BLACK
6
CONTINUOUS
10
0.6520520866141732
20
1.1988151181102362
11
0.6531623228346457
21
1.1982599999999999
0
LINE
8
BLACK
6
CONTINUOUS
10
0.6531623228346457
20
1.1982599999999999
11
0.6540234251968504
21
1.1982599999999999
0
LINE
8
BLACK
6
CONTINUOUS
10
0.6540234251968504
20
1.1982599999999999
11
0.6551335433070866
21
1.1988150787401575
0
LINE
8
BLACK
6
CONTINUOUS
10
0.6551335433070866
20
1.1988150787401575
11
0.6555782283464566
21
1.1992597244094487
0
LINE
8
BLACK
6
CONTINUOUS
10
0.6555782283464566
20
1.1992597244094487
11
0.6562547637795275
21
1.2006128346456693
0
LINE
8
BLACK
6
CONTINUOUS
10
0.6562547637795275
20
1.2006128346456693
11
0.6570714173228346
21
1.2038794881889763
0
LINE
8
BLACK
6
CONTINUOUS
10
0.6570714173228346
20
1.2038794881889763
11
0.6570714173228346
21
1.2080404724409448
0
LINE
8
BLACK
6
CONTINUOUS
10
0.6570714173228346
20
1.2080404724409448
11
0.6562547637795275
21
1.2113070866141733
0
LINE
8
BLACK
6
CONTINUOUS
10
0.6562547637795275
20
1.2113070866141733
11
0.655578188976378
21
1.2126602362204724
0
LINE
8
BLACK
6
CONTINUOUS
10
0.655578188976378
20
1.2126602362204724
11
0.6551335433070866
21
1.2131048818897638
0
LINE
8
BLACK
6
CONTINUOUS
10
0.6551335433070866
20
1.2131048818897638
11
0.6540234251968504
21
1.21366
0
LINE
8
BLACK
6
CONTINUOUS
10
0.6540234251968504
20
1.21366
11
0.6531623228346457
21
1.21366
0
LINE
8
BLACK
6
CONTINUOUS
10
0.6531623228346457
20
1.21366
11
0.6520520866141732
21
1.2131048818897638
0
LINE
8
BLACK
6
CONTINUOUS
10
0.672559251968504
20
1.2178752755905511
11
0.6727763779527559
21
1.2179182283464567
0
LINE
8
BLACK
6
CONTINUOUS
10
0.6727763779527559
20
1.2179182283464567
11
0.6732964960629921
21
1.2175698818897638
0
LINE
8
BLACK
6
CONTINUOUS
10
0.6732964960629921
20
1.2175698818897638
11
0.673875
21
1.2173302755905511
0
LINE
8
BLACK
6
CONTINUOUS
10
0.673875
20
1.2173302755905511
11
0.6739596850393701
21
1.2171257480314961
0
LINE
8
BLACK
6
CONTINUOUS
10
0.6739596850393701
20
1.2171257480314961
11
0.6741436220472441
21
1.2170025984251969
0
LINE
8
BLACK
6
CONTINUOUS
10
0.6741436220472441
20
1.2170025984251969
11
0.6759017716535433
21
1.2143653937007874
0
LINE
8
BLACK
6
CONTINUOUS
10
0.6759017716535433
20
1.2143653937007874
11
0.6773806692913386
21
1.2128864960629921
0
LINE
8
BLACK
6
CONTINUOUS
10
0.6773806692913386
20
1.2128864960629921
11
0.678944842519685
21
1.2121044488188977
0
LINE
8
BLACK
6
CONTINUOUS
10
0.678944842519685
20
1.2121044488188977
11
0.6800229527559055
21
1.2108612992125984
0
LINE
8
BLACK
6
CONTINUOUS
10
0.6800229527559055
20
1.2108612992125984
11
0.6799062992125984
21
1.2092198818897637
0
LINE
8
BLACK
6
CONTINUOUS
10
0.6799062992125984
20
1.2092198818897637
11
0.6786631889763779
21
1.2081417322834644
0
LINE
8
BLACK
6
CONTINUOUS
10
0.6786631889763779
20
1.2081417322834644
11
0.6770217716535433
21
1.2082584251968504
0
LINE
8
BLACK
6
CONTINUOUS
10
0.6770217716535433
20
1.2082584251968504
11
0.6751455905511811
21
1.2091965354330709
0
LINE
8
BLACK
6
CONTINUOUS
10
0.6751455905511811
20
1.2091965354330709
11
0.6749137401574803
21
1.2094638188976379
0
LINE
8
BLACK
6
CONTINUOUS
10
0.6749137401574803
20
1.2094638188976379
11
0.6745868503937008
21
1.2095992519685039
0
LINE
8
BLACK
6
CONTINUOUS
10
0.6745868503937008
20
1.2095992519685039
11
0.6745047244094488
21
1.209681377952756
0
LINE
8
BLACK
6
CONTINUOUS
10
0.6745047244094488
20
1.209681377952756
11
0.6745047244094488
21
1.1982599999999999
0
LINE
8
BLACK
6
CONTINUOUS
10
0.6745047244094488
20
1.1982599999999999
11
0.6779833070866141
21
1.1982599999999999
0
LINE
8
BLACK
6
CONTINUOUS
10
0.6779833070866141
20
1.1982599999999999
11
0.6795035826771654
21
1.1976302755905512
0
LINE
8
BLACK
6
CONTINUOUS
10
0.6795035826771654
20
1.1976302755905512
11
0.6801333070866141
21
1.19611
0
LINE
8
BLACK
6
CONTINUOUS
10
0.6801333070866141
20
1.19611
11
0.6795035826771654
21
1.1945897244094488
0
LINE
8
BLACK
6
CONTINUOUS
10
0.6795035826771654
20
1.1945897244094488
11
0.6779833070866141
21
1.1939599999999999
0
LINE
8
BLACK
6
CONTINUOUS
10
0.6779833070866141
20
1.1939599999999999
11
0.6723547244094488
21
1.1939599999999999
0
LINE
8
BLACK
6
CONTINUOUS
10
0.6723547244094488
20
1.1939599999999999
11
0.6667261811023621
21
1.1939599999999999
0
LINE
8
BLACK
6
CONTINUOUS
10
0.6667261811023621
20
1.1939599999999999
11
0.665205905511811
21
1.1945897244094488
0
LINE
8
BLACK
6
CONTINUOUS
10
0.665205905511811
20
1.1945897244094488
11
0.6645761811023622
21
1.19611
0
LINE
8
BLACK
6
CONTINUOUS
10
0.6645761811023622
20
1.19611
11
0.665205905511811
21
1.1976302755905512
0
LINE
8
BLACK
6
CONTINUOUS
10
0.665205905511811
20
1.1976302755905512
11
0.6667261811023621
21
1.1982599999999999
0
LINE
8
BLACK
6
CONTINUOUS
10
0.6667261811023621
20
1.1982599999999999
11
0.6702047244094488
21
1.1982599999999999
0
LINE
8
BLACK
6
CONTINUOUS
10
0.6702047244094488
20
1.1982599999999999
11
0.6702047244094488
21
1.2158100000000001
0
LINE
8
BLACK
6
CONTINUOUS
10
0.6702047244094488
20
1.2158100000000001
11
0.6702894094488189
21
1.216014527559055
0
LINE
8
BLACK
6
CONTINUOUS
10
0.6702894094488189
20
1.216014527559055
11
0.6702464960629921
21
1.2162316535433071
0
LINE
8
BLACK
6
CONTINUOUS
10
0.6702464960629921
20
1.2162316535433071
11
0.6705948031496063
21
1.2167517716535432
0
LINE
8
BLACK
6
CONTINUOUS
10
0.6705948031496063
20
1.2167517716535432
11
0.6708344488188976
21
1.2173302755905511
0
LINE
8
BLACK
6
CONTINUOUS
10
0.6708344488188976
20
1.2173302755905511
11
0.671038937007874
21
1.2174149606299212
0
LINE
8
BLACK
6
CONTINUOUS
10
0.671038937007874
20
1.2174149606299212
11
0.671162125984252
21
1.2175988976377952
0
LINE
8
BLACK
6
CONTINUOUS
10
0.671162125984252
20
1.2175988976377952
11
0.6717762204724409
21
1.2177203543307087
0
LINE
8
BLACK
6
CONTINUOUS
10
0.6717762204724409
20
1.2177203543307087
11
0.6723547244094488
21
1.2179599999999999
0
LINE
8
BLACK
6
CONTINUOUS
10
0.6723547244094488
20
1.2179599999999999
11
0.672559251968504
21
1.2178752755905511
0
LINE
8
BLACK
6
CONTINUOUS
10
0.5180089763779527
20
1.2201830708661416
11
0.5187018897637795
21
1.2199740157480314
0
LINE
8
BLACK
6
CONTINUOUS
10
0.5187018897637795
20
1.2199740157480314
11
0.5187556299212598
21
1.2198737795275589
0
LINE
8
BLACK
6
CONTINUOUS
10
0.5187556299212598
20
1.2198737795275589
11
0.5188607086614173
21
1.2198302755905512
0
LINE
8
BLACK
6
CONTINUOUS
10
0.5188607086614173
20
1.2198302755905512
11
0.5191376377952756
21
1.2191616929133857
0
LINE
8
BLACK
6
CONTINUOUS
10
0.5191376377952756
20
1.2191616929133857
11
0.5194797637795275
21
1.218523937007874
0
LINE
8
BLACK
6
CONTINUOUS
10
0.5194797637795275
20
1.218523937007874
11
0.520417874015748
21
1.2091429921259842
0
LINE
8
BLACK
6
CONTINUOUS
10
0.520417874015748
20
1.2091429921259842
11
0.520385
21
1.2090341338582677
0
LINE
8
BLACK
6
CONTINUOUS
10
0.520385
20
1.2090341338582677
11
0.5204285433070867
21
1.208929094488189
0
LINE
8
BLACK
6
CONTINUOUS
10
0.5204285433070867
20
1.208929094488189
11
0.5201515748031496
21
1.2082604724409449
0
LINE
8
BLACK
6
CONTINUOUS
10
0.5201515748031496
20
1.2082604724409449
11
0.5199425590551181
21
1.2075675984251968
0
LINE
8
BLACK
6
CONTINUOUS
10
0.5199425590551181
20
1.2075675984251968
11
0.5198423228346457
21
1.2075138188976378
0
LINE
8
BLACK
6
CONTINUOUS
10
0.5198423228346457
20
1.2075138188976378
11
0.5197988582677165
21
1.2074088188976377
0
LINE
8
BLACK
6
CONTINUOUS
10
0.5197988582677165
20
1.2074088188976377
11
0.5191302755905511
21
1.2071318503937007
0
LINE
8
BLACK
6
CONTINUOUS
10
0.5191302755905511
20
1.2071318503937007
11
0.5184924803149606
21
1.2067897244094488
0
LINE
8
BLACK
6
CONTINUOUS
10
0.5184924803149606
20
1.2067897244094488
11
0.5183836220472441
21
1.206822559055118
0
LINE
8
BLACK
6
CONTINUOUS
10
0.5183836220472441
20
1.206822559055118
11
0.5182785826771653
21
1.2067790551181101
0
LINE
8
BLACK
6
CONTINUOUS
10
0.5182785826771653
20
1.2067790551181101
11
0.5176097637795275
21
1.2070560629921259
0
LINE
8
BLACK
6
CONTINUOUS
10
0.5176097637795275
20
1.2070560629921259
11
0.5169170866141732
21
1.2072650787401575
0
LINE
8
BLACK
6
CONTINUOUS
10
0.5169170866141732
20
1.2072650787401575
11
0.5168633464566929
21
1.2073651968503936
0
LINE
8
BLACK
6
CONTINUOUS
10
0.5168633464566929
20
1.2073651968503936
11
0.5167583070866142
21
1.2074087401574802
0
LINE
8
BLACK
6
CONTINUOUS
10
0.5167583070866142
20
1.2074087401574802
11
0.5160668503937008
21
1.2081001181102362
0
LINE
8
BLACK
6
CONTINUOUS
10
0.5160668503937008
20
1.2081001181102362
11
0.5149567322834645
21
1.2086552362204723
0
LINE
8
BLACK
6
CONTINUOUS
10
0.5149567322834645
20
1.2086552362204723
11
0.5112813779527559
21
1.2086552362204723
0
LINE
8
BLACK
6
CONTINUOUS
10
0.5112813779527559
20
1.2086552362204723
11
0.5101711417322835
21
1.2081001181102362
0
LINE
8
BLACK
6
CONTINUOUS
10
0.5101711417322835
20
1.2081001181102362
11
0.5097264566929134
21
1.2076554330708662
0
LINE
8
BLACK
6
CONTINUOUS
10
0.5097264566929134
20
1.2076554330708662
11
0.5091714173228347
21
1.2065452755905512
0
LINE
8
BLACK
6
CONTINUOUS
10
0.5091714173228347
20
1.2065452755905512
11
0.5091714173228347
21
1.2028698818897638
0
LINE
8
BLACK
6
CONTINUOUS
10
0.5091714173228347
20
1.2028698818897638
11
0.5097264566929134
21
1.2017597244094489
0
LINE
8
BLACK
6
CONTINUOUS
10
0.5097264566929134
20
1.2017597244094489
11
0.5101711417322835
21
1.2013150787401574
0
LINE
8
BLACK
6
CONTINUOUS
10
0.5101711417322835
20
1.2013150787401574
11
0.5112813779527559
21
1.20076
0
LINE
8
BLACK
6
CONTINUOUS
10
0.5112813779527559
20
1.20076
11
0.5149567322834645
21
1.20076
0
LINE
8
BLACK
6
CONTINUOUS
10
0.5149567322834645
20
1.20076
11
0.5160668503937008
21
1.2013150787401574
0
LINE
8
BLACK
6
CONTINUOUS
10
0.5160668503937008
20
1.2013150787401574
11
0.5167583070866142
21
1.2020064960629921
0
LINE
8
BLACK
6
CONTINUOUS
10
0.5167583070866142
20
1.2020064960629921
11
0.5182785826771653
21
1.2026361811023623
0
LINE
8
BLACK
6
CONTINUOUS
10
0.5182785826771653
20
1.2026361811023623
11
0.5197988582677165
21
1.2020064173228346
0
LINE
8
BLACK
6
CONTINUOUS
10
0.5197988582677165
20
1.2020064173228346
11
0.5204285433070867
21
1.2004861417322834
0
LINE
8
BLACK
6
CONTINUOUS
10
0.5204285433070867
20
1.2004861417322834
11
0.519798779527559
21
1.1989658661417322
0
LINE
8
BLACK
6
CONTINUOUS
10
0.519798779527559
20
1.1989658661417322
11
0.5188606692913386
21
1.1980277952755904
0
LINE
8
BLACK
6
CONTINUOUS
10
0.5188606692913386
20
1.1980277952755904
11
0.5185337795275591
21
1.1978924015748031
0
LINE
8
BLACK
6
CONTINUOUS
10
0.5185337795275591
20
1.1978924015748031
11
0.5183019685039369
21
1.1976250787401574
0
LINE
8
BLACK
6
CONTINUOUS
10
0.5183019685039369
20
1.1976250787401574
11
0.5164257874015747
21
1.1966870078740157
0
LINE
8
BLACK
6
CONTINUOUS
10
0.5164257874015747
20
1.1966870078740157
11
0.5159266141732284
21
1.1966514960629921
0
LINE
8
BLACK
6
CONTINUOUS
10
0.5159266141732284
20
1.1966514960629921
11
0.5154642519685039
21
1.1964600000000001
0
LINE
8
BLACK
6
CONTINUOUS
10
0.5154642519685039
20
1.1964600000000001
11
0.5107737795275591
21
1.1964600000000001
0
LINE
8
BLACK
6
CONTINUOUS
10
0.5107737795275591
20
1.1964600000000001
11
0.5103113779527559
21
1.1966514960629921
0
LINE
8
BLACK
6
CONTINUOUS
10
0.5103113779527559
20
1.1966514960629921
11
0.5098122440944882
21
1.1966870078740157
0
LINE
8
BLACK
6
CONTINUOUS
10
0.5098122440944882
20
1.1966870078740157
11
0.507936062992126
21
1.1976251181102362
0
LINE
8
BLACK
6
CONTINUOUS
10
0.507936062992126
20
1.1976251181102362
11
0.5077042125984251
21
1.1978924015748031
0
LINE
8
BLACK
6
CONTINUOUS
10
0.5077042125984251
20
1.1978924015748031
11
0.5073773622047244
21
1.1980277952755904
0
LINE
8
BLACK
6
CONTINUOUS
10
0.5073773622047244
20
1.1980277952755904
11
0.5064392519685039
21
1.1989658661417322
0
LINE
8
BLACK
6
CONTINUOUS
10
0.5064392519685039
20
1.1989658661417322
11
0.5063038188976378
21
1.1992927952755905
0
LINE
8
BLACK
6
CONTINUOUS
10
0.5063038188976378
20
1.1992927952755905
11
0.5060364566929134
21
1.1995246850393702
0
LINE
8
BLACK
6
CONTINUOUS
10
0.5060364566929134
20
1.1995246850393702
11
0.5050983858267717
21
1.2014008661417324
0
LINE
8
BLACK
6
CONTINUOUS
10
0.5050983858267717
20
1.2014008661417324
11
0.5050629133858268
21
1.2019
0
LINE
8
BLACK
6
CONTINUOUS
10
0.5050629133858268
20
1.2019
11
0.5048714173228346
21
1.2023623622047244
0
LINE
8
BLACK
6
CONTINUOUS
10
0.5048714173228346
20
1.2023623622047244
11
0.5048714173228346
21
1.2070528346456693
0
LINE
8
BLACK
6
CONTINUOUS
10
0.5048714173228346
20
1.2070528346456693
11
0.5050629133858268
21
1.2075151574803149
0
LINE
8
BLACK
6
CONTINUOUS
10
0.5050629133858268
20
1.2075151574803149
11
0.5050983858267717
21
1.2080143307086615
0
LINE
8
BLACK
6
CONTINUOUS
10
0.5050983858267717
20
1.2080143307086615
11
0.5060364566929134
21
1.2098905511811022
0
LINE
8
BLACK
6
CONTINUOUS
10
0.5060364566929134
20
1.2098905511811022
11
0.5063038188976378
21
1.2101224409448819
0
LINE
8
BLACK
6
CONTINUOUS
10
0.5063038188976378
20
1.2101224409448819
11
0.5064392519685039
21
1.2104493700787402
0
LINE
8
BLACK
6
CONTINUOUS
10
0.5064392519685039
20
1.2104493700787402
11
0.5073773622047244
21
1.2113874409448819
0
LINE
8
BLACK
6
CONTINUOUS
10
0.5073773622047244
20
1.2113874409448819
11
0.5077042125984251
21
1.2115227952755905
0
LINE
8
BLACK
6
CONTINUOUS
10
0.5077042125984251
20
1.2115227952755905
11
0.507936062992126
21
1.2117901181102362
0
LINE
8
BLACK
6
CONTINUOUS
10
0.507936062992126
20
1.2117901181102362
11
0.5098122440944882
21
1.2127282283464567
0
LINE
8
BLACK
6
CONTINUOUS
10
0.5098122440944882
20
1.2127282283464567
11
0.5103113779527559
21
1.2127637007874015
0
LINE
8
BLACK
6
CONTINUOUS
10
0.5103113779527559
20
1.2127637007874015
11
0.5107737795275591
21
1.2129552362204725
0
LINE
8
BLACK
6
CONTINUOUS
10
0.5107737795275591
20
1.2129552362204725
11
0.5154642519685039
21
1.2129552362204725
0
LINE
8
BLACK
6
CONTINUOUS
10
0.5154642519685039
20
1.2129552362204725
11
0.5157260236220472
21
1.2128467716535434
0
LINE
8
BLACK
6
CONTINUOUS
10
0.5157260236220472
20
1.2128467716535434
11
0.5153947244094488
21
1.2161599999999999
0
LINE
8
BLACK
6
CONTINUOUS
10
0.5153947244094488
20
1.2161599999999999
11
0.5079594881889764
21
1.2161599999999999
0
LINE
8
BLACK
6
CONTINUOUS
10
0.5079594881889764
20
1.2161599999999999
11
0.5064392125984252
21
1.2167897244094488
0
LINE
8
BLACK
6
CONTINUOUS
10
0.5064392125984252
20
1.2167897244094488
11
0.5058094881889764
21
1.21831
0
LINE
8
BLACK
6
CONTINUOUS
10
0.5058094881889764
20
1.21831
11
0.5064392125984252
21
1.2198302755905512
0
LINE
8
BLACK
6
CONTINUOUS
10
0.5064392125984252
20
1.2198302755905512
11
0.5079594881889764
21
1.2204599999999999
0
LINE
8
BLACK
6
CONTINUOUS
10
0.5079594881889764
20
1.2204599999999999
11
0.5173404330708661
21
1.2204599999999999
0
LINE
8
BLACK
6
CONTINUOUS
10
0.5173404330708661
20
1.2204599999999999
11
0.5180089763779527
21
1.2201830708661416
0
LINE
8
BLACK
6
CONTINUOUS
10
0.5385607086614174
20
1.2198302755905512
11
0.5391904330708661
21
1.21831
0
LINE
8
BLACK
6
CONTINUOUS
10
0.5391904330708661
20
1.21831
11
0.5391904330708661
21
1.19861
0
LINE
8
BLACK
6
CONTINUOUS
10
0.5391904330708661
20
1.19861
11
0.5385607086614174
21
1.1970897244094487
0
LINE
8
BLACK
6
CONTINUOUS
10
0.5385607086614174
20
1.1970897244094487
11
0.5370404330708661
21
1.1964600000000001
0
LINE
8
BLACK
6
CONTINUOUS
10
0.5370404330708661
20
1.1964600000000001
11
0.5355201574803149
21
1.1970897244094487
0
LINE
8
BLACK
6
CONTINUOUS
10
0.5355201574803149
20
1.1970897244094487
11
0.5348904330708661
21
1.19861
0
LINE
8
BLACK
6
CONTINUOUS
10
0.5348904330708661
20
1.19861
11
0.5348904330708661
21
1.2058409448818896
0
LINE
8
BLACK
6
CONTINUOUS
10
0.5348904330708661
20
1.2058409448818896
11
0.5334693700787402
21
1.2058409448818896
0
LINE
8
BLACK
6
CONTINUOUS
10
0.5334693700787402
20
1.2058409448818896
11
0.5275446456692914
21
1.1973770472440946
0
LINE
8
BLACK
6
CONTINUOUS
10
0.5275446456692914
20
1.1973770472440946
11
0.5261569291338583
21
1.1964927165354331
0
LINE
8
BLACK
6
CONTINUOUS
10
0.5261569291338583
20
1.1964927165354331
11
0.5245503543307086
21
1.1968486614173228
0
LINE
8
BLACK
6
CONTINUOUS
10
0.5245503543307086
20
1.1968486614173228
11
0.5236660236220473
21
1.1982363779527558
0
LINE
8
BLACK
6
CONTINUOUS
10
0.5236660236220473
20
1.1982363779527558
11
0.524021968503937
21
1.1998429527559056
0
LINE
8
BLACK
6
CONTINUOUS
10
0.524021968503937
20
1.1998429527559056
11
0.5284299212598426
21
1.2061400393700787
0
LINE
8
BLACK
6
CONTINUOUS
10
0.5284299212598426
20
1.2061400393700787
11
0.5266979527559055
21
1.207006062992126
0
LINE
8
BLACK
6
CONTINUOUS
10
0.5266979527559055
20
1.207006062992126
11
0.5264661023622047
21
1.2072733464566929
0
LINE
8
BLACK
6
CONTINUOUS
10
0.5264661023622047
20
1.2072733464566929
11
0.5261392125984252
21
1.207408779527559
0
LINE
8
BLACK
6
CONTINUOUS
10
0.5261392125984252
20
1.207408779527559
11
0.5252011417322835
21
1.2083468503937007
0
LINE
8
BLACK
6
CONTINUOUS
10
0.5252011417322835
20
1.2083468503937007
11
0.5250657086614173
21
1.2086737401574803
0
LINE
8
BLACK
6
CONTINUOUS
10
0.5250657086614173
20
1.2086737401574803
11
0.5247983858267716
21
1.2089056299212597
0
LINE
8
BLACK
6
CONTINUOUS
10
0.5247983858267716
20
1.2089056299212597
11
0.5238602755905511
21
1.2107818503937007
0
LINE
8
BLACK
6
CONTINUOUS
10
0.5238602755905511
20
1.2107818503937007
11
0.5238248031496063
21
1.2112809842519685
0
LINE
8
BLACK
6
CONTINUOUS
10
0.5238248031496063
20
1.2112809842519685
11
0.5236333070866142
21
1.2117433464566929
0
LINE
8
BLACK
6
CONTINUOUS
10
0.5236333070866142
20
1.2117433464566929
11
0.5236333070866142
21
1.2145575984251968
0
LINE
8
BLACK
6
CONTINUOUS
10
0.5236333070866142
20
1.2145575984251968
11
0.5238248031496063
21
1.2150199212598425
0
LINE
8
BLACK
6
CONTINUOUS
10
0.5238248031496063
20
1.2150199212598425
11
0.5238602755905511
21
1.2155190944881888
0
LINE
8
BLACK
6
CONTINUOUS
10
0.5238602755905511
20
1.2155190944881888
11
0.5247983858267716
21
1.2173953149606298
0
LINE
8
BLACK
6
CONTINUOUS
10
0.5247983858267716
20
1.2173953149606298
11
0.5250657086614173
21
1.2176271653543307
0
LINE
8
BLACK
6
CONTINUOUS
10
0.5250657086614173
20
1.2176271653543307
11
0.5252011417322835
21
1.217954094488189
0
LINE
8
BLACK
6
CONTINUOUS
10
0.5252011417322835
20
1.217954094488189
11
0.5261392125984252
21
1.2188921653543308
0
LINE
8
BLACK
6
CONTINUOUS
10
0.5261392125984252
20
1.2188921653543308
11
0.5264661023622047
21
1.2190275590551181
0
LINE
8
BLACK
6
CONTINUOUS
10
0.5264661023622047
20
1.2190275590551181
11
0.5266979527559055
21
1.2192948818897638
0
LINE
8
BLACK
6
CONTINUOUS
10
0.5266979527559055
20
1.2192948818897638
11
0.5285741338582677
21
1.2202329921259842
0
LINE
8
BLACK
6
CONTINUOUS
10
0.5285741338582677
20
1.2202329921259842
11
0.5290732677165354
21
1.2202684645669291
0
LINE
8
BLACK
6
CONTINUOUS
10
0.5290732677165354
20
1.2202684645669291
11
0.5295356692913386
21
1.2204599999999999
0
LINE
8
BLACK
6
CONTINUOUS
10
0.5295356692913386
20
1.2204599999999999
11
0.5370404330708661
21
1.2204599999999999
0
LINE
8
BLACK
6
CONTINUOUS
10
0.5370404330708661
20
1.2204599999999999
11
0.5385607086614174
21
1.2198302755905512
0
LINE
8
BLACK
6
CONTINUOUS
10
0.528933031496063
20
1.2156048818897638
11
0.5284884251968504
21
1.2151602755905511
0
LINE
8
BLACK
6
CONTINUOUS
10
0.5284884251968504
20
1.2151602755905511
11
0.5279333070866141
21
1.2140500393700786
0
LINE
8
BLACK
6
CONTINUOUS
10
0.5279333070866141
20
1.2140500393700786
11
0.5279333070866141
21
1.2122509055118109
0
LINE
8
BLACK
6
CONTINUOUS
10
0.5279333070866141
20
1.2122509055118109
11
0.5284884251968504
21
1.2111406692913385
0
LINE
8
BLACK
6
CONTINUOUS
10
0.5284884251968504
20
1.2111406692913385
11
0.528933031496063
21
1.2106960236220472
0
LINE
8
BLACK
6
CONTINUOUS
10
0.528933031496063
20
1.2106960236220472
11
0.5300432677165354
21
1.2101409448818898
0
LINE
8
BLACK
6
CONTINUOUS
10
0.5300432677165354
20
1.2101409448818898
11
0.5348904330708661
21
1.2101409448818898
0
LINE
8
BLACK
6
CONTINUOUS
10
0.5348904330708661
20
1.2101409448818898
11
0.5348904330708661
21
1.2161599999999999
0
LINE
8
BLACK
6
CONTINUOUS
10
0.5348904330708661
20
1.2161599999999999
11
0.5300432677165354
21
1.2161599999999999
0
LINE
8
BLACK
6
CONTINUOUS
10
0.5300432677165354
20
1.2161599999999999
11
0.528933031496063
21
1.2156048818897638
0
LINE
8
BLACK
6
CONTINUOUS
10
0.2863794881889763
20
1.2385962992125985
11
0.2875579527559055
21
1.2372375590551181
0
LINE
8
BLACK
6
CONTINUOUS
10
0.2875579527559055
20
1.2372375590551181
11
0.2947008267716535
21
1.2158089763779527
0
LINE
8
BLACK
6
CONTINUOUS
10
0.2947008267716535
20
1.2158089763779527
11
0.2946733858267717
21
1.2154231496062993
0
LINE
8
BLACK
6
CONTINUOUS
10
0.2946733858267717
20
1.2154231496062993
11
0.2948214173228346
21
1.2150658267716534
0
LINE
8
BLACK
6
CONTINUOUS
10
0.2948214173228346
20
1.2150658267716534
11
0.2946120472440945
21
1.2145604330708661
0
LINE
8
BLACK
6
CONTINUOUS
10
0.2946120472440945
20
1.2145604330708661
11
0.2945733070866142
21
1.2140148818897638
0
LINE
8
BLACK
6
CONTINUOUS
10
0.2945733070866142
20
1.2140148818897638
11
0.2942811023622047
21
1.2137614566929134
0
LINE
8
BLACK
6
CONTINUOUS
10
0.2942811023622047
20
1.2137614566929134
11
0.2941331102362205
21
1.2134041338582677
0
LINE
8
BLACK
6
CONTINUOUS
10
0.2941331102362205
20
1.2134041338582677
11
0.2936277952755905
21
1.2131948031496063
0
LINE
8
BLACK
6
CONTINUOUS
10
0.2936277952755905
20
1.2131948031496063
11
0.2932145669291338
21
1.2128364173228345
0
LINE
8
BLACK
6
CONTINUOUS
10
0.2932145669291338
20
1.2128364173228345
11
0.2928287401574803
21
1.2128638188976377
0
LINE
8
BLACK
6
CONTINUOUS
10
0.2928287401574803
20
1.2128638188976377
11
0.2924714173228347
21
1.2127158267716536
0
LINE
8
BLACK
6
CONTINUOUS
10
0.2924714173228347
20
1.2127158267716536
11
0.2805357086614173
21
1.2127158267716536
0
LINE
8
BLACK
6
CONTINUOUS
10
0.2805357086614173
20
1.2127158267716536
11
0.2805357086614173
21
1.2050658267716534
0
LINE
8
BLACK
6
CONTINUOUS
10
0.2805357086614173
20
1.2050658267716534
11
0.2798474015748031
21
1.2034041338582677
0
LINE
8
BLACK
6
CONTINUOUS
10
0.2798474015748031
20
1.2034041338582677
11
0.2781857086614173
21
1.2027158267716536
0
LINE
8
BLACK
6
CONTINUOUS
10
0.2781857086614173
20
1.2027158267716536
11
0.2765240157480315
21
1.2034041338582677
0
LINE
8
BLACK
6
CONTINUOUS
10
0.2765240157480315
20
1.2034041338582677
11
0.2758357086614173
21
1.2050658267716534
0
LINE
8
BLACK
6
CONTINUOUS
10
0.2758357086614173
20
1.2050658267716534
11
0.2758357086614173
21
1.2127158267716536
0
LINE
8
BLACK
6
CONTINUOUS
10
0.2758357086614173
20
1.2127158267716536
11
0.2738999606299213
21
1.2127158267716536
0
LINE
8
BLACK
6
CONTINUOUS
10
0.2738999606299213
20
1.2127158267716536
11
0.2722382677165354
21
1.2134041338582677
0
LINE
8
BLACK
6
CONTINUOUS
10
0.2722382677165354
20
1.2134041338582677
11
0.2715499606299213
21
1.2150658267716534
0
LINE
8
BLACK
6
CONTINUOUS
10
0.2715499606299213
20
1.2150658267716534
11
0.2722382677165354
21
1.2167275196850393
0
LINE
8
BLACK
6
CONTINUOUS
10
0.2722382677165354
20
1.2167275196850393
11
0.2738999606299213
21
1.2174158267716535
0
LINE
8
BLACK
6
CONTINUOUS
10
0.2738999606299213
20
1.2174158267716535
11
0.2758357086614173
21
1.2174158267716535
0
LINE
8
BLACK
6
CONTINUOUS
10
0.2758357086614173
20
1.2174158267716535
11
0.2758357086614173
21
1.2250658267716534
0
LINE
8
BLACK
6
CONTINUOUS
10
0.2758357086614173
20
1.2250658267716534
11
0.2765240157480315
21
1.2267275196850393
0
LINE
8
BLACK
6
CONTINUOUS
10
0.2765240157480315
20
1.2267275196850393
11
0.2781857086614173
21
1.2274158267716535
0
LINE
8
BLACK
6
CONTINUOUS
10
0.2781857086614173
20
1.2274158267716535
11
0.2798474015748031
21
1.2267275196850393
0
LINE
8
BLACK
6
CONTINUOUS
10
0.2798474015748031
20
1.2267275196850393
11
0.2805357086614173
21
1.2250658267716534
0
LINE
8
BLACK
6
CONTINUOUS
10
0.2805357086614173
20
1.2250658267716534
11
0.2805357086614173
21
1.2174158267716535
0
LINE
8
BLACK
6
CONTINUOUS
10
0.2805357086614173
20
1.2174158267716535
11
0.2892109448818898
21
1.2174158267716535
0
LINE
8
BLACK
6
CONTINUOUS
10
0.2892109448818898
20
1.2174158267716535
11
0.2830991338582677
21
1.2357512598425198
0
LINE
8
BLACK
6
CONTINUOUS
10
0.2830991338582677
20
1.2357512598425198
11
0.2832266535433071
21
1.2375453543307087
0
LINE
8
BLACK
6
CONTINUOUS
10
0.2832266535433071
20
1.2375453543307087
11
0.2845853937007874
21
1.2387238188976377
0
LINE
8
BLACK
6
CONTINUOUS
10
0.2845853937007874
20
1.2387238188976377
11
0.2863794881889763
21
1.2385962992125985
0
LINE
8
BLACK
6
CONTINUOUS
10
0.3227045275590551
20
1.2367275196850394
11
0.3233928346456693
21
1.2350658267716534
0
LINE
8
BLACK
6
CONTINUOUS
10
0.3233928346456693
20
1.2350658267716534
11
0.3233928346456693
21
1.2050658267716534
0
LINE
8
BLACK
6
CONTINUOUS
10
0.3233928346456693
20
1.2050658267716534
11
0.3227045275590551
21
1.2034041338582677
0
LINE
8
BLACK
6
CONTINUOUS
10
0.3227045275590551
20
1.2034041338582677
11
0.3210428346456693
21
1.2027158267716536
0
LINE
8
BLACK
6
CONTINUOUS
10
0.3210428346456693
20
1.2027158267716536
11
0.3138999606299213
21
1.2027158267716536
0
LINE
8
BLACK
6
CONTINUOUS
10
0.3138999606299213
20
1.2027158267716536
11
0.3135425984251968
21
1.2028638188976377
0
LINE
8
BLACK
6
CONTINUOUS
10
0.3135425984251968
20
1.2028638188976377
11
0.313156811023622
21
1.2028364173228345
0
LINE
8
BLACK
6
CONTINUOUS
10
0.313156811023622
20
1.2028364173228345
11
0.3088711023622047
21
1.2042649999999999
0
LINE
8
BLACK
6
CONTINUOUS
10
0.3088711023622047
20
1.2042649999999999
11
0.3084578346456693
21
1.2046233858267716
0
LINE
8
BLACK
6
CONTINUOUS
10
0.3084578346456693
20
1.2046233858267716
11
0.3079525590551181
21
1.2048327165354331
0
LINE
8
BLACK
6
CONTINUOUS
10
0.3079525590551181
20
1.2048327165354331
11
0.3050954330708661
21
1.2076898425196849
0
LINE
8
BLACK
6
CONTINUOUS
10
0.3050954330708661
20
1.2076898425196849
11
0.3049474015748032
21
1.2080471653543308
0
LINE
8
BLACK
6
CONTINUOUS
10
0.3049474015748032
20
1.2080471653543308
11
0.3046552362204724
21
1.208300590551181
0
LINE
8
BLACK
6
CONTINUOUS
10
0.3046552362204724
20
1.208300590551181
11
0.3032266535433071
21
1.211157716535433
0
LINE
8
BLACK
6
CONTINUOUS
10
0.3032266535433071
20
1.211157716535433
11
0.303207716535433
21
1.2114240551181101
0
LINE
8
BLACK
6
CONTINUOUS
10
0.303207716535433
20
1.2114240551181101
11
0.3030487007874016
21
1.2116387007874017
0
LINE
8
BLACK
6
CONTINUOUS
10
0.3030487007874016
20
1.2116387007874017
11
0.3016201181102362
21
1.2173529921259842
0
LINE
8
BLACK
6
CONTINUOUS
10
0.3016201181102362
20
1.2173529921259842
11
0.301663937007874
21
1.2176476771653544
0
LINE
8
BLACK
6
CONTINUOUS
10
0.301663937007874
20
1.2176476771653544
11
0.3015499606299212
21
1.2179229527559055
0
LINE
8
BLACK
6
CONTINUOUS
10
0.3015499606299212
20
1.2179229527559055
11
0.3015499606299212
21
1.2222086614173229
0
LINE
8
BLACK
6
CONTINUOUS
10
0.3015499606299212
20
1.2222086614173229
11
0.301663937007874
21
1.2224838976377952
0
LINE
8
BLACK
6
CONTINUOUS
10
0.301663937007874
20
1.2224838976377952
11
0.3016201181102362
21
1.2227786220472441
0
LINE
8
BLACK
6
CONTINUOUS
10
0.3016201181102362
20
1.2227786220472441
11
0.3030487007874016
21
1.2284929133858267
0
LINE
8
BLACK
6
CONTINUOUS
10
0.3030487007874016
20
1.2284929133858267
11
0.303207716535433
21
1.2287075196850394
0
LINE
8
BLACK
6
CONTINUOUS
10
0.303207716535433
20
1.2287075196850394
11
0.3032266535433071
21
1.2289738976377953
0
LINE
8
BLACK
6
CONTINUOUS
10
0.3032266535433071
20
1.2289738976377953
11
0.3046552362204724
21
1.2318310629921259
0
LINE
8
BLACK
6
CONTINUOUS
10
0.3046552362204724
20
1.2318310629921259
11
0.3049474015748032
21
1.2320844488188976
0
LINE
8
BLACK
6
CONTINUOUS
10
0.3049474015748032
20
1.2320844488188976
11
0.3050954330708661
21
1.2324418110236219
0
LINE
8
BLACK
6
CONTINUOUS
10
0.3050954330708661
20
1.2324418110236219
11
0.3079525590551181
21
1.235298937007874
0
LINE
8
BLACK
6
CONTINUOUS
10
0.3079525590551181
20
1.235298937007874
11
0.3084578346456693
21
1.2355082283464567
0
LINE
8
BLACK
6
CONTINUOUS
10
0.3084578346456693
20
1.2355082283464567
11
0.3088711023622047
21
1.2358666535433072
0
LINE
8
BLACK
6
CONTINUOUS
10
0.3088711023622047
20
1.2358666535433072
11
0.313156811023622
21
1.2372952362204723
0
LINE
8
BLACK
6
CONTINUOUS
10
0.313156811023622
20
1.2372952362204723
11
0.3135425984251968
21
1.2372677952755906
0
LINE
8
BLACK
6
CONTINUOUS
10
0.3135425984251968
20
1.2372677952755906
11
0.3138999606299213
21
1.2374158267716535
0
LINE
8
BLACK
6
CONTINUOUS
10
0.3138999606299213
20
1.2374158267716535
11
0.3210428346456693
21
1.2374158267716535
0
LINE
8
BLACK
6
CONTINUOUS
10
0.3210428346456693
20
1.2374158267716535
11
0.3227045275590551
21
1.2367275196850394
0
LINE
8
BLACK
6
CONTINUOUS
10
0.3108836220472441
20
1.2315832283464567
11
0.3086884645669291
21
1.2293880708661418
0
LINE
8
BLACK
6
CONTINUOUS
10
0.3086884645669291
20
1.2293880708661418
11
0.3075458267716535
21
1.2271027952755906
0
LINE
8
BLACK
6
CONTINUOUS
10
0.3075458267716535
20
1.2271027952755906
11
0.3062499606299213
21
1.2219192913385826
0
LINE
8
BLACK
6
CONTINUOUS
10
0.3062499606299213
20
1.2219192913385826
11
0.3062499606299213
21
1.218212283464567
0
LINE
8
BLACK
6
CONTINUOUS
10
0.3062499606299213
20
1.218212283464567
11
0.3075458267716535
21
1.2130287795275589
0
LINE
8
BLACK
6
CONTINUOUS
10
0.3075458267716535
20
1.2130287795275589
11
0.3086884645669291
21
1.2107435433070866
0
LINE
8
BLACK
6
CONTINUOUS
10
0.3086884645669291
20
1.2107435433070866
11
0.3108836220472441
21
1.2085483858267716
0
LINE
8
BLACK
6
CONTINUOUS
10
0.3108836220472441
20
1.2085483858267716
11
0.3142812992125984
21
1.2074158267716535
0
LINE
8
BLACK
6
CONTINUOUS
10
0.3142812992125984
20
1.2074158267716535
11
0.3186928346456693
21
1.2074158267716535
0
LINE
8
BLACK
6
CONTINUOUS
10
0.3186928346456693
20
1.2074158267716535
11
0.3186928346456693
21
1.2327158267716536
0
LINE
8
BLACK
6
CONTINUOUS
10
0.3186928346456693
20
1.2327158267716536
11
0.3142812992125984
21
1.2327158267716536
0
LINE
8
BLACK
6
CONTINUOUS
10
0.3142812992125984
20
1.2327158267716536
11
0.3108836220472441
21
1.2315832283464567
0
LINE
8
BLACK
6
CONTINUOUS
10
0.6520495669291339
20
1.2461711417322834
11
0.6531277559055118
21
1.2449279921259842
0
LINE
8
BLACK
6
CONTINUOUS
10
0.6531277559055118
20
1.2449279921259842
11
0.6578181889763779
21
1.2308565748031495
0
LINE
8
BLACK
6
CONTINUOUS
10
0.6578181889763779
20
1.2308565748031495
11
0.6577930708661417
21
1.2305036220472441
0
LINE
8
BLACK
6
CONTINUOUS
10
0.6577930708661417
20
1.2305036220472441
11
0.6579285433070866
21
1.230176653543307
0
LINE
8
BLACK
6
CONTINUOUS
10
0.6579285433070866
20
1.230176653543307
11
0.657736968503937
21
1.2297142125984251
0
LINE
8
BLACK
6
CONTINUOUS
10
0.657736968503937
20
1.2297142125984251
11
0.6577015354330709
21
1.229215157480315
0
LINE
8
BLACK
6
CONTINUOUS
10
0.6577015354330709
20
1.229215157480315
11
0.6574342519685039
21
1.2289833070866141
0
LINE
8
BLACK
6
CONTINUOUS
10
0.6574342519685039
20
1.2289833070866141
11
0.6572988188976377
21
1.228656377952756
0
LINE
8
BLACK
6
CONTINUOUS
10
0.6572988188976377
20
1.228656377952756
11
0.6568364173228346
21
1.2284648425196849
0
LINE
8
BLACK
6
CONTINUOUS
10
0.6568364173228346
20
1.2284648425196849
11
0.6564584251968504
21
1.2281370078740157
0
LINE
8
BLACK
6
CONTINUOUS
10
0.6564584251968504
20
1.2281370078740157
11
0.6561055118110236
21
1.2281620866141731
0
LINE
8
BLACK
6
CONTINUOUS
10
0.6561055118110236
20
1.2281620866141731
11
0.6557785433070866
21
1.2280266535433071
0
LINE
8
BLACK
6
CONTINUOUS
10
0.6557785433070866
20
1.2280266535433071
11
0.6485475984251968
21
1.2280266535433071
0
LINE
8
BLACK
6
CONTINUOUS
10
0.6485475984251968
20
1.2280266535433071
11
0.6485475984251968
21
1.2236099999999999
0
LINE
8
BLACK
6
CONTINUOUS
10
0.6485475984251968
20
1.2236099999999999
11
0.647917874015748
21
1.2220897244094489
0
LINE
8
BLACK
6
CONTINUOUS
10
0.647917874015748
20
1.2220897244094489
11
0.6463975984251968
21
1.22146
0
LINE
8
BLACK
6
CONTINUOUS
10
0.6463975984251968
20
1.22146
11
0.6448773228346456
21
1.2220897244094489
0
LINE
8
BLACK
6
CONTINUOUS
10
0.6448773228346456
20
1.2220897244094489
11
0.6442475984251969
21
1.2236099999999999
0
LINE
8
BLACK
6
CONTINUOUS
10
0.6442475984251969
20
1.2236099999999999
11
0.6442475984251969
21
1.2280266535433071
0
LINE
8
BLACK
6
CONTINUOUS
10
0.6442475984251969
20
1.2280266535433071
11
0.6435833070866142
21
1.2280266535433071
0
LINE
8
BLACK
6
CONTINUOUS
10
0.6435833070866142
20
1.2280266535433071
11
0.642063031496063
21
1.228656377952756
0
LINE
8
BLACK
6
CONTINUOUS
10
0.642063031496063
20
1.228656377952756
11
0.6414333070866142
21
1.230176653543307
0
LINE
8
BLACK
6
CONTINUOUS
10
0.6414333070866142
20
1.230176653543307
11
0.642063031496063
21
1.2316969291338582
0
LINE
8
BLACK
6
CONTINUOUS
10
0.642063031496063
20
1.2316969291338582
11
0.6435833070866142
21
1.2323266535433071
0
LINE
8
BLACK
6
CONTINUOUS
10
0.6435833070866142
20
1.2323266535433071
11
0.6442475984251969
21
1.2323266535433071
0
LINE
8
BLACK
6
CONTINUOUS
10
0.6442475984251969
20
1.2323266535433071
11
0.6442475984251969
21
1.2367433464566928
0
LINE
8
BLACK
6
CONTINUOUS
10
0.6442475984251969
20
1.2367433464566928
11
0.6448773228346456
21
1.2382636220472441
0
LINE
8
BLACK
6
CONTINUOUS
10
0.6448773228346456
20
1.2382636220472441
11
0.6463975984251968
21
1.2388933464566929
0
LINE
8
BLACK
6
CONTINUOUS
10
0.6463975984251968
20
1.2388933464566929
11
0.647917874015748
21
1.2382636220472441
0
LINE
8
BLACK
6
CONTINUOUS
10
0.647917874015748
20
1.2382636220472441
11
0.6485475984251968
21
1.2367433464566928
0
LINE
8
BLACK
6
CONTINUOUS
10
0.6485475984251968
20
1.2367433464566928
11
0.6485475984251968
21
1.2323266535433071
0
LINE
8
BLACK
6
CONTINUOUS
10
0.6485475984251968
20
1.2323266535433071
11
0.6527955511811023
21
1.2323266535433071
0
LINE
8
BLACK
6
CONTINUOUS
10
0.6527955511811023
20
1.2323266535433071
11
0.6490483858267716
21
1.2435682283464566
0
LINE
8
BLACK
6
CONTINUOUS
10
0.6490483858267716
20
1.2435682283464566
11
0.6491650393700787
21
1.2452096062992126
0
LINE
8
BLACK
6
CONTINUOUS
10
0.6491650393700787
20
1.2452096062992126
11
0.650408188976378
21
1.2462877952755904
0
LINE
8
BLACK
6
CONTINUOUS
10
0.650408188976378
20
1.2462877952755904
11
0.6520495669291339
21
1.2461711417322834
0
LINE
8
BLACK
6
CONTINUOUS
10
0.6760607086614173
20
1.2448302755905511
11
0.6766904330708661
21
1.2433099999999999
0
LINE
8
BLACK
6
CONTINUOUS
10
0.6766904330708661
20
1.2433099999999999
11
0.6766904330708661
21
1.2236099999999999
0
LINE
8
BLACK
6
CONTINUOUS
10
0.6766904330708661
20
1.2236099999999999
11
0.6760607086614173
21
1.2220897244094489
0
LINE
8
BLACK
6
CONTINUOUS
10
0.6760607086614173
20
1.2220897244094489
11
0.6745404330708661
21
1.22146
0
LINE
8
BLACK
6
CONTINUOUS
10
0.6745404330708661
20
1.22146
11
0.673020157480315
21
1.2220897244094489
0
LINE
8
BLACK
6
CONTINUOUS
10
0.673020157480315
20
1.2220897244094489
11
0.6723904330708661
21
1.2236099999999999
0
LINE
8
BLACK
6
CONTINUOUS
10
0.6723904330708661
20
1.2236099999999999
11
0.6723904330708661
21
1.2308409448818898
0
LINE
8
BLACK
6
CONTINUOUS
10
0.6723904330708661
20
1.2308409448818898
11
0.6709693700787401
21
1.2308409448818898
0
LINE
8
BLACK
6
CONTINUOUS
10
0.6709693700787401
20
1.2308409448818898
11
0.6650446456692913
21
1.2223770472440945
0
LINE
8
BLACK
6
CONTINUOUS
10
0.6650446456692913
20
1.2223770472440945
11
0.6636569291338582
21
1.221492716535433
0
LINE
8
BLACK
6
CONTINUOUS
10
0.6636569291338582
20
1.221492716535433
11
0.6620503543307087
21
1.2218486614173227
0
LINE
8
BLACK
6
CONTINUOUS
10
0.6620503543307087
20
1.2218486614173227
11
0.6611660236220472
21
1.223236377952756
0
LINE
8
BLACK
6
CONTINUOUS
10
0.6611660236220472
20
1.223236377952756
11
0.661521968503937
21
1.2248429527559055
0
LINE
8
BLACK
6
CONTINUOUS
10
0.661521968503937
20
1.2248429527559055
11
0.6659299212598425
21
1.2311400393700787
0
LINE
8
BLACK
6
CONTINUOUS
10
0.6659299212598425
20
1.2311400393700787
11
0.6641979527559055
21
1.2320060629921259
0
LINE
8
BLACK
6
CONTINUOUS
10
0.6641979527559055
20
1.2320060629921259
11
0.6639661023622047
21
1.2322733464566928
0
LINE
8
BLACK
6
CONTINUOUS
10
0.6639661023622047
20
1.2322733464566928
11
0.6636392125984252
21
1.2324087795275591
0
LINE
8
BLACK
6
CONTINUOUS
10
0.6636392125984252
20
1.2324087795275591
11
0.6627011417322834
21
1.2333468503937008
0
LINE
8
BLACK
6
CONTINUOUS
10
0.6627011417322834
20
1.2333468503937008
11
0.6625657086614173
21
1.2336737401574802
0
LINE
8
BLACK
6
CONTINUOUS
10
0.6625657086614173
20
1.2336737401574802
11
0.6622983858267716
21
1.2339056299212598
0
LINE
8
BLACK
6
CONTINUOUS
10
0.6622983858267716
20
1.2339056299212598
11
0.6613602755905512
21
1.2357818503937008
0
LINE
8
BLACK
6
CONTINUOUS
10
0.6613602755905512
20
1.2357818503937008
11
0.6613248031496063
21
1.2362809842519684
0
LINE
8
BLACK
6
CONTINUOUS
10
0.6613248031496063
20
1.2362809842519684
11
0.6611333070866141
21
1.2367433464566928
0
LINE
8
BLACK
6
CONTINUOUS
10
0.6611333070866141
20
1.2367433464566928
11
0.6611333070866141
21
1.2395575984251967
0
LINE
8
BLACK
6
CONTINUOUS
10
0.6611333070866141
20
1.2395575984251967
11
0.6613248031496063
21
1.2400199212598424
0
LINE
8
BLACK
6
CONTINUOUS
10
0.6613248031496063
20
1.2400199212598424
11
0.6613602755905512
21
1.240519094488189
0
LINE
8
BLACK
6
CONTINUOUS
10
0.6613602755905512
20
1.240519094488189
11
0.6622983858267716
21
1.2423953149606299
0
LINE
8
BLACK
6
CONTINUOUS
10
0.6622983858267716
20
1.2423953149606299
11
0.6625657086614173
21
1.2426271653543306
0
LINE
8
BLACK
6
CONTINUOUS
10
0.6625657086614173
20
1.2426271653543306
11
0.6627011417322834
21
1.2429540944881889
0
LINE
8
BLACK
6
CONTINUOUS
10
0.6627011417322834
20
1.2429540944881889
11
0.6636392125984252
21
1.2438921653543307
0
LINE
8
BLACK
6
CONTINUOUS
10
0.6636392125984252
20
1.2438921653543307
11
0.6639661023622047
21
1.2440275590551182
0
LINE
8
BLACK
6
CONTINUOUS
10
0.6639661023622047
20
1.2440275590551182
11
0.6641979527559055
21
1.2442948818897637
0
LINE
8
BLACK
6
CONTINUOUS
10
0.6641979527559055
20
1.2442948818897637
11
0.6660741338582677
21
1.2452329921259842
0
LINE
8
BLACK
6
CONTINUOUS
10
0.6660741338582677
20
1.2452329921259842
11
0.6665732677165355
21
1.2452684645669292
0
LINE
8
BLACK
6
CONTINUOUS
10
0.6665732677165355
20
1.2452684645669292
11
0.6670356692913386
21
1.24546
0
LINE
8
BLACK
6
CONTINUOUS
10
0.6670356692913386
20
1.24546
11
0.6745404330708661
21
1.24546
0
LINE
8
BLACK
6
CONTINUOUS
10
0.6745404330708661
20
1.24546
11
0.6760607086614173
21
1.2448302755905511
0
LINE
8
BLACK
6
CONTINUOUS
10
0.6664330314960629
20
1.2406048818897637
11
0.6659884251968504
21
1.2401602755905512
0
LINE
8
BLACK
6
CONTINUOUS
10
0.6659884251968504
20
1.2401602755905512
11
0.6654333070866142
21
1.2390500393700787
0
LINE
8
BLACK
6
CONTINUOUS
10
0.6654333070866142
20
1.2390500393700787
11
0.6654333070866142
21
1.237250905511811
0
LINE
8
BLACK
6
CONTINUOUS
10
0.6654333070866142
20
1.237250905511811
11
0.6659884251968504
21
1.2361406692913386
0
LINE
8
BLACK
6
CONTINUOUS
10
0.6659884251968504
20
1.2361406692913386
11
0.6664330314960629
21
1.2356960236220471
0
LINE
8
BLACK
6
CONTINUOUS
10
0.6664330314960629
20
1.2356960236220471
11
0.6675432677165354
21
1.2351409448818897
0
LINE
8
BLACK
6
CONTINUOUS
10
0.6675432677165354
20
1.2351409448818897
11
0.6723904330708661
21
1.2351409448818897
0
LINE
8
BLACK
6
CONTINUOUS
10
0.6723904330708661
20
1.2351409448818897
11
0.6723904330708661
21
1.24116
0
LINE
8
BLACK
6
CONTINUOUS
10
0.6723904330708661
20
1.24116
11
0.6675432677165354
21
1.24116
0
LINE
8
BLACK
6
CONTINUOUS
10
0.6675432677165354
20
1.24116
11
0.6664330314960629
21
1.2406048818897637
0
LINE
8
BLACK
6
CONTINUOUS
10
0.5135416929133858
20
1.2473302755905511
11
0.5141714173228347
21
1.2458099999999999
0
LINE
8
BLACK
6
CONTINUOUS
10
0.5141714173228347
20
1.2458099999999999
11
0.5141714173228347
21
1.22611
0
LINE
8
BLACK
6
CONTINUOUS
10
0.5141714173228347
20
1.22611
11
0.5135416929133858
21
1.2245897244094488
0
LINE
8
BLACK
6
CONTINUOUS
10
0.5135416929133858
20
1.2245897244094488
11
0.5120214173228347
21
1.2239599999999999
0
LINE
8
BLACK
6
CONTINUOUS
10
0.5120214173228347
20
1.2239599999999999
11
0.5105011417322834
21
1.2245897244094488
0
LINE
8
BLACK
6
CONTINUOUS
10
0.5105011417322834
20
1.2245897244094488
11
0.5098714173228346
21
1.22611
0
LINE
8
BLACK
6
CONTINUOUS
10
0.5098714173228346
20
1.22611
11
0.5098714173228346
21
1.2296663385826772
0
LINE
8
BLACK
6
CONTINUOUS
10
0.5098714173228346
20
1.2296663385826772
11
0.506236653543307
21
1.22482
0
LINE
8
BLACK
6
CONTINUOUS
10
0.506236653543307
20
1.22482
11
0.5048207086614173
21
1.2239816141732283
0
LINE
8
BLACK
6
CONTINUOUS
10
0.5048207086614173
20
1.2239816141732283
11
0.5032266535433071
21
1.2243899999999999
0
LINE
8
BLACK
6
CONTINUOUS
10
0.5032266535433071
20
1.2243899999999999
11
0.5023882677165354
21
1.2258059448818897
0
LINE
8
BLACK
6
CONTINUOUS
10
0.5023882677165354
20
1.2258059448818897
11
0.502796653543307
21
1.2274
0
LINE
8
BLACK
6
CONTINUOUS
10
0.502796653543307
20
1.2274
11
0.5073064173228347
21
1.2334129921259842
0
LINE
8
BLACK
6
CONTINUOUS
10
0.5073064173228347
20
1.2334129921259842
11
0.5029963779527559
21
1.2377230708661418
0
LINE
8
BLACK
6
CONTINUOUS
10
0.5029963779527559
20
1.2377230708661418
11
0.5023666535433071
21
1.239243346456693
0
LINE
8
BLACK
6
CONTINUOUS
10
0.5023666535433071
20
1.239243346456693
11
0.5029963779527559
21
1.240763622047244
0
LINE
8
BLACK
6
CONTINUOUS
10
0.5029963779527559
20
1.240763622047244
11
0.5045166535433071
21
1.2413933464566929
0
LINE
8
BLACK
6
CONTINUOUS
10
0.5045166535433071
20
1.2413933464566929
11
0.5060369291338582
21
1.240763622047244
0
LINE
8
BLACK
6
CONTINUOUS
10
0.5060369291338582
20
1.240763622047244
11
0.5098714173228346
21
1.2369291338582677
0
LINE
8
BLACK
6
CONTINUOUS
10
0.5098714173228346
20
1.2369291338582677
11
0.5098714173228346
21
1.2458099999999999
0
LINE
8
BLACK
6
CONTINUOUS
10
0.5098714173228346
20
1.2458099999999999
11
0.5105011417322834
21
1.2473302755905511
0
LINE
8
BLACK
6
CONTINUOUS
10
0.5105011417322834
20
1.2473302755905511
11
0.5120214173228347
21
1.24796
0
LINE
8
BLACK
6
CONTINUOUS
10
0.5120214173228347
20
1.24796
11
0.5135416929133858
21
1.2473302755905511
0
LINE
8
BLACK
6
CONTINUOUS
10
0.5274933070866141
20
1.2477684645669291
11
0.5279924803149606
21
1.2477329921259843
0
LINE
8
BLACK
6
CONTINUOUS
10
0.5279924803149606
20
1.2477329921259843
11
0.5298686614173228
21
1.2467949212598426
0
LINE
8
BLACK
6
CONTINUOUS
10
0.5298686614173228
20
1.2467949212598426
11
0.5301004724409448
21
1.2465275590551181
0
LINE
8
BLACK
6
CONTINUOUS
10
0.5301004724409448
20
1.2465275590551181
11
0.5304273622047244
21
1.2463922047244094
0
LINE
8
BLACK
6
CONTINUOUS
10
0.5304273622047244
20
1.2463922047244094
11
0.5313654724409449
21
1.2454541338582676
0
LINE
8
BLACK
6
CONTINUOUS
10
0.5313654724409449
20
1.2454541338582676
11
0.5315008661417323
21
1.2451271653543308
0
LINE
8
BLACK
6
CONTINUOUS
10
0.5315008661417323
20
1.2451271653543308
11
0.5317682677165354
21
1.2448953149606299
0
LINE
8
BLACK
6
CONTINUOUS
10
0.5317682677165354
20
1.2448953149606299
11
0.5327063385826771
21
1.2430190551181102
0
LINE
8
BLACK
6
CONTINUOUS
10
0.5327063385826771
20
1.2430190551181102
11
0.5327236220472441
21
1.24277531496063
0
LINE
8
BLACK
6
CONTINUOUS
10
0.5327236220472441
20
1.24277531496063
11
0.532869094488189
21
1.2425790551181102
0
LINE
8
BLACK
6
CONTINUOUS
10
0.532869094488189
20
1.2425790551181102
11
0.5338072047244095
21
1.2388267322834645
0
LINE
8
BLACK
6
CONTINUOUS
10
0.5338072047244095
20
1.2388267322834645
11
0.5337670866141733
21
1.2385570866141733
0
LINE
8
BLACK
6
CONTINUOUS
10
0.5337670866141733
20
1.2385570866141733
11
0.5338714173228346
21
1.2383052362204725
0
LINE
8
BLACK
6
CONTINUOUS
10
0.5338714173228346
20
1.2383052362204725
11
0.5338714173228346
21
1.2336147637795276
0
LINE
8
BLACK
6
CONTINUOUS
10
0.5338714173228346
20
1.2336147637795276
11
0.5337670866141733
21
1.2333628740157481
0
LINE
8
BLACK
6
CONTINUOUS
10
0.5337670866141733
20
1.2333628740157481
11
0.5338072047244095
21
1.2330933070866141
0
LINE
8
BLACK
6
CONTINUOUS
10
0.5338072047244095
20
1.2330933070866141
11
0.532869094488189
21
1.229340905511811
0
LINE
8
BLACK
6
CONTINUOUS
10
0.532869094488189
20
1.229340905511811
11
0.5327236220472441
21
1.2291446062992126
0
LINE
8
BLACK
6
CONTINUOUS
10
0.5327236220472441
20
1.2291446062992126
11
0.5327063385826771
21
1.2289008661417322
0
LINE
8
BLACK
6
CONTINUOUS
10
0.5327063385826771
20
1.2289008661417322
11
0.5317682677165354
21
1.22702468503937
0
LINE
8
BLACK
6
CONTINUOUS
10
0.5317682677165354
20
1.22702468503937
11
0.5315008661417323
21
1.2267927952755906
0
LINE
8
BLACK
6
CONTINUOUS
10
0.5315008661417323
20
1.2267927952755906
11
0.5313654724409449
21
1.2264658661417323
0
LINE
8
BLACK
6
CONTINUOUS
10
0.5313654724409449
20
1.2264658661417323
11
0.5304273622047244
21
1.2255277952755905
0
LINE
8
BLACK
6
CONTINUOUS
10
0.5304273622047244
20
1.2255277952755905
11
0.5301004724409448
21
1.2253924015748032
0
LINE
8
BLACK
6
CONTINUOUS
10
0.5301004724409448
20
1.2253924015748032
11
0.5298686614173228
21
1.2251250787401575
0
LINE
8
BLACK
6
CONTINUOUS
10
0.5298686614173228
20
1.2251250787401575
11
0.5279924803149606
21
1.2241870078740158
0
LINE
8
BLACK
6
CONTINUOUS
10
0.5279924803149606
20
1.2241870078740158
11
0.5274933070866141
21
1.224151496062992
0
LINE
8
BLACK
6
CONTINUOUS
10
0.5274933070866141
20
1.224151496062992
11
0.5270309448818897
21
1.2239599999999999
0
LINE
8
BLACK
6
CONTINUOUS
10
0.5270309448818897
20
1.2239599999999999
11
0.5251547637795275
21
1.2239599999999999
0
LINE
8
BLACK
6
CONTINUOUS
10
0.5251547637795275
20
1.2239599999999999
11
0.5246924015748031
21
1.224151496062992
0
LINE
8
BLACK
6
CONTINUOUS
10
0.5246924015748031
20
1.224151496062992
11
0.5241932677165354
21
1.224186968503937
0
LINE
8
BLACK
6
CONTINUOUS
10
0.5241932677165354
20
1.224186968503937
11
0.5223170472440944
21
1.2251250787401575
0
LINE
8
BLACK
6
CONTINUOUS
10
0.5223170472440944
20
1.2251250787401575
11
0.5220851574803149
21
1.2253924015748032
0
LINE
8
BLACK
6
CONTINUOUS
10
0.5220851574803149
20
1.2253924015748032
11
0.5217582677165354
21
1.2255278346456693
0
LINE
8
BLACK
6
CONTINUOUS
10
0.5217582677165354
20
1.2255278346456693
11
0.5208201968503937
21
1.226465905511811
0
LINE
8
BLACK
6
CONTINUOUS
10
0.5208201968503937
20
1.226465905511811
11
0.5206847637795275
21
1.2267927559055118
0
LINE
8
BLACK
6
CONTINUOUS
10
0.5206847637795275
20
1.2267927559055118
11
0.5204174409448818
21
1.2270246456692913
0
LINE
8
BLACK
6
CONTINUOUS
10
0.5204174409448818
20
1.2270246456692913
11
0.5194793700787401
21
1.2289008267716535
0
LINE
8
BLACK
6
CONTINUOUS
10
0.5194793700787401
20
1.2289008267716535
11
0.5194620078740158
21
1.2291445275590551
0
LINE
8
BLACK
6
CONTINUOUS
10
0.5194620078740158
20
1.2291445275590551
11
0.5193165354330709
21
1.2293409448818897
0
LINE
8
BLACK
6
CONTINUOUS
10
0.5193165354330709
20
1.2293409448818897
11
0.5183784645669292
21
1.2330933464566929
0
LINE
8
BLACK
6
CONTINUOUS
10
0.5183784645669292
20
1.2330933464566929
11
0.5184185826771653
21
1.2333629527559056
0
LINE
8
BLACK
6
CONTINUOUS
10
0.5184185826771653
20
1.2333629527559056
11
0.5183142913385826
21
1.2336147637795276
0
LINE
8
BLACK
6
CONTINUOUS
10
0.5183142913385826
20
1.2336147637795276
11
0.5183142913385826
21
1.2383052362204725
0
LINE
8
BLACK
6
CONTINUOUS
10
0.5183142913385826
20
1.2383052362204725
11
0.5184185826771653
21
1.2385570472440945
0
LINE
8
BLACK
6
CONTINUOUS
10
0.5184185826771653
20
1.2385570472440945
11
0.5183784645669292
21
1.2388266929133858
0
LINE
8
BLACK
6
CONTINUOUS
10
0.5183784645669292
20
1.2388266929133858
11
0.5193165354330709
21
1.2425790157480314
0
LINE
8
BLACK
6
CONTINUOUS
10
0.5193165354330709
20
1.2425790157480314
11
0.5194620078740158
21
1.2427753543307087
0
LINE
8
BLACK
6
CONTINUOUS
10
0.5194620078740158
20
1.2427753543307087
11
0.5194793307086614
21
1.2430190944881889
0
LINE
8
BLACK
6
CONTINUOUS
10
0.5194793307086614
20
1.2430190944881889
11
0.5204174409448818
21
1.2448953149606299
0
LINE
8
BLACK
6
CONTINUOUS
10
0.5204174409448818
20
1.2448953149606299
11
0.5206847637795275
21
1.2451271653543308
0
LINE
8
BLACK
6
CONTINUOUS
10
0.5206847637795275
20
1.2451271653543308
11
0.5208201968503937
21
1.2454540944881889
0
LINE
8
BLACK
6
CONTINUOUS
10
0.5208201968503937
20
1.2454540944881889
11
0.5217582677165354
21
1.2463921653543306
0
LINE
8
BLACK
6
CONTINUOUS
10
0.5217582677165354
20
1.2463921653543306
11
0.5220851574803149
21
1.2465275590551181
0
LINE
8
BLACK
6
CONTINUOUS
10
0.5220851574803149
20
1.2465275590551181
11
0.5223170472440944
21
1.2467949212598426
0
LINE
8
BLACK
6
CONTINUOUS
10
0.5223170472440944
20
1.2467949212598426
11
0.5241932677165354
21
1.2477330314960631
0
LINE
8
BLACK
6
CONTINUOUS
10
0.5241932677165354
20
1.2477330314960631
11
0.5246924015748031
21
1.2477684645669291
0
LINE
8
BLACK
6
CONTINUOUS
10
0.5246924015748031
20
1.2477684645669291
11
0.5251547637795275
21
1.24796
0
LINE
8
BLACK
6
CONTINUOUS
10
0.5251547637795275
20
1.24796
11
0.5270309448818897
21
1.24796
0
LINE
8
BLACK
6
CONTINUOUS
10
0.5270309448818897
20
1.24796
11
0.5274933070866141
21
1.2477684645669291
0
LINE
8
BLACK
6
CONTINUOUS
10
0.5245520866141732
20
1.2431048818897636
11
0.5241074803149606
21
1.2426602755905511
0
LINE
8
BLACK
6
CONTINUOUS
10
0.5241074803149606
20
1.2426602755905511
11
0.5234309448818898
21
1.2413072440944881
0
LINE
8
BLACK
6
CONTINUOUS
10
0.5234309448818898
20
1.2413072440944881
11
0.5226142913385826
21
1.2380404724409448
0
LINE
8
BLACK
6
CONTINUOUS
10
0.5226142913385826
20
1.2380404724409448
11
0.5226142913385826
21
1.2338794488188976
0
LINE
8
BLACK
6
CONTINUOUS
10
0.5226142913385826
20
1.2338794488188976
11
0.5234309842519685
21
1.2306126377952755
0
LINE
8
BLACK
6
CONTINUOUS
10
0.5234309842519685
20
1.2306126377952755
11
0.5241074015748032
21
1.2292597637795275
0
LINE
8
BLACK
6
CONTINUOUS
10
0.5241074015748032
20
1.2292597637795275
11
0.5245520866141732
21
1.2288151181102362
0
LINE
8
BLACK
6
CONTINUOUS
10
0.5245520866141732
20
1.2288151181102362
11
0.5256623228346456
21
1.2282599999999999
0
LINE
8
BLACK
6
CONTINUOUS
10
0.5256623228346456
20
1.2282599999999999
11
0.5265234251968504
21
1.2282599999999999
0
LINE
8
BLACK
6
CONTINUOUS
10
0.5265234251968504
20
1.2282599999999999
11
0.5276335433070866
21
1.2288150787401575
0
LINE
8
BLACK
6
CONTINUOUS
10
0.5276335433070866
20
1.2288150787401575
11
0.5280782283464567
21
1.2292597244094488
0
LINE
8
BLACK
6
CONTINUOUS
10
0.5280782283464567
20
1.2292597244094488
11
0.5287547637795276
21
1.2306128346456693
0
LINE
8
BLACK
6
CONTINUOUS
10
0.5287547637795276
20
1.2306128346456693
11
0.5295714173228346
21
1.2338794881889763
0
LINE
8
BLACK
6
CONTINUOUS
10
0.5295714173228346
20
1.2338794881889763
11
0.5295714173228346
21
1.2380404724409448
0
LINE
8
BLACK
6
CONTINUOUS
10
0.5295714173228346
20
1.2380404724409448
11
0.5287547637795276
21
1.2413070866141731
0
LINE
8
BLACK
6
CONTINUOUS
10
0.5287547637795276
20
1.2413070866141731
11
0.5280781889763779
21
1.2426602362204724
0
LINE
8
BLACK
6
CONTINUOUS
10
0.5280781889763779
20
1.2426602362204724
11
0.5276335433070866
21
1.2431048818897636
0
LINE
8
BLACK
6
CONTINUOUS
10
0.5276335433070866
20
1.2431048818897636
11
0.5265234251968504
21
1.24366
0
LINE
8
BLACK
6
CONTINUOUS
10
0.5265234251968504
20
1.24366
11
0.5256623228346456
21
1.24366
0
LINE
8
BLACK
6
CONTINUOUS
10
0.5256623228346456
20
1.24366
11
0.5245520866141732
21
1.2431048818897636
0
CIRCLE
8
BLACK
10
0.15
20
0.61
40
0.0068897637795276
0
CIRCLE
8
BLACK
10
0.25
20
0.61
40
0.0068897637795276
0
CIRCLE
8
BLACK
10
0.15
20
0.51
40
0.0068897637795276
0
CIRCLE
8
BLACK
10
0.25
20
0.51
40
0.0068897637795276
0
CIRCLE
8
BLACK
10
0.15
20
0.41
40
0.0068897637795276
0
CIRCLE
8
BLACK
10
0.25
20
0.41
40
0.0068897637795276
0
CIRCLE
8
BLACK
10
0.89
20
0.83
40
0.0068897637795276
0
CIRCLE
8
BLACK
10
0.79
20
0.83
40
0.0068897637795276
0
CIRCLE
8
BLACK
10
1.04
20
1.0600000000000001
40
0.0068897637795276
0
CIRCLE
8
BLACK
10
0.9399999999999999
20
1.0600000000000001
40
0.0068897637795276
0
CIRCLE
8
BLACK
10
1.04
20
1.1599999999999999
40
0.0068897637795276
0
CIRCLE
8
BLACK
10
0.9399999999999999
20
1.1599999999999999
40
0.0068897637795276
0
CIRCLE
8
BLACK
10
0.7999999999999999
20
1.4475
40
0.0068897637795276
0
CIRCLE
8
BLACK
10
0.7999999999999999
20
1.3474999999999999
40
0.0068897637795276
0
CIRCLE
8
BLACK
10
0.7
20
1.4475
40
0.0068897637795276
0
CIRCLE
8
BLACK
10
0.7
20
1.3474999999999999
40
0.0068897637795276
0
CIRCLE
8
BLACK
10
0.6
20
1.4475
40
0.0068897637795276
0
CIRCLE
8
BLACK
10
0.6
20
1.3474999999999999
40
0.0068897637795276
0
CIRCLE
8
BLACK
10
0.5
20
1.4475
40
0.0068897637795276
0
CIRCLE
8
BLACK
10
0.5
20
1.3474999999999999
40
0.0068897637795276
0
CIRCLE
8
BLACK
10
0.4
20
1.4475
40
0.0068897637795276
0
CIRCLE
8
BLACK
10
0.4
20
1.3474999999999999
40
0.0068897637795276
0
CIRCLE
8
BLACK
10
0.2
20
1.3999999999999999
40
0.0068897637795276
0
CIRCLE
8
BLACK
10
1.
20
0.2
40
0.0068897637795276
0
CIRCLE
8
BLACK
10
1.
20
1.3999999999999999
40
0.0068897637795276
0
CIRCLE
8
BLACK
10
0.2
20
0.2
40
0.0068897637795276
0
CIRCLE
8
BLACK
10
0.72
20
0.2131496062992126
40
0.0068897637795276
0
CIRCLE
8
BLACK
10
0.72
20
0.41
40
0.0068897637795276
0
CIRCLE
8
BLACK
10
0.52
20
0.2131496062992126
40
0.0068897637795276
0
CIRCLE
8
BLACK
10
0.52
20
0.41
40
0.0068897637795276
0
CIRCLE
8
BLACK
10
0.1525
20
1.175
40
0.0068897637795276
0
CIRCLE
8
BLACK
10
0.1525
20
1.075
40
0.0068897637795276
0
CIRCLE
8
BLACK
10
0.1525
20
0.975
40
0.0068897637795276
0
CIRCLE
8
BLACK
10
0.84
20
1.0600000000000001
40
0.0068897637795276
0
CIRCLE
8
BLACK
10
0.84
20
1.1599999999999999
40
0.0068897637795276
  0
ENDSEC
  0
EOF
