  0
SECTION
  2
HEADER
  9
$ANGBASE
  50
0.0
  9
$ANGDIR
  70
1
  9
$MEASUREMENT
  70
0
  0
ENDSEC
  0
SECTION
  2
TABLES
  0
TABLE
  2
LTYPE
  70
4
  0
LTYPE
  5
40F
  2
CONTINUOUS
  70
0
  3
Solid line
  72
65
  73
0
  40
0.0
  0
LTYPE
  5
410
  2
DASHDOT
 70
0
  3
Dash Dot ____ _ ____ _
 72
65
 73
4
 40
2.0
 49
1.25
 49
-0.25
 49
0.25
 49
-0.25
  0
LTYPE
  5
411
  2
DASHED
 70
0
  3
Dashed __ __ __ __ __
 72
65
 73
2
 40
0.75
 49
0.5
 49
-0.25
  0
LTYPE
  5
43B
  2
DOTTED
 70
0
  3
Dotted .  .  .  .
 72
65
 73
2
 40
0.2
 49
0.0
 49
-0.2
  0
ENDTAB
  0
TABLE
  2
STYLE
  70
4
  0
STYLE
  2
KICAD
  70
0
  40
0
  41
1
  42
1
  50
0
  71
0
  3
isocp.shx
  0
STYLE
  2
KICADB
  70
0
  40
0
  41
1
  42
1
  50
0
  71
0
  3
isocp.shx
  0
STYLE
  2
KICADI
  70
0
  40
0
  41
1
  42
1
  50
15
  71
0
  3
isocp.shx
  0
STYLE
  2
KICADBI
  70
0
  40
0
  41
1
  42
1
  50
15
  71
0
  3
isocp.shx
  0
ENDTAB
  0
TABLE
  2
LAYER
  70
1
  0
LAYER
  2
BLACK
  70
0
  62
7
  6
CONTINUOUS
  0
ENDTAB
  0
ENDSEC
  0
SECTION
  2
ENTITIES
0
LINE
8
BLACK
6
CONTINUOUS
10
0.5475
20
0.545
11
0.5298425196850394
21
0.545
0
LINE
8
BLACK
6
CONTINUOUS
10
0.5298425196850394
20
0.545
11
0.5298425196850394
21
0.485
0
LINE
8
BLACK
6
CONTINUOUS
10
0.5298425196850394
20
0.485
11
0.595
21
0.485
0
LINE
8
BLACK
6
CONTINUOUS
10
0.595
20
0.485
11
0.595
21
0.335
0
LINE
8
BLACK
6
CONTINUOUS
10
0.595
20
0.335
11
0.5298425196850394
21
0.335
0
LINE
8
BLACK
6
CONTINUOUS
10
0.5298425196850394
20
0.335
11
0.5298425196850394
21
0.3078346456692913
0
LINE
8
BLACK
6
CONTINUOUS
10
0.5298425196850394
20
0.3078346456692913
11
0.5298425196850394
21
0.2881496062992126
0
LINE
8
BLACK
6
CONTINUOUS
10
0.5298425196850394
20
0.2881496062992126
11
0.595
21
0.2881496062992126
0
LINE
8
BLACK
6
CONTINUOUS
10
0.595
20
0.2881496062992126
11
0.595
21
0.1381496062992126
0
LINE
8
BLACK
6
CONTINUOUS
10
0.595
20
0.1381496062992126
11
0.445
21
0.1381496062992126
0
LINE
8
BLACK
6
CONTINUOUS
10
0.445
20
0.1381496062992126
11
0.445
21
0.2881496062992126
0
LINE
8
BLACK
6
CONTINUOUS
10
0.445
20
0.2881496062992126
11
0.5101574803149607
21
0.2881496062992126
0
LINE
8
BLACK
6
CONTINUOUS
10
0.5101574803149607
20
0.2881496062992126
11
0.5101574803149607
21
0.3078346456692913
0
LINE
8
BLACK
6
CONTINUOUS
10
0.5101574803149607
20
0.3078346456692913
11
0.5101574803149607
21
0.335
0
LINE
8
BLACK
6
CONTINUOUS
10
0.5101574803149607
20
0.335
11
0.445
21
0.335
0
LINE
8
BLACK
6
CONTINUOUS
10
0.445
20
0.335
11
0.445
21
0.485
0
LINE
8
BLACK
6
CONTINUOUS
10
0.445
20
0.485
11
0.5101574803149607
21
0.485
0
LINE
8
BLACK
6
CONTINUOUS
10
0.5101574803149607
20
0.485
11
0.5101574803149607
21
0.545
0
LINE
8
BLACK
6
CONTINUOUS
10
0.5101574803149607
20
0.545
11
0.4925
21
0.545
0
LINE
8
BLACK
6
CONTINUOUS
10
0.4925
20
0.545
11
0.4925
21
0.5526574803149606
0
LINE
8
BLACK
6
CONTINUOUS
10
0.4925
20
0.5526574803149606
11
0.435
21
0.5526574803149606
0
LINE
8
BLACK
6
CONTINUOUS
10
0.435
20
0.5526574803149606
11
0.435
21
0.5225
0
LINE
8
BLACK
6
CONTINUOUS
10
0.435
20
0.5225
11
0.4
21
0.5225
0
LINE
8
BLACK
6
CONTINUOUS
10
0.4
20
0.5225
11
0.4
21
0.5775
0
LINE
8
BLACK
6
CONTINUOUS
10
0.4
20
0.5775
11
0.435
21
0.5775
0
LINE
8
BLACK
6
CONTINUOUS
10
0.435
20
0.5775
11
0.435
21
0.5723425196850394
0
LINE
8
BLACK
6
CONTINUOUS
10
0.435
20
0.5723425196850394
11
0.4925
21
0.5723425196850394
0
LINE
8
BLACK
6
CONTINUOUS
10
0.4925
20
0.5723425196850394
11
0.4925
21
0.58
0
LINE
8
BLACK
6
CONTINUOUS
10
0.4925
20
0.58
11
0.5475
21
0.58
0
LINE
8
BLACK
6
CONTINUOUS
10
0.5475
20
0.58
11
0.5475
21
0.545
0
LINE
8
BLACK
6
CONTINUOUS
10
0.7474999999999999
20
0.545
11
0.7298425196850393
21
0.545
0
LINE
8
BLACK
6
CONTINUOUS
10
0.7298425196850393
20
0.545
11
0.7298425196850393
21
0.485
0
LINE
8
BLACK
6
CONTINUOUS
10
0.7298425196850393
20
0.485
11
0.7949999999999999
21
0.485
0
LINE
8
BLACK
6
CONTINUOUS
10
0.7949999999999999
20
0.485
11
0.7949999999999999
21
0.335
0
LINE
8
BLACK
6
CONTINUOUS
10
0.7949999999999999
20
0.335
11
0.7298425196850393
21
0.335
0
LINE
8
BLACK
6
CONTINUOUS
10
0.7298425196850393
20
0.335
11
0.7298425196850393
21
0.3078346456692913
0
LINE
8
BLACK
6
CONTINUOUS
10
0.7298425196850393
20
0.3078346456692913
11
0.7298425196850393
21
0.2881496062992126
0
LINE
8
BLACK
6
CONTINUOUS
10
0.7298425196850393
20
0.2881496062992126
11
0.7949999999999999
21
0.2881496062992126
0
LINE
8
BLACK
6
CONTINUOUS
10
0.7949999999999999
20
0.2881496062992126
11
0.7949999999999999
21
0.1381496062992126
0
LINE
8
BLACK
6
CONTINUOUS
10
0.7949999999999999
20
0.1381496062992126
11
0.645
21
0.1381496062992126
0
LINE
8
BLACK
6
CONTINUOUS
10
0.645
20
0.1381496062992126
11
0.645
21
0.2881496062992126
0
LINE
8
BLACK
6
CONTINUOUS
10
0.645
20
0.2881496062992126
11
0.7101574803149606
21
0.2881496062992126
0
LINE
8
BLACK
6
CONTINUOUS
10
0.7101574803149606
20
0.2881496062992126
11
0.7101574803149606
21
0.3078346456692913
0
LINE
8
BLACK
6
CONTINUOUS
10
0.7101574803149606
20
0.3078346456692913
11
0.7101574803149606
21
0.335
0
LINE
8
BLACK
6
CONTINUOUS
10
0.7101574803149606
20
0.335
11
0.645
21
0.335
0
LINE
8
BLACK
6
CONTINUOUS
10
0.645
20
0.335
11
0.645
21
0.485
0
LINE
8
BLACK
6
CONTINUOUS
10
0.645
20
0.485
11
0.7101574803149606
21
0.485
0
LINE
8
BLACK
6
CONTINUOUS
10
0.7101574803149606
20
0.485
11
0.7101574803149606
21
0.545
0
LINE
8
BLACK
6
CONTINUOUS
10
0.7101574803149606
20
0.545
11
0.6925
21
0.545
0
LINE
8
BLACK
6
CONTINUOUS
10
0.6925
20
0.545
11
0.6925
21
0.58
0
LINE
8
BLACK
6
CONTINUOUS
10
0.6925
20
0.58
11
0.7474999999999999
21
0.58
0
LINE
8
BLACK
6
CONTINUOUS
10
0.7474999999999999
20
0.58
11
0.7474999999999999
21
0.545
0
LINE
8
BLACK
6
CONTINUOUS
10
0.2905
20
0.77455
11
0.1921
21
0.77455
0
LINE
8
BLACK
6
CONTINUOUS
10
0.1921
20
0.77455
11
0.1921
21
0.7826574803149606
0
LINE
8
BLACK
6
CONTINUOUS
10
0.1921
20
0.7826574803149606
11
0.1772906299212599
21
0.7826574803149606
0
LINE
8
BLACK
6
CONTINUOUS
10
0.1772906299212599
20
0.7826574803149606
11
0.1673425196850394
21
0.7727093307086614
0
LINE
8
BLACK
6
CONTINUOUS
10
0.1673425196850394
20
0.7727093307086614
11
0.1673425196850394
21
0.7725
0
LINE
8
BLACK
6
CONTINUOUS
10
0.1673425196850394
20
0.7725
11
0.1673425196850394
21
0.7324999999999999
0
LINE
8
BLACK
6
CONTINUOUS
10
0.1673425196850394
20
0.7324999999999999
11
0.175
21
0.7324999999999999
0
LINE
8
BLACK
6
CONTINUOUS
10
0.175
20
0.7324999999999999
11
0.175
21
0.6775
0
LINE
8
BLACK
6
CONTINUOUS
10
0.175
20
0.6775
11
0.14
21
0.6775
0
LINE
8
BLACK
6
CONTINUOUS
10
0.14
20
0.6775
11
0.14
21
0.6951574803149606
0
LINE
8
BLACK
6
CONTINUOUS
10
0.14
20
0.6951574803149606
11
0.1243918503937008
21
0.6951574803149606
0
LINE
8
BLACK
6
CONTINUOUS
10
0.1243918503937008
20
0.6951574803149606
11
0.0948425196850394
21
0.6656081102362205
0
LINE
8
BLACK
6
CONTINUOUS
10
0.0948425196850394
20
0.6656081102362205
11
0.0948425196850394
21
0.5293918897637795
0
LINE
8
BLACK
6
CONTINUOUS
10
0.0948425196850394
20
0.5293918897637795
11
0.1043918897637795
21
0.5198425196850394
0
LINE
8
BLACK
6
CONTINUOUS
10
0.1043918897637795
20
0.5198425196850394
11
0.12
21
0.5198425196850394
0
LINE
8
BLACK
6
CONTINUOUS
10
0.12
20
0.5198425196850394
11
0.12
21
0.54
0
LINE
8
BLACK
6
CONTINUOUS
10
0.12
20
0.54
11
0.18
21
0.54
0
LINE
8
BLACK
6
CONTINUOUS
10
0.18
20
0.54
11
0.18
21
0.5198425196850394
0
LINE
8
BLACK
6
CONTINUOUS
10
0.18
20
0.5198425196850394
11
0.22
21
0.5198425196850394
0
LINE
8
BLACK
6
CONTINUOUS
10
0.22
20
0.5198425196850394
11
0.22
21
0.54
0
LINE
8
BLACK
6
CONTINUOUS
10
0.22
20
0.54
11
0.28
21
0.54
0
LINE
8
BLACK
6
CONTINUOUS
10
0.28
20
0.54
11
0.28
21
0.5198425196850394
0
LINE
8
BLACK
6
CONTINUOUS
10
0.28
20
0.5198425196850394
11
0.2975
21
0.5198425196850394
0
LINE
8
BLACK
6
CONTINUOUS
10
0.2975
20
0.5198425196850394
11
0.3012665748031496
21
0.5190933070866142
0
LINE
8
BLACK
6
CONTINUOUS
10
0.3012665748031496
20
0.5190933070866142
11
0.3044597244094488
21
0.5169597244094488
0
LINE
8
BLACK
6
CONTINUOUS
10
0.3044597244094488
20
0.5169597244094488
11
0.3664194488188977
21
0.455
0
LINE
8
BLACK
6
CONTINUOUS
10
0.3664194488188977
20
0.455
11
0.3975
21
0.455
0
LINE
8
BLACK
6
CONTINUOUS
10
0.3975
20
0.455
11
0.3975
21
0.42
0
LINE
8
BLACK
6
CONTINUOUS
10
0.3975
20
0.42
11
0.3425
21
0.42
0
LINE
8
BLACK
6
CONTINUOUS
10
0.3425
20
0.42
11
0.3425
21
0.4510805511811024
0
LINE
8
BLACK
6
CONTINUOUS
10
0.3425
20
0.4510805511811024
11
0.2934230708661417
21
0.5001574803149607
0
LINE
8
BLACK
6
CONTINUOUS
10
0.2934230708661417
20
0.5001574803149607
11
0.28
21
0.5001574803149607
0
LINE
8
BLACK
6
CONTINUOUS
10
0.28
20
0.5001574803149607
11
0.28
21
0.48
0
LINE
8
BLACK
6
CONTINUOUS
10
0.28
20
0.48
11
0.22
21
0.48
0
LINE
8
BLACK
6
CONTINUOUS
10
0.22
20
0.48
11
0.22
21
0.5001574803149607
0
LINE
8
BLACK
6
CONTINUOUS
10
0.22
20
0.5001574803149607
11
0.18
21
0.5001574803149607
0
LINE
8
BLACK
6
CONTINUOUS
10
0.18
20
0.5001574803149607
11
0.18
21
0.48
0
LINE
8
BLACK
6
CONTINUOUS
10
0.18
20
0.48
11
0.12
21
0.48
0
LINE
8
BLACK
6
CONTINUOUS
10
0.12
20
0.48
11
0.12
21
0.5001574803149607
0
LINE
8
BLACK
6
CONTINUOUS
10
0.12
20
0.5001574803149607
11
0.1003149606299213
21
0.5001574803149607
0
LINE
8
BLACK
6
CONTINUOUS
10
0.1003149606299213
20
0.5001574803149607
11
0.0965483858267717
21
0.5009066929133859
0
LINE
8
BLACK
6
CONTINUOUS
10
0.0965483858267717
20
0.5009066929133859
11
0.0933552362204724
21
0.5030402755905512
0
LINE
8
BLACK
6
CONTINUOUS
10
0.0933552362204724
20
0.5030402755905512
11
0.0780402755905512
21
0.5183552362204724
0
LINE
8
BLACK
6
CONTINUOUS
10
0.0780402755905512
20
0.5183552362204724
11
0.0759066929133858
21
0.5215483858267717
0
LINE
8
BLACK
6
CONTINUOUS
10
0.0759066929133858
20
0.5215483858267717
11
0.0751574803149606
21
0.5253149606299212
0
LINE
8
BLACK
6
CONTINUOUS
10
0.0751574803149606
20
0.5253149606299212
11
0.0751574803149606
21
0.6696850393700787
0
LINE
8
BLACK
6
CONTINUOUS
10
0.0751574803149606
20
0.6696850393700787
11
0.0759066929133858
21
0.6734516141732283
0
LINE
8
BLACK
6
CONTINUOUS
10
0.0759066929133858
20
0.6734516141732283
11
0.0780402755905512
21
0.6766447637795275
0
LINE
8
BLACK
6
CONTINUOUS
10
0.0780402755905512
20
0.6766447637795275
11
0.1133551181102362
21
0.7119595669291339
0
LINE
8
BLACK
6
CONTINUOUS
10
0.1133551181102362
20
0.7119595669291339
11
0.1133552362204724
21
0.7119597244094488
0
LINE
8
BLACK
6
CONTINUOUS
10
0.1133552362204724
20
0.7119597244094488
11
0.1165483858267717
21
0.7140933070866141
0
LINE
8
BLACK
6
CONTINUOUS
10
0.1165483858267717
20
0.7140933070866141
11
0.116836968503937
21
0.7141507086614173
0
LINE
8
BLACK
6
CONTINUOUS
10
0.116836968503937
20
0.7141507086614173
11
0.1203149606299213
21
0.7148425590551181
0
LINE
8
BLACK
6
CONTINUOUS
10
0.1203149606299213
20
0.7148425590551181
11
0.120315157480315
21
0.7148425196850393
0
LINE
8
BLACK
6
CONTINUOUS
10
0.120315157480315
20
0.7148425196850393
11
0.14
21
0.7148425196850393
0
LINE
8
BLACK
6
CONTINUOUS
10
0.14
20
0.7148425196850393
11
0.14
21
0.7324999999999999
0
LINE
8
BLACK
6
CONTINUOUS
10
0.14
20
0.7324999999999999
11
0.1476574803149606
21
0.7324999999999999
0
LINE
8
BLACK
6
CONTINUOUS
10
0.1476574803149606
20
0.7324999999999999
11
0.1476574803149606
21
0.7684230708661417
0
LINE
8
BLACK
6
CONTINUOUS
10
0.1476574803149606
20
0.7684230708661417
11
0.1410805905511811
21
0.775
0
LINE
8
BLACK
6
CONTINUOUS
10
0.1410805905511811
20
0.775
11
0.0925
21
0.775
0
LINE
8
BLACK
6
CONTINUOUS
10
0.0925
20
0.775
11
0.0925
21
0.8099999999999999
0
LINE
8
BLACK
6
CONTINUOUS
10
0.0925
20
0.8099999999999999
11
0.1475
21
0.8099999999999999
0
LINE
8
BLACK
6
CONTINUOUS
10
0.1475
20
0.8099999999999999
11
0.1475
21
0.8023425196850393
0
LINE
8
BLACK
6
CONTINUOUS
10
0.1475
20
0.8023425196850393
11
0.1732135433070866
21
0.8023425196850393
0
LINE
8
BLACK
6
CONTINUOUS
10
0.1732135433070866
20
0.8023425196850393
11
0.1732137401574803
21
0.8023425590551181
0
LINE
8
BLACK
6
CONTINUOUS
10
0.1732137401574803
20
0.8023425590551181
11
0.173213937007874
21
0.8023425196850393
0
LINE
8
BLACK
6
CONTINUOUS
10
0.173213937007874
20
0.8023425196850393
11
0.1921
21
0.8023425196850393
0
LINE
8
BLACK
6
CONTINUOUS
10
0.1921
20
0.8023425196850393
11
0.1921
21
0.84545
0
LINE
8
BLACK
6
CONTINUOUS
10
0.1921
20
0.84545
11
0.2905
21
0.84545
0
LINE
8
BLACK
6
CONTINUOUS
10
0.2905
20
0.84545
11
0.2905
21
0.77455
0
LINE
8
BLACK
6
CONTINUOUS
10
0.5740354330708661
20
0.9561811023622047
11
0.5731295275590551
21
0.9561811023622047
0
LINE
8
BLACK
6
CONTINUOUS
10
0.5731295275590551
20
0.9561811023622047
11
0.5731295275590551
21
0.9476685826771654
0
LINE
8
BLACK
6
CONTINUOUS
10
0.5731295275590551
20
0.9476685826771654
11
0.5732438582677165
21
0.947554251968504
0
LINE
8
BLACK
6
CONTINUOUS
10
0.5732438582677165
20
0.947554251968504
11
0.5740350393700787
21
0.9446014960629922
0
LINE
8
BLACK
6
CONTINUOUS
10
0.5740350393700787
20
0.9446014960629922
11
0.5740350393700787
21
0.9022905511811024
0
LINE
8
BLACK
6
CONTINUOUS
10
0.5740350393700787
20
0.9022905511811024
11
0.5738338188976377
21
0.9015395669291338
0
LINE
8
BLACK
6
CONTINUOUS
10
0.5738338188976377
20
0.9015395669291338
11
0.5738338188976377
21
0.9007620866141732
0
LINE
8
BLACK
6
CONTINUOUS
10
0.5738338188976377
20
0.9007620866141732
11
0.5734450787401575
21
0.9000887401574803
0
LINE
8
BLACK
6
CONTINUOUS
10
0.5734450787401575
20
0.9000887401574803
11
0.5732438582677165
21
0.8993377952755905
0
LINE
8
BLACK
6
CONTINUOUS
10
0.5732438582677165
20
0.8993377952755905
11
0.5726940551181102
21
0.8987879921259843
0
LINE
8
BLACK
6
CONTINUOUS
10
0.5726940551181102
20
0.8987879921259843
11
0.5723053543307086
21
0.8981147244094488
0
LINE
8
BLACK
6
CONTINUOUS
10
0.5723053543307086
20
0.8981147244094488
11
0.5570055118110236
21
0.8828148818897638
0
LINE
8
BLACK
6
CONTINUOUS
10
0.5570055118110236
20
0.8828148818897638
11
0.5570055118110236
21
0.8734499999999999
0
LINE
8
BLACK
6
CONTINUOUS
10
0.5570055118110236
20
0.8734499999999999
11
0.5767
21
0.8734499999999999
0
LINE
8
BLACK
6
CONTINUOUS
10
0.5767
20
0.8734499999999999
11
0.5767
21
0.80655
0
LINE
8
BLACK
6
CONTINUOUS
10
0.5767
20
0.80655
11
0.5609425196850394
21
0.80655
0
LINE
8
BLACK
6
CONTINUOUS
10
0.5609425196850394
20
0.80655
11
0.5609425196850394
21
0.76345
0
LINE
8
BLACK
6
CONTINUOUS
10
0.5609425196850394
20
0.76345
11
0.5767
21
0.76345
0
LINE
8
BLACK
6
CONTINUOUS
10
0.5767
20
0.76345
11
0.5767
21
0.69655
0
LINE
8
BLACK
6
CONTINUOUS
10
0.5767
20
0.69655
11
0.5315694488188977
21
0.69655
0
LINE
8
BLACK
6
CONTINUOUS
10
0.5315694488188977
20
0.69655
11
0.5298425196850394
21
0.6948230708661417
0
LINE
8
BLACK
6
CONTINUOUS
10
0.5298425196850394
20
0.6948230708661417
11
0.5298425196850394
21
0.655
0
LINE
8
BLACK
6
CONTINUOUS
10
0.5298425196850394
20
0.655
11
0.5475
21
0.655
0
LINE
8
BLACK
6
CONTINUOUS
10
0.5475
20
0.655
11
0.5475
21
0.62
0
LINE
8
BLACK
6
CONTINUOUS
10
0.5475
20
0.62
11
0.4925
21
0.62
0
LINE
8
BLACK
6
CONTINUOUS
10
0.4925
20
0.62
11
0.4925
21
0.6301574803149607
0
LINE
8
BLACK
6
CONTINUOUS
10
0.4925
20
0.6301574803149607
11
0.435
21
0.6301574803149607
0
LINE
8
BLACK
6
CONTINUOUS
10
0.435
20
0.6301574803149607
11
0.435
21
0.6124999999999999
0
LINE
8
BLACK
6
CONTINUOUS
10
0.435
20
0.6124999999999999
11
0.4
21
0.6124999999999999
0
LINE
8
BLACK
6
CONTINUOUS
10
0.4
20
0.6124999999999999
11
0.4
21
0.6675
0
LINE
8
BLACK
6
CONTINUOUS
10
0.4
20
0.6675
11
0.435
21
0.6675
0
LINE
8
BLACK
6
CONTINUOUS
10
0.435
20
0.6675
11
0.435
21
0.6498425196850394
0
LINE
8
BLACK
6
CONTINUOUS
10
0.435
20
0.6498425196850394
11
0.4925
21
0.6498425196850394
0
LINE
8
BLACK
6
CONTINUOUS
10
0.4925
20
0.6498425196850394
11
0.4925
21
0.655
0
LINE
8
BLACK
6
CONTINUOUS
10
0.4925
20
0.655
11
0.5101574803149607
21
0.655
0
LINE
8
BLACK
6
CONTINUOUS
10
0.5101574803149607
20
0.655
11
0.5101574803149607
21
0.6989
0
LINE
8
BLACK
6
CONTINUOUS
10
0.5101574803149607
20
0.6989
11
0.5109066929133859
21
0.7026665748031495
0
LINE
8
BLACK
6
CONTINUOUS
10
0.5109066929133859
20
0.7026665748031495
11
0.5130402755905512
21
0.7058597244094488
0
LINE
8
BLACK
6
CONTINUOUS
10
0.5130402755905512
20
0.7058597244094488
11
0.5255
21
0.7183194488188976
0
LINE
8
BLACK
6
CONTINUOUS
10
0.5255
20
0.7183194488188976
11
0.5255
21
0.76345
0
LINE
8
BLACK
6
CONTINUOUS
10
0.5255
20
0.76345
11
0.5412574803149606
21
0.76345
0
LINE
8
BLACK
6
CONTINUOUS
10
0.5412574803149606
20
0.76345
11
0.5412574803149606
21
0.80655
0
LINE
8
BLACK
6
CONTINUOUS
10
0.5412574803149606
20
0.80655
11
0.5255
21
0.80655
0
LINE
8
BLACK
6
CONTINUOUS
10
0.5255
20
0.80655
11
0.5255
21
0.8734499999999999
0
LINE
8
BLACK
6
CONTINUOUS
10
0.5255
20
0.8734499999999999
11
0.5451944881889763
21
0.8734499999999999
0
LINE
8
BLACK
6
CONTINUOUS
10
0.5451944881889763
20
0.8734499999999999
11
0.5451944881889763
21
0.8852610236220472
0
LINE
8
BLACK
6
CONTINUOUS
10
0.5451944881889763
20
0.8852610236220472
11
0.5453957086614173
21
0.886011968503937
0
LINE
8
BLACK
6
CONTINUOUS
10
0.5453957086614173
20
0.886011968503937
11
0.5453957086614173
21
0.8867894881889764
0
LINE
8
BLACK
6
CONTINUOUS
10
0.5453957086614173
20
0.8867894881889764
11
0.5457844094488189
21
0.8874627952755906
0
LINE
8
BLACK
6
CONTINUOUS
10
0.5457844094488189
20
0.8874627952755906
11
0.5459856692913385
21
0.8882137795275591
0
LINE
8
BLACK
6
CONTINUOUS
10
0.5459856692913385
20
0.8882137795275591
11
0.5465354330708662
21
0.8887635433070866
0
LINE
8
BLACK
6
CONTINUOUS
10
0.5465354330708662
20
0.8887635433070866
11
0.5469241732283464
21
0.8894368503937008
0
LINE
8
BLACK
6
CONTINUOUS
10
0.5469241732283464
20
0.8894368503937008
11
0.5622240157480315
21
0.9047366929133858
0
LINE
8
BLACK
6
CONTINUOUS
10
0.5622240157480315
20
0.9047366929133858
11
0.5622240157480315
21
0.9446014960629922
0
LINE
8
BLACK
6
CONTINUOUS
10
0.5622240157480315
20
0.9446014960629922
11
0.5630151968503937
21
0.947554251968504
0
LINE
8
BLACK
6
CONTINUOUS
10
0.5630151968503937
20
0.947554251968504
11
0.5631295275590551
21
0.9476685826771654
0
LINE
8
BLACK
6
CONTINUOUS
10
0.5631295275590551
20
0.9476685826771654
11
0.5631295275590551
21
0.9561811023622047
0
LINE
8
BLACK
6
CONTINUOUS
10
0.5631295275590551
20
0.9561811023622047
11
0.5622244094488189
21
0.9561811023622047
0
LINE
8
BLACK
6
CONTINUOUS
10
0.5622244094488189
20
0.9561811023622047
11
0.5622244094488189
21
0.9817716535433071
0
LINE
8
BLACK
6
CONTINUOUS
10
0.5622244094488189
20
0.9817716535433071
11
0.5740354330708661
21
0.9817716535433071
0
LINE
8
BLACK
6
CONTINUOUS
10
0.5740354330708661
20
0.9817716535433071
11
0.5740354330708661
21
0.9561811023622047
0
LINE
8
BLACK
6
CONTINUOUS
10
0.5937204724409448
20
0.9561811023622047
11
0.5928149606299212
21
0.9561811023622047
0
LINE
8
BLACK
6
CONTINUOUS
10
0.5928149606299212
20
0.9561811023622047
11
0.5928149606299212
21
0.9419103149606299
0
LINE
8
BLACK
6
CONTINUOUS
10
0.5928149606299212
20
0.9419103149606299
11
0.5929292913385826
21
0.9417959842519685
0
LINE
8
BLACK
6
CONTINUOUS
10
0.5929292913385826
20
0.9417959842519685
11
0.5937204724409448
21
0.9388432283464567
0
LINE
8
BLACK
6
CONTINUOUS
10
0.5937204724409448
20
0.9388432283464567
11
0.5937204724409448
21
0.9008374015748031
0
LINE
8
BLACK
6
CONTINUOUS
10
0.5937204724409448
20
0.9008374015748031
11
0.6486523622047244
21
0.8459055118110236
0
LINE
8
BLACK
6
CONTINUOUS
10
0.6486523622047244
20
0.8459055118110236
11
0.6633
21
0.8459055118110236
0
LINE
8
BLACK
6
CONTINUOUS
10
0.6633
20
0.8459055118110236
11
0.6633
21
0.8734499999999999
0
LINE
8
BLACK
6
CONTINUOUS
10
0.6633
20
0.8734499999999999
11
0.7145
21
0.8734499999999999
0
LINE
8
BLACK
6
CONTINUOUS
10
0.7145
20
0.8734499999999999
11
0.7145
21
0.80655
0
LINE
8
BLACK
6
CONTINUOUS
10
0.7145
20
0.80655
11
0.6987425196850393
21
0.80655
0
LINE
8
BLACK
6
CONTINUOUS
10
0.6987425196850393
20
0.80655
11
0.6987425196850393
21
0.76345
0
LINE
8
BLACK
6
CONTINUOUS
10
0.6987425196850393
20
0.76345
11
0.7145
21
0.76345
0
LINE
8
BLACK
6
CONTINUOUS
10
0.7145
20
0.76345
11
0.7145
21
0.7183194488188976
0
LINE
8
BLACK
6
CONTINUOUS
10
0.7145
20
0.7183194488188976
11
0.7269597244094488
21
0.7058597244094488
0
LINE
8
BLACK
6
CONTINUOUS
10
0.7269597244094488
20
0.7058597244094488
11
0.7290933070866141
21
0.7026665748031495
0
LINE
8
BLACK
6
CONTINUOUS
10
0.7290933070866141
20
0.7026665748031495
11
0.7298425590551181
21
0.6989
0
LINE
8
BLACK
6
CONTINUOUS
10
0.7298425590551181
20
0.6989
11
0.7298425196850393
21
0.6988997637795276
0
LINE
8
BLACK
6
CONTINUOUS
10
0.7298425196850393
20
0.6988997637795276
11
0.7298425196850393
21
0.655
0
LINE
8
BLACK
6
CONTINUOUS
10
0.7298425196850393
20
0.655
11
0.7474999999999999
21
0.655
0
LINE
8
BLACK
6
CONTINUOUS
10
0.7474999999999999
20
0.655
11
0.7474999999999999
21
0.6473425196850393
0
LINE
8
BLACK
6
CONTINUOUS
10
0.7474999999999999
20
0.6473425196850393
11
0.8049999999999999
21
0.6473425196850393
0
LINE
8
BLACK
6
CONTINUOUS
10
0.8049999999999999
20
0.6473425196850393
11
0.8049999999999999
21
0.6675
0
LINE
8
BLACK
6
CONTINUOUS
10
0.8049999999999999
20
0.6675
11
0.84
21
0.6675
0
LINE
8
BLACK
6
CONTINUOUS
10
0.84
20
0.6675
11
0.84
21
0.6124999999999999
0
LINE
8
BLACK
6
CONTINUOUS
10
0.84
20
0.6124999999999999
11
0.8049999999999999
21
0.6124999999999999
0
LINE
8
BLACK
6
CONTINUOUS
10
0.8049999999999999
20
0.6124999999999999
11
0.8049999999999999
21
0.6276574803149606
0
LINE
8
BLACK
6
CONTINUOUS
10
0.8049999999999999
20
0.6276574803149606
11
0.7474999999999999
21
0.6276574803149606
0
LINE
8
BLACK
6
CONTINUOUS
10
0.7474999999999999
20
0.6276574803149606
11
0.7474999999999999
21
0.62
0
LINE
8
BLACK
6
CONTINUOUS
10
0.7474999999999999
20
0.62
11
0.6925
21
0.62
0
LINE
8
BLACK
6
CONTINUOUS
10
0.6925
20
0.62
11
0.6925
21
0.655
0
LINE
8
BLACK
6
CONTINUOUS
10
0.6925
20
0.655
11
0.7101574803149606
21
0.655
0
LINE
8
BLACK
6
CONTINUOUS
10
0.7101574803149606
20
0.655
11
0.7101574803149606
21
0.6948230708661417
0
LINE
8
BLACK
6
CONTINUOUS
10
0.7101574803149606
20
0.6948230708661417
11
0.7084305511811023
21
0.69655
0
LINE
8
BLACK
6
CONTINUOUS
10
0.7084305511811023
20
0.69655
11
0.6633
21
0.69655
0
LINE
8
BLACK
6
CONTINUOUS
10
0.6633
20
0.69655
11
0.6633
21
0.76345
0
LINE
8
BLACK
6
CONTINUOUS
10
0.6633
20
0.76345
11
0.6790574803149606
21
0.76345
0
LINE
8
BLACK
6
CONTINUOUS
10
0.6790574803149606
20
0.76345
11
0.6790574803149606
21
0.80655
0
LINE
8
BLACK
6
CONTINUOUS
10
0.6790574803149606
20
0.80655
11
0.6633
21
0.80655
0
LINE
8
BLACK
6
CONTINUOUS
10
0.6633
20
0.80655
11
0.6633
21
0.8340944881889764
0
LINE
8
BLACK
6
CONTINUOUS
10
0.6633
20
0.8340944881889764
11
0.6462062204724409
21
0.8340944881889764
0
LINE
8
BLACK
6
CONTINUOUS
10
0.6462062204724409
20
0.8340944881889764
11
0.6454552362204724
21
0.8342957086614173
0
LINE
8
BLACK
6
CONTINUOUS
10
0.6454552362204724
20
0.8342957086614173
11
0.6446777559055118
21
0.8342957086614173
0
LINE
8
BLACK
6
CONTINUOUS
10
0.6446777559055118
20
0.8342957086614173
11
0.6440044094488189
21
0.8346844094488188
0
LINE
8
BLACK
6
CONTINUOUS
10
0.6440044094488189
20
0.8346844094488188
11
0.6432534645669291
21
0.8348856692913386
0
LINE
8
BLACK
6
CONTINUOUS
10
0.6432534645669291
20
0.8348856692913386
11
0.6427036614173228
21
0.8354354330708661
0
LINE
8
BLACK
6
CONTINUOUS
10
0.6427036614173228
20
0.8354354330708661
11
0.6420303937007874
21
0.8358241732283465
0
LINE
8
BLACK
6
CONTINUOUS
10
0.6420303937007874
20
0.8358241732283465
11
0.5836391338582677
21
0.8942154330708662
0
LINE
8
BLACK
6
CONTINUOUS
10
0.5836391338582677
20
0.8942154330708662
11
0.5832503937007874
21
0.8948887007874016
0
LINE
8
BLACK
6
CONTINUOUS
10
0.5832503937007874
20
0.8948887007874016
11
0.5827006299212598
21
0.8954385039370079
0
LINE
8
BLACK
6
CONTINUOUS
10
0.5827006299212598
20
0.8954385039370079
11
0.5824993700787402
21
0.8961894488188976
0
LINE
8
BLACK
6
CONTINUOUS
10
0.5824993700787402
20
0.8961894488188976
11
0.5821106692913386
21
0.8968627952755905
0
LINE
8
BLACK
6
CONTINUOUS
10
0.5821106692913386
20
0.8968627952755905
11
0.5821106692913386
21
0.8976402755905512
0
LINE
8
BLACK
6
CONTINUOUS
10
0.5821106692913386
20
0.8976402755905512
11
0.5819094488188976
21
0.8983912598425197
0
LINE
8
BLACK
6
CONTINUOUS
10
0.5819094488188976
20
0.8983912598425197
11
0.5819094488188976
21
0.9388432283464567
0
LINE
8
BLACK
6
CONTINUOUS
10
0.5819094488188976
20
0.9388432283464567
11
0.5827006299212598
21
0.9417959842519685
0
LINE
8
BLACK
6
CONTINUOUS
10
0.5827006299212598
20
0.9417959842519685
11
0.5828149606299212
21
0.9419103149606299
0
LINE
8
BLACK
6
CONTINUOUS
10
0.5828149606299212
20
0.9419103149606299
11
0.5828149606299212
21
0.9561811023622047
0
LINE
8
BLACK
6
CONTINUOUS
10
0.5828149606299212
20
0.9561811023622047
11
0.5819094488188976
21
0.9561811023622047
0
LINE
8
BLACK
6
CONTINUOUS
10
0.5819094488188976
20
0.9561811023622047
11
0.5819094488188976
21
0.9817716535433071
0
LINE
8
BLACK
6
CONTINUOUS
10
0.5819094488188976
20
0.9817716535433071
11
0.5937204724409448
21
0.9817716535433071
0
LINE
8
BLACK
6
CONTINUOUS
10
0.5937204724409448
20
0.9817716535433071
11
0.5937204724409448
21
0.9561811023622047
0
LINE
8
BLACK
6
CONTINUOUS
10
0.82
20
0.7999999999999999
11
0.76
21
0.7999999999999999
0
LINE
8
BLACK
6
CONTINUOUS
10
0.76
20
0.7999999999999999
11
0.76
21
0.86
0
LINE
8
BLACK
6
CONTINUOUS
10
0.76
20
0.86
11
0.82
21
0.86
0
LINE
8
BLACK
6
CONTINUOUS
10
0.82
20
0.86
11
0.82
21
0.7999999999999999
0
LINE
8
BLACK
6
CONTINUOUS
10
0.312684094488189
20
1.2485956692913385
11
0.3168744094488189
21
1.2459027559055118
0
LINE
8
BLACK
6
CONTINUOUS
10
0.3168744094488189
20
1.2459027559055118
11
0.3201362598425197
21
1.2421383464566929
0
LINE
8
BLACK
6
CONTINUOUS
10
0.3201362598425197
20
1.2421383464566929
11
0.3222054724409449
21
1.2376074409448818
0
LINE
8
BLACK
6
CONTINUOUS
10
0.3222054724409449
20
1.2376074409448818
11
0.3229143307086614
21
1.2326771259842519
0
LINE
8
BLACK
6
CONTINUOUS
10
0.3229143307086614
20
1.2326771259842519
11
0.3222054724409449
21
1.227746811023622
0
LINE
8
BLACK
6
CONTINUOUS
10
0.3222054724409449
20
1.227746811023622
11
0.3201362598425197
21
1.223215905511811
0
LINE
8
BLACK
6
CONTINUOUS
10
0.3201362598425197
20
1.223215905511811
11
0.3168744094488189
21
1.2194514960629921
0
LINE
8
BLACK
6
CONTINUOUS
10
0.3168744094488189
20
1.2194514960629921
11
0.312684094488189
21
1.2167585826771654
0
LINE
8
BLACK
6
CONTINUOUS
10
0.312684094488189
20
1.2167585826771654
11
0.307904842519685
21
1.2153552362204725
0
LINE
8
BLACK
6
CONTINUOUS
10
0.307904842519685
20
1.2153552362204725
11
0.3029238188976378
21
1.2153552362204725
0
LINE
8
BLACK
6
CONTINUOUS
10
0.3029238188976378
20
1.2153552362204725
11
0.2981445669291338
21
1.2167585826771654
0
LINE
8
BLACK
6
CONTINUOUS
10
0.2981445669291338
20
1.2167585826771654
11
0.2939542519685039
21
1.2194514960629921
0
LINE
8
BLACK
6
CONTINUOUS
10
0.2939542519685039
20
1.2194514960629921
11
0.2910227952755906
21
1.2228346062992126
0
LINE
8
BLACK
6
CONTINUOUS
10
0.2910227952755906
20
1.2228346062992126
11
0.2472499606299212
21
1.2228346062992126
0
LINE
8
BLACK
6
CONTINUOUS
10
0.2472499606299212
20
1.2228346062992126
11
0.1068268897637795
21
1.2228346062992126
0
LINE
8
BLACK
6
CONTINUOUS
10
0.1068268897637795
20
1.2228346062992126
11
0.0898425196850394
21
1.2058502362204724
0
LINE
8
BLACK
6
CONTINUOUS
10
0.0898425196850394
20
1.2058502362204724
11
0.0898425196850394
21
1.0018918897637794
0
LINE
8
BLACK
6
CONTINUOUS
10
0.0898425196850394
20
1.0018918897637794
11
0.1068918897637795
21
0.9848425196850393
0
LINE
8
BLACK
6
CONTINUOUS
10
0.1068918897637795
20
0.9848425196850393
11
0.1225
21
0.9848425196850393
0
LINE
8
BLACK
6
CONTINUOUS
10
0.1225
20
0.9848425196850393
11
0.1225
21
1.0049999999999999
0
LINE
8
BLACK
6
CONTINUOUS
10
0.1225
20
1.0049999999999999
11
0.1825
21
1.0049999999999999
0
LINE
8
BLACK
6
CONTINUOUS
10
0.1825
20
1.0049999999999999
11
0.1825
21
0.9848425196850393
0
LINE
8
BLACK
6
CONTINUOUS
10
0.1825
20
0.9848425196850393
11
0.2075
21
0.9848425196850393
0
LINE
8
BLACK
6
CONTINUOUS
10
0.2075
20
0.9848425196850393
11
0.2112665748031496
21
0.9840933070866141
0
LINE
8
BLACK
6
CONTINUOUS
10
0.2112665748031496
20
0.9840933070866141
11
0.2144597244094488
21
0.9819597244094488
0
LINE
8
BLACK
6
CONTINUOUS
10
0.2144597244094488
20
0.9819597244094488
11
0.2564194488188976
21
0.9399999999999999
0
LINE
8
BLACK
6
CONTINUOUS
10
0.2564194488188976
20
0.9399999999999999
11
0.2875
21
0.9399999999999999
0
LINE
8
BLACK
6
CONTINUOUS
10
0.2875
20
0.9399999999999999
11
0.2875
21
0.9323425196850393
0
LINE
8
BLACK
6
CONTINUOUS
10
0.2875
20
0.9323425196850393
11
0.32
21
0.9323425196850393
0
LINE
8
BLACK
6
CONTINUOUS
10
0.32
20
0.9323425196850393
11
0.32
21
0.9575
0
LINE
8
BLACK
6
CONTINUOUS
10
0.32
20
0.9575
11
0.355
21
0.9575
0
LINE
8
BLACK
6
CONTINUOUS
10
0.355
20
0.9575
11
0.355
21
0.9025
0
LINE
8
BLACK
6
CONTINUOUS
10
0.355
20
0.9025
11
0.32
21
0.9025
0
LINE
8
BLACK
6
CONTINUOUS
10
0.32
20
0.9025
11
0.32
21
0.9126574803149606
0
LINE
8
BLACK
6
CONTINUOUS
10
0.32
20
0.9126574803149606
11
0.2875
21
0.9126574803149606
0
LINE
8
BLACK
6
CONTINUOUS
10
0.2875
20
0.9126574803149606
11
0.2875
21
0.905
0
LINE
8
BLACK
6
CONTINUOUS
10
0.2875
20
0.905
11
0.2325
21
0.905
0
LINE
8
BLACK
6
CONTINUOUS
10
0.2325
20
0.905
11
0.2325
21
0.9360805511811023
0
LINE
8
BLACK
6
CONTINUOUS
10
0.2325
20
0.9360805511811023
11
0.2034230708661417
21
0.9651574803149606
0
LINE
8
BLACK
6
CONTINUOUS
10
0.2034230708661417
20
0.9651574803149606
11
0.1825
21
0.9651574803149606
0
LINE
8
BLACK
6
CONTINUOUS
10
0.1825
20
0.9651574803149606
11
0.1825
21
0.945
0
LINE
8
BLACK
6
CONTINUOUS
10
0.1825
20
0.945
11
0.1623425196850394
21
0.945
0
LINE
8
BLACK
6
CONTINUOUS
10
0.1623425196850394
20
0.945
11
0.1623425196850394
21
0.9
0
LINE
8
BLACK
6
CONTINUOUS
10
0.1623425196850394
20
0.9
11
0.1615933070866142
21
0.8962334251968503
0
LINE
8
BLACK
6
CONTINUOUS
10
0.1615933070866142
20
0.8962334251968503
11
0.1594597244094488
21
0.8930402755905512
0
LINE
8
BLACK
6
CONTINUOUS
10
0.1594597244094488
20
0.8930402755905512
11
0.1594595669291339
21
0.893040157480315
0
LINE
8
BLACK
6
CONTINUOUS
10
0.1594595669291339
20
0.893040157480315
11
0.1475
21
0.8810805511811023
0
LINE
8
BLACK
6
CONTINUOUS
10
0.1475
20
0.8810805511811023
11
0.1475
21
0.85
0
LINE
8
BLACK
6
CONTINUOUS
10
0.1475
20
0.85
11
0.0925
21
0.85
0
LINE
8
BLACK
6
CONTINUOUS
10
0.0925
20
0.85
11
0.0925
21
0.885
0
LINE
8
BLACK
6
CONTINUOUS
10
0.0925
20
0.885
11
0.1235805511811024
21
0.885
0
LINE
8
BLACK
6
CONTINUOUS
10
0.1235805511811024
20
0.885
11
0.1426574803149606
21
0.9040768897637795
0
LINE
8
BLACK
6
CONTINUOUS
10
0.1426574803149606
20
0.9040768897637795
11
0.1426574803149606
21
0.945
0
LINE
8
BLACK
6
CONTINUOUS
10
0.1426574803149606
20
0.945
11
0.1225
21
0.945
0
LINE
8
BLACK
6
CONTINUOUS
10
0.1225
20
0.945
11
0.1225
21
0.9651574803149606
0
LINE
8
BLACK
6
CONTINUOUS
10
0.1225
20
0.9651574803149606
11
0.102815157480315
21
0.9651574803149606
0
LINE
8
BLACK
6
CONTINUOUS
10
0.102815157480315
20
0.9651574803149606
11
0.1028149606299213
21
0.9651574409448819
0
LINE
8
BLACK
6
CONTINUOUS
10
0.1028149606299213
20
0.9651574409448819
11
0.0990483858267717
21
0.9659066929133858
0
LINE
8
BLACK
6
CONTINUOUS
10
0.0990483858267717
20
0.9659066929133858
11
0.0958552362204724
21
0.9680402755905512
0
LINE
8
BLACK
6
CONTINUOUS
10
0.0958552362204724
20
0.9680402755905512
11
0.0730402755905512
21
0.9908552362204724
0
LINE
8
BLACK
6
CONTINUOUS
10
0.0730402755905512
20
0.9908552362204724
11
0.0709066929133858
21
0.9940483858267717
0
LINE
8
BLACK
6
CONTINUOUS
10
0.0709066929133858
20
0.9940483858267717
11
0.0701574803149606
21
0.9978149606299213
0
LINE
8
BLACK
6
CONTINUOUS
10
0.0701574803149606
20
0.9978149606299213
11
0.0701574803149606
21
1.2099271653543306
0
LINE
8
BLACK
6
CONTINUOUS
10
0.0701574803149606
20
1.2099271653543306
11
0.0709066929133858
21
1.2136937401574803
0
LINE
8
BLACK
6
CONTINUOUS
10
0.0709066929133858
20
1.2136937401574803
11
0.0730402755905512
21
1.2168868897637795
0
LINE
8
BLACK
6
CONTINUOUS
10
0.0730402755905512
20
1.2168868897637795
11
0.0957902362204724
21
1.2396368503937008
0
LINE
8
BLACK
6
CONTINUOUS
10
0.0957902362204724
20
1.2396368503937008
11
0.0989833858267717
21
1.2417704330708661
0
LINE
8
BLACK
6
CONTINUOUS
10
0.0989833858267717
20
1.2417704330708661
11
0.1027499606299213
21
1.24251968503937
0
LINE
8
BLACK
6
CONTINUOUS
10
0.1027499606299213
20
1.24251968503937
11
0.102750157480315
21
1.2425196456692913
0
LINE
8
BLACK
6
CONTINUOUS
10
0.102750157480315
20
1.2425196456692913
11
0.2472499606299212
21
1.2425196456692913
0
LINE
8
BLACK
6
CONTINUOUS
10
0.2472499606299212
20
1.2425196456692913
11
0.2910227952755906
21
1.2425196456692913
0
LINE
8
BLACK
6
CONTINUOUS
10
0.2910227952755906
20
1.2425196456692913
11
0.2939542519685039
21
1.2459027559055118
0
LINE
8
BLACK
6
CONTINUOUS
10
0.2939542519685039
20
1.2459027559055118
11
0.2981445669291338
21
1.2485956692913385
0
LINE
8
BLACK
6
CONTINUOUS
10
0.2981445669291338
20
1.2485956692913385
11
0.3029238188976378
21
1.2499990157480314
0
LINE
8
BLACK
6
CONTINUOUS
10
0.3029238188976378
20
1.2499990157480314
11
0.307904842519685
21
1.2499990157480314
0
LINE
8
BLACK
6
CONTINUOUS
10
0.307904842519685
20
1.2499990157480314
11
0.312684094488189
21
1.2485956692913385
0
LINE
8
BLACK
6
CONTINUOUS
10
1.0700000000000001
20
1.1299999999999999
11
1.0478740157480315
21
1.1299999999999999
0
LINE
8
BLACK
6
CONTINUOUS
10
1.0478740157480315
20
1.1299999999999999
11
1.0478740157480315
21
1.0900000000000001
0
LINE
8
BLACK
6
CONTINUOUS
10
1.0478740157480315
20
1.0900000000000001
11
1.0700000000000001
21
1.0900000000000001
0
LINE
8
BLACK
6
CONTINUOUS
10
1.0700000000000001
20
1.0900000000000001
11
1.0700000000000001
21
1.03
0
LINE
8
BLACK
6
CONTINUOUS
10
1.0700000000000001
20
1.03
11
1.0478740157480315
21
1.03
0
LINE
8
BLACK
6
CONTINUOUS
10
1.0478740157480315
20
1.03
11
1.0478740157480315
21
1.0142519685039371
0
LINE
8
BLACK
6
CONTINUOUS
10
1.0478740157480315
20
1.0142519685039371
11
1.0475800393700787
21
1.0129640157480315
0
LINE
8
BLACK
6
CONTINUOUS
10
1.0475800393700787
20
1.0129640157480315
11
1.0474321653543306
21
1.0116513385826771
0
LINE
8
BLACK
6
CONTINUOUS
10
1.0474321653543306
20
1.0116513385826771
11
1.0471938976377952
21
1.0112721259842519
0
LINE
8
BLACK
6
CONTINUOUS
10
1.0471938976377952
20
1.0112721259842519
11
1.0470942519685038
21
1.0108355511811022
0
LINE
8
BLACK
6
CONTINUOUS
10
1.0470942519685038
20
1.0108355511811022
11
1.0462705118110236
21
1.0098026377952756
0
LINE
8
BLACK
6
CONTINUOUS
10
1.0462705118110236
20
1.0098026377952756
11
1.0455677559055119
21
1.0086842125984252
0
LINE
8
BLACK
6
CONTINUOUS
10
1.0455677559055119
20
1.0086842125984252
11
0.9438157874015748
21
0.9069322440944881
0
LINE
8
BLACK
6
CONTINUOUS
10
0.9438157874015748
20
0.9069322440944881
11
0.9426973228346457
21
0.9062294488188977
0
LINE
8
BLACK
6
CONTINUOUS
10
0.9426973228346457
20
0.9062294488188977
11
0.9416644488188977
21
0.9054057480314961
0
LINE
8
BLACK
6
CONTINUOUS
10
0.9416644488188977
20
0.9054057480314961
11
0.9412278346456693
21
0.905306062992126
0
LINE
8
BLACK
6
CONTINUOUS
10
0.9412278346456693
20
0.905306062992126
11
0.9408486614173228
21
0.9050678346456693
0
LINE
8
BLACK
6
CONTINUOUS
10
0.9408486614173228
20
0.9050678346456693
11
0.9395359448818897
21
0.9049199212598426
0
LINE
8
BLACK
6
CONTINUOUS
10
0.9395359448818897
20
0.9049199212598426
11
0.938248031496063
21
0.9046259842519685
0
LINE
8
BLACK
6
CONTINUOUS
10
0.938248031496063
20
0.9046259842519685
11
0.893248031496063
21
0.9046259842519685
0
LINE
8
BLACK
6
CONTINUOUS
10
0.893248031496063
20
0.9046259842519685
11
0.8774999999999999
21
0.9046259842519685
0
LINE
8
BLACK
6
CONTINUOUS
10
0.8774999999999999
20
0.9046259842519685
11
0.8774999999999999
21
0.895
0
LINE
8
BLACK
6
CONTINUOUS
10
0.8774999999999999
20
0.895
11
0.8225
21
0.895
0
LINE
8
BLACK
6
CONTINUOUS
10
0.8225
20
0.895
11
0.8225
21
0.9046259842519685
0
LINE
8
BLACK
6
CONTINUOUS
10
0.8225
20
0.9046259842519685
11
0.7775
21
0.9046259842519685
0
LINE
8
BLACK
6
CONTINUOUS
10
0.7775
20
0.9046259842519685
11
0.7775
21
0.895
0
LINE
8
BLACK
6
CONTINUOUS
10
0.7775
20
0.895
11
0.7225
21
0.895
0
LINE
8
BLACK
6
CONTINUOUS
10
0.7225
20
0.895
11
0.7225
21
0.9065944881889764
0
LINE
8
BLACK
6
CONTINUOUS
10
0.7225
20
0.9065944881889764
11
0.6875
21
0.9065944881889764
0
LINE
8
BLACK
6
CONTINUOUS
10
0.6875
20
0.9065944881889764
11
0.6867490157480315
21
0.9067957086614173
0
LINE
8
BLACK
6
CONTINUOUS
10
0.6867490157480315
20
0.9067957086614173
11
0.6859715354330709
21
0.9067957086614173
0
LINE
8
BLACK
6
CONTINUOUS
10
0.6859715354330709
20
0.9067957086614173
11
0.685298188976378
21
0.9071844094488188
0
LINE
8
BLACK
6
CONTINUOUS
10
0.685298188976378
20
0.9071844094488188
11
0.6845472440944882
21
0.9073856692913386
0
LINE
8
BLACK
6
CONTINUOUS
10
0.6845472440944882
20
0.9073856692913386
11
0.6839974409448819
21
0.9079354330708661
0
LINE
8
BLACK
6
CONTINUOUS
10
0.6839974409448819
20
0.9079354330708661
11
0.6833241732283465
21
0.9083241732283465
0
LINE
8
BLACK
6
CONTINUOUS
10
0.6833241732283465
20
0.9083241732283465
11
0.6616483464566929
21
0.9299999999999999
0
LINE
8
BLACK
6
CONTINUOUS
10
0.6616483464566929
20
0.9299999999999999
11
0.6424536220472441
21
0.9299999999999999
0
LINE
8
BLACK
6
CONTINUOUS
10
0.6424536220472441
20
0.9299999999999999
11
0.6415696456692913
21
0.9301270472440945
0
LINE
8
BLACK
6
CONTINUOUS
10
0.6415696456692913
20
0.9301270472440945
11
0.6413907874015747
21
0.9301142913385827
0
LINE
8
BLACK
6
CONTINUOUS
10
0.6413907874015747
20
0.9301142913385827
11
0.6412950393700787
21
0.9301665354330708
0
LINE
8
BLACK
6
CONTINUOUS
10
0.6412950393700787
20
0.9301665354330708
11
0.6410449606299212
21
0.9302025196850393
0
LINE
8
BLACK
6
CONTINUOUS
10
0.6410449606299212
20
0.9302025196850393
11
0.6400038582677166
21
0.9308715748031496
0
LINE
8
BLACK
6
CONTINUOUS
10
0.6400038582677166
20
0.9308715748031496
11
0.6389180708661417
21
0.9314644881889763
0
LINE
8
BLACK
6
CONTINUOUS
10
0.6389180708661417
20
0.9314644881889763
11
0.6236494881889764
21
0.9467330314960629
0
LINE
8
BLACK
6
CONTINUOUS
10
0.6236494881889764
20
0.9467330314960629
11
0.6231143307086614
21
0.9474479133858268
0
LINE
8
BLACK
6
CONTINUOUS
10
0.6231143307086614
20
0.9474479133858268
11
0.6229787795275591
21
0.9475653937007874
0
LINE
8
BLACK
6
CONTINUOUS
10
0.6229787795275591
20
0.9475653937007874
11
0.6229480314960629
21
0.9476700787401574
0
LINE
8
BLACK
6
CONTINUOUS
10
0.6229480314960629
20
0.9476700787401574
11
0.622796653543307
21
0.9478723228346456
0
LINE
8
BLACK
6
CONTINUOUS
10
0.622796653543307
20
0.9478723228346456
11
0.6225336220472441
21
0.9490812992125984
0
LINE
8
BLACK
6
CONTINUOUS
10
0.6225336220472441
20
0.9490812992125984
11
0.6221850393700787
21
0.9502685826771653
0
LINE
8
BLACK
6
CONTINUOUS
10
0.6221850393700787
20
0.9502685826771653
11
0.6221850393700787
21
0.9561811023622047
0
LINE
8
BLACK
6
CONTINUOUS
10
0.6221850393700787
20
0.9561811023622047
11
0.6212795275590551
21
0.9561811023622047
0
LINE
8
BLACK
6
CONTINUOUS
10
0.6212795275590551
20
0.9561811023622047
11
0.6212795275590551
21
0.9817716535433071
0
LINE
8
BLACK
6
CONTINUOUS
10
0.6212795275590551
20
0.9817716535433071
11
0.6330905511811024
21
0.9817716535433071
0
LINE
8
BLACK
6
CONTINUOUS
10
0.6330905511811024
20
0.9817716535433071
11
0.6330905511811024
21
0.9561811023622047
0
LINE
8
BLACK
6
CONTINUOUS
10
0.6330905511811024
20
0.9561811023622047
11
0.6321850393700787
21
0.9561811023622047
0
LINE
8
BLACK
6
CONTINUOUS
10
0.6321850393700787
20
0.9561811023622047
11
0.6321850393700787
21
0.9523396456692913
0
LINE
8
BLACK
6
CONTINUOUS
10
0.6321850393700787
20
0.9523396456692913
11
0.6445246850393701
21
0.9399999999999999
0
LINE
8
BLACK
6
CONTINUOUS
10
0.6445246850393701
20
0.9399999999999999
11
0.6622516929133858
21
0.9399999999999999
0
LINE
8
BLACK
6
CONTINUOUS
10
0.6622516929133858
20
0.9399999999999999
11
0.6634715354330708
21
0.9407042913385827
0
LINE
8
BLACK
6
CONTINUOUS
10
0.6634715354330708
20
0.9407042913385827
11
0.6665284645669292
21
0.9407042913385827
0
LINE
8
BLACK
6
CONTINUOUS
10
0.6665284645669292
20
0.9407042913385827
11
0.6691758267716535
21
0.9391758267716536
0
LINE
8
BLACK
6
CONTINUOUS
10
0.6691758267716535
20
0.9391758267716536
11
0.6899461417322834
21
0.9184055118110236
0
LINE
8
BLACK
6
CONTINUOUS
10
0.6899461417322834
20
0.9184055118110236
11
0.7225
21
0.9184055118110236
0
LINE
8
BLACK
6
CONTINUOUS
10
0.7225
20
0.9184055118110236
11
0.7225
21
0.9299999999999999
0
LINE
8
BLACK
6
CONTINUOUS
10
0.7225
20
0.9299999999999999
11
0.7775
21
0.9299999999999999
0
LINE
8
BLACK
6
CONTINUOUS
10
0.7775
20
0.9299999999999999
11
0.7775
21
0.9203740157480315
0
LINE
8
BLACK
6
CONTINUOUS
10
0.7775
20
0.9203740157480315
11
0.8225
21
0.9203740157480315
0
LINE
8
BLACK
6
CONTINUOUS
10
0.8225
20
0.9203740157480315
11
0.8225
21
0.9299999999999999
0
LINE
8
BLACK
6
CONTINUOUS
10
0.8225
20
0.9299999999999999
11
0.8774999999999999
21
0.9299999999999999
0
LINE
8
BLACK
6
CONTINUOUS
10
0.8774999999999999
20
0.9299999999999999
11
0.8774999999999999
21
0.9203740157480315
0
LINE
8
BLACK
6
CONTINUOUS
10
0.8774999999999999
20
0.9203740157480315
11
0.893248031496063
21
0.9203740157480315
0
LINE
8
BLACK
6
CONTINUOUS
10
0.893248031496063
20
0.9203740157480315
11
0.9349865354330709
21
0.9203740157480315
0
LINE
8
BLACK
6
CONTINUOUS
10
0.9349865354330709
20
0.9203740157480315
11
1.0321259842519686
21
1.017513464566929
0
LINE
8
BLACK
6
CONTINUOUS
10
1.0321259842519686
20
1.017513464566929
11
1.0321259842519686
21
1.03
0
LINE
8
BLACK
6
CONTINUOUS
10
1.0321259842519686
20
1.03
11
1.01
21
1.03
0
LINE
8
BLACK
6
CONTINUOUS
10
1.01
20
1.03
11
1.01
21
1.0900000000000001
0
LINE
8
BLACK
6
CONTINUOUS
10
1.01
20
1.0900000000000001
11
1.0321259842519686
21
1.0900000000000001
0
LINE
8
BLACK
6
CONTINUOUS
10
1.0321259842519686
20
1.0900000000000001
11
1.0321259842519686
21
1.1299999999999999
0
LINE
8
BLACK
6
CONTINUOUS
10
1.0321259842519686
20
1.1299999999999999
11
1.01
21
1.1299999999999999
0
LINE
8
BLACK
6
CONTINUOUS
10
1.01
20
1.1299999999999999
11
1.01
21
1.1899999999999999
0
LINE
8
BLACK
6
CONTINUOUS
10
1.01
20
1.1899999999999999
11
1.0700000000000001
21
1.1899999999999999
0
LINE
8
BLACK
6
CONTINUOUS
10
1.0700000000000001
20
1.1899999999999999
11
1.0700000000000001
21
1.1299999999999999
0
LINE
8
BLACK
6
CONTINUOUS
10
0.6134055118110237
20
0.9561811023622047
11
0.6124999999999999
21
0.9561811023622047
0
LINE
8
BLACK
6
CONTINUOUS
10
0.6124999999999999
20
0.9561811023622047
11
0.6124999999999999
21
0.9282705511811024
0
LINE
8
BLACK
6
CONTINUOUS
10
0.6124999999999999
20
0.9282705511811024
11
0.6127302362204724
21
0.9284185433070866
0
LINE
8
BLACK
6
CONTINUOUS
10
0.6127302362204724
20
0.9284185433070866
11
0.6175094881889763
21
0.9298218897637796
0
LINE
8
BLACK
6
CONTINUOUS
10
0.6175094881889763
20
0.9298218897637796
11
0.6224905118110237
21
0.9298218897637796
0
LINE
8
BLACK
6
CONTINUOUS
10
0.6224905118110237
20
0.9298218897637796
11
0.6272697637795276
21
0.9284185433070866
0
LINE
8
BLACK
6
CONTINUOUS
10
0.6272697637795276
20
0.9284185433070866
11
0.6314600787401574
21
0.9257256299212598
0
LINE
8
BLACK
6
CONTINUOUS
10
0.6314600787401574
20
0.9257256299212598
11
0.6347219291338583
21
0.9219612204724409
0
LINE
8
BLACK
6
CONTINUOUS
10
0.6347219291338583
20
0.9219612204724409
11
0.6367911417322835
21
0.9174303149606299
0
LINE
8
BLACK
6
CONTINUOUS
10
0.6367911417322835
20
0.9174303149606299
11
0.6375
21
0.9125
0
LINE
8
BLACK
6
CONTINUOUS
10
0.6375
20
0.9125
11
0.6367911417322835
21
0.9075696850393701
0
LINE
8
BLACK
6
CONTINUOUS
10
0.6367911417322835
20
0.9075696850393701
11
0.6347219291338583
21
0.9030387795275591
0
LINE
8
BLACK
6
CONTINUOUS
10
0.6347219291338583
20
0.9030387795275591
11
0.6314600787401574
21
0.8992743700787401
0
LINE
8
BLACK
6
CONTINUOUS
10
0.6314600787401574
20
0.8992743700787401
11
0.6272697637795276
21
0.8965814566929133
0
LINE
8
BLACK
6
CONTINUOUS
10
0.6272697637795276
20
0.8965814566929133
11
0.6224905118110237
21
0.8951781102362204
0
LINE
8
BLACK
6
CONTINUOUS
10
0.6224905118110237
20
0.8951781102362204
11
0.6175094881889763
21
0.8951781102362204
0
LINE
8
BLACK
6
CONTINUOUS
10
0.6175094881889763
20
0.8951781102362204
11
0.6127302362204724
21
0.8965814566929133
0
LINE
8
BLACK
6
CONTINUOUS
10
0.6127302362204724
20
0.8965814566929133
11
0.6085399212598425
21
0.8992743700787401
0
LINE
8
BLACK
6
CONTINUOUS
10
0.6085399212598425
20
0.8992743700787401
11
0.6052780708661417
21
0.9030387795275591
0
LINE
8
BLACK
6
CONTINUOUS
10
0.6052780708661417
20
0.9030387795275591
11
0.6032088582677165
21
0.9075696850393701
0
LINE
8
BLACK
6
CONTINUOUS
10
0.6032088582677165
20
0.9075696850393701
11
0.6025
21
0.9125
0
LINE
8
BLACK
6
CONTINUOUS
10
0.6025
20
0.9125
11
0.6032088582677165
21
0.9174303149606299
0
LINE
8
BLACK
6
CONTINUOUS
10
0.6032088582677165
20
0.9174303149606299
11
0.6047104724409449
21
0.9207183858267717
0
LINE
8
BLACK
6
CONTINUOUS
10
0.6047104724409449
20
0.9207183858267717
11
0.6039644488188977
21
0.9214644488188977
0
LINE
8
BLACK
6
CONTINUOUS
10
0.6039644488188977
20
0.9214644488188977
11
0.6034292913385827
21
0.9221793307086614
0
LINE
8
BLACK
6
CONTINUOUS
10
0.6034292913385827
20
0.9221793307086614
11
0.6032937401574803
21
0.922296811023622
0
LINE
8
BLACK
6
CONTINUOUS
10
0.6032937401574803
20
0.922296811023622
11
0.6032629921259842
21
0.9224014960629922
0
LINE
8
BLACK
6
CONTINUOUS
10
0.6032629921259842
20
0.9224014960629922
11
0.6031116141732283
21
0.9226037401574803
0
LINE
8
BLACK
6
CONTINUOUS
10
0.6031116141732283
20
0.9226037401574803
11
0.6028485826771653
21
0.9238127165354331
0
LINE
8
BLACK
6
CONTINUOUS
10
0.6028485826771653
20
0.9238127165354331
11
0.6025
21
0.9249999999999999
0
LINE
8
BLACK
6
CONTINUOUS
10
0.6025
20
0.9249999999999999
11
0.6025
21
0.9561811023622047
0
LINE
8
BLACK
6
CONTINUOUS
10
0.6025
20
0.9561811023622047
11
0.6015944881889763
21
0.9561811023622047
0
LINE
8
BLACK
6
CONTINUOUS
10
0.6015944881889763
20
0.9561811023622047
11
0.6015944881889763
21
0.9817716535433071
0
LINE
8
BLACK
6
CONTINUOUS
10
0.6015944881889763
20
0.9817716535433071
11
0.6134055118110237
21
0.9817716535433071
0
LINE
8
BLACK
6
CONTINUOUS
10
0.6134055118110237
20
0.9817716535433071
11
0.6134055118110237
21
0.9561811023622047
0
LINE
8
BLACK
6
CONTINUOUS
10
0.6527755905511811
20
0.9714225196850393
11
0.6636072440944881
21
0.9605908661417323
0
LINE
8
BLACK
6
CONTINUOUS
10
0.6636072440944881
20
0.9605908661417323
11
0.7703137401574803
21
0.9605908661417323
0
LINE
8
BLACK
6
CONTINUOUS
10
0.7703137401574803
20
0.9605908661417323
11
0.7710647244094488
21
0.9603896456692913
0
LINE
8
BLACK
6
CONTINUOUS
10
0.7710647244094488
20
0.9603896456692913
11
0.7718422047244095
21
0.9603896456692913
0
LINE
8
BLACK
6
CONTINUOUS
10
0.7718422047244095
20
0.9603896456692913
11
0.7725155118110236
21
0.9600009055118111
0
LINE
8
BLACK
6
CONTINUOUS
10
0.7725155118110236
20
0.9600009055118111
11
0.7732664960629921
21
0.9597996850393701
0
LINE
8
BLACK
6
CONTINUOUS
10
0.7732664960629921
20
0.9597996850393701
11
0.7738162598425197
21
0.9592498818897638
0
LINE
8
BLACK
6
CONTINUOUS
10
0.7738162598425197
20
0.9592498818897638
11
0.7744895669291338
21
0.9588611811023622
0
LINE
8
BLACK
6
CONTINUOUS
10
0.7744895669291338
20
0.9588611811023622
11
0.7809320078740157
21
0.9524187401574803
0
LINE
8
BLACK
6
CONTINUOUS
10
0.7809320078740157
20
0.9524187401574803
11
0.7868887795275591
21
0.9524187401574803
0
LINE
8
BLACK
6
CONTINUOUS
10
0.7868887795275591
20
0.9524187401574803
11
0.7885126377952756
21
0.9559744488188976
0
LINE
8
BLACK
6
CONTINUOUS
10
0.7885126377952756
20
0.9559744488188976
11
0.7917744881889763
21
0.9597388582677165
0
LINE
8
BLACK
6
CONTINUOUS
10
0.7917744881889763
20
0.9597388582677165
11
0.7959648031496063
21
0.9624317716535433
0
LINE
8
BLACK
6
CONTINUOUS
10
0.7959648031496063
20
0.9624317716535433
11
0.8007440551181102
21
0.9638351181102361
0
LINE
8
BLACK
6
CONTINUOUS
10
0.8007440551181102
20
0.9638351181102361
11
0.8057250787401574
21
0.9638351181102361
0
LINE
8
BLACK
6
CONTINUOUS
10
0.8057250787401574
20
0.9638351181102361
11
0.8105043307086613
21
0.9624317716535433
0
LINE
8
BLACK
6
CONTINUOUS
10
0.8105043307086613
20
0.9624317716535433
11
0.8146946456692913
21
0.9597388582677165
0
LINE
8
BLACK
6
CONTINUOUS
10
0.8146946456692913
20
0.9597388582677165
11
0.8179564960629921
21
0.9559744488188976
0
LINE
8
BLACK
6
CONTINUOUS
10
0.8179564960629921
20
0.9559744488188976
11
0.8200257086614173
21
0.9514435433070866
0
LINE
8
BLACK
6
CONTINUOUS
10
0.8200257086614173
20
0.9514435433070866
11
0.8207345669291338
21
0.9465132283464567
0
LINE
8
BLACK
6
CONTINUOUS
10
0.8207345669291338
20
0.9465132283464567
11
0.8200257086614173
21
0.9415829133858268
0
LINE
8
BLACK
6
CONTINUOUS
10
0.8200257086614173
20
0.9415829133858268
11
0.8179564960629921
21
0.9370520078740158
0
LINE
8
BLACK
6
CONTINUOUS
10
0.8179564960629921
20
0.9370520078740158
11
0.8146946456692913
21
0.9332875984251968
0
LINE
8
BLACK
6
CONTINUOUS
10
0.8146946456692913
20
0.9332875984251968
11
0.8105043307086613
21
0.93059468503937
0
LINE
8
BLACK
6
CONTINUOUS
10
0.8105043307086613
20
0.93059468503937
11
0.8057250787401574
21
0.9291913385826771
0
LINE
8
BLACK
6
CONTINUOUS
10
0.8057250787401574
20
0.9291913385826771
11
0.8007440551181102
21
0.9291913385826771
0
LINE
8
BLACK
6
CONTINUOUS
10
0.8007440551181102
20
0.9291913385826771
11
0.7959648031496063
21
0.93059468503937
0
LINE
8
BLACK
6
CONTINUOUS
10
0.7959648031496063
20
0.93059468503937
11
0.7917744881889763
21
0.9332875984251968
0
LINE
8
BLACK
6
CONTINUOUS
10
0.7917744881889763
20
0.9332875984251968
11
0.7885126377952756
21
0.9370520078740158
0
LINE
8
BLACK
6
CONTINUOUS
10
0.7885126377952756
20
0.9370520078740158
11
0.7868887795275591
21
0.9406077165354331
0
LINE
8
BLACK
6
CONTINUOUS
10
0.7868887795275591
20
0.9406077165354331
11
0.7784858661417323
21
0.9406077165354331
0
LINE
8
BLACK
6
CONTINUOUS
10
0.7784858661417323
20
0.9406077165354331
11
0.7777348818897638
21
0.940808937007874
0
LINE
8
BLACK
6
CONTINUOUS
10
0.7777348818897638
20
0.940808937007874
11
0.7769574015748031
21
0.940808937007874
0
LINE
8
BLACK
6
CONTINUOUS
10
0.7769574015748031
20
0.940808937007874
11
0.7762840551181103
21
0.9411976377952755
0
LINE
8
BLACK
6
CONTINUOUS
10
0.7762840551181103
20
0.9411976377952755
11
0.7755331102362204
21
0.9413988976377953
0
LINE
8
BLACK
6
CONTINUOUS
10
0.7755331102362204
20
0.9413988976377953
11
0.7749833070866141
21
0.9419486614173228
0
LINE
8
BLACK
6
CONTINUOUS
10
0.7749833070866141
20
0.9419486614173228
11
0.7743100393700787
21
0.9423374015748032
0
LINE
8
BLACK
6
CONTINUOUS
10
0.7743100393700787
20
0.9423374015748032
11
0.7678675984251968
21
0.9487798425196851
0
LINE
8
BLACK
6
CONTINUOUS
10
0.7678675984251968
20
0.9487798425196851
11
0.6611611023622047
21
0.9487798425196851
0
LINE
8
BLACK
6
CONTINUOUS
10
0.6611611023622047
20
0.9487798425196851
11
0.6604101181102362
21
0.9489810629921259
0
LINE
8
BLACK
6
CONTINUOUS
10
0.6604101181102362
20
0.9489810629921259
11
0.6596326377952756
21
0.9489810629921259
0
LINE
8
BLACK
6
CONTINUOUS
10
0.6596326377952756
20
0.9489810629921259
11
0.6589592913385827
21
0.9493697637795275
0
LINE
8
BLACK
6
CONTINUOUS
10
0.6589592913385827
20
0.9493697637795275
11
0.6582083464566929
21
0.9495710236220473
0
LINE
8
BLACK
6
CONTINUOUS
10
0.6582083464566929
20
0.9495710236220473
11
0.6576585433070866
21
0.9501207874015748
0
LINE
8
BLACK
6
CONTINUOUS
10
0.6576585433070866
20
0.9501207874015748
11
0.6569852755905512
21
0.950509527559055
0
LINE
8
BLACK
6
CONTINUOUS
10
0.6569852755905512
20
0.950509527559055
11
0.6513137007874016
21
0.9561811023622047
0
LINE
8
BLACK
6
CONTINUOUS
10
0.6513137007874016
20
0.9561811023622047
11
0.6409645669291338
21
0.9561811023622047
0
LINE
8
BLACK
6
CONTINUOUS
10
0.6409645669291338
20
0.9561811023622047
11
0.6409645669291338
21
0.9817716535433071
0
LINE
8
BLACK
6
CONTINUOUS
10
0.6409645669291338
20
0.9817716535433071
11
0.6527755905511811
21
0.9817716535433071
0
LINE
8
BLACK
6
CONTINUOUS
10
0.6527755905511811
20
0.9817716535433071
11
0.6527755905511811
21
0.9714225196850393
0
LINE
8
BLACK
6
CONTINUOUS
10
0.1825
20
1.1589194488188976
11
0.2290769291338583
21
1.1123425196850394
0
LINE
8
BLACK
6
CONTINUOUS
10
0.2290769291338583
20
1.1123425196850394
11
0.232
21
1.1123425196850394
0
LINE
8
BLACK
6
CONTINUOUS
10
0.232
20
1.1123425196850394
11
0.232
21
1.11825
0
LINE
8
BLACK
6
CONTINUOUS
10
0.232
20
1.11825
11
0.2714
21
1.11825
0
LINE
8
BLACK
6
CONTINUOUS
10
0.2714
20
1.11825
11
0.2714
21
1.1123425196850394
0
LINE
8
BLACK
6
CONTINUOUS
10
0.2714
20
1.1123425196850394
11
0.3396089763779527
21
1.1123425196850394
0
LINE
8
BLACK
6
CONTINUOUS
10
0.3396089763779527
20
1.1123425196850394
11
0.3433755511811024
21
1.1115933070866142
0
LINE
8
BLACK
6
CONTINUOUS
10
0.3433755511811024
20
1.1115933070866142
11
0.3465687007874015
21
1.1094597244094488
0
LINE
8
BLACK
6
CONTINUOUS
10
0.3465687007874015
20
1.1094597244094488
11
0.3560284251968504
21
1.0999999999999999
0
LINE
8
BLACK
6
CONTINUOUS
10
0.3560284251968504
20
1.0999999999999999
11
0.3975
21
1.0999999999999999
0
LINE
8
BLACK
6
CONTINUOUS
10
0.3975
20
1.0999999999999999
11
0.3975
21
1.0649999999999999
0
LINE
8
BLACK
6
CONTINUOUS
10
0.3975
20
1.0649999999999999
11
0.3425
21
1.0649999999999999
0
LINE
8
BLACK
6
CONTINUOUS
10
0.3425
20
1.0649999999999999
11
0.3425
21
1.085689527559055
0
LINE
8
BLACK
6
CONTINUOUS
10
0.3425
20
1.085689527559055
11
0.3355320472440945
21
1.0926574803149607
0
LINE
8
BLACK
6
CONTINUOUS
10
0.3355320472440945
20
1.0926574803149607
11
0.2714
21
1.0926574803149607
0
LINE
8
BLACK
6
CONTINUOUS
10
0.2714
20
1.0926574803149607
11
0.2714
21
1.0867499999999999
0
LINE
8
BLACK
6
CONTINUOUS
10
0.2714
20
1.0867499999999999
11
0.2698425196850394
21
1.0867499999999999
0
LINE
8
BLACK
6
CONTINUOUS
10
0.2698425196850394
20
1.0867499999999999
11
0.2698425196850394
21
1.0149999999999999
0
LINE
8
BLACK
6
CONTINUOUS
10
0.2698425196850394
20
1.0149999999999999
11
0.2875
21
1.0149999999999999
0
LINE
8
BLACK
6
CONTINUOUS
10
0.2875
20
1.0149999999999999
11
0.2875
21
0.98
0
LINE
8
BLACK
6
CONTINUOUS
10
0.2875
20
0.98
11
0.2325
21
0.98
0
LINE
8
BLACK
6
CONTINUOUS
10
0.2325
20
0.98
11
0.2325
21
1.0149999999999999
0
LINE
8
BLACK
6
CONTINUOUS
10
0.2325
20
1.0149999999999999
11
0.2501574803149606
21
1.0149999999999999
0
LINE
8
BLACK
6
CONTINUOUS
10
0.2501574803149606
20
1.0149999999999999
11
0.2501574803149606
21
1.0867499999999999
0
LINE
8
BLACK
6
CONTINUOUS
10
0.2501574803149606
20
1.0867499999999999
11
0.232
21
1.0867499999999999
0
LINE
8
BLACK
6
CONTINUOUS
10
0.232
20
1.0867499999999999
11
0.232
21
1.0926574803149607
0
LINE
8
BLACK
6
CONTINUOUS
10
0.232
20
1.0926574803149607
11
0.225
21
1.0926574803149607
0
LINE
8
BLACK
6
CONTINUOUS
10
0.225
20
1.0926574803149607
11
0.2212334251968504
21
1.0934066929133859
0
LINE
8
BLACK
6
CONTINUOUS
10
0.2212334251968504
20
1.0934066929133859
11
0.2180402755905512
21
1.0955402755905512
0
LINE
8
BLACK
6
CONTINUOUS
10
0.2180402755905512
20
1.0955402755905512
11
0.1685805511811024
21
1.145
0
LINE
8
BLACK
6
CONTINUOUS
10
0.1685805511811024
20
1.145
11
0.1225
21
1.145
0
LINE
8
BLACK
6
CONTINUOUS
10
0.1225
20
1.145
11
0.1225
21
1.2050000000000001
0
LINE
8
BLACK
6
CONTINUOUS
10
0.1225
20
1.2050000000000001
11
0.1825
21
1.2050000000000001
0
LINE
8
BLACK
6
CONTINUOUS
10
0.1825
20
1.2050000000000001
11
0.1825
21
1.1589194488188976
0
LINE
8
BLACK
6
CONTINUOUS
10
0.97
20
1.03
11
0.91
21
1.03
0
LINE
8
BLACK
6
CONTINUOUS
10
0.91
20
1.03
11
0.91
21
1.0900000000000001
0
LINE
8
BLACK
6
CONTINUOUS
10
0.91
20
1.0900000000000001
11
0.97
21
1.0900000000000001
0
LINE
8
BLACK
6
CONTINUOUS
10
0.97
20
1.0900000000000001
11
0.97
21
1.03
0
LINE
8
BLACK
6
CONTINUOUS
10
0.1825
20
1.0449999999999999
11
0.1225
21
1.0449999999999999
0
LINE
8
BLACK
6
CONTINUOUS
10
0.1225
20
1.0449999999999999
11
0.1225
21
1.105
0
LINE
8
BLACK
6
CONTINUOUS
10
0.1225
20
1.105
11
0.1825
21
1.105
0
LINE
8
BLACK
6
CONTINUOUS
10
0.1825
20
1.105
11
0.1825
21
1.0449999999999999
0
LINE
8
BLACK
6
CONTINUOUS
10
0.7022697637795275
20
1.1059185433070866
11
0.7064600787401575
21
1.1032256299212597
0
LINE
8
BLACK
6
CONTINUOUS
10
0.7064600787401575
20
1.1032256299212597
11
0.7097219291338582
21
1.099461220472441
0
LINE
8
BLACK
6
CONTINUOUS
10
0.7097219291338582
20
1.099461220472441
11
0.7117911417322834
21
1.09493031496063
0
LINE
8
BLACK
6
CONTINUOUS
10
0.7117911417322834
20
1.09493031496063
11
0.7125
21
1.0900000000000001
0
LINE
8
BLACK
6
CONTINUOUS
10
0.7125
20
1.0900000000000001
11
0.7117911417322834
21
1.08506968503937
0
LINE
8
BLACK
6
CONTINUOUS
10
0.7117911417322834
20
1.08506968503937
11
0.7097219291338582
21
1.0805387795275589
0
LINE
8
BLACK
6
CONTINUOUS
10
0.7097219291338582
20
1.0805387795275589
11
0.7064600787401575
21
1.0767743700787402
0
LINE
8
BLACK
6
CONTINUOUS
10
0.7064600787401575
20
1.0767743700787402
11
0.7022697637795275
21
1.0740814566929133
0
LINE
8
BLACK
6
CONTINUOUS
10
0.7022697637795275
20
1.0740814566929133
11
0.6974905118110236
21
1.0726781102362204
0
LINE
8
BLACK
6
CONTINUOUS
10
0.6974905118110236
20
1.0726781102362204
11
0.6925094881889764
21
1.0726781102362204
0
LINE
8
BLACK
6
CONTINUOUS
10
0.6925094881889764
20
1.0726781102362204
11
0.6877302362204725
21
1.0740814566929133
0
LINE
8
BLACK
6
CONTINUOUS
10
0.6877302362204725
20
1.0740814566929133
11
0.6835399212598425
21
1.0767743700787402
0
LINE
8
BLACK
6
CONTINUOUS
10
0.6835399212598425
20
1.0767743700787402
11
0.6802780708661417
21
1.0805387795275589
0
LINE
8
BLACK
6
CONTINUOUS
10
0.6802780708661417
20
1.0805387795275589
11
0.6786542125984252
21
1.0840944881889762
0
LINE
8
BLACK
6
CONTINUOUS
10
0.6786542125984252
20
1.0840944881889762
11
0.6527755905511811
21
1.0840944881889762
0
LINE
8
BLACK
6
CONTINUOUS
10
0.6527755905511811
20
1.0840944881889762
11
0.6527755905511811
21
1.0782283464566929
0
LINE
8
BLACK
6
CONTINUOUS
10
0.6527755905511811
20
1.0782283464566929
11
0.6409645669291338
21
1.0782283464566929
0
LINE
8
BLACK
6
CONTINUOUS
10
0.6409645669291338
20
1.0782283464566929
11
0.6409645669291338
21
1.1038188976377952
0
LINE
8
BLACK
6
CONTINUOUS
10
0.6409645669291338
20
1.1038188976377952
11
0.6527755905511811
21
1.1038188976377952
0
LINE
8
BLACK
6
CONTINUOUS
10
0.6527755905511811
20
1.1038188976377952
11
0.6527755905511811
21
1.0959055118110237
0
LINE
8
BLACK
6
CONTINUOUS
10
0.6527755905511811
20
1.0959055118110237
11
0.6786542125984252
21
1.0959055118110237
0
LINE
8
BLACK
6
CONTINUOUS
10
0.6786542125984252
20
1.0959055118110237
11
0.6802780708661417
21
1.099461220472441
0
LINE
8
BLACK
6
CONTINUOUS
10
0.6802780708661417
20
1.099461220472441
11
0.6835399212598425
21
1.1032256299212597
0
LINE
8
BLACK
6
CONTINUOUS
10
0.6835399212598425
20
1.1032256299212597
11
0.6877302362204725
21
1.1059185433070866
0
LINE
8
BLACK
6
CONTINUOUS
10
0.6877302362204725
20
1.1059185433070866
11
0.6925094881889764
21
1.1073218897637795
0
LINE
8
BLACK
6
CONTINUOUS
10
0.6925094881889764
20
1.1073218897637795
11
0.6974905118110236
21
1.1073218897637795
0
LINE
8
BLACK
6
CONTINUOUS
10
0.6974905118110236
20
1.1073218897637795
11
0.7022697637795275
21
1.1059185433070866
0
LINE
8
BLACK
6
CONTINUOUS
10
0.53
20
1.4175
11
0.5078740157480315
21
1.4175
0
LINE
8
BLACK
6
CONTINUOUS
10
0.5078740157480315
20
1.4175
11
0.5078740157480315
21
1.3774999999999999
0
LINE
8
BLACK
6
CONTINUOUS
10
0.5078740157480315
20
1.3774999999999999
11
0.53
21
1.3774999999999999
0
LINE
8
BLACK
6
CONTINUOUS
10
0.53
20
1.3774999999999999
11
0.53
21
1.3174999999999999
0
LINE
8
BLACK
6
CONTINUOUS
10
0.53
20
1.3174999999999999
11
0.4928740157480315
21
1.3174999999999999
0
LINE
8
BLACK
6
CONTINUOUS
10
0.4928740157480315
20
1.3174999999999999
11
0.4928740157480315
21
1.2475000000000001
0
LINE
8
BLACK
6
CONTINUOUS
10
0.4928740157480315
20
1.2475000000000001
11
0.5024999999999999
21
1.2475000000000001
0
LINE
8
BLACK
6
CONTINUOUS
10
0.5024999999999999
20
1.2475000000000001
11
0.5024999999999999
21
1.2008516535433071
0
LINE
8
BLACK
6
CONTINUOUS
10
0.5024999999999999
20
1.2008516535433071
11
0.5149461417322835
21
1.1884055118110235
0
LINE
8
BLACK
6
CONTINUOUS
10
0.5149461417322835
20
1.1884055118110235
11
0.5225
21
1.1884055118110235
0
LINE
8
BLACK
6
CONTINUOUS
10
0.5225
20
1.1884055118110235
11
0.5232509842519685
21
1.1882042913385826
0
LINE
8
BLACK
6
CONTINUOUS
10
0.5232509842519685
20
1.1882042913385826
11
0.5240284645669291
21
1.1882042913385826
0
LINE
8
BLACK
6
CONTINUOUS
10
0.5240284645669291
20
1.1882042913385826
11
0.5247017716535433
21
1.1878155511811024
0
LINE
8
BLACK
6
CONTINUOUS
10
0.5247017716535433
20
1.1878155511811024
11
0.5254527559055118
21
1.1876143307086613
0
LINE
8
BLACK
6
CONTINUOUS
10
0.5254527559055118
20
1.1876143307086613
11
0.5260025196850393
21
1.187064527559055
0
LINE
8
BLACK
6
CONTINUOUS
10
0.5260025196850393
20
1.187064527559055
11
0.5266758267716535
21
1.1866758267716535
0
LINE
8
BLACK
6
CONTINUOUS
10
0.5266758267716535
20
1.1866758267716535
11
0.572305748031496
21
1.141045905511811
0
LINE
8
BLACK
6
CONTINUOUS
10
0.572305748031496
20
1.141045905511811
11
0.5738342125984252
21
1.1383985433070867
0
LINE
8
BLACK
6
CONTINUOUS
10
0.5738342125984252
20
1.1383985433070867
11
0.5738342125984252
21
1.1353416141732284
0
LINE
8
BLACK
6
CONTINUOUS
10
0.5738342125984252
20
1.1353416141732284
11
0.5731299212598425
21
1.1341217322834645
0
LINE
8
BLACK
6
CONTINUOUS
10
0.5731299212598425
20
1.1341217322834645
11
0.5731299212598425
21
1.1038188976377952
0
LINE
8
BLACK
6
CONTINUOUS
10
0.5731299212598425
20
1.1038188976377952
11
0.5740354330708661
21
1.1038188976377952
0
LINE
8
BLACK
6
CONTINUOUS
10
0.5740354330708661
20
1.1038188976377952
11
0.5740354330708661
21
1.0782283464566929
0
LINE
8
BLACK
6
CONTINUOUS
10
0.5740354330708661
20
1.0782283464566929
11
0.5622244094488189
21
1.0782283464566929
0
LINE
8
BLACK
6
CONTINUOUS
10
0.5622244094488189
20
1.0782283464566929
11
0.5622244094488189
21
1.1038188976377952
0
LINE
8
BLACK
6
CONTINUOUS
10
0.5622244094488189
20
1.1038188976377952
11
0.5631299212598425
21
1.1038188976377952
0
LINE
8
BLACK
6
CONTINUOUS
10
0.5631299212598425
20
1.1038188976377952
11
0.5631299212598425
21
1.1335184251968504
0
LINE
8
BLACK
6
CONTINUOUS
10
0.5631299212598425
20
1.1335184251968504
11
0.5200538582677166
21
1.1765944881889763
0
LINE
8
BLACK
6
CONTINUOUS
10
0.5200538582677166
20
1.1765944881889763
11
0.5125
21
1.1765944881889763
0
LINE
8
BLACK
6
CONTINUOUS
10
0.5125
20
1.1765944881889763
11
0.5117490157480314
21
1.1767957086614174
0
LINE
8
BLACK
6
CONTINUOUS
10
0.5117490157480314
20
1.1767957086614174
11
0.5109715354330708
21
1.1767957086614174
0
LINE
8
BLACK
6
CONTINUOUS
10
0.5109715354330708
20
1.1767957086614174
11
0.5102981889763779
21
1.1771844094488189
0
LINE
8
BLACK
6
CONTINUOUS
10
0.5102981889763779
20
1.1771844094488189
11
0.5095472440944881
21
1.1773856692913385
0
LINE
8
BLACK
6
CONTINUOUS
10
0.5095472440944881
20
1.1773856692913385
11
0.5089974409448819
21
1.177935433070866
0
LINE
8
BLACK
6
CONTINUOUS
10
0.5089974409448819
20
1.177935433070866
11
0.5083241732283464
21
1.1783241732283465
0
LINE
8
BLACK
6
CONTINUOUS
10
0.5083241732283464
20
1.1783241732283465
11
0.4941483464566929
21
1.1924999999999999
0
LINE
8
BLACK
6
CONTINUOUS
10
0.4941483464566929
20
1.1924999999999999
11
0.4675
21
1.1924999999999999
0
LINE
8
BLACK
6
CONTINUOUS
10
0.4675
20
1.1924999999999999
11
0.4675
21
1.2475000000000001
0
LINE
8
BLACK
6
CONTINUOUS
10
0.4675
20
1.2475000000000001
11
0.4771259842519685
21
1.2475000000000001
0
LINE
8
BLACK
6
CONTINUOUS
10
0.4771259842519685
20
1.2475000000000001
11
0.4771259842519685
21
1.3174999999999999
0
LINE
8
BLACK
6
CONTINUOUS
10
0.4771259842519685
20
1.3174999999999999
11
0.47
21
1.3174999999999999
0
LINE
8
BLACK
6
CONTINUOUS
10
0.47
20
1.3174999999999999
11
0.47
21
1.3774999999999999
0
LINE
8
BLACK
6
CONTINUOUS
10
0.47
20
1.3774999999999999
11
0.4921259842519685
21
1.3774999999999999
0
LINE
8
BLACK
6
CONTINUOUS
10
0.4921259842519685
20
1.3774999999999999
11
0.4921259842519685
21
1.4175
0
LINE
8
BLACK
6
CONTINUOUS
10
0.4921259842519685
20
1.4175
11
0.47
21
1.4175
0
LINE
8
BLACK
6
CONTINUOUS
10
0.47
20
1.4175
11
0.47
21
1.4775
0
LINE
8
BLACK
6
CONTINUOUS
10
0.47
20
1.4775
11
0.53
21
1.4775
0
LINE
8
BLACK
6
CONTINUOUS
10
0.53
20
1.4775
11
0.53
21
1.4175
0
LINE
8
BLACK
6
CONTINUOUS
10
0.73
20
1.4175
11
0.7078740157480314
21
1.4175
0
LINE
8
BLACK
6
CONTINUOUS
10
0.7078740157480314
20
1.4175
11
0.7078740157480314
21
1.3774999999999999
0
LINE
8
BLACK
6
CONTINUOUS
10
0.7078740157480314
20
1.3774999999999999
11
0.73
21
1.3774999999999999
0
LINE
8
BLACK
6
CONTINUOUS
10
0.73
20
1.3774999999999999
11
0.73
21
1.3174999999999999
0
LINE
8
BLACK
6
CONTINUOUS
10
0.73
20
1.3174999999999999
11
0.7053740157480315
21
1.3174999999999999
0
LINE
8
BLACK
6
CONTINUOUS
10
0.7053740157480315
20
1.3174999999999999
11
0.7053740157480315
21
1.2475000000000001
0
LINE
8
BLACK
6
CONTINUOUS
10
0.7053740157480315
20
1.2475000000000001
11
0.715
21
1.2475000000000001
0
LINE
8
BLACK
6
CONTINUOUS
10
0.715
20
1.2475000000000001
11
0.715
21
1.1924999999999999
0
LINE
8
BLACK
6
CONTINUOUS
10
0.715
20
1.1924999999999999
11
0.6883516535433071
21
1.1924999999999999
0
LINE
8
BLACK
6
CONTINUOUS
10
0.6883516535433071
20
1.1924999999999999
11
0.6741758267716536
21
1.1783241732283465
0
LINE
8
BLACK
6
CONTINUOUS
10
0.6741758267716536
20
1.1783241732283465
11
0.6735025196850394
21
1.177935433070866
0
LINE
8
BLACK
6
CONTINUOUS
10
0.6735025196850394
20
1.177935433070866
11
0.6729527559055118
21
1.1773856692913385
0
LINE
8
BLACK
6
CONTINUOUS
10
0.6729527559055118
20
1.1773856692913385
11
0.6722017716535433
21
1.1771844094488189
0
LINE
8
BLACK
6
CONTINUOUS
10
0.6722017716535433
20
1.1771844094488189
11
0.6715284645669292
21
1.1767957086614174
0
LINE
8
BLACK
6
CONTINUOUS
10
0.6715284645669292
20
1.1767957086614174
11
0.6707509842519684
21
1.1767957086614174
0
LINE
8
BLACK
6
CONTINUOUS
10
0.6707509842519684
20
1.1767957086614174
11
0.67
21
1.1765944881889763
0
LINE
8
BLACK
6
CONTINUOUS
10
0.67
20
1.1765944881889763
11
0.6589422047244095
21
1.1765944881889763
0
LINE
8
BLACK
6
CONTINUOUS
10
0.6589422047244095
20
1.1765944881889763
11
0.5957958267716535
21
1.1134481102362204
0
LINE
8
BLACK
6
CONTINUOUS
10
0.5957958267716535
20
1.1134481102362204
11
0.5931484645669292
21
1.1119196456692912
0
LINE
8
BLACK
6
CONTINUOUS
10
0.5931484645669292
20
1.1119196456692912
11
0.5929868110236221
21
1.1119196456692912
0
LINE
8
BLACK
6
CONTINUOUS
10
0.5929868110236221
20
1.1119196456692912
11
0.5928149606299212
21
1.1117477952755905
0
LINE
8
BLACK
6
CONTINUOUS
10
0.5928149606299212
20
1.1117477952755905
11
0.5928149606299212
21
1.1038188976377952
0
LINE
8
BLACK
6
CONTINUOUS
10
0.5928149606299212
20
1.1038188976377952
11
0.5937204724409448
21
1.1038188976377952
0
LINE
8
BLACK
6
CONTINUOUS
10
0.5937204724409448
20
1.1038188976377952
11
0.5937204724409448
21
1.0782283464566929
0
LINE
8
BLACK
6
CONTINUOUS
10
0.5937204724409448
20
1.0782283464566929
11
0.5819094488188976
21
1.0782283464566929
0
LINE
8
BLACK
6
CONTINUOUS
10
0.5819094488188976
20
1.0782283464566929
11
0.5819094488188976
21
1.1038188976377952
0
LINE
8
BLACK
6
CONTINUOUS
10
0.5819094488188976
20
1.1038188976377952
11
0.5828149606299212
21
1.1038188976377952
0
LINE
8
BLACK
6
CONTINUOUS
10
0.5828149606299212
20
1.1038188976377952
11
0.5828149606299212
21
1.1138188976377952
0
LINE
8
BLACK
6
CONTINUOUS
10
0.5828149606299212
20
1.1138188976377952
11
0.5829420078740157
21
1.1147028346456693
0
LINE
8
BLACK
6
CONTINUOUS
10
0.5829420078740157
20
1.1147028346456693
11
0.5829292519685039
21
1.1148817322834645
0
LINE
8
BLACK
6
CONTINUOUS
10
0.5829292519685039
20
1.1148817322834645
11
0.5829814960629921
21
1.1149774409448818
0
LINE
8
BLACK
6
CONTINUOUS
10
0.5829814960629921
20
1.1149774409448818
11
0.5830174803149606
21
1.1152275590551182
0
LINE
8
BLACK
6
CONTINUOUS
10
0.5830174803149606
20
1.1152275590551182
11
0.5836863779527559
21
1.1162683858267717
0
LINE
8
BLACK
6
CONTINUOUS
10
0.5836863779527559
20
1.1162683858267717
11
0.5842794094488188
21
1.1173544488188976
0
LINE
8
BLACK
6
CONTINUOUS
10
0.5842794094488188
20
1.1173544488188976
11
0.5859157086614173
21
1.1189907086614173
0
LINE
8
BLACK
6
CONTINUOUS
10
0.5859157086614173
20
1.1189907086614173
11
0.5859157086614173
21
1.1191524015748031
0
LINE
8
BLACK
6
CONTINUOUS
10
0.5859157086614173
20
1.1191524015748031
11
0.5874441732283464
21
1.1217997637795276
0
LINE
8
BLACK
6
CONTINUOUS
10
0.5874441732283464
20
1.1217997637795276
11
0.6523202362204724
21
1.1866758267716535
0
LINE
8
BLACK
6
CONTINUOUS
10
0.6523202362204724
20
1.1866758267716535
11
0.6529935039370078
21
1.187064527559055
0
LINE
8
BLACK
6
CONTINUOUS
10
0.6529935039370078
20
1.187064527559055
11
0.6535433070866141
21
1.1876143307086613
0
LINE
8
BLACK
6
CONTINUOUS
10
0.6535433070866141
20
1.1876143307086613
11
0.6542942519685039
21
1.1878155511811024
0
LINE
8
BLACK
6
CONTINUOUS
10
0.6542942519685039
20
1.1878155511811024
11
0.6549675984251968
21
1.1882042913385826
0
LINE
8
BLACK
6
CONTINUOUS
10
0.6549675984251968
20
1.1882042913385826
11
0.6557450787401574
21
1.1882042913385826
0
LINE
8
BLACK
6
CONTINUOUS
10
0.6557450787401574
20
1.1882042913385826
11
0.6564960629921259
21
1.1884055118110235
0
LINE
8
BLACK
6
CONTINUOUS
10
0.6564960629921259
20
1.1884055118110235
11
0.6675538582677165
21
1.1884055118110235
0
LINE
8
BLACK
6
CONTINUOUS
10
0.6675538582677165
20
1.1884055118110235
11
0.6799999999999999
21
1.2008516535433071
0
LINE
8
BLACK
6
CONTINUOUS
10
0.6799999999999999
20
1.2008516535433071
11
0.6799999999999999
21
1.2475000000000001
0
LINE
8
BLACK
6
CONTINUOUS
10
0.6799999999999999
20
1.2475000000000001
11
0.6896259842519685
21
1.2475000000000001
0
LINE
8
BLACK
6
CONTINUOUS
10
0.6896259842519685
20
1.2475000000000001
11
0.6896259842519685
21
1.3174999999999999
0
LINE
8
BLACK
6
CONTINUOUS
10
0.6896259842519685
20
1.3174999999999999
11
0.67
21
1.3174999999999999
0
LINE
8
BLACK
6
CONTINUOUS
10
0.67
20
1.3174999999999999
11
0.67
21
1.3774999999999999
0
LINE
8
BLACK
6
CONTINUOUS
10
0.67
20
1.3774999999999999
11
0.6921259842519685
21
1.3774999999999999
0
LINE
8
BLACK
6
CONTINUOUS
10
0.6921259842519685
20
1.3774999999999999
11
0.6921259842519685
21
1.4175
0
LINE
8
BLACK
6
CONTINUOUS
10
0.6921259842519685
20
1.4175
11
0.67
21
1.4175
0
LINE
8
BLACK
6
CONTINUOUS
10
0.67
20
1.4175
11
0.67
21
1.4775
0
LINE
8
BLACK
6
CONTINUOUS
10
0.67
20
1.4775
11
0.73
21
1.4775
0
LINE
8
BLACK
6
CONTINUOUS
10
0.73
20
1.4775
11
0.73
21
1.4175
0
LINE
8
BLACK
6
CONTINUOUS
10
0.97
20
1.1299999999999999
11
0.9459055118110236
21
1.1299999999999999
0
LINE
8
BLACK
6
CONTINUOUS
10
0.9459055118110236
20
1.1299999999999999
11
0.9459055118110236
21
1.1181889763779527
0
LINE
8
BLACK
6
CONTINUOUS
10
0.9459055118110236
20
1.1181889763779527
11
0.9457042913385827
21
1.1174379921259843
0
LINE
8
BLACK
6
CONTINUOUS
10
0.9457042913385827
20
1.1174379921259843
11
0.9457042913385827
21
1.1166605118110235
0
LINE
8
BLACK
6
CONTINUOUS
10
0.9457042913385827
20
1.1166605118110235
11
0.9453155511811023
21
1.1159871653543307
0
LINE
8
BLACK
6
CONTINUOUS
10
0.9453155511811023
20
1.1159871653543307
11
0.9451143307086614
21
1.1152362204724409
0
LINE
8
BLACK
6
CONTINUOUS
10
0.9451143307086614
20
1.1152362204724409
11
0.9445645275590551
21
1.1146864173228346
0
LINE
8
BLACK
6
CONTINUOUS
10
0.9445645275590551
20
1.1146864173228346
11
0.9441758267716536
21
1.1140131496062993
0
LINE
8
BLACK
6
CONTINUOUS
10
0.9441758267716536
20
1.1140131496062993
11
0.9422072834645669
21
1.1120446062992126
0
LINE
8
BLACK
6
CONTINUOUS
10
0.9422072834645669
20
1.1120446062992126
11
0.9415339763779528
21
1.1116558661417322
0
LINE
8
BLACK
6
CONTINUOUS
10
0.9415339763779528
20
1.1116558661417322
11
0.9409842125984251
21
1.1111061023622046
0
LINE
8
BLACK
6
CONTINUOUS
10
0.9409842125984251
20
1.1111061023622046
11
0.9402332283464566
21
1.110904842519685
0
LINE
8
BLACK
6
CONTINUOUS
10
0.9402332283464566
20
1.110904842519685
11
0.9395599212598424
21
1.1105161417322835
0
LINE
8
BLACK
6
CONTINUOUS
10
0.9395599212598424
20
1.1105161417322835
11
0.9387824409448818
21
1.1105161417322835
0
LINE
8
BLACK
6
CONTINUOUS
10
0.9387824409448818
20
1.1105161417322835
11
0.9380314566929133
21
1.1103149212598424
0
LINE
8
BLACK
6
CONTINUOUS
10
0.9380314566929133
20
1.1103149212598424
11
0.7887795669291339
21
1.1103149212598424
0
LINE
8
BLACK
6
CONTINUOUS
10
0.7887795669291339
20
1.1103149212598424
11
0.7880285826771654
21
1.1105161417322835
0
LINE
8
BLACK
6
CONTINUOUS
10
0.7880285826771654
20
1.1105161417322835
11
0.7872511023622047
21
1.1105161417322835
0
LINE
8
BLACK
6
CONTINUOUS
10
0.7872511023622047
20
1.1105161417322835
11
0.7865777559055118
21
1.110904842519685
0
LINE
8
BLACK
6
CONTINUOUS
10
0.7865777559055118
20
1.110904842519685
11
0.7858268110236221
21
1.1111061023622046
0
LINE
8
BLACK
6
CONTINUOUS
10
0.7858268110236221
20
1.1111061023622046
11
0.7852770078740158
21
1.1116558661417322
0
LINE
8
BLACK
6
CONTINUOUS
10
0.7852770078740158
20
1.1116558661417322
11
0.7846037401574802
21
1.1120446062992126
0
LINE
8
BLACK
6
CONTINUOUS
10
0.7846037401574802
20
1.1120446062992126
11
0.7575538582677165
21
1.1390944881889764
0
LINE
8
BLACK
6
CONTINUOUS
10
0.7575538582677165
20
1.1390944881889764
11
0.6492815748031496
21
1.1390944881889764
0
LINE
8
BLACK
6
CONTINUOUS
10
0.6492815748031496
20
1.1390944881889764
11
0.6330905511811024
21
1.1229034645669291
0
LINE
8
BLACK
6
CONTINUOUS
10
0.6330905511811024
20
1.1229034645669291
11
0.6330905511811024
21
1.1171850393700786
0
LINE
8
BLACK
6
CONTINUOUS
10
0.6330905511811024
20
1.1171850393700786
11
0.6322993700787402
21
1.1142322834645668
0
LINE
8
BLACK
6
CONTINUOUS
10
0.6322993700787402
20
1.1142322834645668
11
0.6321850393700787
21
1.1141179527559055
0
LINE
8
BLACK
6
CONTINUOUS
10
0.6321850393700787
20
1.1141179527559055
11
0.6321850393700787
21
1.1038188976377952
0
LINE
8
BLACK
6
CONTINUOUS
10
0.6321850393700787
20
1.1038188976377952
11
0.6330905511811024
21
1.1038188976377952
0
LINE
8
BLACK
6
CONTINUOUS
10
0.6330905511811024
20
1.1038188976377952
11
0.6330905511811024
21
1.0782283464566929
0
LINE
8
BLACK
6
CONTINUOUS
10
0.6330905511811024
20
1.0782283464566929
11
0.6212795275590551
21
1.0782283464566929
0
LINE
8
BLACK
6
CONTINUOUS
10
0.6212795275590551
20
1.0782283464566929
11
0.6212795275590551
21
1.1038188976377952
0
LINE
8
BLACK
6
CONTINUOUS
10
0.6212795275590551
20
1.1038188976377952
11
0.6221850393700787
21
1.1038188976377952
0
LINE
8
BLACK
6
CONTINUOUS
10
0.6221850393700787
20
1.1038188976377952
11
0.6221850393700787
21
1.1141179527559055
0
LINE
8
BLACK
6
CONTINUOUS
10
0.6221850393700787
20
1.1141179527559055
11
0.6220707086614173
21
1.1142322834645668
0
LINE
8
BLACK
6
CONTINUOUS
10
0.6220707086614173
20
1.1142322834645668
11
0.6212795275590551
21
1.1171850393700786
0
LINE
8
BLACK
6
CONTINUOUS
10
0.6212795275590551
20
1.1171850393700786
11
0.6212795275590551
21
1.1253496062992125
0
LINE
8
BLACK
6
CONTINUOUS
10
0.6212795275590551
20
1.1253496062992125
11
0.621480748031496
21
1.1261005511811024
0
LINE
8
BLACK
6
CONTINUOUS
10
0.621480748031496
20
1.1261005511811024
11
0.621480748031496
21
1.1268780708661417
0
LINE
8
BLACK
6
CONTINUOUS
10
0.621480748031496
20
1.1268780708661417
11
0.6218694488188976
21
1.127551377952756
0
LINE
8
BLACK
6
CONTINUOUS
10
0.6218694488188976
20
1.127551377952756
11
0.6220707086614173
21
1.1283023622047244
0
LINE
8
BLACK
6
CONTINUOUS
10
0.6220707086614173
20
1.1283023622047244
11
0.6226204724409449
21
1.1288521259842519
0
LINE
8
BLACK
6
CONTINUOUS
10
0.6226204724409449
20
1.1288521259842519
11
0.6230092125984252
21
1.1295254330708662
0
LINE
8
BLACK
6
CONTINUOUS
10
0.6230092125984252
20
1.1295254330708662
11
0.6426596062992126
21
1.1491758267716534
0
LINE
8
BLACK
6
CONTINUOUS
10
0.6426596062992126
20
1.1491758267716534
11
0.643332874015748
21
1.1495645275590551
0
LINE
8
BLACK
6
CONTINUOUS
10
0.643332874015748
20
1.1495645275590551
11
0.6438826771653543
21
1.1501143307086614
0
LINE
8
BLACK
6
CONTINUOUS
10
0.6438826771653543
20
1.1501143307086614
11
0.6446336220472441
21
1.1503155511811023
0
LINE
8
BLACK
6
CONTINUOUS
10
0.6446336220472441
20
1.1503155511811023
11
0.645306968503937
21
1.1507042913385825
0
LINE
8
BLACK
6
CONTINUOUS
10
0.645306968503937
20
1.1507042913385825
11
0.6460844488188976
21
1.1507042913385825
0
LINE
8
BLACK
6
CONTINUOUS
10
0.6460844488188976
20
1.1507042913385825
11
0.6468354330708661
21
1.1509055118110236
0
LINE
8
BLACK
6
CONTINUOUS
10
0.6468354330708661
20
1.1509055118110236
11
0.76
21
1.1509055118110236
0
LINE
8
BLACK
6
CONTINUOUS
10
0.76
20
1.1509055118110236
11
0.7607509842519685
21
1.1507042913385825
0
LINE
8
BLACK
6
CONTINUOUS
10
0.7607509842519685
20
1.1507042913385825
11
0.7615284645669291
21
1.1507042913385825
0
LINE
8
BLACK
6
CONTINUOUS
10
0.7615284645669291
20
1.1507042913385825
11
0.7622017716535433
21
1.1503155511811023
0
LINE
8
BLACK
6
CONTINUOUS
10
0.7622017716535433
20
1.1503155511811023
11
0.7629527559055118
21
1.1501143307086614
0
LINE
8
BLACK
6
CONTINUOUS
10
0.7629527559055118
20
1.1501143307086614
11
0.7635025196850393
21
1.1495645275590551
0
LINE
8
BLACK
6
CONTINUOUS
10
0.7635025196850393
20
1.1495645275590551
11
0.7641758267716535
21
1.1491758267716534
0
LINE
8
BLACK
6
CONTINUOUS
10
0.7641758267716535
20
1.1491758267716534
11
0.7912257086614173
21
1.1221259448818897
0
LINE
8
BLACK
6
CONTINUOUS
10
0.7912257086614173
20
1.1221259448818897
11
0.9340944881889763
21
1.1221259448818897
0
LINE
8
BLACK
6
CONTINUOUS
10
0.9340944881889763
20
1.1221259448818897
11
0.9340944881889763
21
1.1299999999999999
0
LINE
8
BLACK
6
CONTINUOUS
10
0.9340944881889763
20
1.1299999999999999
11
0.91
21
1.1299999999999999
0
LINE
8
BLACK
6
CONTINUOUS
10
0.91
20
1.1299999999999999
11
0.91
21
1.1899999999999999
0
LINE
8
BLACK
6
CONTINUOUS
10
0.91
20
1.1899999999999999
11
0.97
21
1.1899999999999999
0
LINE
8
BLACK
6
CONTINUOUS
10
0.97
20
1.1899999999999999
11
0.97
21
1.1299999999999999
0
LINE
8
BLACK
6
CONTINUOUS
10
0.63
20
1.4175
11
0.6078740157480315
21
1.4175
0
LINE
8
BLACK
6
CONTINUOUS
10
0.6078740157480315
20
1.4175
11
0.6078740157480315
21
1.3774999999999999
0
LINE
8
BLACK
6
CONTINUOUS
10
0.6078740157480315
20
1.3774999999999999
11
0.63
21
1.3774999999999999
0
LINE
8
BLACK
6
CONTINUOUS
10
0.63
20
1.3774999999999999
11
0.63
21
1.3269985039370078
0
LINE
8
BLACK
6
CONTINUOUS
10
0.63
20
1.3269985039370078
11
0.6300800393700787
21
1.3262879133858267
0
LINE
8
BLACK
6
CONTINUOUS
10
0.6300800393700787
20
1.3262879133858267
11
0.6303740157480315
21
1.325
0
LINE
8
BLACK
6
CONTINUOUS
10
0.6303740157480315
20
1.325
11
0.6303740157480315
21
1.2475000000000001
0
LINE
8
BLACK
6
CONTINUOUS
10
0.6303740157480315
20
1.2475000000000001
11
0.64
21
1.2475000000000001
0
LINE
8
BLACK
6
CONTINUOUS
10
0.64
20
1.2475000000000001
11
0.64
21
1.1924999999999999
0
LINE
8
BLACK
6
CONTINUOUS
10
0.64
20
1.1924999999999999
11
0.605
21
1.1924999999999999
0
LINE
8
BLACK
6
CONTINUOUS
10
0.605
20
1.1924999999999999
11
0.605
21
1.2121259842519685
0
LINE
8
BLACK
6
CONTINUOUS
10
0.605
20
1.2121259842519685
11
0.5775
21
1.2121259842519685
0
LINE
8
BLACK
6
CONTINUOUS
10
0.5775
20
1.2121259842519685
11
0.5775
21
1.1924999999999999
0
LINE
8
BLACK
6
CONTINUOUS
10
0.5775
20
1.1924999999999999
11
0.5425
21
1.1924999999999999
0
LINE
8
BLACK
6
CONTINUOUS
10
0.5425
20
1.1924999999999999
11
0.5425
21
1.2475000000000001
0
LINE
8
BLACK
6
CONTINUOUS
10
0.5425
20
1.2475000000000001
11
0.5775
21
1.2475000000000001
0
LINE
8
BLACK
6
CONTINUOUS
10
0.5775
20
1.2475000000000001
11
0.5775
21
1.2278740157480315
0
LINE
8
BLACK
6
CONTINUOUS
10
0.5775
20
1.2278740157480315
11
0.605
21
1.2278740157480315
0
LINE
8
BLACK
6
CONTINUOUS
10
0.605
20
1.2278740157480315
11
0.605
21
1.2475000000000001
0
LINE
8
BLACK
6
CONTINUOUS
10
0.605
20
1.2475000000000001
11
0.6146259842519685
21
1.2475000000000001
0
LINE
8
BLACK
6
CONTINUOUS
10
0.6146259842519685
20
1.2475000000000001
11
0.6146259842519685
21
1.3174999999999999
0
LINE
8
BLACK
6
CONTINUOUS
10
0.6146259842519685
20
1.3174999999999999
11
0.57
21
1.3174999999999999
0
LINE
8
BLACK
6
CONTINUOUS
10
0.57
20
1.3174999999999999
11
0.57
21
1.3774999999999999
0
LINE
8
BLACK
6
CONTINUOUS
10
0.57
20
1.3774999999999999
11
0.5921259842519685
21
1.3774999999999999
0
LINE
8
BLACK
6
CONTINUOUS
10
0.5921259842519685
20
1.3774999999999999
11
0.5921259842519685
21
1.4175
0
LINE
8
BLACK
6
CONTINUOUS
10
0.5921259842519685
20
1.4175
11
0.57
21
1.4175
0
LINE
8
BLACK
6
CONTINUOUS
10
0.57
20
1.4175
11
0.57
21
1.4775
0
LINE
8
BLACK
6
CONTINUOUS
10
0.57
20
1.4775
11
0.63
21
1.4775
0
LINE
8
BLACK
6
CONTINUOUS
10
0.63
20
1.4775
11
0.63
21
1.4175
0
LINE
8
BLACK
6
CONTINUOUS
10
1.1206239763779526
20
0.3817863385826771
11
1.1223083070866142
21
0.3792352755905511
0
LINE
8
BLACK
6
CONTINUOUS
10
1.1223083070866142
20
0.3792352755905511
11
1.1224914566929134
21
0.3761838582677166
0
LINE
8
BLACK
6
CONTINUOUS
10
1.1224914566929134
20
0.3761838582677166
11
1.1211243700787401
21
0.3734496456692913
0
LINE
8
BLACK
6
CONTINUOUS
10
1.1211243700787401
20
0.3734496456692913
11
1.1185733070866142
21
0.3717653543307087
0
LINE
8
BLACK
6
CONTINUOUS
10
1.1185733070866142
20
0.3717653543307087
11
1.105738464566929
21
0.3674870472440945
0
LINE
8
BLACK
6
CONTINUOUS
10
1.105738464566929
20
0.3674870472440945
11
1.105738464566929
21
0.3478784251968504
0
LINE
8
BLACK
6
CONTINUOUS
10
1.105738464566929
20
0.3478784251968504
11
1.1185733070866142
21
0.343600157480315
0
LINE
8
BLACK
6
CONTINUOUS
10
1.1185733070866142
20
0.343600157480315
11
1.1211243700787401
21
0.3419158661417322
0
LINE
8
BLACK
6
CONTINUOUS
10
1.1211243700787401
20
0.3419158661417322
11
1.1224914566929134
21
0.3391816535433071
0
LINE
8
BLACK
6
CONTINUOUS
10
1.1224914566929134
20
0.3391816535433071
11
1.1223083070866142
21
0.3361302362204724
0
LINE
8
BLACK
6
CONTINUOUS
10
1.1223083070866142
20
0.3361302362204724
11
1.1206239763779526
21
0.3335791732283465
0
LINE
8
BLACK
6
CONTINUOUS
10
1.1206239763779526
20
0.3335791732283465
11
1.1178897637795275
21
0.3322120866141732
0
LINE
8
BLACK
6
CONTINUOUS
10
1.1178897637795275
20
0.3322120866141732
11
1.1148383464566929
21
0.3323952362204725
0
LINE
8
BLACK
6
CONTINUOUS
10
1.1148383464566929
20
0.3323952362204725
11
1.0557832283464568
21
0.3520803149606299
0
LINE
8
BLACK
6
CONTINUOUS
10
1.0557832283464568
20
0.3520803149606299
11
1.0547935039370078
21
0.3527337401574803
0
LINE
8
BLACK
6
CONTINUOUS
10
1.0547935039370078
20
0.3527337401574803
11
1.0537325590551181
21
0.3532642519685039
0
LINE
8
BLACK
6
CONTINUOUS
10
1.0537325590551181
20
0.3532642519685039
11
1.0535335433070865
21
0.3535655905511811
0
LINE
8
BLACK
6
CONTINUOUS
10
1.0535335433070865
20
0.3535655905511811
11
1.0532322047244094
21
0.3537646062992126
0
LINE
8
BLACK
6
CONTINUOUS
10
1.0532322047244094
20
0.3537646062992126
11
1.0527016929133859
21
0.3548255511811024
0
LINE
8
BLACK
6
CONTINUOUS
10
1.0527016929133859
20
0.3548255511811024
11
1.0520482677165355
21
0.3558152755905511
0
LINE
8
BLACK
6
CONTINUOUS
10
1.0520482677165355
20
0.3558152755905511
11
1.0520266141732284
21
0.3561757086614173
0
LINE
8
BLACK
6
CONTINUOUS
10
1.0520266141732284
20
0.3561757086614173
11
1.0518650787401576
21
0.3564988188976378
0
LINE
8
BLACK
6
CONTINUOUS
10
1.0518650787401576
20
0.3564988188976378
11
1.0519361417322834
21
0.3576827559055118
0
LINE
8
BLACK
6
CONTINUOUS
10
1.0519361417322834
20
0.3576827559055118
11
1.0518650787401576
21
0.3588666929133858
0
LINE
8
BLACK
6
CONTINUOUS
10
1.0518650787401576
20
0.3588666929133858
11
1.0520266141732284
21
0.3591897637795275
0
LINE
8
BLACK
6
CONTINUOUS
10
1.0520266141732284
20
0.3591897637795275
11
1.0520482677165355
21
0.3595502362204724
0
LINE
8
BLACK
6
CONTINUOUS
10
1.0520482677165355
20
0.3595502362204724
11
1.0527016929133859
21
0.3605399212598425
0
LINE
8
BLACK
6
CONTINUOUS
10
1.0527016929133859
20
0.3605399212598425
11
1.0532322047244094
21
0.361600905511811
0
LINE
8
BLACK
6
CONTINUOUS
10
1.0532322047244094
20
0.361600905511811
11
1.0535335433070865
21
0.3617998818897638
0
LINE
8
BLACK
6
CONTINUOUS
10
1.0535335433070865
20
0.3617998818897638
11
1.0537325590551181
21
0.3621012598425197
0
LINE
8
BLACK
6
CONTINUOUS
10
1.0537325590551181
20
0.3621012598425197
11
1.0547935039370078
21
0.3626317322834646
0
LINE
8
BLACK
6
CONTINUOUS
10
1.0547935039370078
20
0.3626317322834646
11
1.0557832283464568
21
0.3632851968503937
0
LINE
8
BLACK
6
CONTINUOUS
10
1.0557832283464568
20
0.3632851968503937
11
1.1148383464566929
21
0.3829702755905512
0
LINE
8
BLACK
6
CONTINUOUS
10
1.1148383464566929
20
0.3829702755905512
11
1.1178897637795275
21
0.3831534251968504
0
LINE
8
BLACK
6
CONTINUOUS
10
1.1178897637795275
20
0.3831534251968504
11
1.1206239763779526
21
0.3817863385826771
0
LINE
8
BLACK
6
CONTINUOUS
10
1.0763255118110235
20
0.3576827559055118
11
1.0939274409448818
21
0.3518154330708662
0
LINE
8
BLACK
6
CONTINUOUS
10
1.0939274409448818
20
0.3518154330708662
11
1.0939274409448818
21
0.3635500393700787
0
LINE
8
BLACK
6
CONTINUOUS
10
1.0939274409448818
20
0.3635500393700787
11
1.0763255118110235
21
0.3576827559055118
0
LINE
8
BLACK
6
CONTINUOUS
10
1.1196585826771652
20
0.4331007874015748
11
1.1218201574803148
21
0.4309392125984252
0
LINE
8
BLACK
6
CONTINUOUS
10
1.1218201574803148
20
0.4309392125984252
11
1.122611338582677
21
0.4279864566929134
0
LINE
8
BLACK
6
CONTINUOUS
10
1.122611338582677
20
0.4279864566929134
11
1.122611338582677
21
0.3942406692913386
0
LINE
8
BLACK
6
CONTINUOUS
10
1.122611338582677
20
0.3942406692913386
11
1.1218201574803148
21
0.3912879133858267
0
LINE
8
BLACK
6
CONTINUOUS
10
1.1218201574803148
20
0.3912879133858267
11
1.1196585826771652
21
0.3891263385826771
0
LINE
8
BLACK
6
CONTINUOUS
10
1.1196585826771652
20
0.3891263385826771
11
1.1167058267716534
21
0.3883351574803149
0
LINE
8
BLACK
6
CONTINUOUS
10
1.1167058267716534
20
0.3883351574803149
11
1.1137530708661416
21
0.3891263385826771
0
LINE
8
BLACK
6
CONTINUOUS
10
1.1137530708661416
20
0.3891263385826771
11
1.111591496062992
21
0.3912879133858267
0
LINE
8
BLACK
6
CONTINUOUS
10
1.111591496062992
20
0.3912879133858267
11
1.1108003149606298
21
0.3942406692913386
0
LINE
8
BLACK
6
CONTINUOUS
10
1.1108003149606298
20
0.3942406692913386
11
1.1108003149606298
21
0.4052080708661417
0
LINE
8
BLACK
6
CONTINUOUS
10
1.1108003149606298
20
0.4052080708661417
11
1.0576507086614173
21
0.4052080708661417
0
LINE
8
BLACK
6
CONTINUOUS
10
1.0576507086614173
20
0.4052080708661417
11
1.0563516141732283
21
0.4055561417322834
0
LINE
8
BLACK
6
CONTINUOUS
10
1.0563516141732283
20
0.4055561417322834
11
1.0550332283464567
21
0.405819842519685
0
LINE
8
BLACK
6
CONTINUOUS
10
1.0550332283464567
20
0.405819842519685
11
1.0548865748031495
21
0.4059487007874016
0
LINE
8
BLACK
6
CONTINUOUS
10
1.0548865748031495
20
0.4059487007874016
11
1.0546979527559055
21
0.4059992519685039
0
LINE
8
BLACK
6
CONTINUOUS
10
1.0546979527559055
20
0.4059992519685039
11
1.0537470078740157
21
0.4069501574803149
0
LINE
8
BLACK
6
CONTINUOUS
10
1.0537470078740157
20
0.4069501574803149
11
1.0527370078740157
21
0.4078377952755906
0
LINE
8
BLACK
6
CONTINUOUS
10
1.0527370078740157
20
0.4078377952755906
11
1.052674409448819
21
0.4080227559055118
0
LINE
8
BLACK
6
CONTINUOUS
10
1.052674409448819
20
0.4080227559055118
11
1.0525363779527559
21
0.4081608267716536
0
LINE
8
BLACK
6
CONTINUOUS
10
1.0525363779527559
20
0.4081608267716536
11
1.0521883464566928
21
0.4094596456692913
0
LINE
8
BLACK
6
CONTINUOUS
10
1.0521883464566928
20
0.4094596456692913
11
1.0517574409448818
21
0.4107335039370079
0
LINE
8
BLACK
6
CONTINUOUS
10
1.0517574409448818
20
0.4107335039370079
11
1.0517957086614174
21
0.4109249606299212
0
LINE
8
BLACK
6
CONTINUOUS
10
1.0517957086614174
20
0.4109249606299212
11
1.0517451968503937
21
0.4111135826771654
0
LINE
8
BLACK
6
CONTINUOUS
10
1.0517451968503937
20
0.4111135826771654
11
1.0520932677165353
21
0.4124126377952756
0
LINE
8
BLACK
6
CONTINUOUS
10
1.0520932677165353
20
0.4124126377952756
11
1.0523569685039369
21
0.413731062992126
0
LINE
8
BLACK
6
CONTINUOUS
10
1.0523569685039369
20
0.413731062992126
11
1.0524858267716535
21
0.4138776771653543
0
LINE
8
BLACK
6
CONTINUOUS
10
1.0524858267716535
20
0.4138776771653543
11
1.0525363779527559
21
0.4140663385826772
0
LINE
8
BLACK
6
CONTINUOUS
10
1.0525363779527559
20
0.4140663385826772
11
1.053487283464567
21
0.4150172440944882
0
LINE
8
BLACK
6
CONTINUOUS
10
1.053487283464567
20
0.4150172440944882
11
1.0543749212598426
21
0.4160272834645669
0
LINE
8
BLACK
6
CONTINUOUS
10
1.0543749212598426
20
0.4160272834645669
11
1.0623248818897637
21
0.4213272440944882
0
LINE
8
BLACK
6
CONTINUOUS
10
1.0623248818897637
20
0.4213272440944882
11
1.0668579921259842
21
0.4258603543307087
0
LINE
8
BLACK
6
CONTINUOUS
10
1.0668579921259842
20
0.4258603543307087
11
1.0692415748031496
21
0.4306274803149606
0
LINE
8
BLACK
6
CONTINUOUS
10
1.0692415748031496
20
0.4306274803149606
11
1.0712697637795274
21
0.4329146850393701
0
LINE
8
BLACK
6
CONTINUOUS
10
1.0712697637795274
20
0.4329146850393701
11
1.0741698031496063
21
0.4338813779527559
0
LINE
8
BLACK
6
CONTINUOUS
10
1.0741698031496063
20
0.4338813779527559
11
1.0771646456692914
21
0.4332685039370079
0
LINE
8
BLACK
6
CONTINUOUS
10
1.0771646456692914
20
0.4332685039370079
11
1.0794518503937007
21
0.4312403149606299
0
LINE
8
BLACK
6
CONTINUOUS
10
1.0794518503937007
20
0.4312403149606299
11
1.0804185433070865
21
0.4283402755905512
0
LINE
8
BLACK
6
CONTINUOUS
10
1.0804185433070865
20
0.4283402755905512
11
1.0798056692913385
21
0.4253453937007874
0
LINE
8
BLACK
6
CONTINUOUS
10
1.0798056692913385
20
0.4253453937007874
11
1.0769935039370078
21
0.4197211417322835
0
LINE
8
BLACK
6
CONTINUOUS
10
1.0769935039370078
20
0.4197211417322835
11
1.0763626771653543
21
0.4190097637795275
0
LINE
8
BLACK
6
CONTINUOUS
10
1.0763626771653543
20
0.4190097637795275
11
1.075887283464567
21
0.4181863385826772
0
LINE
8
BLACK
6
CONTINUOUS
10
1.075887283464567
20
0.4181863385826772
11
1.0747200393700787
21
0.417019094488189
0
LINE
8
BLACK
6
CONTINUOUS
10
1.0747200393700787
20
0.417019094488189
11
1.1108003149606298
21
0.417019094488189
0
LINE
8
BLACK
6
CONTINUOUS
10
1.1108003149606298
20
0.417019094488189
11
1.1108003149606298
21
0.4279864566929134
0
LINE
8
BLACK
6
CONTINUOUS
10
1.1108003149606298
20
0.4279864566929134
11
1.111591496062992
21
0.4309392125984252
0
LINE
8
BLACK
6
CONTINUOUS
10
1.111591496062992
20
0.4309392125984252
11
1.1137530708661416
21
0.4331007874015748
0
LINE
8
BLACK
6
CONTINUOUS
10
1.1137530708661416
20
0.4331007874015748
11
1.1167058267716534
21
0.433891968503937
0
LINE
8
BLACK
6
CONTINUOUS
10
1.1167058267716534
20
0.433891968503937
11
1.1196585826771652
21
0.4331007874015748
0
LINE
8
BLACK
6
CONTINUOUS
10
1.0280045669291338
20
0.4491682283464567
11
1.0293233070866141
21
0.4489045275590551
0
LINE
8
BLACK
6
CONTINUOUS
10
1.0293233070866141
20
0.4489045275590551
11
1.0294699999999999
21
0.4487755905511811
0
LINE
8
BLACK
6
CONTINUOUS
10
1.0294699999999999
20
0.4487755905511811
11
1.0296585826771654
21
0.4487250787401575
0
LINE
8
BLACK
6
CONTINUOUS
10
1.0296585826771654
20
0.4487250787401575
11
1.0306093307086615
21
0.4477742913385827
0
LINE
8
BLACK
6
CONTINUOUS
10
1.0306093307086615
20
0.4477742913385827
11
1.0316195275590552
21
0.4468865354330708
0
LINE
8
BLACK
6
CONTINUOUS
10
1.0316195275590552
20
0.4468865354330708
11
1.0316820866141732
21
0.4467015354330708
0
LINE
8
BLACK
6
CONTINUOUS
10
1.0316820866141732
20
0.4467015354330708
11
1.031820157480315
21
0.4465635039370079
0
LINE
8
BLACK
6
CONTINUOUS
10
1.031820157480315
20
0.4465635039370079
11
1.0321681496062991
21
0.4452646456692913
0
LINE
8
BLACK
6
CONTINUOUS
10
1.0321681496062991
20
0.4452646456692913
11
1.0325990944881889
21
0.4439908267716535
0
LINE
8
BLACK
6
CONTINUOUS
10
1.0325990944881889
20
0.4439908267716535
11
1.0325607874015748
21
0.4437993307086614
0
LINE
8
BLACK
6
CONTINUOUS
10
1.0325607874015748
20
0.4437993307086614
11
1.0326113385826772
21
0.443610748031496
0
LINE
8
BLACK
6
CONTINUOUS
10
1.0326113385826772
20
0.443610748031496
11
1.0326113385826772
21
0.4042406692913386
0
LINE
8
BLACK
6
CONTINUOUS
10
1.0326113385826772
20
0.4042406692913386
11
1.031820157480315
21
0.4012879133858268
0
LINE
8
BLACK
6
CONTINUOUS
10
1.031820157480315
20
0.4012879133858268
11
1.0296585826771654
21
0.3991263385826772
0
LINE
8
BLACK
6
CONTINUOUS
10
1.0296585826771654
20
0.3991263385826772
11
1.0267058267716536
21
0.3983351574803149
0
LINE
8
BLACK
6
CONTINUOUS
10
1.0267058267716536
20
0.3983351574803149
11
1.0237530708661418
21
0.3991263385826772
0
LINE
8
BLACK
6
CONTINUOUS
10
1.0237530708661418
20
0.3991263385826772
11
1.0215914960629922
21
0.4012879133858268
0
LINE
8
BLACK
6
CONTINUOUS
10
1.0215914960629922
20
0.4012879133858268
11
1.02080031496063
21
0.4042406692913386
0
LINE
8
BLACK
6
CONTINUOUS
10
1.02080031496063
20
0.4042406692913386
11
1.02080031496063
21
0.4325761811023622
0
LINE
8
BLACK
6
CONTINUOUS
10
1.02080031496063
20
0.4325761811023622
11
0.9709264960629921
21
0.399326968503937
0
LINE
8
BLACK
6
CONTINUOUS
10
0.9709264960629921
20
0.399326968503937
11
0.9707414960629921
21
0.3992643700787402
0
LINE
8
BLACK
6
CONTINUOUS
10
0.9707414960629921
20
0.3992643700787402
11
0.9706034645669291
21
0.3991263385826772
0
LINE
8
BLACK
6
CONTINUOUS
10
0.9706034645669291
20
0.3991263385826772
11
0.9693046062992126
21
0.3987783070866142
0
LINE
8
BLACK
6
CONTINUOUS
10
0.9693046062992126
20
0.3987783070866142
11
0.9680307874015748
21
0.3983474015748031
0
LINE
8
BLACK
6
CONTINUOUS
10
0.9680307874015748
20
0.3983474015748031
11
0.9678392913385827
21
0.3983856692913386
0
LINE
8
BLACK
6
CONTINUOUS
10
0.9678392913385827
20
0.3983856692913386
11
0.9676507086614173
21
0.3983351574803149
0
LINE
8
BLACK
6
CONTINUOUS
10
0.9676507086614173
20
0.3983351574803149
11
0.9663519291338583
21
0.3986831496062992
0
LINE
8
BLACK
6
CONTINUOUS
10
0.9663519291338583
20
0.3986831496062992
11
0.9650332283464567
21
0.3989468897637795
0
LINE
8
BLACK
6
CONTINUOUS
10
0.9650332283464567
20
0.3989468897637795
11
0.9648864960629921
21
0.3990757874015748
0
LINE
8
BLACK
6
CONTINUOUS
10
0.9648864960629921
20
0.3990757874015748
11
0.9646979527559055
21
0.3991263385826772
0
LINE
8
BLACK
6
CONTINUOUS
10
0.9646979527559055
20
0.3991263385826772
11
0.9637471653543307
21
0.4000770866141732
0
LINE
8
BLACK
6
CONTINUOUS
10
0.9637471653543307
20
0.4000770866141732
11
0.9627370078740157
21
0.4009648818897638
0
LINE
8
BLACK
6
CONTINUOUS
10
0.9627370078740157
20
0.4009648818897638
11
0.9626744094488189
21
0.4011498425196851
0
LINE
8
BLACK
6
CONTINUOUS
10
0.9626744094488189
20
0.4011498425196851
11
0.9625363779527559
21
0.4012879133858268
0
LINE
8
BLACK
6
CONTINUOUS
10
0.9625363779527559
20
0.4012879133858268
11
0.9621883464566929
21
0.4025867322834645
0
LINE
8
BLACK
6
CONTINUOUS
10
0.9621883464566929
20
0.4025867322834645
11
0.9617574409448819
21
0.4038605905511811
0
LINE
8
BLACK
6
CONTINUOUS
10
0.9617574409448819
20
0.4038605905511811
11
0.9617957086614173
21
0.4040520472440945
0
LINE
8
BLACK
6
CONTINUOUS
10
0.9617957086614173
20
0.4040520472440945
11
0.9617451968503937
21
0.4042406692913386
0
LINE
8
BLACK
6
CONTINUOUS
10
0.9617451968503937
20
0.4042406692913386
11
0.9617451968503937
21
0.443610748031496
0
LINE
8
BLACK
6
CONTINUOUS
10
0.9617451968503937
20
0.443610748031496
11
0.9625363779527559
21
0.4465635039370079
0
LINE
8
BLACK
6
CONTINUOUS
10
0.9625363779527559
20
0.4465635039370079
11
0.9646979527559055
21
0.4487250787401575
0
LINE
8
BLACK
6
CONTINUOUS
10
0.9646979527559055
20
0.4487250787401575
11
0.9676507086614173
21
0.4495162598425197
0
LINE
8
BLACK
6
CONTINUOUS
10
0.9676507086614173
20
0.4495162598425197
11
0.9706034645669291
21
0.4487250787401575
0
LINE
8
BLACK
6
CONTINUOUS
10
0.9706034645669291
20
0.4487250787401575
11
0.9727650393700787
21
0.4465635039370079
0
LINE
8
BLACK
6
CONTINUOUS
10
0.9727650393700787
20
0.4465635039370079
11
0.9735562204724409
21
0.443610748031496
0
LINE
8
BLACK
6
CONTINUOUS
10
0.9735562204724409
20
0.443610748031496
11
0.9735562204724409
21
0.4152752362204724
0
LINE
8
BLACK
6
CONTINUOUS
10
0.9735562204724409
20
0.4152752362204724
11
1.0234300393700788
21
0.4485244488188976
0
LINE
8
BLACK
6
CONTINUOUS
10
1.0234300393700788
20
0.4485244488188976
11
1.0236149999999999
21
0.4485870078740157
0
LINE
8
BLACK
6
CONTINUOUS
10
1.0236149999999999
20
0.4485870078740157
11
1.0237530708661418
21
0.4487250787401575
0
LINE
8
BLACK
6
CONTINUOUS
10
1.0237530708661418
20
0.4487250787401575
11
1.0250518897637795
21
0.4490730708661417
0
LINE
8
BLACK
6
CONTINUOUS
10
1.0250518897637795
20
0.4490730708661417
11
1.026325748031496
21
0.4495040157480315
0
LINE
8
BLACK
6
CONTINUOUS
10
1.026325748031496
20
0.4495040157480315
11
1.0265172047244093
21
0.4494657086614173
0
LINE
8
BLACK
6
CONTINUOUS
10
1.0265172047244093
20
0.4494657086614173
11
1.0267058267716536
21
0.4495162598425197
0
LINE
8
BLACK
6
CONTINUOUS
10
1.0267058267716536
20
0.4495162598425197
11
1.0280045669291338
21
0.4491682283464567
0
LINE
8
BLACK
6
CONTINUOUS
10
1.0949124803149606
20
0.4899462992125984
11
1.0956409448818898
21
0.4899585826771654
0
LINE
8
BLACK
6
CONTINUOUS
10
1.0956409448818898
20
0.4899585826771654
11
1.1068895275590551
21
0.4871464566929134
0
LINE
8
BLACK
6
CONTINUOUS
10
1.1068895275590551
20
0.4871464566929134
11
1.1074594881889763
21
0.4868300393700787
0
LINE
8
BLACK
6
CONTINUOUS
10
1.1074594881889763
20
0.4868300393700787
11
1.1080982677165354
21
0.4866993307086614
0
LINE
8
BLACK
6
CONTINUOUS
10
1.1080982677165354
20
0.4866993307086614
11
1.1137225590551181
21
0.4838871653543307
0
LINE
8
BLACK
6
CONTINUOUS
10
1.1137225590551181
20
0.4838871653543307
11
1.1144338976377952
21
0.4832563385826771
0
LINE
8
BLACK
6
CONTINUOUS
10
1.1144338976377952
20
0.4832563385826771
11
1.1152573228346456
21
0.4827809842519685
0
LINE
8
BLACK
6
CONTINUOUS
10
1.1152573228346456
20
0.4827809842519685
11
1.1180694881889763
21
0.4799688582677165
0
LINE
8
BLACK
6
CONTINUOUS
10
1.1180694881889763
20
0.4799688582677165
11
1.1185449606299211
21
0.4791453149606299
0
LINE
8
BLACK
6
CONTINUOUS
10
1.1185449606299211
20
0.4791453149606299
11
1.1191757480314961
21
0.4784339763779528
0
LINE
8
BLACK
6
CONTINUOUS
10
1.1191757480314961
20
0.4784339763779528
11
1.1219879133858268
21
0.4728096456692913
0
LINE
8
BLACK
6
CONTINUOUS
10
1.1219879133858268
20
0.4728096456692913
11
1.1222600787401575
21
0.4714795275590551
0
LINE
8
BLACK
6
CONTINUOUS
10
1.1222600787401575
20
0.4714795275590551
11
1.122611338582677
21
0.4701686614173228
0
LINE
8
BLACK
6
CONTINUOUS
10
1.122611338582677
20
0.4701686614173228
11
1.122611338582677
21
0.4645443700787402
0
LINE
8
BLACK
6
CONTINUOUS
10
1.122611338582677
20
0.4645443700787402
11
1.1222599606299213
21
0.4632331102362204
0
LINE
8
BLACK
6
CONTINUOUS
10
1.1222599606299213
20
0.4632331102362204
11
1.1219878740157481
21
0.4619033858267717
0
LINE
8
BLACK
6
CONTINUOUS
10
1.1219878740157481
20
0.4619033858267717
11
1.1191757480314961
21
0.4562790551181102
0
LINE
8
BLACK
6
CONTINUOUS
10
1.1191757480314961
20
0.4562790551181102
11
1.1185448818897639
21
0.4555676377952756
0
LINE
8
BLACK
6
CONTINUOUS
10
1.1185448818897639
20
0.4555676377952756
11
1.1180694881889763
21
0.4547442125984252
0
LINE
8
BLACK
6
CONTINUOUS
10
1.1180694881889763
20
0.4547442125984252
11
1.1152573228346456
21
0.4519320866141732
0
LINE
8
BLACK
6
CONTINUOUS
10
1.1152573228346456
20
0.4519320866141732
11
1.1144338976377952
21
0.4514566929133858
0
LINE
8
BLACK
6
CONTINUOUS
10
1.1144338976377952
20
0.4514566929133858
11
1.1137225590551181
21
0.450825905511811
0
LINE
8
BLACK
6
CONTINUOUS
10
1.1137225590551181
20
0.450825905511811
11
1.1080982677165354
21
0.4480137401574803
0
LINE
8
BLACK
6
CONTINUOUS
10
1.1080982677165354
20
0.4480137401574803
11
1.1074594881889763
21
0.4478829921259843
0
LINE
8
BLACK
6
CONTINUOUS
10
1.1074594881889763
20
0.4478829921259843
11
1.1068895275590551
21
0.4475666141732283
0
LINE
8
BLACK
6
CONTINUOUS
10
1.1068895275590551
20
0.4475666141732283
11
1.0956409842519685
21
0.4447544488188976
0
LINE
8
BLACK
6
CONTINUOUS
10
1.0956409842519685
20
0.4447544488188976
11
1.0949124409448818
21
0.4447666929133858
0
LINE
8
BLACK
6
CONTINUOUS
10
1.0949124409448818
20
0.4447666929133858
11
1.0942086614173228
21
0.4445781102362205
0
LINE
8
BLACK
6
CONTINUOUS
10
1.0942086614173228
20
0.4445781102362205
11
1.0801479133858267
21
0.4445781102362205
0
LINE
8
BLACK
6
CONTINUOUS
10
1.0801479133858267
20
0.4445781102362205
11
1.0794440944881889
21
0.4447666929133858
0
LINE
8
BLACK
6
CONTINUOUS
10
1.0794440944881889
20
0.4447666929133858
11
1.0787155905511812
21
0.4447544488188976
0
LINE
8
BLACK
6
CONTINUOUS
10
1.0787155905511812
20
0.4447544488188976
11
1.0674670078740158
21
0.4475666141732283
0
LINE
8
BLACK
6
CONTINUOUS
10
1.0674670078740158
20
0.4475666141732283
11
1.0668970472440944
21
0.4478829921259843
0
LINE
8
BLACK
6
CONTINUOUS
10
1.0668970472440944
20
0.4478829921259843
11
1.0662582283464566
21
0.4480137401574803
0
LINE
8
BLACK
6
CONTINUOUS
10
1.0662582283464566
20
0.4480137401574803
11
1.0606339763779526
21
0.450825905511811
0
LINE
8
BLACK
6
CONTINUOUS
10
1.0606339763779526
20
0.450825905511811
11
1.0599225984251968
21
0.4514566929133858
0
LINE
8
BLACK
6
CONTINUOUS
10
1.0599225984251968
20
0.4514566929133858
11
1.0590991732283463
21
0.451932125984252
0
LINE
8
BLACK
6
CONTINUOUS
10
1.0590991732283463
20
0.451932125984252
11
1.0562870472440944
21
0.4547442519685039
0
LINE
8
BLACK
6
CONTINUOUS
10
1.0562870472440944
20
0.4547442519685039
11
1.0558116141732283
21
0.4555676771653543
0
LINE
8
BLACK
6
CONTINUOUS
10
1.0558116141732283
20
0.4555676771653543
11
1.0551808267716536
21
0.4562790551181102
0
LINE
8
BLACK
6
CONTINUOUS
10
1.0551808267716536
20
0.4562790551181102
11
1.0523686614173229
21
0.4619033464566929
0
LINE
8
BLACK
6
CONTINUOUS
10
1.0523686614173229
20
0.4619033464566929
11
1.0520964960629922
21
0.4632332677165354
0
LINE
8
BLACK
6
CONTINUOUS
10
1.0520964960629922
20
0.4632332677165354
11
1.0517451968503937
21
0.4645443700787402
0
LINE
8
BLACK
6
CONTINUOUS
10
1.0517451968503937
20
0.4645443700787402
11
1.0517451968503937
21
0.4701686614173228
0
LINE
8
BLACK
6
CONTINUOUS
10
1.0517451968503937
20
0.4701686614173228
11
1.0520964960629922
21
0.4714797244094488
0
LINE
8
BLACK
6
CONTINUOUS
10
1.0520964960629922
20
0.4714797244094488
11
1.0523686614173229
21
0.47280968503937
0
LINE
8
BLACK
6
CONTINUOUS
10
1.0523686614173229
20
0.47280968503937
11
1.0551808267716536
21
0.4784340157480315
0
LINE
8
BLACK
6
CONTINUOUS
10
1.0551808267716536
20
0.4784340157480315
11
1.0558116535433071
21
0.4791453937007874
0
LINE
8
BLACK
6
CONTINUOUS
10
1.0558116535433071
20
0.4791453937007874
11
1.0562870472440944
21
0.4799688188976378
0
LINE
8
BLACK
6
CONTINUOUS
10
1.0562870472440944
20
0.4799688188976378
11
1.0590991732283463
21
0.4827809448818898
0
LINE
8
BLACK
6
CONTINUOUS
10
1.0590991732283463
20
0.4827809448818898
11
1.0599225984251968
21
0.4832563385826771
0
LINE
8
BLACK
6
CONTINUOUS
10
1.0599225984251968
20
0.4832563385826771
11
1.0606339763779526
21
0.4838871653543307
0
LINE
8
BLACK
6
CONTINUOUS
10
1.0606339763779526
20
0.4838871653543307
11
1.0662582283464566
21
0.4866993307086614
0
LINE
8
BLACK
6
CONTINUOUS
10
1.0662582283464566
20
0.4866993307086614
11
1.0668970472440944
21
0.4868300393700787
0
LINE
8
BLACK
6
CONTINUOUS
10
1.0668970472440944
20
0.4868300393700787
11
1.0674670078740158
21
0.4871464566929134
0
LINE
8
BLACK
6
CONTINUOUS
10
1.0674670078740158
20
0.4871464566929134
11
1.0787156299212599
21
0.4899585826771654
0
LINE
8
BLACK
6
CONTINUOUS
10
1.0787156299212599
20
0.4899585826771654
11
1.0794440551181101
21
0.4899462992125984
0
LINE
8
BLACK
6
CONTINUOUS
10
1.0794440551181101
20
0.4899462992125984
11
1.0801479133858267
21
0.4901349212598425
0
LINE
8
BLACK
6
CONTINUOUS
10
1.0801479133858267
20
0.4901349212598425
11
1.0942086614173228
21
0.4901349212598425
0
LINE
8
BLACK
6
CONTINUOUS
10
1.0942086614173228
20
0.4901349212598425
11
1.0949124803149606
21
0.4899462992125984
0
LINE
8
BLACK
6
CONTINUOUS
10
1.0709605511811022
20
0.4758453149606299
11
1.0667731889763779
21
0.4737516535433071
0
LINE
8
BLACK
6
CONTINUOUS
10
1.0667731889763779
20
0.4737516535433071
11
1.0653163385826772
21
0.4722948031496063
0
LINE
8
BLACK
6
CONTINUOUS
10
1.0653163385826772
20
0.4722948031496063
11
1.0635562204724409
21
0.4687745669291338
0
LINE
8
BLACK
6
CONTINUOUS
10
1.0635562204724409
20
0.4687745669291338
11
1.0635562204724409
21
0.4659384645669291
0
LINE
8
BLACK
6
CONTINUOUS
10
1.0635562204724409
20
0.4659384645669291
11
1.0653163385826772
21
0.4624182283464567
0
LINE
8
BLACK
6
CONTINUOUS
10
1.0653163385826772
20
0.4624182283464567
11
1.0667731889763779
21
0.4609613779527559
0
LINE
8
BLACK
6
CONTINUOUS
10
1.0667731889763779
20
0.4609613779527559
11
1.0709605511811022
21
0.4588676771653543
0
LINE
8
BLACK
6
CONTINUOUS
10
1.0709605511811022
20
0.4588676771653543
11
1.080874842519685
21
0.4563891338582677
0
LINE
8
BLACK
6
CONTINUOUS
10
1.080874842519685
20
0.4563891338582677
11
1.0934816929133857
21
0.4563891338582677
0
LINE
8
BLACK
6
CONTINUOUS
10
1.0934816929133857
20
0.4563891338582677
11
1.1033959842519685
21
0.4588677165354331
0
LINE
8
BLACK
6
CONTINUOUS
10
1.1033959842519685
20
0.4588677165354331
11
1.1075833858267716
21
0.4609614173228346
0
LINE
8
BLACK
6
CONTINUOUS
10
1.1075833858267716
20
0.4609614173228346
11
1.1090402362204723
21
0.4624182677165354
0
LINE
8
BLACK
6
CONTINUOUS
10
1.1090402362204723
20
0.4624182677165354
11
1.1108003149606298
21
0.4659384251968504
0
LINE
8
BLACK
6
CONTINUOUS
10
1.1108003149606298
20
0.4659384251968504
11
1.1108003149606298
21
0.4687745669291338
0
LINE
8
BLACK
6
CONTINUOUS
10
1.1108003149606298
20
0.4687745669291338
11
1.1090402362204723
21
0.4722947244094488
0
LINE
8
BLACK
6
CONTINUOUS
10
1.1090402362204723
20
0.4722947244094488
11
1.1075833858267716
21
0.4737516141732283
0
LINE
8
BLACK
6
CONTINUOUS
10
1.1075833858267716
20
0.4737516141732283
11
1.1033959448818897
21
0.4758453543307086
0
LINE
8
BLACK
6
CONTINUOUS
10
1.1033959448818897
20
0.4758453543307086
11
1.0934817322834645
21
0.4783238976377953
0
LINE
8
BLACK
6
CONTINUOUS
10
1.0934817322834645
20
0.4783238976377953
11
1.080874842519685
21
0.4783238976377953
0
LINE
8
BLACK
6
CONTINUOUS
10
1.080874842519685
20
0.4783238976377953
11
1.0709605511811022
21
0.4758453149606299
0
LINE
8
BLACK
6
CONTINUOUS
10
1.0021003149606298
20
0.5055705905511811
11
1.002828779527559
21
0.505582874015748
0
LINE
8
BLACK
6
CONTINUOUS
10
1.002828779527559
20
0.505582874015748
11
1.0140773622047243
21
0.502770748031496
0
LINE
8
BLACK
6
CONTINUOUS
10
1.0140773622047243
20
0.502770748031496
11
1.0146473228346455
21
0.5024543307086614
0
LINE
8
BLACK
6
CONTINUOUS
10
1.0146473228346455
20
0.5024543307086614
11
1.0152861023622046
21
0.5023236220472441
0
LINE
8
BLACK
6
CONTINUOUS
10
1.0152861023622046
20
0.5023236220472441
11
1.0209103937007873
21
0.4995114566929134
0
LINE
8
BLACK
6
CONTINUOUS
10
1.0209103937007873
20
0.4995114566929134
11
1.0216217716535432
21
0.4988806299212598
0
LINE
8
BLACK
6
CONTINUOUS
10
1.0216217716535432
20
0.4988806299212598
11
1.0224451968503936
21
0.4984052362204724
0
LINE
8
BLACK
6
CONTINUOUS
10
1.0224451968503936
20
0.4984052362204724
11
1.028069527559055
21
0.4927809448818897
0
LINE
8
BLACK
6
CONTINUOUS
10
1.028069527559055
20
0.4927809448818897
11
1.0287482283464566
21
0.4916053543307087
0
LINE
8
BLACK
6
CONTINUOUS
10
1.0287482283464566
20
0.4916053543307087
11
1.0294961811023622
21
0.4904725984251969
0
LINE
8
BLACK
6
CONTINUOUS
10
1.0294961811023622
20
0.4904725984251969
11
1.0323083070866141
21
0.4820361417322834
0
LINE
8
BLACK
6
CONTINUOUS
10
1.0323083070866141
20
0.4820361417322834
11
1.0323652755905512
21
0.481086968503937
0
LINE
8
BLACK
6
CONTINUOUS
10
1.0323652755905512
20
0.481086968503937
11
1.0326113385826772
21
0.4801686614173228
0
LINE
8
BLACK
6
CONTINUOUS
10
1.0326113385826772
20
0.4801686614173228
11
1.0326113385826772
21
0.4745443700787402
0
LINE
8
BLACK
6
CONTINUOUS
10
1.0326113385826772
20
0.4745443700787402
11
1.0323652755905512
21
0.4736260236220473
0
LINE
8
BLACK
6
CONTINUOUS
10
1.0323652755905512
20
0.4736260236220473
11
1.0323083070866141
21
0.4726768897637795
0
LINE
8
BLACK
6
CONTINUOUS
10
1.0323083070866141
20
0.4726768897637795
11
1.0294961811023622
21
0.4642404330708662
0
LINE
8
BLACK
6
CONTINUOUS
10
1.0294961811023622
20
0.4642404330708662
11
1.0287481496062991
21
0.4631075196850394
0
LINE
8
BLACK
6
CONTINUOUS
10
1.0287481496062991
20
0.4631075196850394
11
1.0280694881889763
21
0.4619320472440945
0
LINE
8
BLACK
6
CONTINUOUS
10
1.0280694881889763
20
0.4619320472440945
11
1.0252573228346455
21
0.4591199212598425
0
LINE
8
BLACK
6
CONTINUOUS
10
1.0252573228346455
20
0.4591199212598425
11
1.0226099606299213
21
0.4575914960629921
0
LINE
8
BLACK
6
CONTINUOUS
10
1.0226099606299213
20
0.4575914960629921
11
1.019553031496063
21
0.4575914960629921
0
LINE
8
BLACK
6
CONTINUOUS
10
1.019553031496063
20
0.4575914960629921
11
1.0169056692913385
21
0.45912
0
LINE
8
BLACK
6
CONTINUOUS
10
1.0169056692913385
20
0.45912
11
1.0153772440944882
21
0.4617673622047244
0
LINE
8
BLACK
6
CONTINUOUS
10
1.0153772440944882
20
0.4617673622047244
11
1.0153772440944882
21
0.4648242913385827
0
LINE
8
BLACK
6
CONTINUOUS
10
1.0153772440944882
20
0.4648242913385827
11
1.016905748031496
21
0.4674716535433071
0
LINE
8
BLACK
6
CONTINUOUS
10
1.016905748031496
20
0.4674716535433071
11
1.0187320472440944
21
0.4692979133858268
0
LINE
8
BLACK
6
CONTINUOUS
10
1.0187320472440944
20
0.4692979133858268
11
1.02080031496063
21
0.4755027165354331
0
LINE
8
BLACK
6
CONTINUOUS
10
1.02080031496063
20
0.4755027165354331
11
1.02080031496063
21
0.4792102755905512
0
LINE
8
BLACK
6
CONTINUOUS
10
1.02080031496063
20
0.4792102755905512
11
1.0187320472440944
21
0.4854150787401575
0
LINE
8
BLACK
6
CONTINUOUS
10
1.0187320472440944
20
0.4854150787401575
11
1.0147711811023621
21
0.489375905511811
0
LINE
8
BLACK
6
CONTINUOUS
10
1.0147711811023621
20
0.489375905511811
11
1.010583779527559
21
0.4914696456692914
0
LINE
8
BLACK
6
CONTINUOUS
10
1.010583779527559
20
0.4914696456692914
11
1.0006695669291339
21
0.4939481889763779
0
LINE
8
BLACK
6
CONTINUOUS
10
1.0006695669291339
20
0.4939481889763779
11
0.993686968503937
21
0.4939481889763779
0
LINE
8
BLACK
6
CONTINUOUS
10
0.993686968503937
20
0.4939481889763779
11
0.9837727165354331
21
0.4914696062992126
0
LINE
8
BLACK
6
CONTINUOUS
10
0.9837727165354331
20
0.4914696062992126
11
0.9795853543307086
21
0.4893759448818897
0
LINE
8
BLACK
6
CONTINUOUS
10
0.9795853543307086
20
0.4893759448818897
11
0.9756244488188976
21
0.4854150393700787
0
LINE
8
BLACK
6
CONTINUOUS
10
0.9756244488188976
20
0.4854150393700787
11
0.9735562204724409
21
0.4792103543307086
0
LINE
8
BLACK
6
CONTINUOUS
10
0.9735562204724409
20
0.4792103543307086
11
0.9735562204724409
21
0.4755026377952756
0
LINE
8
BLACK
6
CONTINUOUS
10
0.9735562204724409
20
0.4755026377952756
11
0.9756244488188976
21
0.4692979527559055
0
LINE
8
BLACK
6
CONTINUOUS
10
0.9756244488188976
20
0.4692979527559055
11
0.9774508267716535
21
0.4674716141732284
0
LINE
8
BLACK
6
CONTINUOUS
10
0.9774508267716535
20
0.4674716141732284
11
0.9789792913385826
21
0.4648242519685039
0
LINE
8
BLACK
6
CONTINUOUS
10
0.9789792913385826
20
0.4648242519685039
11
0.9789792913385826
21
0.4617673228346457
0
LINE
8
BLACK
6
CONTINUOUS
10
0.9789792913385826
20
0.4617673228346457
11
0.9774508267716535
21
0.4591199606299213
0
LINE
8
BLACK
6
CONTINUOUS
10
0.9774508267716535
20
0.4591199606299213
11
0.9748034645669291
21
0.4575914960629921
0
LINE
8
BLACK
6
CONTINUOUS
10
0.9748034645669291
20
0.4575914960629921
11
0.9717465354330709
21
0.4575914960629921
0
LINE
8
BLACK
6
CONTINUOUS
10
0.9717465354330709
20
0.4575914960629921
11
0.9690991732283465
21
0.4591199606299213
0
LINE
8
BLACK
6
CONTINUOUS
10
0.9690991732283465
20
0.4591199606299213
11
0.9662870472440944
21
0.4619320866141732
0
LINE
8
BLACK
6
CONTINUOUS
10
0.9662870472440944
20
0.4619320866141732
11
0.9656083858267717
21
0.4631075196850394
0
LINE
8
BLACK
6
CONTINUOUS
10
0.9656083858267717
20
0.4631075196850394
11
0.9648603937007874
21
0.4642404330708662
0
LINE
8
BLACK
6
CONTINUOUS
10
0.9648603937007874
20
0.4642404330708662
11
0.9620482677165354
21
0.4726768897637795
0
LINE
8
BLACK
6
CONTINUOUS
10
0.9620482677165354
20
0.4726768897637795
11
0.9619912598425197
21
0.473625905511811
0
LINE
8
BLACK
6
CONTINUOUS
10
0.9619912598425197
20
0.473625905511811
11
0.9617451968503937
21
0.4745443700787402
0
LINE
8
BLACK
6
CONTINUOUS
10
0.9617451968503937
20
0.4745443700787402
11
0.9617451968503937
21
0.4801686614173228
0
LINE
8
BLACK
6
CONTINUOUS
10
0.9617451968503937
20
0.4801686614173228
11
0.9619912598425197
21
0.4810870866141732
0
LINE
8
BLACK
6
CONTINUOUS
10
0.9619912598425197
20
0.4810870866141732
11
0.9620482677165354
21
0.4820361417322834
0
LINE
8
BLACK
6
CONTINUOUS
10
0.9620482677165354
20
0.4820361417322834
11
0.9648603937007874
21
0.4904725984251969
0
LINE
8
BLACK
6
CONTINUOUS
10
0.9648603937007874
20
0.4904725984251969
11
0.9656083858267717
21
0.4916054724409449
0
LINE
8
BLACK
6
CONTINUOUS
10
0.9656083858267717
20
0.4916054724409449
11
0.9662870472440944
21
0.4927809448818897
0
LINE
8
BLACK
6
CONTINUOUS
10
0.9662870472440944
20
0.4927809448818897
11
0.9719113385826772
21
0.4984052362204724
0
LINE
8
BLACK
6
CONTINUOUS
10
0.9719113385826772
20
0.4984052362204724
11
0.9727347637795275
21
0.4988806299212598
0
LINE
8
BLACK
6
CONTINUOUS
10
0.9727347637795275
20
0.4988806299212598
11
0.9734461417322834
21
0.4995114566929134
0
LINE
8
BLACK
6
CONTINUOUS
10
0.9734461417322834
20
0.4995114566929134
11
0.9790703937007874
21
0.5023236220472441
0
LINE
8
BLACK
6
CONTINUOUS
10
0.9790703937007874
20
0.5023236220472441
11
0.9797092125984251
21
0.5024543307086614
0
LINE
8
BLACK
6
CONTINUOUS
10
0.9797092125984251
20
0.5024543307086614
11
0.9802791732283465
21
0.502770748031496
0
LINE
8
BLACK
6
CONTINUOUS
10
0.9802791732283465
20
0.502770748031496
11
0.9915277559055118
21
0.505582874015748
0
LINE
8
BLACK
6
CONTINUOUS
10
0.9915277559055118
20
0.505582874015748
11
0.9922561811023621
21
0.5055705905511811
0
LINE
8
BLACK
6
CONTINUOUS
10
0.9922561811023621
20
0.5055705905511811
11
0.9929600393700787
21
0.5057592125984252
0
LINE
8
BLACK
6
CONTINUOUS
10
0.9929600393700787
20
0.5057592125984252
11
1.0013964960629922
21
0.5057592125984252
0
LINE
8
BLACK
6
CONTINUOUS
10
1.0013964960629922
20
0.5057592125984252
11
1.0021003149606298
21
0.5055705905511811
0
LINE
8
BLACK
6
CONTINUOUS
10
1.0921003149606299
20
0.5490014173228346
11
1.0928287795275591
21
0.5490137007874015
0
LINE
8
BLACK
6
CONTINUOUS
10
1.0928287795275591
20
0.5490137007874015
11
1.1040773622047244
21
0.5462015748031496
0
LINE
8
BLACK
6
CONTINUOUS
10
1.1040773622047244
20
0.5462015748031496
11
1.1046473228346456
21
0.545885157480315
0
LINE
8
BLACK
6
CONTINUOUS
10
1.1046473228346456
20
0.545885157480315
11
1.1052861023622047
21
0.5457544488188977
0
LINE
8
BLACK
6
CONTINUOUS
10
1.1052861023622047
20
0.5457544488188977
11
1.1109103937007874
21
0.542942283464567
0
LINE
8
BLACK
6
CONTINUOUS
10
1.1109103937007874
20
0.542942283464567
11
1.1116217716535433
21
0.5423114566929134
0
LINE
8
BLACK
6
CONTINUOUS
10
1.1116217716535433
20
0.5423114566929134
11
1.1124451968503937
21
0.5418360629921259
0
LINE
8
BLACK
6
CONTINUOUS
10
1.1124451968503937
20
0.5418360629921259
11
1.1180695275590551
21
0.5362117716535433
0
LINE
8
BLACK
6
CONTINUOUS
10
1.1180695275590551
20
0.5362117716535433
11
1.1187482283464567
21
0.5350361811023622
0
LINE
8
BLACK
6
CONTINUOUS
10
1.1187482283464567
20
0.5350361811023622
11
1.1194961811023623
21
0.5339034251968504
0
LINE
8
BLACK
6
CONTINUOUS
10
1.1194961811023623
20
0.5339034251968504
11
1.1223083070866142
21
0.525466968503937
0
LINE
8
BLACK
6
CONTINUOUS
10
1.1223083070866142
20
0.525466968503937
11
1.1223652755905511
21
0.5245177952755905
0
LINE
8
BLACK
6
CONTINUOUS
10
1.1223652755905511
20
0.5245177952755905
11
1.122611338582677
21
0.5235994881889764
0
LINE
8
BLACK
6
CONTINUOUS
10
1.122611338582677
20
0.5235994881889764
11
1.122611338582677
21
0.5179751968503937
0
LINE
8
BLACK
6
CONTINUOUS
10
1.122611338582677
20
0.5179751968503937
11
1.1223652755905511
21
0.5170568503937008
0
LINE
8
BLACK
6
CONTINUOUS
10
1.1223652755905511
20
0.5170568503937008
11
1.1223083070866142
21
0.5161077165354331
0
LINE
8
BLACK
6
CONTINUOUS
10
1.1223083070866142
20
0.5161077165354331
11
1.1194961811023623
21
0.5076712598425197
0
LINE
8
BLACK
6
CONTINUOUS
10
1.1194961811023623
20
0.5076712598425197
11
1.1187481496062992
21
0.5065383464566929
0
LINE
8
BLACK
6
CONTINUOUS
10
1.1187481496062992
20
0.5065383464566929
11
1.1180694881889763
21
0.505362874015748
0
LINE
8
BLACK
6
CONTINUOUS
10
1.1180694881889763
20
0.505362874015748
11
1.1152573228346456
21
0.502550748031496
0
LINE
8
BLACK
6
CONTINUOUS
10
1.1152573228346456
20
0.502550748031496
11
1.1126099606299211
21
0.5010223228346457
0
LINE
8
BLACK
6
CONTINUOUS
10
1.1126099606299211
20
0.5010223228346457
11
1.1095530314960629
21
0.5010223228346457
0
LINE
8
BLACK
6
CONTINUOUS
10
1.1095530314960629
20
0.5010223228346457
11
1.1069056692913386
21
0.5025508267716535
0
LINE
8
BLACK
6
CONTINUOUS
10
1.1069056692913386
20
0.5025508267716535
11
1.1053772440944882
21
0.5051981889763779
0
LINE
8
BLACK
6
CONTINUOUS
10
1.1053772440944882
20
0.5051981889763779
11
1.1053772440944882
21
0.5082551181102362
0
LINE
8
BLACK
6
CONTINUOUS
10
1.1053772440944882
20
0.5082551181102362
11
1.1069057480314961
21
0.5109024803149607
0
LINE
8
BLACK
6
CONTINUOUS
10
1.1069057480314961
20
0.5109024803149607
11
1.1087320472440945
21
0.5127287401574803
0
LINE
8
BLACK
6
CONTINUOUS
10
1.1087320472440945
20
0.5127287401574803
11
1.1108003149606298
21
0.5189335433070866
0
LINE
8
BLACK
6
CONTINUOUS
10
1.1108003149606298
20
0.5189335433070866
11
1.1108003149606298
21
0.5226411023622047
0
LINE
8
BLACK
6
CONTINUOUS
10
1.1108003149606298
20
0.5226411023622047
11
1.1087320472440945
21
0.528845905511811
0
LINE
8
BLACK
6
CONTINUOUS
10
1.1087320472440945
20
0.528845905511811
11
1.1047711811023622
21
0.5328067322834645
0
LINE
8
BLACK
6
CONTINUOUS
10
1.1047711811023622
20
0.5328067322834645
11
1.100583779527559
21
0.5349004724409449
0
LINE
8
BLACK
6
CONTINUOUS
10
1.100583779527559
20
0.5349004724409449
11
1.0906695669291337
21
0.5373790157480315
0
LINE
8
BLACK
6
CONTINUOUS
10
1.0906695669291337
20
0.5373790157480315
11
1.083686968503937
21
0.5373790157480315
0
LINE
8
BLACK
6
CONTINUOUS
10
1.083686968503937
20
0.5373790157480315
11
1.0737727165354329
21
0.5349004330708661
0
LINE
8
BLACK
6
CONTINUOUS
10
1.0737727165354329
20
0.5349004330708661
11
1.0695853543307086
21
0.5328067716535433
0
LINE
8
BLACK
6
CONTINUOUS
10
1.0695853543307086
20
0.5328067716535433
11
1.0656244488188975
21
0.5288458661417322
0
LINE
8
BLACK
6
CONTINUOUS
10
1.0656244488188975
20
0.5288458661417322
11
1.0635562204724409
21
0.5226411811023622
0
LINE
8
BLACK
6
CONTINUOUS
10
1.0635562204724409
20
0.5226411811023622
11
1.0635562204724409
21
0.5189334645669291
0
LINE
8
BLACK
6
CONTINUOUS
10
1.0635562204724409
20
0.5189334645669291
11
1.0656244488188975
21
0.512728779527559
0
LINE
8
BLACK
6
CONTINUOUS
10
1.0656244488188975
20
0.512728779527559
11
1.0674508267716536
21
0.5109024409448819
0
LINE
8
BLACK
6
CONTINUOUS
10
1.0674508267716536
20
0.5109024409448819
11
1.0689792913385827
21
0.5082550787401575
0
LINE
8
BLACK
6
CONTINUOUS
10
1.0689792913385827
20
0.5082550787401575
11
1.0689792913385827
21
0.5051981496062992
0
LINE
8
BLACK
6
CONTINUOUS
10
1.0689792913385827
20
0.5051981496062992
11
1.0674508267716536
21
0.5025507874015748
0
LINE
8
BLACK
6
CONTINUOUS
10
1.0674508267716536
20
0.5025507874015748
11
1.0648034645669291
21
0.5010223228346457
0
LINE
8
BLACK
6
CONTINUOUS
10
1.0648034645669291
20
0.5010223228346457
11
1.0617465354330708
21
0.5010223228346457
0
LINE
8
BLACK
6
CONTINUOUS
10
1.0617465354330708
20
0.5010223228346457
11
1.0590991732283463
21
0.5025507874015748
0
LINE
8
BLACK
6
CONTINUOUS
10
1.0590991732283463
20
0.5025507874015748
11
1.0562870472440944
21
0.5053629133858267
0
LINE
8
BLACK
6
CONTINUOUS
10
1.0562870472440944
20
0.5053629133858267
11
1.0556083858267715
21
0.5065383464566929
0
LINE
8
BLACK
6
CONTINUOUS
10
1.0556083858267715
20
0.5065383464566929
11
1.0548603937007874
21
0.5076712598425197
0
LINE
8
BLACK
6
CONTINUOUS
10
1.0548603937007874
20
0.5076712598425197
11
1.0520482677165355
21
0.5161077165354331
0
LINE
8
BLACK
6
CONTINUOUS
10
1.0520482677165355
20
0.5161077165354331
11
1.0519912598425196
21
0.5170567322834646
0
LINE
8
BLACK
6
CONTINUOUS
10
1.0519912598425196
20
0.5170567322834646
11
1.0517451968503937
21
0.5179751968503937
0
LINE
8
BLACK
6
CONTINUOUS
10
1.0517451968503937
20
0.5179751968503937
11
1.0517451968503937
21
0.5235994881889764
0
LINE
8
BLACK
6
CONTINUOUS
10
1.0517451968503937
20
0.5235994881889764
11
1.0519912598425196
21
0.5245179133858268
0
LINE
8
BLACK
6
CONTINUOUS
10
1.0519912598425196
20
0.5245179133858268
11
1.0520482677165355
21
0.525466968503937
0
LINE
8
BLACK
6
CONTINUOUS
10
1.0520482677165355
20
0.525466968503937
11
1.0548603937007874
21
0.5339034251968504
0
LINE
8
BLACK
6
CONTINUOUS
10
1.0548603937007874
20
0.5339034251968504
11
1.0556083858267715
21
0.5350362992125984
0
LINE
8
BLACK
6
CONTINUOUS
10
1.0556083858267715
20
0.5350362992125984
11
1.0562870472440944
21
0.5362117716535433
0
LINE
8
BLACK
6
CONTINUOUS
10
1.0562870472440944
20
0.5362117716535433
11
1.0619113385826771
21
0.5418360629921259
0
LINE
8
BLACK
6
CONTINUOUS
10
1.0619113385826771
20
0.5418360629921259
11
1.0627347637795275
21
0.5423114566929134
0
LINE
8
BLACK
6
CONTINUOUS
10
1.0627347637795275
20
0.5423114566929134
11
1.0634461417322834
21
0.542942283464567
0
LINE
8
BLACK
6
CONTINUOUS
10
1.0634461417322834
20
0.542942283464567
11
1.0690703937007873
21
0.5457544488188977
0
LINE
8
BLACK
6
CONTINUOUS
10
1.0690703937007873
20
0.5457544488188977
11
1.0697092125984251
21
0.545885157480315
0
LINE
8
BLACK
6
CONTINUOUS
10
1.0697092125984251
20
0.545885157480315
11
1.0702791732283465
21
0.5462015748031496
0
LINE
8
BLACK
6
CONTINUOUS
10
1.0702791732283465
20
0.5462015748031496
11
1.0815277559055119
21
0.5490137007874015
0
LINE
8
BLACK
6
CONTINUOUS
10
1.0815277559055119
20
0.5490137007874015
11
1.0822561811023621
21
0.5490014173228346
0
LINE
8
BLACK
6
CONTINUOUS
10
1.0822561811023621
20
0.5490014173228346
11
1.0829600393700787
21
0.5491900393700787
0
LINE
8
BLACK
6
CONTINUOUS
10
1.0829600393700787
20
0.5491900393700787
11
1.091396496062992
21
0.5491900393700787
0
LINE
8
BLACK
6
CONTINUOUS
10
1.091396496062992
20
0.5491900393700787
11
1.0921003149606299
21
0.5490014173228346
0
LINE
8
BLACK
6
CONTINUOUS
10
1.0269506692913386
20
0.532796968503937
11
1.028069527559055
21
0.5321510236220472
0
LINE
8
BLACK
6
CONTINUOUS
10
1.028069527559055
20
0.5321510236220472
11
1.030881653543307
21
0.5293388976377953
0
LINE
8
BLACK
6
CONTINUOUS
10
1.030881653543307
20
0.5293388976377953
11
1.0312703543307087
21
0.5286655905511811
0
LINE
8
BLACK
6
CONTINUOUS
10
1.0312703543307087
20
0.5286655905511811
11
1.031820157480315
21
0.5281158267716536
0
LINE
8
BLACK
6
CONTINUOUS
10
1.031820157480315
20
0.5281158267716536
11
1.0320213385826771
21
0.5273648818897637
0
LINE
8
BLACK
6
CONTINUOUS
10
1.0320213385826771
20
0.5273648818897637
11
1.0324101181102363
21
0.5266915748031495
0
LINE
8
BLACK
6
CONTINUOUS
10
1.0324101181102363
20
0.5266915748031495
11
1.0324101181102363
21
0.5266915354330709
0
LINE
8
BLACK
6
CONTINUOUS
10
1.0324101181102363
20
0.5266915354330709
11
1.0324101181102363
21
0.5259140157480315
0
LINE
8
BLACK
6
CONTINUOUS
10
1.0324101181102363
20
0.5259140157480315
11
1.0326113385826772
21
0.5251630708661417
0
LINE
8
BLACK
6
CONTINUOUS
10
1.0326113385826772
20
0.5251630708661417
11
1.0324101181102363
21
0.5244120866141733
0
LINE
8
BLACK
6
CONTINUOUS
10
1.0324101181102363
20
0.5244120866141733
11
1.0324101181102363
21
0.5236346062992125
0
LINE
8
BLACK
6
CONTINUOUS
10
1.0324101181102363
20
0.5236346062992125
11
1.0320213779527558
21
0.5229612598425196
0
LINE
8
BLACK
6
CONTINUOUS
10
1.0320213779527558
20
0.5229612598425196
11
1.031820157480315
21
0.5222103149606299
0
LINE
8
BLACK
6
CONTINUOUS
10
1.031820157480315
20
0.5222103149606299
11
1.0312703937007874
21
0.5216605511811023
0
LINE
8
BLACK
6
CONTINUOUS
10
1.0312703937007874
20
0.5216605511811023
11
1.0308816929133857
21
0.5209872834645669
0
LINE
8
BLACK
6
CONTINUOUS
10
1.0308816929133857
20
0.5209872834645669
11
1.0280695669291338
21
0.5181751181102362
0
LINE
8
BLACK
6
CONTINUOUS
10
1.0280695669291338
20
0.5181751181102362
11
1.028069527559055
21
0.5181750787401574
0
LINE
8
BLACK
6
CONTINUOUS
10
1.028069527559055
20
0.5181750787401574
11
1.0280694488188977
21
0.5181750393700787
0
LINE
8
BLACK
6
CONTINUOUS
10
1.0280694488188977
20
0.5181750393700787
11
1.0254222047244095
21
0.5166466141732283
0
LINE
8
BLACK
6
CONTINUOUS
10
1.0254222047244095
20
0.5166466141732283
11
1.0223652755905512
21
0.5166466141732283
0
LINE
8
BLACK
6
CONTINUOUS
10
1.0223652755905512
20
0.5166466141732283
11
1.0223652362204725
21
0.5166466141732283
0
LINE
8
BLACK
6
CONTINUOUS
10
1.0223652362204725
20
0.5166466141732283
11
1.0208368110236221
21
0.5175290551181102
0
LINE
8
BLACK
6
CONTINUOUS
10
1.0208368110236221
20
0.5175290551181102
11
1.0197179133858267
21
0.5181750393700787
0
LINE
8
BLACK
6
CONTINUOUS
10
1.0197179133858267
20
0.5181750393700787
11
1.019717874015748
21
0.5181750787401574
0
LINE
8
BLACK
6
CONTINUOUS
10
1.019717874015748
20
0.5181750787401574
11
1.0169057086614173
21
0.5209872440944882
0
LINE
8
BLACK
6
CONTINUOUS
10
1.0169057086614173
20
0.5209872440944882
11
1.016516968503937
21
0.5216605118110236
0
LINE
8
BLACK
6
CONTINUOUS
10
1.016516968503937
20
0.5216605118110236
11
1.0159672047244095
21
0.5222103149606299
0
LINE
8
BLACK
6
CONTINUOUS
10
1.0159672047244095
20
0.5222103149606299
11
1.0157659448818896
21
0.5229612598425196
0
LINE
8
BLACK
6
CONTINUOUS
10
1.0157659448818896
20
0.5229612598425196
11
1.0153772440944882
21
0.5236346062992125
0
LINE
8
BLACK
6
CONTINUOUS
10
1.0153772440944882
20
0.5236346062992125
11
1.0153772440944882
21
0.5244120866141733
0
LINE
8
BLACK
6
CONTINUOUS
10
1.0153772440944882
20
0.5244120866141733
11
1.0151760236220473
21
0.5251630708661417
0
LINE
8
BLACK
6
CONTINUOUS
10
1.0151760236220473
20
0.5251630708661417
11
1.0153772440944882
21
0.5259140157480315
0
LINE
8
BLACK
6
CONTINUOUS
10
1.0153772440944882
20
0.5259140157480315
11
1.0153772440944882
21
0.5266915354330709
0
LINE
8
BLACK
6
CONTINUOUS
10
1.0153772440944882
20
0.5266915354330709
11
1.0153772440944882
21
0.5266915748031495
0
LINE
8
BLACK
6
CONTINUOUS
10
1.0153772440944882
20
0.5266915748031495
11
1.0157659842519684
21
0.5273648818897637
0
LINE
8
BLACK
6
CONTINUOUS
10
1.0157659842519684
20
0.5273648818897637
11
1.0159672047244095
21
0.5281158267716536
0
LINE
8
BLACK
6
CONTINUOUS
10
1.0159672047244095
20
0.5281158267716536
11
1.016516968503937
21
0.5286655905511811
0
LINE
8
BLACK
6
CONTINUOUS
10
1.016516968503937
20
0.5286655905511811
11
1.0169057086614173
21
0.5293388976377953
0
LINE
8
BLACK
6
CONTINUOUS
10
1.0169057086614173
20
0.5293388976377953
11
1.016905748031496
21
0.529338937007874
0
LINE
8
BLACK
6
CONTINUOUS
10
1.016905748031496
20
0.529338937007874
11
1.0197179133858267
21
0.532151062992126
0
LINE
8
BLACK
6
CONTINUOUS
10
1.0197179133858267
20
0.532151062992126
11
1.0208368110236221
21
0.5327970078740157
0
LINE
8
BLACK
6
CONTINUOUS
10
1.0208368110236221
20
0.5327970078740157
11
1.0223652362204725
21
0.5336794881889764
0
LINE
8
BLACK
6
CONTINUOUS
10
1.0223652362204725
20
0.5336794881889764
11
1.0254221653543307
21
0.5336794881889764
0
LINE
8
BLACK
6
CONTINUOUS
10
1.0254221653543307
20
0.5336794881889764
11
1.0254222047244095
21
0.5336794881889764
0
LINE
8
BLACK
6
CONTINUOUS
10
1.0254222047244095
20
0.5336794881889764
11
1.0269506692913386
21
0.532796968503937
0
LINE
8
BLACK
6
CONTINUOUS
10
1.0296585826771654
20
0.5893325196850393
11
1.031820157480315
21
0.5871709448818897
0
LINE
8
BLACK
6
CONTINUOUS
10
1.031820157480315
20
0.5871709448818897
11
1.0326113385826772
21
0.5842181889763779
0
LINE
8
BLACK
6
CONTINUOUS
10
1.0326113385826772
20
0.5842181889763779
11
1.0326113385826772
21
0.5617209842519685
0
LINE
8
BLACK
6
CONTINUOUS
10
1.0326113385826772
20
0.5617209842519685
11
1.0322599606299212
21
0.5604097244094488
0
LINE
8
BLACK
6
CONTINUOUS
10
1.0322599606299212
20
0.5604097244094488
11
1.031987874015748
21
0.55908
0
LINE
8
BLACK
6
CONTINUOUS
10
1.031987874015748
20
0.55908
11
1.029175748031496
21
0.5534556692913386
0
LINE
8
BLACK
6
CONTINUOUS
10
1.029175748031496
20
0.5534556692913386
11
1.0285448818897638
21
0.552744251968504
0
LINE
8
BLACK
6
CONTINUOUS
10
1.0285448818897638
20
0.552744251968504
11
1.028069527559055
21
0.5519208661417323
0
LINE
8
BLACK
6
CONTINUOUS
10
1.028069527559055
20
0.5519208661417323
11
1.0252573622047243
21
0.5491087007874016
0
LINE
8
BLACK
6
CONTINUOUS
10
1.0252573622047243
20
0.5491087007874016
11
1.0244339370078739
21
0.5486333070866142
0
LINE
8
BLACK
6
CONTINUOUS
10
1.0244339370078739
20
0.5486333070866142
11
1.023722559055118
21
0.5480024803149606
0
LINE
8
BLACK
6
CONTINUOUS
10
1.023722559055118
20
0.5480024803149606
11
1.0180982677165353
21
0.5451903543307086
0
LINE
8
BLACK
6
CONTINUOUS
10
1.0180982677165353
20
0.5451903543307086
11
1.0167683858267715
21
0.5449181889763779
0
LINE
8
BLACK
6
CONTINUOUS
10
1.0167683858267715
20
0.5449181889763779
11
1.0154572440944882
21
0.5445668897637795
0
LINE
8
BLACK
6
CONTINUOUS
10
1.0154572440944882
20
0.5445668897637795
11
1.0070207874015749
21
0.5445668897637795
0
LINE
8
BLACK
6
CONTINUOUS
10
1.0070207874015749
20
0.5445668897637795
11
1.0057095275590551
21
0.5449182283464566
0
LINE
8
BLACK
6
CONTINUOUS
10
1.0057095275590551
20
0.5449182283464566
11
1.0043798031496063
21
0.5451903543307086
0
LINE
8
BLACK
6
CONTINUOUS
10
1.0043798031496063
20
0.5451903543307086
11
0.9987554724409449
21
0.5480024803149606
0
LINE
8
BLACK
6
CONTINUOUS
10
0.9987554724409449
20
0.5480024803149606
11
0.9980440551181102
21
0.5486333070866142
0
LINE
8
BLACK
6
CONTINUOUS
10
0.9980440551181102
20
0.5486333070866142
11
0.9972206692913386
21
0.5491087007874016
0
LINE
8
BLACK
6
CONTINUOUS
10
0.9972206692913386
20
0.5491087007874016
11
0.9944085039370079
21
0.5519208661417323
0
LINE
8
BLACK
6
CONTINUOUS
10
0.9944085039370079
20
0.5519208661417323
11
0.9943774409448819
21
0.5519745669291338
0
LINE
8
BLACK
6
CONTINUOUS
10
0.9943774409448819
20
0.5519745669291338
11
0.994323779527559
21
0.5519209055118111
0
LINE
8
BLACK
6
CONTINUOUS
10
0.994323779527559
20
0.5519209055118111
11
0.9935002755905512
21
0.5514454330708661
0
LINE
8
BLACK
6
CONTINUOUS
10
0.9935002755905512
20
0.5514454330708661
11
0.992788937007874
21
0.5508146456692913
0
LINE
8
BLACK
6
CONTINUOUS
10
0.992788937007874
20
0.5508146456692913
11
0.9871646456692913
21
0.5480024803149606
0
LINE
8
BLACK
6
CONTINUOUS
10
0.9871646456692913
20
0.5480024803149606
11
0.9858346850393701
21
0.54773031496063
0
LINE
8
BLACK
6
CONTINUOUS
10
0.9858346850393701
20
0.54773031496063
11
0.9845236220472441
21
0.5473790157480315
0
LINE
8
BLACK
6
CONTINUOUS
10
0.9845236220472441
20
0.5473790157480315
11
0.9788992913385827
21
0.5473790157480315
0
LINE
8
BLACK
6
CONTINUOUS
10
0.9788992913385827
20
0.5473790157480315
11
0.9775882283464566
21
0.5477302755905512
0
LINE
8
BLACK
6
CONTINUOUS
10
0.9775882283464566
20
0.5477302755905512
11
0.9762582283464567
21
0.5480024803149606
0
LINE
8
BLACK
6
CONTINUOUS
10
0.9762582283464567
20
0.5480024803149606
11
0.9706339763779527
21
0.5508146456692913
0
LINE
8
BLACK
6
CONTINUOUS
10
0.9706339763779527
20
0.5508146456692913
11
0.9699225984251968
21
0.5514454330708661
0
LINE
8
BLACK
6
CONTINUOUS
10
0.9699225984251968
20
0.5514454330708661
11
0.9690991338582677
21
0.5519209055118111
0
LINE
8
BLACK
6
CONTINUOUS
10
0.9690991338582677
20
0.5519209055118111
11
0.9662870078740158
21
0.5547330708661418
0
LINE
8
BLACK
6
CONTINUOUS
10
0.9662870078740158
20
0.5547330708661418
11
0.9658116141732284
21
0.5555564566929134
0
LINE
8
BLACK
6
CONTINUOUS
10
0.9658116141732284
20
0.5555564566929134
11
0.9651808267716535
21
0.5562678346456693
0
LINE
8
BLACK
6
CONTINUOUS
10
0.9651808267716535
20
0.5562678346456693
11
0.9623686614173228
21
0.561892125984252
0
LINE
8
BLACK
6
CONTINUOUS
10
0.9623686614173228
20
0.561892125984252
11
0.9620964960629921
21
0.5632220472440945
0
LINE
8
BLACK
6
CONTINUOUS
10
0.9620964960629921
20
0.5632220472440945
11
0.9617451968503937
21
0.5645331496062992
0
LINE
8
BLACK
6
CONTINUOUS
10
0.9617451968503937
20
0.5645331496062992
11
0.9617451968503937
21
0.5842181889763779
0
LINE
8
BLACK
6
CONTINUOUS
10
0.9617451968503937
20
0.5842181889763779
11
0.9625363779527559
21
0.5871709448818897
0
LINE
8
BLACK
6
CONTINUOUS
10
0.9625363779527559
20
0.5871709448818897
11
0.9646979527559055
21
0.5893325196850393
0
LINE
8
BLACK
6
CONTINUOUS
10
0.9646979527559055
20
0.5893325196850393
11
0.9676507086614173
21
0.5901237007874015
0
LINE
8
BLACK
6
CONTINUOUS
10
0.9676507086614173
20
0.5901237007874015
11
1.0267058267716536
21
0.5901237007874015
0
LINE
8
BLACK
6
CONTINUOUS
10
1.0267058267716536
20
0.5901237007874015
11
1.0296585826771654
21
0.5893325196850393
0
LINE
8
BLACK
6
CONTINUOUS
10
1.0016777165354331
20
0.5654914960629921
11
1.0037459448818897
21
0.5592866929133858
0
LINE
8
BLACK
6
CONTINUOUS
10
1.0037459448818897
20
0.5592866929133858
11
1.0048946456692913
21
0.5581379921259843
0
LINE
8
BLACK
6
CONTINUOUS
10
1.0048946456692913
20
0.5581379921259843
11
1.0084148818897638
21
0.5563779133858268
0
LINE
8
BLACK
6
CONTINUOUS
10
1.0084148818897638
20
0.5563779133858268
11
1.0140631496062993
21
0.5563779133858268
0
LINE
8
BLACK
6
CONTINUOUS
10
1.0140631496062993
20
0.5563779133858268
11
1.017583307086614
21
0.5581379527559055
0
LINE
8
BLACK
6
CONTINUOUS
10
1.017583307086614
20
0.5581379527559055
11
1.0190401968503937
21
0.5595948425196851
0
LINE
8
BLACK
6
CONTINUOUS
10
1.0190401968503937
20
0.5595948425196851
11
1.02080031496063
21
0.5631150393700787
0
LINE
8
BLACK
6
CONTINUOUS
10
1.02080031496063
20
0.5631150393700787
11
1.02080031496063
21
0.5783126771653543
0
LINE
8
BLACK
6
CONTINUOUS
10
1.02080031496063
20
0.5783126771653543
11
1.0016777165354331
21
0.5783126771653543
0
LINE
8
BLACK
6
CONTINUOUS
10
1.0016777165354331
20
0.5783126771653543
11
1.0016777165354331
21
0.5654914960629921
0
LINE
8
BLACK
6
CONTINUOUS
10
0.9735562204724409
20
0.5659272440944881
11
0.9753163385826772
21
0.562406968503937
0
LINE
8
BLACK
6
CONTINUOUS
10
0.9753163385826772
20
0.562406968503937
11
0.9767731889763779
21
0.5609501181102362
0
LINE
8
BLACK
6
CONTINUOUS
10
0.9767731889763779
20
0.5609501181102362
11
0.9802933858267716
21
0.5591900393700787
0
LINE
8
BLACK
6
CONTINUOUS
10
0.9802933858267716
20
0.5591900393700787
11
0.9831295275590551
21
0.5591900393700787
0
LINE
8
BLACK
6
CONTINUOUS
10
0.9831295275590551
20
0.5591900393700787
11
0.9866497244094488
21
0.560950157480315
0
LINE
8
BLACK
6
CONTINUOUS
10
0.9866497244094488
20
0.560950157480315
11
0.9881065354330708
21
0.5624070078740158
0
LINE
8
BLACK
6
CONTINUOUS
10
0.9881065354330708
20
0.5624070078740158
11
0.9898666929133858
21
0.5659272440944881
0
LINE
8
BLACK
6
CONTINUOUS
10
0.9898666929133858
20
0.5659272440944881
11
0.9898666929133858
21
0.5783126771653543
0
LINE
8
BLACK
6
CONTINUOUS
10
0.9898666929133858
20
0.5783126771653543
11
0.9735562204724409
21
0.5783126771653543
0
LINE
8
BLACK
6
CONTINUOUS
10
0.9735562204724409
20
0.5783126771653543
11
0.9735562204724409
21
0.5659272440944881
0
LINE
8
BLACK
6
CONTINUOUS
10
1.1196585826771652
20
0.6046418503937008
11
1.1218201574803148
21
0.6024802755905512
0
LINE
8
BLACK
6
CONTINUOUS
10
1.1218201574803148
20
0.6024802755905512
11
1.122611338582677
21
0.5995275196850394
0
LINE
8
BLACK
6
CONTINUOUS
10
1.122611338582677
20
0.5995275196850394
11
1.122611338582677
21
0.5854667716535433
0
LINE
8
BLACK
6
CONTINUOUS
10
1.122611338582677
20
0.5854667716535433
11
1.1223652755905511
21
0.5845484251968504
0
LINE
8
BLACK
6
CONTINUOUS
10
1.1223652755905511
20
0.5845484251968504
11
1.1223083070866142
21
0.5835992913385827
0
LINE
8
BLACK
6
CONTINUOUS
10
1.1223083070866142
20
0.5835992913385827
11
1.1194961811023623
21
0.5751628346456693
0
LINE
8
BLACK
6
CONTINUOUS
10
1.1194961811023623
20
0.5751628346456693
11
1.1187482283464567
21
0.5740300393700787
0
LINE
8
BLACK
6
CONTINUOUS
10
1.1187482283464567
20
0.5740300393700787
11
1.1180695275590551
21
0.5728544881889763
0
LINE
8
BLACK
6
CONTINUOUS
10
1.1180695275590551
20
0.5728544881889763
11
1.1124451968503937
21
0.5672301968503937
0
LINE
8
BLACK
6
CONTINUOUS
10
1.1124451968503937
20
0.5672301968503937
11
1.1116217716535433
21
0.5667547637795275
0
LINE
8
BLACK
6
CONTINUOUS
10
1.1116217716535433
20
0.5667547637795275
11
1.1109103937007874
21
0.5661239763779528
0
LINE
8
BLACK
6
CONTINUOUS
10
1.1109103937007874
20
0.5661239763779528
11
1.1052861023622047
21
0.563311811023622
0
LINE
8
BLACK
6
CONTINUOUS
10
1.1052861023622047
20
0.563311811023622
11
1.1046473228346456
21
0.563181062992126
0
LINE
8
BLACK
6
CONTINUOUS
10
1.1046473228346456
20
0.563181062992126
11
1.1040773622047244
21
0.56286468503937
0
LINE
8
BLACK
6
CONTINUOUS
10
1.1040773622047244
20
0.56286468503937
11
1.0928287795275591
21
0.5600525590551181
0
LINE
8
BLACK
6
CONTINUOUS
10
1.0928287795275591
20
0.5600525590551181
11
1.0921003149606299
21
0.5600648031496063
0
LINE
8
BLACK
6
CONTINUOUS
10
1.0921003149606299
20
0.5600648031496063
11
1.091396496062992
21
0.5598762204724409
0
LINE
8
BLACK
6
CONTINUOUS
10
1.091396496062992
20
0.5598762204724409
11
1.0829600393700787
21
0.5598762204724409
0
LINE
8
BLACK
6
CONTINUOUS
10
1.0829600393700787
20
0.5598762204724409
11
1.0822561811023621
21
0.5600648031496063
0
LINE
8
BLACK
6
CONTINUOUS
10
1.0822561811023621
20
0.5600648031496063
11
1.0815277559055119
21
0.5600525590551181
0
LINE
8
BLACK
6
CONTINUOUS
10
1.0815277559055119
20
0.5600525590551181
11
1.0702791732283465
21
0.56286468503937
0
LINE
8
BLACK
6
CONTINUOUS
10
1.0702791732283465
20
0.56286468503937
11
1.0697092125984251
21
0.563181062992126
0
LINE
8
BLACK
6
CONTINUOUS
10
1.0697092125984251
20
0.563181062992126
11
1.0690703937007873
21
0.563311811023622
0
LINE
8
BLACK
6
CONTINUOUS
10
1.0690703937007873
20
0.563311811023622
11
1.0634461417322834
21
0.5661239763779528
0
LINE
8
BLACK
6
CONTINUOUS
10
1.0634461417322834
20
0.5661239763779528
11
1.0627347637795275
21
0.5667547637795275
0
LINE
8
BLACK
6
CONTINUOUS
10
1.0627347637795275
20
0.5667547637795275
11
1.0619113385826771
21
0.5672301968503937
0
LINE
8
BLACK
6
CONTINUOUS
10
1.0619113385826771
20
0.5672301968503937
11
1.0562870472440944
21
0.5728544881889763
0
LINE
8
BLACK
6
CONTINUOUS
10
1.0562870472440944
20
0.5728544881889763
11
1.0556083858267715
21
0.5740299212598425
0
LINE
8
BLACK
6
CONTINUOUS
10
1.0556083858267715
20
0.5740299212598425
11
1.0548603937007874
21
0.5751628346456693
0
LINE
8
BLACK
6
CONTINUOUS
10
1.0548603937007874
20
0.5751628346456693
11
1.0520482677165355
21
0.5835992913385827
0
LINE
8
BLACK
6
CONTINUOUS
10
1.0520482677165355
20
0.5835992913385827
11
1.0519912598425196
21
0.5845483070866142
0
LINE
8
BLACK
6
CONTINUOUS
10
1.0519912598425196
20
0.5845483070866142
11
1.0517451968503937
21
0.5854667716535433
0
LINE
8
BLACK
6
CONTINUOUS
10
1.0517451968503937
20
0.5854667716535433
11
1.0517451968503937
21
0.5995275196850394
0
LINE
8
BLACK
6
CONTINUOUS
10
1.0517451968503937
20
0.5995275196850394
11
1.0525363779527559
21
0.6024802755905512
0
LINE
8
BLACK
6
CONTINUOUS
10
1.0525363779527559
20
0.6024802755905512
11
1.0546979527559055
21
0.6046418503937008
0
LINE
8
BLACK
6
CONTINUOUS
10
1.0546979527559055
20
0.6046418503937008
11
1.0576507086614173
21
0.605433031496063
0
LINE
8
BLACK
6
CONTINUOUS
10
1.0576507086614173
20
0.605433031496063
11
1.1167058267716534
21
0.605433031496063
0
LINE
8
BLACK
6
CONTINUOUS
10
1.1167058267716534
20
0.605433031496063
11
1.1196585826771652
21
0.6046418503937008
0
LINE
8
BLACK
6
CONTINUOUS
10
1.0635562204724409
20
0.5864250393700787
11
1.0656244488188975
21
0.5802203543307086
0
LINE
8
BLACK
6
CONTINUOUS
10
1.0656244488188975
20
0.5802203543307086
11
1.0695853543307086
21
0.5762594488188977
0
LINE
8
BLACK
6
CONTINUOUS
10
1.0695853543307086
20
0.5762594488188977
11
1.0737727165354329
21
0.5741657874015748
0
LINE
8
BLACK
6
CONTINUOUS
10
1.0737727165354329
20
0.5741657874015748
11
1.083686968503937
21
0.5716872440944881
0
LINE
8
BLACK
6
CONTINUOUS
10
1.083686968503937
20
0.5716872440944881
11
1.0906695669291337
21
0.5716872440944881
0
LINE
8
BLACK
6
CONTINUOUS
10
1.0906695669291337
20
0.5716872440944881
11
1.100583779527559
21
0.574165748031496
0
LINE
8
BLACK
6
CONTINUOUS
10
1.100583779527559
20
0.574165748031496
11
1.1047711811023622
21
0.5762594881889763
0
LINE
8
BLACK
6
CONTINUOUS
10
1.1047711811023622
20
0.5762594881889763
11
1.1087320472440945
21
0.5802203149606299
0
LINE
8
BLACK
6
CONTINUOUS
10
1.1087320472440945
20
0.5802203149606299
11
1.1108003149606298
21
0.5864251181102362
0
LINE
8
BLACK
6
CONTINUOUS
10
1.1108003149606298
20
0.5864251181102362
11
1.1108003149606298
21
0.5936220078740158
0
LINE
8
BLACK
6
CONTINUOUS
10
1.1108003149606298
20
0.5936220078740158
11
1.0635562204724409
21
0.5936220078740158
0
LINE
8
BLACK
6
CONTINUOUS
10
1.0635562204724409
20
0.5936220078740158
11
1.0635562204724409
21
0.5864250393700787
0
LINE
8
BLACK
6
CONTINUOUS
10
1.0296585826771654
20
0.6877577165354331
11
1.031820157480315
21
0.6855961417322834
0
LINE
8
BLACK
6
CONTINUOUS
10
1.031820157480315
20
0.6855961417322834
11
1.0326113385826772
21
0.6826433858267716
0
LINE
8
BLACK
6
CONTINUOUS
10
1.0326113385826772
20
0.6826433858267716
11
1.0326113385826772
21
0.6545218897637796
0
LINE
8
BLACK
6
CONTINUOUS
10
1.0326113385826772
20
0.6545218897637796
11
1.031820157480315
21
0.6515691338582678
0
LINE
8
BLACK
6
CONTINUOUS
10
1.031820157480315
20
0.6515691338582678
11
1.0296585826771654
21
0.649407559055118
0
LINE
8
BLACK
6
CONTINUOUS
10
1.0296585826771654
20
0.649407559055118
11
1.028052874015748
21
0.6489773228346457
0
LINE
8
BLACK
6
CONTINUOUS
10
1.028052874015748
20
0.6489773228346457
11
1.0306239763779528
21
0.6476918110236221
0
LINE
8
BLACK
6
CONTINUOUS
10
1.0306239763779528
20
0.6476918110236221
11
1.0323083070866141
21
0.645140748031496
0
LINE
8
BLACK
6
CONTINUOUS
10
1.0323083070866141
20
0.645140748031496
11
1.0324914566929133
21
0.6420893307086614
0
LINE
8
BLACK
6
CONTINUOUS
10
1.0324914566929133
20
0.6420893307086614
11
1.03112437007874
21
0.6393551181102362
0
LINE
8
BLACK
6
CONTINUOUS
10
1.03112437007874
20
0.6393551181102362
11
1.0285733070866141
21
0.6376708267716535
0
LINE
8
BLACK
6
CONTINUOUS
10
1.0285733070866141
20
0.6376708267716535
11
1.0157384645669292
21
0.6333925196850394
0
LINE
8
BLACK
6
CONTINUOUS
10
1.0157384645669292
20
0.6333925196850394
11
1.0157384645669292
21
0.6137838976377953
0
LINE
8
BLACK
6
CONTINUOUS
10
1.0157384645669292
20
0.6137838976377953
11
1.0285733070866141
21
0.6095056299212598
0
LINE
8
BLACK
6
CONTINUOUS
10
1.0285733070866141
20
0.6095056299212598
11
1.03112437007874
21
0.6078213385826772
0
LINE
8
BLACK
6
CONTINUOUS
10
1.03112437007874
20
0.6078213385826772
11
1.0324914566929133
21
0.605087125984252
0
LINE
8
BLACK
6
CONTINUOUS
10
1.0324914566929133
20
0.605087125984252
11
1.0323083070866141
21
0.6020357086614173
0
LINE
8
BLACK
6
CONTINUOUS
10
1.0323083070866141
20
0.6020357086614173
11
1.0306239763779528
21
0.5994846456692913
0
LINE
8
BLACK
6
CONTINUOUS
10
1.0306239763779528
20
0.5994846456692913
11
1.0278897637795275
21
0.5981175590551181
0
LINE
8
BLACK
6
CONTINUOUS
10
1.0278897637795275
20
0.5981175590551181
11
1.0248383464566928
21
0.5983007086614173
0
LINE
8
BLACK
6
CONTINUOUS
10
1.0248383464566928
20
0.5983007086614173
11
0.9657832283464567
21
0.6179857874015748
0
LINE
8
BLACK
6
CONTINUOUS
10
0.9657832283464567
20
0.6179857874015748
11
0.9647935039370078
21
0.6186392125984251
0
LINE
8
BLACK
6
CONTINUOUS
10
0.9647935039370078
20
0.6186392125984251
11
0.9637325590551181
21
0.6191697244094488
0
LINE
8
BLACK
6
CONTINUOUS
10
0.9637325590551181
20
0.6191697244094488
11
0.9635335433070866
21
0.619471062992126
0
LINE
8
BLACK
6
CONTINUOUS
10
0.9635335433070866
20
0.619471062992126
11
0.9632322047244094
21
0.6196700787401574
0
LINE
8
BLACK
6
CONTINUOUS
10
0.9632322047244094
20
0.6196700787401574
11
0.9627016929133858
21
0.6207310236220472
0
LINE
8
BLACK
6
CONTINUOUS
10
0.9627016929133858
20
0.6207310236220472
11
0.9620482677165354
21
0.621720748031496
0
LINE
8
BLACK
6
CONTINUOUS
10
0.9620482677165354
20
0.621720748031496
11
0.9620266141732283
21
0.6220811811023622
0
LINE
8
BLACK
6
CONTINUOUS
10
0.9620266141732283
20
0.6220811811023622
11
0.9618650787401575
21
0.6224042913385827
0
LINE
8
BLACK
6
CONTINUOUS
10
0.9618650787401575
20
0.6224042913385827
11
0.9619361417322835
21
0.6235882283464567
0
LINE
8
BLACK
6
CONTINUOUS
10
0.9619361417322835
20
0.6235882283464567
11
0.9618650787401575
21
0.6247721653543307
0
LINE
8
BLACK
6
CONTINUOUS
10
0.9618650787401575
20
0.6247721653543307
11
0.9620266141732283
21
0.6250952362204725
0
LINE
8
BLACK
6
CONTINUOUS
10
0.9620266141732283
20
0.6250952362204725
11
0.9620482677165354
21
0.6254557086614173
0
LINE
8
BLACK
6
CONTINUOUS
10
0.9620482677165354
20
0.6254557086614173
11
0.9627016929133858
21
0.6264453937007873
0
LINE
8
BLACK
6
CONTINUOUS
10
0.9627016929133858
20
0.6264453937007873
11
0.9632322047244094
21
0.6275063779527559
0
LINE
8
BLACK
6
CONTINUOUS
10
0.9632322047244094
20
0.6275063779527559
11
0.9635335433070866
21
0.6277053543307086
0
LINE
8
BLACK
6
CONTINUOUS
10
0.9635335433070866
20
0.6277053543307086
11
0.9637325590551181
21
0.6280067322834646
0
LINE
8
BLACK
6
CONTINUOUS
10
0.9637325590551181
20
0.6280067322834646
11
0.9647935039370078
21
0.6285372047244094
0
LINE
8
BLACK
6
CONTINUOUS
10
0.9647935039370078
20
0.6285372047244094
11
0.9657832283464567
21
0.6291906692913386
0
LINE
8
BLACK
6
CONTINUOUS
10
0.9657832283464567
20
0.6291906692913386
11
1.0248383464566928
21
0.6488757480314961
0
LINE
8
BLACK
6
CONTINUOUS
10
1.0248383464566928
20
0.6488757480314961
11
1.0255731889763779
21
0.648919842519685
0
LINE
8
BLACK
6
CONTINUOUS
10
1.0255731889763779
20
0.648919842519685
11
1.0237530708661418
21
0.649407559055118
0
LINE
8
BLACK
6
CONTINUOUS
10
1.0237530708661418
20
0.649407559055118
11
1.0215914960629922
21
0.6515691338582678
0
LINE
8
BLACK
6
CONTINUOUS
10
1.0215914960629922
20
0.6515691338582678
11
1.02080031496063
21
0.6545218897637796
0
LINE
8
BLACK
6
CONTINUOUS
10
1.02080031496063
20
0.6545218897637796
11
1.02080031496063
21
0.676737874015748
0
LINE
8
BLACK
6
CONTINUOUS
10
1.02080031496063
20
0.676737874015748
11
0.9676507086614173
21
0.676737874015748
0
LINE
8
BLACK
6
CONTINUOUS
10
0.9676507086614173
20
0.676737874015748
11
0.9646979527559055
21
0.6775290551181102
0
LINE
8
BLACK
6
CONTINUOUS
10
0.9646979527559055
20
0.6775290551181102
11
0.9625363779527559
21
0.6796906299212598
0
LINE
8
BLACK
6
CONTINUOUS
10
0.9625363779527559
20
0.6796906299212598
11
0.9617451968503937
21
0.6826433858267716
0
LINE
8
BLACK
6
CONTINUOUS
10
0.9617451968503937
20
0.6826433858267716
11
0.9625363779527559
21
0.6855961417322834
0
LINE
8
BLACK
6
CONTINUOUS
10
0.9625363779527559
20
0.6855961417322834
11
0.9646979527559055
21
0.6877577165354331
0
LINE
8
BLACK
6
CONTINUOUS
10
0.9646979527559055
20
0.6877577165354331
11
0.9676507086614173
21
0.6885488976377953
0
LINE
8
BLACK
6
CONTINUOUS
10
0.9676507086614173
20
0.6885488976377953
11
1.0267058267716536
21
0.6885488976377953
0
LINE
8
BLACK
6
CONTINUOUS
10
1.0267058267716536
20
0.6885488976377953
11
1.0296585826771654
21
0.6877577165354331
0
LINE
8
BLACK
6
CONTINUOUS
10
0.9863255118110236
20
0.6235882283464567
11
1.003927440944882
21
0.617720905511811
0
LINE
8
BLACK
6
CONTINUOUS
10
1.003927440944882
20
0.617720905511811
11
1.003927440944882
21
0.6294555118110237
0
LINE
8
BLACK
6
CONTINUOUS
10
1.003927440944882
20
0.6294555118110237
11
0.9863255118110236
21
0.6235882283464567
0
LINE
8
BLACK
6
CONTINUOUS
10
1.1206239763779526
20
0.6630011417322834
11
1.1223083070866142
21
0.6604500787401575
0
LINE
8
BLACK
6
CONTINUOUS
10
1.1223083070866142
20
0.6604500787401575
11
1.1224914566929134
21
0.6573986614173228
0
LINE
8
BLACK
6
CONTINUOUS
10
1.1224914566929134
20
0.6573986614173228
11
1.1211243700787401
21
0.6546644488188976
0
LINE
8
BLACK
6
CONTINUOUS
10
1.1211243700787401
20
0.6546644488188976
11
1.1185733070866142
21
0.6529801574803149
0
LINE
8
BLACK
6
CONTINUOUS
10
1.1185733070866142
20
0.6529801574803149
11
1.105738464566929
21
0.6487018503937008
0
LINE
8
BLACK
6
CONTINUOUS
10
1.105738464566929
20
0.6487018503937008
11
1.105738464566929
21
0.6290932283464566
0
LINE
8
BLACK
6
CONTINUOUS
10
1.105738464566929
20
0.6290932283464566
11
1.1185733070866142
21
0.6248149606299213
0
LINE
8
BLACK
6
CONTINUOUS
10
1.1185733070866142
20
0.6248149606299213
11
1.1211243700787401
21
0.6231306692913385
0
LINE
8
BLACK
6
CONTINUOUS
10
1.1211243700787401
20
0.6231306692913385
11
1.1224914566929134
21
0.6203964566929133
0
LINE
8
BLACK
6
CONTINUOUS
10
1.1224914566929134
20
0.6203964566929133
11
1.1223083070866142
21
0.6173450393700787
0
LINE
8
BLACK
6
CONTINUOUS
10
1.1223083070866142
20
0.6173450393700787
11
1.1206239763779526
21
0.6147939763779527
0
LINE
8
BLACK
6
CONTINUOUS
10
1.1206239763779526
20
0.6147939763779527
11
1.1178897637795275
21
0.6134268897637795
0
LINE
8
BLACK
6
CONTINUOUS
10
1.1178897637795275
20
0.6134268897637795
11
1.1148383464566929
21
0.6136100393700787
0
LINE
8
BLACK
6
CONTINUOUS
10
1.1148383464566929
20
0.6136100393700787
11
1.0557832283464568
21
0.6332951181102362
0
LINE
8
BLACK
6
CONTINUOUS
10
1.0557832283464568
20
0.6332951181102362
11
1.0547935039370078
21
0.6339485433070866
0
LINE
8
BLACK
6
CONTINUOUS
10
1.0547935039370078
20
0.6339485433070866
11
1.0537325590551181
21
0.6344790551181102
0
LINE
8
BLACK
6
CONTINUOUS
10
1.0537325590551181
20
0.6344790551181102
11
1.0535335433070865
21
0.6347803937007874
0
LINE
8
BLACK
6
CONTINUOUS
10
1.0535335433070865
20
0.6347803937007874
11
1.0532322047244094
21
0.6349794094488189
0
LINE
8
BLACK
6
CONTINUOUS
10
1.0532322047244094
20
0.6349794094488189
11
1.0527016929133859
21
0.6360403543307086
0
LINE
8
BLACK
6
CONTINUOUS
10
1.0527016929133859
20
0.6360403543307086
11
1.0520482677165355
21
0.6370300787401575
0
LINE
8
BLACK
6
CONTINUOUS
10
1.0520482677165355
20
0.6370300787401575
11
1.0520266141732284
21
0.6373905118110236
0
LINE
8
BLACK
6
CONTINUOUS
10
1.0520266141732284
20
0.6373905118110236
11
1.0518650787401576
21
0.6377136220472441
0
LINE
8
BLACK
6
CONTINUOUS
10
1.0518650787401576
20
0.6377136220472441
11
1.0519361417322834
21
0.6388975590551181
0
LINE
8
BLACK
6
CONTINUOUS
10
1.0519361417322834
20
0.6388975590551181
11
1.0518650787401576
21
0.6400814960629921
0
LINE
8
BLACK
6
CONTINUOUS
10
1.0518650787401576
20
0.6400814960629921
11
1.0520266141732284
21
0.6404045669291338
0
LINE
8
BLACK
6
CONTINUOUS
10
1.0520266141732284
20
0.6404045669291338
11
1.0520482677165355
21
0.6407650393700787
0
LINE
8
BLACK
6
CONTINUOUS
10
1.0520482677165355
20
0.6407650393700787
11
1.0527016929133859
21
0.6417547244094488
0
LINE
8
BLACK
6
CONTINUOUS
10
1.0527016929133859
20
0.6417547244094488
11
1.0532322047244094
21
0.6428157086614174
0
LINE
8
BLACK
6
CONTINUOUS
10
1.0532322047244094
20
0.6428157086614174
11
1.0535335433070865
21
0.6430146850393701
0
LINE
8
BLACK
6
CONTINUOUS
10
1.0535335433070865
20
0.6430146850393701
11
1.0537325590551181
21
0.643316062992126
0
LINE
8
BLACK
6
CONTINUOUS
10
1.0537325590551181
20
0.643316062992126
11
1.0547935039370078
21
0.6438465354330708
0
LINE
8
BLACK
6
CONTINUOUS
10
1.0547935039370078
20
0.6438465354330708
11
1.0557832283464568
21
0.6445
0
LINE
8
BLACK
6
CONTINUOUS
10
1.0557832283464568
20
0.6445
11
1.1148383464566929
21
0.6641850787401574
0
LINE
8
BLACK
6
CONTINUOUS
10
1.1148383464566929
20
0.6641850787401574
11
1.1178897637795275
21
0.6643682283464567
0
LINE
8
BLACK
6
CONTINUOUS
10
1.1178897637795275
20
0.6643682283464567
11
1.1206239763779526
21
0.6630011417322834
0
LINE
8
BLACK
6
CONTINUOUS
10
1.0763255118110235
20
0.6388975590551181
11
1.0939274409448818
21
0.6330302362204724
0
LINE
8
BLACK
6
CONTINUOUS
10
1.0939274409448818
20
0.6330302362204724
11
1.0939274409448818
21
0.644764842519685
0
LINE
8
BLACK
6
CONTINUOUS
10
1.0939274409448818
20
0.644764842519685
11
1.0763255118110235
21
0.6388975590551181
0
LINE
8
BLACK
6
CONTINUOUS
10
1.0921003149606299
20
0.7177303149606299
11
1.0928287795275591
21
0.7177425984251968
0
LINE
8
BLACK
6
CONTINUOUS
10
1.0928287795275591
20
0.7177425984251968
11
1.1040773622047244
21
0.7149304724409449
0
LINE
8
BLACK
6
CONTINUOUS
10
1.1040773622047244
20
0.7149304724409449
11
1.1046473228346456
21
0.7146140551181103
0
LINE
8
BLACK
6
CONTINUOUS
10
1.1046473228346456
20
0.7146140551181103
11
1.1052861023622047
21
0.7144833464566929
0
LINE
8
BLACK
6
CONTINUOUS
10
1.1052861023622047
20
0.7144833464566929
11
1.1109103937007874
21
0.7116711811023622
0
LINE
8
BLACK
6
CONTINUOUS
10
1.1109103937007874
20
0.7116711811023622
11
1.1116217716535433
21
0.7110403543307087
0
LINE
8
BLACK
6
CONTINUOUS
10
1.1116217716535433
20
0.7110403543307087
11
1.1124451968503937
21
0.7105649606299212
0
LINE
8
BLACK
6
CONTINUOUS
10
1.1124451968503937
20
0.7105649606299212
11
1.1180695275590551
21
0.7049406692913386
0
LINE
8
BLACK
6
CONTINUOUS
10
1.1180695275590551
20
0.7049406692913386
11
1.1187482283464567
21
0.7037650787401575
0
LINE
8
BLACK
6
CONTINUOUS
10
1.1187482283464567
20
0.7037650787401575
11
1.1194961811023623
21
0.7026323228346456
0
LINE
8
BLACK
6
CONTINUOUS
10
1.1194961811023623
20
0.7026323228346456
11
1.1223083070866142
21
0.6941958661417322
0
LINE
8
BLACK
6
CONTINUOUS
10
1.1223083070866142
20
0.6941958661417322
11
1.1223652755905511
21
0.6932466929133858
0
LINE
8
BLACK
6
CONTINUOUS
10
1.1223652755905511
20
0.6932466929133858
11
1.122611338582677
21
0.6923283858267716
0
LINE
8
BLACK
6
CONTINUOUS
10
1.122611338582677
20
0.6923283858267716
11
1.122611338582677
21
0.6867040944881889
0
LINE
8
BLACK
6
CONTINUOUS
10
1.122611338582677
20
0.6867040944881889
11
1.1223652755905511
21
0.6857857480314961
0
LINE
8
BLACK
6
CONTINUOUS
10
1.1223652755905511
20
0.6857857480314961
11
1.1223083070866142
21
0.6848366141732284
0
LINE
8
BLACK
6
CONTINUOUS
10
1.1223083070866142
20
0.6848366141732284
11
1.1194961811023623
21
0.6764001574803149
0
LINE
8
BLACK
6
CONTINUOUS
10
1.1194961811023623
20
0.6764001574803149
11
1.1187481496062992
21
0.6752672440944881
0
LINE
8
BLACK
6
CONTINUOUS
10
1.1187481496062992
20
0.6752672440944881
11
1.1180694881889763
21
0.6740917716535433
0
LINE
8
BLACK
6
CONTINUOUS
10
1.1180694881889763
20
0.6740917716535433
11
1.1152573228346456
21
0.6712796456692913
0
LINE
8
BLACK
6
CONTINUOUS
10
1.1152573228346456
20
0.6712796456692913
11
1.1126099606299211
21
0.669751220472441
0
LINE
8
BLACK
6
CONTINUOUS
10
1.1126099606299211
20
0.669751220472441
11
1.1095530314960629
21
0.669751220472441
0
LINE
8
BLACK
6
CONTINUOUS
10
1.1095530314960629
20
0.669751220472441
11
1.1069056692913386
21
0.6712797244094488
0
LINE
8
BLACK
6
CONTINUOUS
10
1.1069056692913386
20
0.6712797244094488
11
1.1053772440944882
21
0.6739270866141732
0
LINE
8
BLACK
6
CONTINUOUS
10
1.1053772440944882
20
0.6739270866141732
11
1.1053772440944882
21
0.6769840157480315
0
LINE
8
BLACK
6
CONTINUOUS
10
1.1053772440944882
20
0.6769840157480315
11
1.1069057480314961
21
0.6796313779527559
0
LINE
8
BLACK
6
CONTINUOUS
10
1.1069057480314961
20
0.6796313779527559
11
1.1087320472440945
21
0.6814576377952756
0
LINE
8
BLACK
6
CONTINUOUS
10
1.1087320472440945
20
0.6814576377952756
11
1.1108003149606298
21
0.6876624409448818
0
LINE
8
BLACK
6
CONTINUOUS
10
1.1108003149606298
20
0.6876624409448818
11
1.1108003149606298
21
0.6913699999999999
0
LINE
8
BLACK
6
CONTINUOUS
10
1.1108003149606298
20
0.6913699999999999
11
1.1087320472440945
21
0.6975748031496063
0
LINE
8
BLACK
6
CONTINUOUS
10
1.1087320472440945
20
0.6975748031496063
11
1.1047711811023622
21
0.7015356299212598
0
LINE
8
BLACK
6
CONTINUOUS
10
1.1047711811023622
20
0.7015356299212598
11
1.100583779527559
21
0.7036293700787402
0
LINE
8
BLACK
6
CONTINUOUS
10
1.100583779527559
20
0.7036293700787402
11
1.0906695669291337
21
0.7061079133858268
0
LINE
8
BLACK
6
CONTINUOUS
10
1.0906695669291337
20
0.7061079133858268
11
1.083686968503937
21
0.7061079133858268
0
LINE
8
BLACK
6
CONTINUOUS
10
1.083686968503937
20
0.7061079133858268
11
1.0737727165354329
21
0.7036293307086614
0
LINE
8
BLACK
6
CONTINUOUS
10
1.0737727165354329
20
0.7036293307086614
11
1.0695853543307086
21
0.7015356692913386
0
LINE
8
BLACK
6
CONTINUOUS
10
1.0695853543307086
20
0.7015356692913386
11
1.0656244488188975
21
0.6975747637795275
0
LINE
8
BLACK
6
CONTINUOUS
10
1.0656244488188975
20
0.6975747637795275
11
1.0635562204724409
21
0.6913700787401574
0
LINE
8
BLACK
6
CONTINUOUS
10
1.0635562204724409
20
0.6913700787401574
11
1.0635562204724409
21
0.6876623622047244
0
LINE
8
BLACK
6
CONTINUOUS
10
1.0635562204724409
20
0.6876623622047244
11
1.0656244488188975
21
0.6814576771653543
0
LINE
8
BLACK
6
CONTINUOUS
10
1.0656244488188975
20
0.6814576771653543
11
1.0674508267716536
21
0.6796313385826771
0
LINE
8
BLACK
6
CONTINUOUS
10
1.0674508267716536
20
0.6796313385826771
11
1.0689792913385827
21
0.6769839763779527
0
LINE
8
BLACK
6
CONTINUOUS
10
1.0689792913385827
20
0.6769839763779527
11
1.0689792913385827
21
0.6739270472440945
0
LINE
8
BLACK
6
CONTINUOUS
10
1.0689792913385827
20
0.6739270472440945
11
1.0674508267716536
21
0.6712796850393701
0
LINE
8
BLACK
6
CONTINUOUS
10
1.0674508267716536
20
0.6712796850393701
11
1.0648034645669291
21
0.669751220472441
0
LINE
8
BLACK
6
CONTINUOUS
10
1.0648034645669291
20
0.669751220472441
11
1.0617465354330708
21
0.669751220472441
0
LINE
8
BLACK
6
CONTINUOUS
10
1.0617465354330708
20
0.669751220472441
11
1.0590991732283463
21
0.6712796850393701
0
LINE
8
BLACK
6
CONTINUOUS
10
1.0590991732283463
20
0.6712796850393701
11
1.0562870472440944
21
0.674091811023622
0
LINE
8
BLACK
6
CONTINUOUS
10
1.0562870472440944
20
0.674091811023622
11
1.0556083858267715
21
0.6752672440944881
0
LINE
8
BLACK
6
CONTINUOUS
10
1.0556083858267715
20
0.6752672440944881
11
1.0548603937007874
21
0.6764001574803149
0
LINE
8
BLACK
6
CONTINUOUS
10
1.0548603937007874
20
0.6764001574803149
11
1.0520482677165355
21
0.6848366141732284
0
LINE
8
BLACK
6
CONTINUOUS
10
1.0520482677165355
20
0.6848366141732284
11
1.0519912598425196
21
0.6857856299212598
0
LINE
8
BLACK
6
CONTINUOUS
10
1.0519912598425196
20
0.6857856299212598
11
1.0517451968503937
21
0.6867040944881889
0
LINE
8
BLACK
6
CONTINUOUS
10
1.0517451968503937
20
0.6867040944881889
11
1.0517451968503937
21
0.6923283858267716
0
LINE
8
BLACK
6
CONTINUOUS
10
1.0517451968503937
20
0.6923283858267716
11
1.0519912598425196
21
0.6932468110236221
0
LINE
8
BLACK
6
CONTINUOUS
10
1.0519912598425196
20
0.6932468110236221
11
1.0520482677165355
21
0.6941958661417322
0
LINE
8
BLACK
6
CONTINUOUS
10
1.0520482677165355
20
0.6941958661417322
11
1.0548603937007874
21
0.7026323228346456
0
LINE
8
BLACK
6
CONTINUOUS
10
1.0548603937007874
20
0.7026323228346456
11
1.0556083858267715
21
0.7037651968503937
0
LINE
8
BLACK
6
CONTINUOUS
10
1.0556083858267715
20
0.7037651968503937
11
1.0562870472440944
21
0.7049406692913386
0
LINE
8
BLACK
6
CONTINUOUS
10
1.0562870472440944
20
0.7049406692913386
11
1.0619113385826771
21
0.7105649606299212
0
LINE
8
BLACK
6
CONTINUOUS
10
1.0619113385826771
20
0.7105649606299212
11
1.0627347637795275
21
0.7110403543307087
0
LINE
8
BLACK
6
CONTINUOUS
10
1.0627347637795275
20
0.7110403543307087
11
1.0634461417322834
21
0.7116711811023622
0
LINE
8
BLACK
6
CONTINUOUS
10
1.0634461417322834
20
0.7116711811023622
11
1.0690703937007873
21
0.7144833464566929
0
LINE
8
BLACK
6
CONTINUOUS
10
1.0690703937007873
20
0.7144833464566929
11
1.0697092125984251
21
0.7146140551181103
0
LINE
8
BLACK
6
CONTINUOUS
10
1.0697092125984251
20
0.7146140551181103
11
1.0702791732283465
21
0.7149304724409449
0
LINE
8
BLACK
6
CONTINUOUS
10
1.0702791732283465
20
0.7149304724409449
11
1.0815277559055119
21
0.7177425984251968
0
LINE
8
BLACK
6
CONTINUOUS
10
1.0815277559055119
20
0.7177425984251968
11
1.0822561811023621
21
0.7177303149606299
0
LINE
8
BLACK
6
CONTINUOUS
10
1.0822561811023621
20
0.7177303149606299
11
1.0829600393700787
21
0.717918937007874
0
LINE
8
BLACK
6
CONTINUOUS
10
1.0829600393700787
20
0.717918937007874
11
1.091396496062992
21
0.717918937007874
0
LINE
8
BLACK
6
CONTINUOUS
10
1.091396496062992
20
0.717918937007874
11
1.0921003149606299
21
0.7177303149606299
0
LINE
8
BLACK
6
CONTINUOUS
10
1.0296585826771654
20
0.7552492913385827
11
1.031820157480315
21
0.753087716535433
0
LINE
8
BLACK
6
CONTINUOUS
10
1.031820157480315
20
0.753087716535433
11
1.0326113385826772
21
0.7501349606299212
0
LINE
8
BLACK
6
CONTINUOUS
10
1.0326113385826772
20
0.7501349606299212
11
1.031820157480315
21
0.7471822047244094
0
LINE
8
BLACK
6
CONTINUOUS
10
1.031820157480315
20
0.7471822047244094
11
1.0296585826771654
21
0.7450206299212598
0
LINE
8
BLACK
6
CONTINUOUS
10
1.0296585826771654
20
0.7450206299212598
11
1.0267058267716536
21
0.7442294488188976
0
LINE
8
BLACK
6
CONTINUOUS
10
1.0267058267716536
20
0.7442294488188976
11
0.9942701574803149
21
0.7442294488188976
0
LINE
8
BLACK
6
CONTINUOUS
10
0.9942701574803149
20
0.7442294488188976
11
1.01233031496063
21
0.7358013779527559
0
LINE
8
BLACK
6
CONTINUOUS
10
1.01233031496063
20
0.7358013779527559
11
1.0127292125984251
21
0.7354664566929133
0
LINE
8
BLACK
6
CONTINUOUS
10
1.0127292125984251
20
0.7354664566929133
11
1.0132188188976379
21
0.7352884251968503
0
LINE
8
BLACK
6
CONTINUOUS
10
1.0132188188976379
20
0.7352884251968503
11
1.0138818503937008
21
0.7344987007874015
0
LINE
8
BLACK
6
CONTINUOUS
10
1.0138818503937008
20
0.7344987007874015
11
1.0146714960629921
21
0.7338357480314961
0
LINE
8
BLACK
6
CONTINUOUS
10
1.0146714960629921
20
0.7338357480314961
11
1.0148494881889762
21
0.7333461811023622
0
LINE
8
BLACK
6
CONTINUOUS
10
1.0148494881889762
20
0.7333461811023622
11
1.0151844488188977
21
0.7329472834645669
0
LINE
8
BLACK
6
CONTINUOUS
10
1.0151844488188977
20
0.7329472834645669
11
1.015363779527559
21
0.7319318897637795
0
LINE
8
BLACK
6
CONTINUOUS
10
1.015363779527559
20
0.7319318897637795
11
1.0157161811023623
21
0.730962874015748
0
LINE
8
BLACK
6
CONTINUOUS
10
1.0157161811023623
20
0.730962874015748
11
1.0156255511811023
21
0.7304499212598425
0
LINE
8
BLACK
6
CONTINUOUS
10
1.0156255511811023
20
0.7304499212598425
11
1.0157161811023623
21
0.729936968503937
0
LINE
8
BLACK
6
CONTINUOUS
10
1.0157161811023623
20
0.729936968503937
11
1.015363779527559
21
0.7289679133858268
0
LINE
8
BLACK
6
CONTINUOUS
10
1.015363779527559
20
0.7289679133858268
11
1.0151844488188977
21
0.7279525590551181
0
LINE
8
BLACK
6
CONTINUOUS
10
1.0151844488188977
20
0.7279525590551181
11
1.0148494881889762
21
0.7275536220472441
0
LINE
8
BLACK
6
CONTINUOUS
10
1.0148494881889762
20
0.7275536220472441
11
1.0146714960629921
21
0.727064094488189
0
LINE
8
BLACK
6
CONTINUOUS
10
1.0146714960629921
20
0.727064094488189
11
1.0138818503937008
21
0.7264011023622047
0
LINE
8
BLACK
6
CONTINUOUS
10
1.0138818503937008
20
0.7264011023622047
11
1.0132188188976379
21
0.7256114173228346
0
LINE
8
BLACK
6
CONTINUOUS
10
1.0132188188976379
20
0.7256114173228346
11
1.0127292125984251
21
0.7254333464566929
0
LINE
8
BLACK
6
CONTINUOUS
10
1.0127292125984251
20
0.7254333464566929
11
1.01233031496063
21
0.7250984645669292
0
LINE
8
BLACK
6
CONTINUOUS
10
1.01233031496063
20
0.7250984645669292
11
0.9942701574803149
21
0.7166703937007873
0
LINE
8
BLACK
6
CONTINUOUS
10
0.9942701574803149
20
0.7166703937007873
11
1.0267058267716536
21
0.7166703937007873
0
LINE
8
BLACK
6
CONTINUOUS
10
1.0267058267716536
20
0.7166703937007873
11
1.0296585826771654
21
0.7158792125984251
0
LINE
8
BLACK
6
CONTINUOUS
10
1.0296585826771654
20
0.7158792125984251
11
1.031820157480315
21
0.7137176377952755
0
LINE
8
BLACK
6
CONTINUOUS
10
1.031820157480315
20
0.7137176377952755
11
1.0326113385826772
21
0.7107648818897637
0
LINE
8
BLACK
6
CONTINUOUS
10
1.0326113385826772
20
0.7107648818897637
11
1.031820157480315
21
0.7078121259842519
0
LINE
8
BLACK
6
CONTINUOUS
10
1.031820157480315
20
0.7078121259842519
11
1.0296585826771654
21
0.7056505511811023
0
LINE
8
BLACK
6
CONTINUOUS
10
1.0296585826771654
20
0.7056505511811023
11
1.0267058267716536
21
0.7048593700787401
0
LINE
8
BLACK
6
CONTINUOUS
10
1.0267058267716536
20
0.7048593700787401
11
0.9676507086614173
21
0.7048593700787401
0
LINE
8
BLACK
6
CONTINUOUS
10
0.9676507086614173
20
0.7048593700787401
11
0.9673966929133858
21
0.7049274015748032
0
LINE
8
BLACK
6
CONTINUOUS
10
0.9673966929133858
20
0.7049274015748032
11
0.9671377559055118
21
0.7048816929133858
0
LINE
8
BLACK
6
CONTINUOUS
10
0.9671377559055118
20
0.7048816929133858
11
0.9659346850393701
21
0.7053191338582677
0
LINE
8
BLACK
6
CONTINUOUS
10
0.9659346850393701
20
0.7053191338582677
11
0.9646979527559055
21
0.7056505511811023
0
LINE
8
BLACK
6
CONTINUOUS
10
0.9646979527559055
20
0.7056505511811023
11
0.9645119685039369
21
0.7058364960629921
0
LINE
8
BLACK
6
CONTINUOUS
10
0.9645119685039369
20
0.7058364960629921
11
0.9642648818897638
21
0.7059263779527559
0
LINE
8
BLACK
6
CONTINUOUS
10
0.9642648818897638
20
0.7059263779527559
11
0.9634417716535433
21
0.7069066929133858
0
LINE
8
BLACK
6
CONTINUOUS
10
0.9634417716535433
20
0.7069066929133858
11
0.9625363779527559
21
0.7078121259842519
0
LINE
8
BLACK
6
CONTINUOUS
10
0.9625363779527559
20
0.7078121259842519
11
0.9624683070866141
21
0.7080661417322834
0
LINE
8
BLACK
6
CONTINUOUS
10
0.9624683070866141
20
0.7080661417322834
11
0.962299251968504
21
0.7082675196850393
0
LINE
8
BLACK
6
CONTINUOUS
10
0.962299251968504
20
0.7082675196850393
11
0.9620765748031496
21
0.7095281102362204
0
LINE
8
BLACK
6
CONTINUOUS
10
0.9620765748031496
20
0.7095281102362204
11
0.9617451968503937
21
0.7107648818897637
0
LINE
8
BLACK
6
CONTINUOUS
10
0.9617451968503937
20
0.7107648818897637
11
0.9618132283464567
21
0.7110188582677165
0
LINE
8
BLACK
6
CONTINUOUS
10
0.9618132283464567
20
0.7110188582677165
11
0.9617675196850394
21
0.7112778346456693
0
LINE
8
BLACK
6
CONTINUOUS
10
0.9617675196850394
20
0.7112778346456693
11
0.9622049606299212
21
0.7124808661417322
0
LINE
8
BLACK
6
CONTINUOUS
10
0.9622049606299212
20
0.7124808661417322
11
0.9625363779527559
21
0.7137176377952755
0
LINE
8
BLACK
6
CONTINUOUS
10
0.9625363779527559
20
0.7137176377952755
11
0.9627223228346456
21
0.7139035826771654
0
LINE
8
BLACK
6
CONTINUOUS
10
0.9627223228346456
20
0.7139035826771654
11
0.9628122047244094
21
0.7141507086614173
0
LINE
8
BLACK
6
CONTINUOUS
10
0.9628122047244094
20
0.7141507086614173
11
0.9637925196850393
21
0.714973779527559
0
LINE
8
BLACK
6
CONTINUOUS
10
0.9637925196850393
20
0.714973779527559
11
0.9646979527559055
21
0.7158792125984251
0
LINE
8
BLACK
6
CONTINUOUS
10
0.9646979527559055
20
0.7158792125984251
11
0.9649519685039369
21
0.7159472440944882
0
LINE
8
BLACK
6
CONTINUOUS
10
0.9649519685039369
20
0.7159472440944882
11
0.9651533464566929
21
0.7161163385826772
0
LINE
8
BLACK
6
CONTINUOUS
10
0.9651533464566929
20
0.7161163385826772
11
0.9958681102362205
21
0.7304499212598425
0
LINE
8
BLACK
6
CONTINUOUS
10
0.9958681102362205
20
0.7304499212598425
11
0.9651533464566929
21
0.7447835039370079
0
LINE
8
BLACK
6
CONTINUOUS
10
0.9651533464566929
20
0.7447835039370079
11
0.9649519685039369
21
0.7449525590551181
0
LINE
8
BLACK
6
CONTINUOUS
10
0.9649519685039369
20
0.7449525590551181
11
0.9646979527559055
21
0.7450206299212598
0
LINE
8
BLACK
6
CONTINUOUS
10
0.9646979527559055
20
0.7450206299212598
11
0.9637925196850393
21
0.7459260236220472
0
LINE
8
BLACK
6
CONTINUOUS
10
0.9637925196850393
20
0.7459260236220472
11
0.9628122047244094
21
0.7467491338582677
0
LINE
8
BLACK
6
CONTINUOUS
10
0.9628122047244094
20
0.7467491338582677
11
0.9627223228346456
21
0.746996220472441
0
LINE
8
BLACK
6
CONTINUOUS
10
0.9627223228346456
20
0.746996220472441
11
0.9625363779527559
21
0.7471822047244094
0
LINE
8
BLACK
6
CONTINUOUS
10
0.9625363779527559
20
0.7471822047244094
11
0.9622049606299212
21
0.748418937007874
0
LINE
8
BLACK
6
CONTINUOUS
10
0.9622049606299212
20
0.748418937007874
11
0.9617675196850394
21
0.7496220078740158
0
LINE
8
BLACK
6
CONTINUOUS
10
0.9617675196850394
20
0.7496220078740158
11
0.9618132283464567
21
0.7498809448818897
0
LINE
8
BLACK
6
CONTINUOUS
10
0.9618132283464567
20
0.7498809448818897
11
0.9617451968503937
21
0.7501349606299212
0
LINE
8
BLACK
6
CONTINUOUS
10
0.9617451968503937
20
0.7501349606299212
11
0.9620765748031496
21
0.7513716929133858
0
LINE
8
BLACK
6
CONTINUOUS
10
0.9620765748031496
20
0.7513716929133858
11
0.962299251968504
21
0.7526323228346457
0
LINE
8
BLACK
6
CONTINUOUS
10
0.962299251968504
20
0.7526323228346457
11
0.9624683070866141
21
0.7528336614173228
0
LINE
8
BLACK
6
CONTINUOUS
10
0.9624683070866141
20
0.7528336614173228
11
0.9625363779527559
21
0.753087716535433
0
LINE
8
BLACK
6
CONTINUOUS
10
0.9625363779527559
20
0.753087716535433
11
0.9634417716535433
21
0.7539931102362205
0
LINE
8
BLACK
6
CONTINUOUS
10
0.9634417716535433
20
0.7539931102362205
11
0.9642648818897638
21
0.7549734645669292
0
LINE
8
BLACK
6
CONTINUOUS
10
0.9642648818897638
20
0.7549734645669292
11
0.9645119685039369
21
0.7550633070866142
0
LINE
8
BLACK
6
CONTINUOUS
10
0.9645119685039369
20
0.7550633070866142
11
0.9646979527559055
21
0.7552492913385827
0
LINE
8
BLACK
6
CONTINUOUS
10
0.9646979527559055
20
0.7552492913385827
11
0.9659346850393701
21
0.7555806692913386
0
LINE
8
BLACK
6
CONTINUOUS
10
0.9659346850393701
20
0.7555806692913386
11
0.9671377559055118
21
0.7560181496062992
0
LINE
8
BLACK
6
CONTINUOUS
10
0.9671377559055118
20
0.7560181496062992
11
0.9673966929133858
21
0.7559724015748032
0
LINE
8
BLACK
6
CONTINUOUS
10
0.9673966929133858
20
0.7559724015748032
11
0.9676507086614173
21
0.7560404724409449
0
LINE
8
BLACK
6
CONTINUOUS
10
0.9676507086614173
20
0.7560404724409449
11
1.0267058267716536
21
0.7560404724409449
0
LINE
8
BLACK
6
CONTINUOUS
10
1.0267058267716536
20
0.7560404724409449
11
1.0296585826771654
21
0.7552492913385827
0
LINE
8
BLACK
6
CONTINUOUS
10
1.117456811023622
20
0.7767728346456693
11
1.1182342913385825
21
0.7767728346456693
0
LINE
8
BLACK
6
CONTINUOUS
10
1.1182342913385825
20
0.7767728346456693
11
1.1189075984251968
21
0.776384094488189
0
LINE
8
BLACK
6
CONTINUOUS
10
1.1189075984251968
20
0.776384094488189
11
1.1196585826771652
21
0.776182874015748
0
LINE
8
BLACK
6
CONTINUOUS
10
1.1196585826771652
20
0.776182874015748
11
1.120208346456693
21
0.7756330708661417
0
LINE
8
BLACK
6
CONTINUOUS
10
1.120208346456693
20
0.7756330708661417
11
1.120881653543307
21
0.7752443700787401
0
LINE
8
BLACK
6
CONTINUOUS
10
1.120881653543307
20
0.7752443700787401
11
1.1212703543307085
21
0.774571062992126
0
LINE
8
BLACK
6
CONTINUOUS
10
1.1212703543307085
20
0.774571062992126
11
1.1218201574803148
21
0.7740212992125984
0
LINE
8
BLACK
6
CONTINUOUS
10
1.1218201574803148
20
0.7740212992125984
11
1.1220213779527559
21
0.7732703149606299
0
LINE
8
BLACK
6
CONTINUOUS
10
1.1220213779527559
20
0.7732703149606299
11
1.1224101181102362
21
0.7725970078740158
0
LINE
8
BLACK
6
CONTINUOUS
10
1.1224101181102362
20
0.7725970078740158
11
1.1224101181102362
21
0.7718194881889764
0
LINE
8
BLACK
6
CONTINUOUS
10
1.1224101181102362
20
0.7718194881889764
11
1.122611338582677
21
0.7710685433070866
0
LINE
8
BLACK
6
CONTINUOUS
10
1.122611338582677
20
0.7710685433070866
11
1.122611338582677
21
0.7345105905511811
0
LINE
8
BLACK
6
CONTINUOUS
10
1.122611338582677
20
0.7345105905511811
11
1.1218201574803148
21
0.7315578346456693
0
LINE
8
BLACK
6
CONTINUOUS
10
1.1218201574803148
20
0.7315578346456693
11
1.1196585826771652
21
0.7293962598425197
0
LINE
8
BLACK
6
CONTINUOUS
10
1.1196585826771652
20
0.7293962598425197
11
1.1167058267716534
21
0.7286050787401575
0
LINE
8
BLACK
6
CONTINUOUS
10
1.1167058267716534
20
0.7286050787401575
11
1.1137530708661416
21
0.7293962598425197
0
LINE
8
BLACK
6
CONTINUOUS
10
1.1137530708661416
20
0.7293962598425197
11
1.111591496062992
21
0.7315578346456693
0
LINE
8
BLACK
6
CONTINUOUS
10
1.111591496062992
20
0.7315578346456693
11
1.1108003149606298
21
0.7345105905511811
0
LINE
8
BLACK
6
CONTINUOUS
10
1.1108003149606298
20
0.7345105905511811
11
1.1108003149606298
21
0.7568113779527559
0
LINE
8
BLACK
6
CONTINUOUS
10
1.1108003149606298
20
0.7568113779527559
11
1.0871358661417323
21
0.7331469291338583
0
LINE
8
BLACK
6
CONTINUOUS
10
1.0871358661417323
20
0.7331469291338583
11
1.0859599212598425
21
0.7324679921259842
0
LINE
8
BLACK
6
CONTINUOUS
10
1.0859599212598425
20
0.7324679921259842
11
1.0848275196850394
21
0.7317203149606299
0
LINE
8
BLACK
6
CONTINUOUS
10
1.0848275196850394
20
0.7317203149606299
11
1.0763911417322833
21
0.7289081496062992
0
LINE
8
BLACK
6
CONTINUOUS
10
1.0763911417322833
20
0.7289081496062992
11
1.0754420472440944
21
0.7288511417322835
0
LINE
8
BLACK
6
CONTINUOUS
10
1.0754420472440944
20
0.7288511417322835
11
1.0745236220472441
21
0.7286050787401575
0
LINE
8
BLACK
6
CONTINUOUS
10
1.0745236220472441
20
0.7286050787401575
11
1.0688992913385826
21
0.7286050787401575
0
LINE
8
BLACK
6
CONTINUOUS
10
1.0688992913385826
20
0.7286050787401575
11
1.0675882283464566
21
0.7289563385826772
0
LINE
8
BLACK
6
CONTINUOUS
10
1.0675882283464566
20
0.7289563385826772
11
1.0662582283464566
21
0.7292285433070866
0
LINE
8
BLACK
6
CONTINUOUS
10
1.0662582283464566
20
0.7292285433070866
11
1.0606339763779526
21
0.7320407086614173
0
LINE
8
BLACK
6
CONTINUOUS
10
1.0606339763779526
20
0.7320407086614173
11
1.0599225984251968
21
0.7326714960629921
0
LINE
8
BLACK
6
CONTINUOUS
10
1.0599225984251968
20
0.7326714960629921
11
1.0590991338582676
21
0.733146968503937
0
LINE
8
BLACK
6
CONTINUOUS
10
1.0590991338582676
20
0.733146968503937
11
1.0562870078740156
21
0.7359591338582677
0
LINE
8
BLACK
6
CONTINUOUS
10
1.0562870078740156
20
0.7359591338582677
11
1.0558116141732283
21
0.7367825196850394
0
LINE
8
BLACK
6
CONTINUOUS
10
1.0558116141732283
20
0.7367825196850394
11
1.0551808267716536
21
0.7374938976377953
0
LINE
8
BLACK
6
CONTINUOUS
10
1.0551808267716536
20
0.7374938976377953
11
1.0523686614173229
21
0.7431181889763779
0
LINE
8
BLACK
6
CONTINUOUS
10
1.0523686614173229
20
0.7431181889763779
11
1.0520964960629922
21
0.7444481102362205
0
LINE
8
BLACK
6
CONTINUOUS
10
1.0520964960629922
20
0.7444481102362205
11
1.0517451968503937
21
0.7457592125984251
0
LINE
8
BLACK
6
CONTINUOUS
10
1.0517451968503937
20
0.7457592125984251
11
1.0517451968503937
21
0.7598199606299212
0
LINE
8
BLACK
6
CONTINUOUS
10
1.0517451968503937
20
0.7598199606299212
11
1.0520964960629922
21
0.7611310236220472
0
LINE
8
BLACK
6
CONTINUOUS
10
1.0520964960629922
20
0.7611310236220472
11
1.0523686614173229
21
0.7624609842519685
0
LINE
8
BLACK
6
CONTINUOUS
10
1.0523686614173229
20
0.7624609842519685
11
1.0551808267716536
21
0.7680852755905512
0
LINE
8
BLACK
6
CONTINUOUS
10
1.0551808267716536
20
0.7680852755905512
11
1.0558116141732283
21
0.7687966141732283
0
LINE
8
BLACK
6
CONTINUOUS
10
1.0558116141732283
20
0.7687966141732283
11
1.0562870472440944
21
0.7696200787401575
0
LINE
8
BLACK
6
CONTINUOUS
10
1.0562870472440944
20
0.7696200787401575
11
1.0590991732283463
21
0.7724322047244094
0
LINE
8
BLACK
6
CONTINUOUS
10
1.0590991732283463
20
0.7724322047244094
11
1.0617465354330708
21
0.7739606692913386
0
LINE
8
BLACK
6
CONTINUOUS
10
1.0617465354330708
20
0.7739606692913386
11
1.0648034645669291
21
0.7739606692913386
0
LINE
8
BLACK
6
CONTINUOUS
10
1.0648034645669291
20
0.7739606692913386
11
1.0674508267716536
21
0.7724322047244094
0
LINE
8
BLACK
6
CONTINUOUS
10
1.0674508267716536
20
0.7724322047244094
11
1.0689792913385827
21
0.769784842519685
0
LINE
8
BLACK
6
CONTINUOUS
10
1.0689792913385827
20
0.769784842519685
11
1.0689792913385827
21
0.7667279133858268
0
LINE
8
BLACK
6
CONTINUOUS
10
1.0689792913385827
20
0.7667279133858268
11
1.0674508267716536
21
0.7640805511811023
0
LINE
8
BLACK
6
CONTINUOUS
10
1.0674508267716536
20
0.7640805511811023
11
1.0653163385826772
21
0.761946062992126
0
LINE
8
BLACK
6
CONTINUOUS
10
1.0653163385826772
20
0.761946062992126
11
1.0635562204724409
21
0.7584258267716535
0
LINE
8
BLACK
6
CONTINUOUS
10
1.0635562204724409
20
0.7584258267716535
11
1.0635562204724409
21
0.7471533070866142
0
LINE
8
BLACK
6
CONTINUOUS
10
1.0635562204724409
20
0.7471533070866142
11
1.0653163385826772
21
0.743633031496063
0
LINE
8
BLACK
6
CONTINUOUS
10
1.0653163385826772
20
0.743633031496063
11
1.0667731889763779
21
0.7421761811023622
0
LINE
8
BLACK
6
CONTINUOUS
10
1.0667731889763779
20
0.7421761811023622
11
1.0702933858267716
21
0.7404161023622047
0
LINE
8
BLACK
6
CONTINUOUS
10
1.0702933858267716
20
0.7404161023622047
11
1.0735653149606299
21
0.7404161023622047
0
LINE
8
BLACK
6
CONTINUOUS
10
1.0735653149606299
20
0.7404161023622047
11
1.0797699606299211
21
0.7424843307086614
0
LINE
8
BLACK
6
CONTINUOUS
10
1.0797699606299211
20
0.7424843307086614
11
1.11253
21
0.7752443700787401
0
LINE
8
BLACK
6
CONTINUOUS
10
1.11253
20
0.7752443700787401
11
1.1132032677165353
21
0.7756330708661417
0
LINE
8
BLACK
6
CONTINUOUS
10
1.1132032677165353
20
0.7756330708661417
11
1.1137530708661416
21
0.776182874015748
0
LINE
8
BLACK
6
CONTINUOUS
10
1.1137530708661416
20
0.776182874015748
11
1.1145040157480315
21
0.776384094488189
0
LINE
8
BLACK
6
CONTINUOUS
10
1.1145040157480315
20
0.776384094488189
11
1.1151773622047243
21
0.7767728346456693
0
LINE
8
BLACK
6
CONTINUOUS
10
1.1151773622047243
20
0.7767728346456693
11
1.115954842519685
21
0.7767728346456693
0
LINE
8
BLACK
6
CONTINUOUS
10
1.115954842519685
20
0.7767728346456693
11
1.1167058267716534
21
0.7769740551181102
0
LINE
8
BLACK
6
CONTINUOUS
10
1.1167058267716534
20
0.7769740551181102
11
1.117456811023622
21
0.7767728346456693
0
LINE
8
BLACK
6
CONTINUOUS
10
1.1196585826771652
20
0.7986800787401575
11
1.1218201574803148
21
0.7965185039370078
0
LINE
8
BLACK
6
CONTINUOUS
10
1.1218201574803148
20
0.7965185039370078
11
1.122611338582677
21
0.793565748031496
0
LINE
8
BLACK
6
CONTINUOUS
10
1.122611338582677
20
0.793565748031496
11
1.1218201574803148
21
0.7906129921259842
0
LINE
8
BLACK
6
CONTINUOUS
10
1.1218201574803148
20
0.7906129921259842
11
1.1196585826771652
21
0.7884514173228346
0
LINE
8
BLACK
6
CONTINUOUS
10
1.1196585826771652
20
0.7884514173228346
11
1.1167058267716534
21
0.7876602362204724
0
LINE
8
BLACK
6
CONTINUOUS
10
1.1167058267716534
20
0.7876602362204724
11
1.0576507086614173
21
0.7876602362204724
0
LINE
8
BLACK
6
CONTINUOUS
10
1.0576507086614173
20
0.7876602362204724
11
1.0546979527559055
21
0.7884514173228346
0
LINE
8
BLACK
6
CONTINUOUS
10
1.0546979527559055
20
0.7884514173228346
11
1.0525363779527559
21
0.7906129921259842
0
LINE
8
BLACK
6
CONTINUOUS
10
1.0525363779527559
20
0.7906129921259842
11
1.0517451968503937
21
0.793565748031496
0
LINE
8
BLACK
6
CONTINUOUS
10
1.0517451968503937
20
0.793565748031496
11
1.0525363779527559
21
0.7965185039370078
0
LINE
8
BLACK
6
CONTINUOUS
10
1.0525363779527559
20
0.7965185039370078
11
1.0546979527559055
21
0.7986800787401575
0
LINE
8
BLACK
6
CONTINUOUS
10
1.0546979527559055
20
0.7986800787401575
11
1.0576507086614173
21
0.7994712598425197
0
LINE
8
BLACK
6
CONTINUOUS
10
1.0576507086614173
20
0.7994712598425197
11
1.1167058267716534
21
0.7994712598425197
0
LINE
8
BLACK
6
CONTINUOUS
10
1.1167058267716534
20
0.7994712598425197
11
1.1196585826771652
21
0.7986800787401575
0
LINE
8
BLACK
6
CONTINUOUS
10
1.1857331102362205
20
1.5872243307086613
11
1.1875635433070866
21
1.5851118897637795
0
LINE
8
BLACK
6
CONTINUOUS
10
1.1875635433070866
20
1.5851118897637795
11
1.188011811023622
21
1.5830511811023622
0
LINE
8
BLACK
6
CONTINUOUS
10
1.188011811023622
20
1.5830511811023622
11
1.188011811023622
21
0.0169488188976378
0
LINE
8
BLACK
6
CONTINUOUS
10
1.188011811023622
20
0.0169488188976378
11
1.1872243307086614
21
0.0142668897637795
0
LINE
8
BLACK
6
CONTINUOUS
10
1.1872243307086614
20
0.0142668897637795
11
1.1851118897637796
21
0.0124364566929134
0
LINE
8
BLACK
6
CONTINUOUS
10
1.1851118897637796
20
0.0124364566929134
11
1.1830511811023621
21
0.011988188976378
0
LINE
8
BLACK
6
CONTINUOUS
10
1.1830511811023621
20
0.011988188976378
11
0.0169488188976378
21
0.011988188976378
0
LINE
8
BLACK
6
CONTINUOUS
10
0.0169488188976378
20
0.011988188976378
11
0.0142668897637795
21
0.0127756692913386
0
LINE
8
BLACK
6
CONTINUOUS
10
0.0142668897637795
20
0.0127756692913386
11
0.0124364566929134
21
0.0148881102362205
0
LINE
8
BLACK
6
CONTINUOUS
10
0.0124364566929134
20
0.0148881102362205
11
0.011988188976378
21
0.0169488188976378
0
LINE
8
BLACK
6
CONTINUOUS
10
0.011988188976378
20
0.0169488188976378
11
0.011988188976378
21
0.9986893700787401
0
LINE
8
BLACK
6
CONTINUOUS
10
0.011988188976378
20
0.9986893700787401
11
0.011988188976378
21
1.5830511811023622
0
LINE
8
BLACK
6
CONTINUOUS
10
0.011988188976378
20
1.5830511811023622
11
0.0127756692913386
21
1.5857331102362204
0
LINE
8
BLACK
6
CONTINUOUS
10
0.0127756692913386
20
1.5857331102362204
11
0.0148881102362205
21
1.5875635433070865
0
LINE
8
BLACK
6
CONTINUOUS
10
0.0148881102362205
20
1.5875635433070865
11
0.0169488188976378
21
1.5880118110236221
0
LINE
8
BLACK
6
CONTINUOUS
10
0.0169488188976378
20
1.5880118110236221
11
1.1830511811023621
21
1.5880118110236221
0
LINE
8
BLACK
6
CONTINUOUS
10
1.1830511811023621
20
1.5880118110236221
11
1.1857331102362205
21
1.5872243307086613
0
LINE
8
BLACK
6
CONTINUOUS
10
0.050118937007874
20
0.9967264566929134
11
0.0501377952755905
21
0.9962941732283465
0
LINE
8
BLACK
6
CONTINUOUS
10
0.0501377952755905
20
0.9962941732283465
11
0.0501377952755905
21
0.9960753937007873
0
LINE
8
BLACK
6
CONTINUOUS
10
0.0501377952755905
20
0.9960753937007873
11
0.050280905511811
21
0.994850905511811
0
LINE
8
BLACK
6
CONTINUOUS
10
0.050280905511811
20
0.994850905511811
11
0.0502955511811024
21
0.9947074803149606
0
LINE
8
BLACK
6
CONTINUOUS
10
0.0502955511811024
20
0.9947074803149606
11
0.0505555905511811
21
0.9917352362204724
0
LINE
8
BLACK
6
CONTINUOUS
10
0.0505555905511811
20
0.9917352362204724
11
0.0506140157480315
21
0.9914523228346457
0
LINE
8
BLACK
6
CONTINUOUS
10
0.0506140157480315
20
0.9914523228346457
11
0.0506115354330709
21
0.991451811023622
0
LINE
8
BLACK
6
CONTINUOUS
10
0.0506115354330709
20
0.991451811023622
11
0.050675905511811
21
0.9911615354330708
0
LINE
8
BLACK
6
CONTINUOUS
10
0.050675905511811
20
0.9911615354330708
11
0.0506783858267717
21
0.9911621259842519
0
LINE
8
BLACK
6
CONTINUOUS
10
0.0506783858267717
20
0.9911621259842519
11
0.0507449606299213
21
0.9908811417322835
0
LINE
8
BLACK
6
CONTINUOUS
10
0.0507449606299213
20
0.9908811417322835
11
0.0517658661417323
21
0.9880761023622047
0
LINE
8
BLACK
6
CONTINUOUS
10
0.0517658661417323
20
0.9880761023622047
11
0.051813188976378
21
0.9879399999999999
0
LINE
8
BLACK
6
CONTINUOUS
10
0.051813188976378
20
0.9879399999999999
11
0.0527514566929134
21
0.9851086614173228
0
LINE
8
BLACK
6
CONTINUOUS
10
0.0527514566929134
20
0.9851086614173228
11
0.0528735039370079
21
0.9848469291338583
0
LINE
8
BLACK
6
CONTINUOUS
10
0.0528735039370079
20
0.9848469291338583
11
0.0528711023622047
21
0.9848457874015748
0
LINE
8
BLACK
6
CONTINUOUS
10
0.0528711023622047
20
0.9848457874015748
11
0.0530005511811024
21
0.9845784251968503
0
LINE
8
BLACK
6
CONTINUOUS
10
0.0530005511811024
20
0.9845784251968503
11
0.053002874015748
21
0.9845796062992126
0
LINE
8
BLACK
6
CONTINUOUS
10
0.053002874015748
20
0.9845796062992126
11
0.0531324015748031
21
0.9843216141732283
0
LINE
8
BLACK
6
CONTINUOUS
10
0.0531324015748031
20
0.9843216141732283
11
0.0547727952755905
21
0.9818275590551181
0
LINE
8
BLACK
6
CONTINUOUS
10
0.0547727952755905
20
0.9818275590551181
11
0.0548502755905512
21
0.981705905511811
0
LINE
8
BLACK
6
CONTINUOUS
10
0.0548502755905512
20
0.981705905511811
11
0.056416062992126
21
0.9791673622047243
0
LINE
8
BLACK
6
CONTINUOUS
10
0.056416062992126
20
0.9791673622047243
11
0.0565954724409449
21
0.9789404724409448
0
LINE
8
BLACK
6
CONTINUOUS
10
0.0565954724409449
20
0.9789404724409448
11
0.0565934251968504
21
0.9789388582677165
0
LINE
8
BLACK
6
CONTINUOUS
10
0.0565934251968504
20
0.9789388582677165
11
0.0567808267716535
21
0.9787088188976377
0
LINE
8
BLACK
6
CONTINUOUS
10
0.0567808267716535
20
0.9787088188976377
11
0.0567827952755905
21
0.9787104724409449
0
LINE
8
BLACK
6
CONTINUOUS
10
0.0567827952755905
20
0.9787104724409449
11
0.0569683464566929
21
0.9784892913385826
0
LINE
8
BLACK
6
CONTINUOUS
10
0.0569683464566929
20
0.9784892913385826
11
0.05914
21
0.9764404330708661
0
LINE
8
BLACK
6
CONTINUOUS
10
0.05914
20
0.9764404330708661
11
0.0592434251968504
21
0.9763399212598425
0
LINE
8
BLACK
6
CONTINUOUS
10
0.0592434251968504
20
0.9763399212598425
11
0.0799051968503937
21
0.9556781496062992
0
LINE
8
BLACK
6
CONTINUOUS
10
0.0799051968503937
20
0.9556781496062992
11
0.0803764566929134
21
0.9551329133858267
0
LINE
8
BLACK
6
CONTINUOUS
10
0.0803764566929134
20
0.9551329133858267
11
0.080946062992126
21
0.9543678346456693
0
LINE
8
BLACK
6
CONTINUOUS
10
0.080946062992126
20
0.9543678346456693
11
0.0809461811023622
21
0.9543676771653543
0
LINE
8
BLACK
6
CONTINUOUS
10
0.0809461811023622
20
0.9543676771653543
11
0.0824553937007874
21
0.9531012598425197
0
LINE
8
BLACK
6
CONTINUOUS
10
0.0824553937007874
20
0.9531012598425197
11
0.0827738188976378
21
0.9528095275590551
0
LINE
8
BLACK
6
CONTINUOUS
10
0.0827738188976378
20
0.9528095275590551
11
0.0829288582677165
21
0.9526544881889764
0
LINE
8
BLACK
6
CONTINUOUS
10
0.0829288582677165
20
0.9526544881889764
11
0.0838970078740157
21
0.951888937007874
0
LINE
8
BLACK
6
CONTINUOUS
10
0.0838970078740157
20
0.951888937007874
11
0.0840086220472441
21
0.9517979921259843
0
LINE
8
BLACK
6
CONTINUOUS
10
0.0840086220472441
20
0.9517979921259843
11
0.0862938582677165
21
0.9498805118110236
0
LINE
8
BLACK
6
CONTINUOUS
10
0.0862938582677165
20
0.9498805118110236
11
0.0865350787401575
21
0.9497218503937007
0
LINE
8
BLACK
6
CONTINUOUS
10
0.0865350787401575
20
0.9497218503937007
11
0.0865336614173228
21
0.9497197244094489
0
LINE
8
BLACK
6
CONTINUOUS
10
0.0865336614173228
20
0.9497197244094489
11
0.0867842519685039
21
0.9495601181102362
0
LINE
8
BLACK
6
CONTINUOUS
10
0.0867842519685039
20
0.9495601181102362
11
0.0867855905511811
21
0.9495622834645669
0
LINE
8
BLACK
6
CONTINUOUS
10
0.0867855905511811
20
0.9495622834645669
11
0.0870311811023622
21
0.9494107480314961
0
LINE
8
BLACK
6
CONTINUOUS
10
0.0870311811023622
20
0.9494107480314961
11
0.0897357086614173
21
0.9481496062992125
0
LINE
8
BLACK
6
CONTINUOUS
10
0.0897357086614173
20
0.9481496062992125
11
0.0898653937007874
21
0.948086811023622
0
LINE
8
BLACK
6
CONTINUOUS
10
0.0898653937007874
20
0.948086811023622
11
0.092531811023622
21
0.9467477165354331
0
LINE
8
BLACK
6
CONTINUOUS
10
0.092531811023622
20
0.9467477165354331
11
0.0928033070866142
21
0.946648937007874
0
LINE
8
BLACK
6
CONTINUOUS
10
0.0928033070866142
20
0.946648937007874
11
0.0928024015748031
21
0.9466464960629921
0
LINE
8
BLACK
6
CONTINUOUS
10
0.0928024015748031
20
0.9466464960629921
11
0.0930830708661417
21
0.946548937007874
0
LINE
8
BLACK
6
CONTINUOUS
10
0.0930830708661417
20
0.946548937007874
11
0.0930838976377953
21
0.9465513385826771
0
LINE
8
BLACK
6
CONTINUOUS
10
0.0930838976377953
20
0.9465513385826771
11
0.0933580708661417
21
0.9464604724409449
0
LINE
8
BLACK
6
CONTINUOUS
10
0.0933580708661417
20
0.9464604724409449
11
0.0962820472440945
21
0.9458566535433071
0
LINE
8
BLACK
6
CONTINUOUS
10
0.0962820472440945
20
0.9458566535433071
11
0.0964227165354331
21
0.9458254724409448
0
LINE
8
BLACK
6
CONTINUOUS
10
0.0964227165354331
20
0.9458254724409448
11
0.0989229921259843
21
0.9452329527559055
0
LINE
8
BLACK
6
CONTINUOUS
10
0.0989229921259843
20
0.9452329527559055
11
0.1013510236220472
21
0.9438482677165354
0
LINE
8
BLACK
6
CONTINUOUS
10
0.1013510236220472
20
0.9438482677165354
11
0.1026450393700787
21
0.9413706692913386
0
LINE
8
BLACK
6
CONTINUOUS
10
0.1026450393700787
20
0.9413706692913386
11
0.1027112992125984
21
0.9409363779527559
0
LINE
8
BLACK
6
CONTINUOUS
10
0.1027112992125984
20
0.9409363779527559
11
0.1027366141732283
21
0.9407008661417323
0
LINE
8
BLACK
6
CONTINUOUS
10
0.1027366141732283
20
0.9407008661417323
11
0.1027366535433071
21
0.940700590551181
0
LINE
8
BLACK
6
CONTINUOUS
10
0.1027366535433071
20
0.940700590551181
11
0.1047484251968504
21
0.935306968503937
0
LINE
8
BLACK
6
CONTINUOUS
10
0.1047484251968504
20
0.935306968503937
11
0.1047485039370079
21
0.9353067716535433
0
LINE
8
BLACK
6
CONTINUOUS
10
0.1047485039370079
20
0.9353067716535433
11
0.1081983464566929
21
0.9306983464566929
0
LINE
8
BLACK
6
CONTINUOUS
10
0.1081983464566929
20
0.9306983464566929
11
0.1128067716535433
21
0.9272485039370079
0
LINE
8
BLACK
6
CONTINUOUS
10
0.1128067716535433
20
0.9272485039370079
11
0.112806968503937
21
0.9272484251968504
0
LINE
8
BLACK
6
CONTINUOUS
10
0.112806968503937
20
0.9272484251968504
11
0.1182005905511811
21
0.9252366535433071
0
LINE
8
BLACK
6
CONTINUOUS
10
0.1182005905511811
20
0.9252366535433071
11
0.1182008661417323
21
0.9252366141732283
0
LINE
8
BLACK
6
CONTINUOUS
10
0.1182008661417323
20
0.9252366141732283
11
0.1182075196850394
21
0.925235905511811
0
LINE
8
BLACK
6
CONTINUOUS
10
0.1182075196850394
20
0.925235905511811
11
0.1182123228346457
21
0.9252338976377953
0
LINE
8
BLACK
6
CONTINUOUS
10
0.1182123228346457
20
0.9252338976377953
11
0.1185029133858268
21
0.9251652362204724
0
LINE
8
BLACK
6
CONTINUOUS
10
0.1185029133858268
20
0.9251652362204724
11
0.1184917716535433
21
0.9251181496062992
0
LINE
8
BLACK
6
CONTINUOUS
10
0.1184917716535433
20
0.9251181496062992
11
0.1207898818897638
21
0.9241661811023621
0
LINE
8
BLACK
6
CONTINUOUS
10
0.1207898818897638
20
0.9241661811023621
11
0.1223839763779528
21
0.921870157480315
0
LINE
8
BLACK
6
CONTINUOUS
10
0.1223839763779528
20
0.921870157480315
11
0.1226377952755905
21
0.9203037007874015
0
LINE
8
BLACK
6
CONTINUOUS
10
0.1226377952755905
20
0.9203037007874015
11
0.1226377952755905
21
0.9144240551181102
0
LINE
8
BLACK
6
CONTINUOUS
10
0.1226377952755905
20
0.9144240551181102
11
0.1218503149606299
21
0.911742125984252
0
LINE
8
BLACK
6
CONTINUOUS
10
0.1218503149606299
20
0.911742125984252
11
0.121184842519685
21
0.9109163779527559
0
LINE
8
BLACK
6
CONTINUOUS
10
0.121184842519685
20
0.9109163779527559
11
0.1167411023622047
21
0.9064726377952755
0
LINE
8
BLACK
6
CONTINUOUS
10
0.1167411023622047
20
0.9064726377952755
11
0.114287874015748
21
0.9051330314960629
0
LINE
8
BLACK
6
CONTINUOUS
10
0.114287874015748
20
0.9051330314960629
11
0.1132334251968504
21
0.90501968503937
0
LINE
8
BLACK
6
CONTINUOUS
10
0.1132334251968504
20
0.90501968503937
11
0.0905851181102362
21
0.90501968503937
0
LINE
8
BLACK
6
CONTINUOUS
10
0.0905851181102362
20
0.90501968503937
11
0.090584842519685
21
0.9050196456692913
0
LINE
8
BLACK
6
CONTINUOUS
10
0.090584842519685
20
0.9050196456692913
11
0.0905846456692913
21
0.9050196456692913
0
LINE
8
BLACK
6
CONTINUOUS
10
0.0905846456692913
20
0.9050196456692913
11
0.088200905511811
21
0.9047633858267716
0
LINE
8
BLACK
6
CONTINUOUS
10
0.088200905511811
20
0.9047633858267716
11
0.0882005905511811
21
0.9047633070866141
0
LINE
8
BLACK
6
CONTINUOUS
10
0.0882005905511811
20
0.9047633070866141
11
0.085132874015748
21
0.9036190551181102
0
LINE
8
BLACK
6
CONTINUOUS
10
0.085132874015748
20
0.9036190551181102
11
0.0828069291338583
21
0.9027515354330709
0
LINE
8
BLACK
6
CONTINUOUS
10
0.0828069291338583
20
0.9027515354330709
11
0.0828068503937008
21
0.9027514960629921
0
LINE
8
BLACK
6
CONTINUOUS
10
0.0828068503937008
20
0.9027514960629921
11
0.0828067716535433
21
0.9027514566929133
0
LINE
8
BLACK
6
CONTINUOUS
10
0.0828067716535433
20
0.9027514566929133
11
0.0781983464566929
21
0.8993016141732283
0
LINE
8
BLACK
6
CONTINUOUS
10
0.0781983464566929
20
0.8993016141732283
11
0.0747485039370079
21
0.894693188976378
0
LINE
8
BLACK
6
CONTINUOUS
10
0.0747485039370079
20
0.894693188976378
11
0.0747484251968504
21
0.8946929921259842
0
LINE
8
BLACK
6
CONTINUOUS
10
0.0747484251968504
20
0.8946929921259842
11
0.0727366535433071
21
0.8892993700787402
0
LINE
8
BLACK
6
CONTINUOUS
10
0.0727366535433071
20
0.8892993700787402
11
0.0727365748031496
21
0.8892990551181102
0
LINE
8
BLACK
6
CONTINUOUS
10
0.0727365748031496
20
0.8892990551181102
11
0.0724803149606299
21
0.8869153149606299
0
LINE
8
BLACK
6
CONTINUOUS
10
0.0724803149606299
20
0.8869153149606299
11
0.0724803149606299
21
0.8480846456692913
0
LINE
8
BLACK
6
CONTINUOUS
10
0.0724803149606299
20
0.8480846456692913
11
0.0727365748031496
21
0.845700905511811
0
LINE
8
BLACK
6
CONTINUOUS
10
0.0727365748031496
20
0.845700905511811
11
0.0727366535433071
21
0.8457005905511811
0
LINE
8
BLACK
6
CONTINUOUS
10
0.0727366535433071
20
0.8457005905511811
11
0.0747484251968504
21
0.8403069685039369
0
LINE
8
BLACK
6
CONTINUOUS
10
0.0747484251968504
20
0.8403069685039369
11
0.0747485039370079
21
0.8403067716535433
0
LINE
8
BLACK
6
CONTINUOUS
10
0.0747485039370079
20
0.8403067716535433
11
0.0781983858267716
21
0.8356983464566929
0
LINE
8
BLACK
6
CONTINUOUS
10
0.0781983858267716
20
0.8356983464566929
11
0.0805056299212598
21
0.8339711417322835
0
LINE
8
BLACK
6
CONTINUOUS
10
0.0805056299212598
20
0.8339711417322835
11
0.0821806692913386
21
0.8317335039370078
0
LINE
8
BLACK
6
CONTINUOUS
10
0.0821806692913386
20
0.8317335039370078
11
0.0823800393700787
21
0.8289455118110236
0
LINE
8
BLACK
6
CONTINUOUS
10
0.0823800393700787
20
0.8289455118110236
11
0.0810404724409449
21
0.8264922834645669
0
LINE
8
BLACK
6
CONTINUOUS
10
0.0810404724409449
20
0.8264922834645669
11
0.0805056299212598
21
0.8260288582677165
0
LINE
8
BLACK
6
CONTINUOUS
10
0.0805056299212598
20
0.8260288582677165
11
0.0781983858267716
21
0.8243016141732283
0
LINE
8
BLACK
6
CONTINUOUS
10
0.0781983858267716
20
0.8243016141732283
11
0.0747485039370079
21
0.8196931889763779
0
LINE
8
BLACK
6
CONTINUOUS
10
0.0747485039370079
20
0.8196931889763779
11
0.0747484251968504
21
0.8196929921259842
0
LINE
8
BLACK
6
CONTINUOUS
10
0.0747484251968504
20
0.8196929921259842
11
0.0727366535433071
21
0.8142993700787401
0
LINE
8
BLACK
6
CONTINUOUS
10
0.0727366535433071
20
0.8142993700787401
11
0.0727365748031496
21
0.8142990551181102
0
LINE
8
BLACK
6
CONTINUOUS
10
0.0727365748031496
20
0.8142990551181102
11
0.0724803149606299
21
0.8119153149606299
0
LINE
8
BLACK
6
CONTINUOUS
10
0.0724803149606299
20
0.8119153149606299
11
0.0724803149606299
21
0.7730846456692914
0
LINE
8
BLACK
6
CONTINUOUS
10
0.0724803149606299
20
0.7730846456692914
11
0.0727365748031496
21
0.770700905511811
0
LINE
8
BLACK
6
CONTINUOUS
10
0.0727365748031496
20
0.770700905511811
11
0.0727366535433071
21
0.7707005905511811
0
LINE
8
BLACK
6
CONTINUOUS
10
0.0727366535433071
20
0.7707005905511811
11
0.0747484251968504
21
0.765306968503937
0
LINE
8
BLACK
6
CONTINUOUS
10
0.0747484251968504
20
0.765306968503937
11
0.0747485039370079
21
0.7653067716535433
0
LINE
8
BLACK
6
CONTINUOUS
10
0.0747485039370079
20
0.7653067716535433
11
0.0781983464566929
21
0.7606983464566929
0
LINE
8
BLACK
6
CONTINUOUS
10
0.0781983464566929
20
0.7606983464566929
11
0.0828067716535433
21
0.7572485039370078
0
LINE
8
BLACK
6
CONTINUOUS
10
0.0828067716535433
20
0.7572485039370078
11
0.082806968503937
21
0.7572484251968504
0
LINE
8
BLACK
6
CONTINUOUS
10
0.082806968503937
20
0.7572484251968504
11
0.0882005905511811
21
0.755236653543307
0
LINE
8
BLACK
6
CONTINUOUS
10
0.0882005905511811
20
0.755236653543307
11
0.088200905511811
21
0.7552365748031495
0
LINE
8
BLACK
6
CONTINUOUS
10
0.088200905511811
20
0.7552365748031495
11
0.0905846456692913
21
0.7549803149606299
0
LINE
8
BLACK
6
CONTINUOUS
10
0.0905846456692913
20
0.7549803149606299
11
0.0905851181102362
21
0.7549803149606299
0
LINE
8
BLACK
6
CONTINUOUS
10
0.0905851181102362
20
0.7549803149606299
11
0.1219107874015748
21
0.7549803149606299
0
LINE
8
BLACK
6
CONTINUOUS
10
0.1219107874015748
20
0.7549803149606299
11
0.1245927165354331
21
0.7541928346456692
0
LINE
8
BLACK
6
CONTINUOUS
10
0.1245927165354331
20
0.7541928346456692
11
0.1264231496062992
21
0.7520803937007874
0
LINE
8
BLACK
6
CONTINUOUS
10
0.1264231496062992
20
0.7520803937007874
11
0.1268209448818898
21
0.7493137007874016
0
LINE
8
BLACK
6
CONTINUOUS
10
0.1268209448818898
20
0.7493137007874016
11
0.125881968503937
21
0.7470468897637795
0
LINE
8
BLACK
6
CONTINUOUS
10
0.125881968503937
20
0.7470468897637795
11
0.1222485039370079
21
0.742193188976378
0
LINE
8
BLACK
6
CONTINUOUS
10
0.1222485039370079
20
0.742193188976378
11
0.1222484251968504
21
0.7421929921259842
0
LINE
8
BLACK
6
CONTINUOUS
10
0.1222484251968504
20
0.7421929921259842
11
0.1206258661417323
21
0.7378428346456692
0
LINE
8
BLACK
6
CONTINUOUS
10
0.1206258661417323
20
0.7378428346456692
11
0.1189507874015748
21
0.7356051968503937
0
LINE
8
BLACK
6
CONTINUOUS
10
0.1189507874015748
20
0.7356051968503937
11
0.1164103937007874
21
0.7346346456692914
0
LINE
8
BLACK
6
CONTINUOUS
10
0.1164103937007874
20
0.7346346456692914
11
0.1142351968503937
21
0.7344443700787402
0
LINE
8
BLACK
6
CONTINUOUS
10
0.1142351968503937
20
0.7344443700787402
11
0.1142350787401575
21
0.7344443307086614
0
LINE
8
BLACK
6
CONTINUOUS
10
0.1142350787401575
20
0.7344443307086614
11
0.1139522834645669
21
0.7343859448818898
0
LINE
8
BLACK
6
CONTINUOUS
10
0.1139522834645669
20
0.7343859448818898
11
0.1139517322834646
21
0.7343885433070866
0
LINE
8
BLACK
6
CONTINUOUS
10
0.1139517322834646
20
0.7343885433070866
11
0.1136618897637795
21
0.7343242913385827
0
LINE
8
BLACK
6
CONTINUOUS
10
0.1136618897637795
20
0.7343242913385827
11
0.1136625196850394
21
0.7343217322834645
0
LINE
8
BLACK
6
CONTINUOUS
10
0.1136625196850394
20
0.7343217322834645
11
0.1133816141732283
21
0.7342551574803149
0
LINE
8
BLACK
6
CONTINUOUS
10
0.1133816141732283
20
0.7342551574803149
11
0.1133813779527559
21
0.7342550787401575
0
LINE
8
BLACK
6
CONTINUOUS
10
0.1133813779527559
20
0.7342550787401575
11
0.1105755905511811
21
0.7332338188976377
0
LINE
8
BLACK
6
CONTINUOUS
10
0.1105755905511811
20
0.7332338188976377
11
0.1104420472440945
21
0.7331874015748031
0
LINE
8
BLACK
6
CONTINUOUS
10
0.1104420472440945
20
0.7331874015748031
11
0.1076087401574803
21
0.7322485826771653
0
LINE
8
BLACK
6
CONTINUOUS
10
0.1076087401574803
20
0.7322485826771653
11
0.1076084645669291
21
0.7322483858267717
0
LINE
8
BLACK
6
CONTINUOUS
10
0.1076084645669291
20
0.7322483858267717
11
0.1073468897637795
21
0.7321264566929133
0
LINE
8
BLACK
6
CONTINUOUS
10
0.1073468897637795
20
0.7321264566929133
11
0.1073457086614173
21
0.7321288976377952
0
LINE
8
BLACK
6
CONTINUOUS
10
0.1073457086614173
20
0.7321288976377952
11
0.1070785433070866
21
0.7319995275590551
0
LINE
8
BLACK
6
CONTINUOUS
10
0.1070785433070866
20
0.7319995275590551
11
0.1070797637795276
21
0.7319971653543307
0
LINE
8
BLACK
6
CONTINUOUS
10
0.1070797637795276
20
0.7319971653543307
11
0.1068216929133858
21
0.7318675590551181
0
LINE
8
BLACK
6
CONTINUOUS
10
0.1068216929133858
20
0.7318675590551181
11
0.1068215748031496
21
0.7318675196850394
0
LINE
8
BLACK
6
CONTINUOUS
10
0.1068215748031496
20
0.7318675196850394
11
0.1068214566929134
21
0.7318674409448819
0
LINE
8
BLACK
6
CONTINUOUS
10
0.1068214566929134
20
0.7318674409448819
11
0.1043283070866142
21
0.7302276377952756
0
LINE
8
BLACK
6
CONTINUOUS
10
0.1043283070866142
20
0.7302276377952756
11
0.1042065354330709
21
0.7301500787401575
0
LINE
8
BLACK
6
CONTINUOUS
10
0.1042065354330709
20
0.7301500787401575
11
0.1016673622047244
21
0.728583937007874
0
LINE
8
BLACK
6
CONTINUOUS
10
0.1016673622047244
20
0.728583937007874
11
0.1014406299212598
21
0.7284046456692913
0
LINE
8
BLACK
6
CONTINUOUS
10
0.1014406299212598
20
0.7284046456692913
11
0.101438937007874
21
0.7284067322834645
0
LINE
8
BLACK
6
CONTINUOUS
10
0.101438937007874
20
0.7284067322834645
11
0.1012086614173228
21
0.7282191338582678
0
LINE
8
BLACK
6
CONTINUOUS
10
0.1012086614173228
20
0.7282191338582678
11
0.1012103937007874
21
0.7282171259842519
0
LINE
8
BLACK
6
CONTINUOUS
10
0.1012103937007874
20
0.7282171259842519
11
0.1009890551181102
21
0.7280314173228346
0
LINE
8
BLACK
6
CONTINUOUS
10
0.1009890551181102
20
0.7280314173228346
11
0.0989397637795276
21
0.7258592913385826
0
LINE
8
BLACK
6
CONTINUOUS
10
0.0989397637795276
20
0.7258592913385826
11
0.0988392125984252
21
0.7257557874015748
0
LINE
8
BLACK
6
CONTINUOUS
10
0.0988392125984252
20
0.7257557874015748
11
0.0656782283464567
21
0.6925948031496063
0
LINE
8
BLACK
6
CONTINUOUS
10
0.0656782283464567
20
0.6925948031496063
11
0.0651329133858268
21
0.6921235039370078
0
LINE
8
BLACK
6
CONTINUOUS
10
0.0651329133858268
20
0.6921235039370078
11
0.0643677952755906
21
0.6915538976377953
0
LINE
8
BLACK
6
CONTINUOUS
10
0.0643677952755906
20
0.6915538976377953
11
0.0643677165354331
21
0.6915538188976378
0
LINE
8
BLACK
6
CONTINUOUS
10
0.0643677165354331
20
0.6915538188976378
11
0.0631011811023622
21
0.6900444488188976
0
LINE
8
BLACK
6
CONTINUOUS
10
0.0631011811023622
20
0.6900444488188976
11
0.0628088582677165
21
0.6897254724409448
0
LINE
8
BLACK
6
CONTINUOUS
10
0.0628088582677165
20
0.6897254724409448
11
0.0626544881889764
21
0.6895711023622048
0
LINE
8
BLACK
6
CONTINUOUS
10
0.0626544881889764
20
0.6895711023622048
11
0.0618893307086614
21
0.6886034645669291
0
LINE
8
BLACK
6
CONTINUOUS
10
0.0618893307086614
20
0.6886034645669291
11
0.0617983464566929
21
0.6884917716535432
0
LINE
8
BLACK
6
CONTINUOUS
10
0.0617983464566929
20
0.6884917716535432
11
0.0604264566929134
21
0.6868567716535433
0
LINE
8
BLACK
6
CONTINUOUS
10
0.0604264566929134
20
0.6868567716535433
11
0.0598804724409449
21
0.6862061023622047
0
LINE
8
BLACK
6
CONTINUOUS
10
0.0598804724409449
20
0.6862061023622047
11
0.0597217716535433
21
0.6859648031496063
0
LINE
8
BLACK
6
CONTINUOUS
10
0.0597217716535433
20
0.6859648031496063
11
0.0597196062992126
21
0.6859661811023622
0
LINE
8
BLACK
6
CONTINUOUS
10
0.0597196062992126
20
0.6859661811023622
11
0.0595601968503937
21
0.6857160236220472
0
LINE
8
BLACK
6
CONTINUOUS
10
0.0595601968503937
20
0.6857160236220472
11
0.0595624409448819
21
0.6857146850393701
0
LINE
8
BLACK
6
CONTINUOUS
10
0.0595624409448819
20
0.6857146850393701
11
0.0594107480314961
21
0.6854687401574803
0
LINE
8
BLACK
6
CONTINUOUS
10
0.0594107480314961
20
0.6854687401574803
11
0.0581494488188976
21
0.6827639763779527
0
LINE
8
BLACK
6
CONTINUOUS
10
0.0581494488188976
20
0.6827639763779527
11
0.0580867322834646
21
0.6826344094488189
0
LINE
8
BLACK
6
CONTINUOUS
10
0.0580867322834646
20
0.6826344094488189
11
0.0567476771653543
21
0.679968031496063
0
LINE
8
BLACK
6
CONTINUOUS
10
0.0567476771653543
20
0.679968031496063
11
0.0567476377952756
21
0.6799679527559055
0
LINE
8
BLACK
6
CONTINUOUS
10
0.0567476377952756
20
0.6799679527559055
11
0.0567475984251968
21
0.6799678346456692
0
LINE
8
BLACK
6
CONTINUOUS
10
0.0567475984251968
20
0.6799678346456692
11
0.0566488188976378
21
0.6796964173228346
0
LINE
8
BLACK
6
CONTINUOUS
10
0.0566488188976378
20
0.6796964173228346
11
0.0566463385826772
21
0.6796972834645669
0
LINE
8
BLACK
6
CONTINUOUS
10
0.0566463385826772
20
0.6796972834645669
11
0.0565488582677165
21
0.6794168897637796
0
LINE
8
BLACK
6
CONTINUOUS
10
0.0565488582677165
20
0.6794168897637796
11
0.0565513385826772
21
0.6794161023622047
0
LINE
8
BLACK
6
CONTINUOUS
10
0.0565513385826772
20
0.6794161023622047
11
0.0564605511811024
21
0.6791421653543307
0
LINE
8
BLACK
6
CONTINUOUS
10
0.0564605511811024
20
0.6791421653543307
11
0.0558567716535433
21
0.676218188976378
0
LINE
8
BLACK
6
CONTINUOUS
10
0.0558567716535433
20
0.676218188976378
11
0.0558255511811024
21
0.6760774409448819
0
LINE
8
BLACK
6
CONTINUOUS
10
0.0558255511811024
20
0.6760774409448819
11
0.0551377952755905
21
0.6731754330708661
0
LINE
8
BLACK
6
CONTINUOUS
10
0.0551377952755905
20
0.6731754330708661
11
0.0551042519685039
21
0.6728884645669291
0
LINE
8
BLACK
6
CONTINUOUS
10
0.0551042519685039
20
0.6728884645669291
11
0.0551015748031496
21
0.6728887401574803
0
LINE
8
BLACK
6
CONTINUOUS
10
0.0551015748031496
20
0.6728887401574803
11
0.0550714173228346
21
0.6725935826771653
0
LINE
8
BLACK
6
CONTINUOUS
10
0.0550714173228346
20
0.6725935826771653
11
0.0550740551181102
21
0.6725933858267716
0
LINE
8
BLACK
6
CONTINUOUS
10
0.0550740551181102
20
0.6725933858267716
11
0.0550488582677165
21
0.6723054724409449
0
LINE
8
BLACK
6
CONTINUOUS
10
0.0550488582677165
20
0.6723054724409449
11
0.0551357086614173
21
0.6693204724409448
0
LINE
8
BLACK
6
CONTINUOUS
10
0.0551357086614173
20
0.6693204724409448
11
0.0551377952755905
21
0.669176220472441
0
LINE
8
BLACK
6
CONTINUOUS
10
0.0551377952755905
20
0.669176220472441
11
0.0551377952755905
21
0.5278517716535432
0
LINE
8
BLACK
6
CONTINUOUS
10
0.0551377952755905
20
0.5278517716535432
11
0.0550853937007874
21
0.5271327559055118
0
LINE
8
BLACK
6
CONTINUOUS
10
0.0550853937007874
20
0.5271327559055118
11
0.0549472047244094
21
0.5261896062992126
0
LINE
8
BLACK
6
CONTINUOUS
10
0.0549472047244094
20
0.5261896062992126
11
0.0549472047244094
21
0.5261893700787401
0
LINE
8
BLACK
6
CONTINUOUS
10
0.0549472047244094
20
0.5261893700787401
11
0.055118937007874
21
0.5242264566929133
0
LINE
8
BLACK
6
CONTINUOUS
10
0.055118937007874
20
0.5242264566929133
11
0.0551377952755905
21
0.5237941732283464
0
LINE
8
BLACK
6
CONTINUOUS
10
0.0551377952755905
20
0.5237941732283464
11
0.0551377952755905
21
0.5235753937007874
0
LINE
8
BLACK
6
CONTINUOUS
10
0.0551377952755905
20
0.5235753937007874
11
0.055280905511811
21
0.522350905511811
0
LINE
8
BLACK
6
CONTINUOUS
10
0.055280905511811
20
0.522350905511811
11
0.0552955511811024
21
0.5222074803149607
0
LINE
8
BLACK
6
CONTINUOUS
10
0.0552955511811024
20
0.5222074803149607
11
0.0555555905511811
21
0.5192352362204724
0
LINE
8
BLACK
6
CONTINUOUS
10
0.0555555905511811
20
0.5192352362204724
11
0.0556140157480315
21
0.5189523228346457
0
LINE
8
BLACK
6
CONTINUOUS
10
0.0556140157480315
20
0.5189523228346457
11
0.0556115354330709
21
0.5189518110236221
0
LINE
8
BLACK
6
CONTINUOUS
10
0.0556115354330709
20
0.5189518110236221
11
0.055675905511811
21
0.5186615354330708
0
LINE
8
BLACK
6
CONTINUOUS
10
0.055675905511811
20
0.5186615354330708
11
0.0556783858267717
21
0.518662125984252
0
LINE
8
BLACK
6
CONTINUOUS
10
0.0556783858267717
20
0.518662125984252
11
0.0557449606299213
21
0.5183811417322834
0
LINE
8
BLACK
6
CONTINUOUS
10
0.0557449606299213
20
0.5183811417322834
11
0.0567658661417323
21
0.5155761023622047
0
LINE
8
BLACK
6
CONTINUOUS
10
0.0567658661417323
20
0.5155761023622047
11
0.056813188976378
21
0.51544
0
LINE
8
BLACK
6
CONTINUOUS
10
0.056813188976378
20
0.51544
11
0.0577514566929134
21
0.5126086614173229
0
LINE
8
BLACK
6
CONTINUOUS
10
0.0577514566929134
20
0.5126086614173229
11
0.0578735039370079
21
0.5123469291338583
0
LINE
8
BLACK
6
CONTINUOUS
10
0.0578735039370079
20
0.5123469291338583
11
0.0578711023622047
21
0.5123457874015748
0
LINE
8
BLACK
6
CONTINUOUS
10
0.0578711023622047
20
0.5123457874015748
11
0.0580005511811024
21
0.5120784251968504
0
LINE
8
BLACK
6
CONTINUOUS
10
0.0580005511811024
20
0.5120784251968504
11
0.058002874015748
21
0.5120796062992126
0
LINE
8
BLACK
6
CONTINUOUS
10
0.058002874015748
20
0.5120796062992126
11
0.0581324015748031
21
0.5118216141732284
0
LINE
8
BLACK
6
CONTINUOUS
10
0.0581324015748031
20
0.5118216141732284
11
0.0597727952755905
21
0.5093275590551181
0
LINE
8
BLACK
6
CONTINUOUS
10
0.0597727952755905
20
0.5093275590551181
11
0.0598502755905512
21
0.509205905511811
0
LINE
8
BLACK
6
CONTINUOUS
10
0.0598502755905512
20
0.509205905511811
11
0.061416062992126
21
0.5066673622047244
0
LINE
8
BLACK
6
CONTINUOUS
10
0.061416062992126
20
0.5066673622047244
11
0.0615954724409449
21
0.5064404724409449
0
LINE
8
BLACK
6
CONTINUOUS
10
0.0615954724409449
20
0.5064404724409449
11
0.0615934251968504
21
0.5064388582677165
0
LINE
8
BLACK
6
CONTINUOUS
10
0.0615934251968504
20
0.5064388582677165
11
0.0617808267716535
21
0.5062088188976378
0
LINE
8
BLACK
6
CONTINUOUS
10
0.0617808267716535
20
0.5062088188976378
11
0.0617827952755906
21
0.5062104724409449
0
LINE
8
BLACK
6
CONTINUOUS
10
0.0617827952755906
20
0.5062104724409449
11
0.0619683464566929
21
0.5059892913385826
0
LINE
8
BLACK
6
CONTINUOUS
10
0.0619683464566929
20
0.5059892913385826
11
0.06414
21
0.5039404330708661
0
LINE
8
BLACK
6
CONTINUOUS
10
0.06414
20
0.5039404330708661
11
0.0642434251968504
21
0.5038399212598426
0
LINE
8
BLACK
6
CONTINUOUS
10
0.0642434251968504
20
0.5038399212598426
11
0.0774051968503937
21
0.4906781496062992
0
LINE
8
BLACK
6
CONTINUOUS
10
0.0774051968503937
20
0.4906781496062992
11
0.0778764566929134
21
0.4901329133858268
0
LINE
8
BLACK
6
CONTINUOUS
10
0.0778764566929134
20
0.4901329133858268
11
0.0784460236220472
21
0.4893678346456693
0
LINE
8
BLACK
6
CONTINUOUS
10
0.0784460236220472
20
0.4893678346456693
11
0.0799555118110236
21
0.4881012204724409
0
LINE
8
BLACK
6
CONTINUOUS
10
0.0799555118110236
20
0.4881012204724409
11
0.080273937007874
21
0.4878094488188977
0
LINE
8
BLACK
6
CONTINUOUS
10
0.080273937007874
20
0.4878094488188977
11
0.0804290551181102
21
0.4876543307086614
0
LINE
8
BLACK
6
CONTINUOUS
10
0.0804290551181102
20
0.4876543307086614
11
0.0804293307086614
21
0.487654094488189
0
LINE
8
BLACK
6
CONTINUOUS
10
0.0804293307086614
20
0.487654094488189
11
0.081396062992126
21
0.4868896456692913
0
LINE
8
BLACK
6
CONTINUOUS
10
0.081396062992126
20
0.4868896456692913
11
0.0815076377952756
21
0.4867987795275591
0
LINE
8
BLACK
6
CONTINUOUS
10
0.0815076377952756
20
0.4867987795275591
11
0.0837938582677165
21
0.4848804724409449
0
LINE
8
BLACK
6
CONTINUOUS
10
0.0837938582677165
20
0.4848804724409449
11
0.0840350787401575
21
0.4847218503937008
0
LINE
8
BLACK
6
CONTINUOUS
10
0.0840350787401575
20
0.4847218503937008
11
0.0840336614173228
21
0.4847196850393701
0
LINE
8
BLACK
6
CONTINUOUS
10
0.0840336614173228
20
0.4847196850393701
11
0.0842842519685039
21
0.4845600393700787
0
LINE
8
BLACK
6
CONTINUOUS
10
0.0842842519685039
20
0.4845600393700787
11
0.0842856299212598
21
0.4845622834645669
0
LINE
8
BLACK
6
CONTINUOUS
10
0.0842856299212598
20
0.4845622834645669
11
0.0845314173228346
21
0.4844106299212598
0
LINE
8
BLACK
6
CONTINUOUS
10
0.0845314173228346
20
0.4844106299212598
11
0.087235
21
0.4831499212598425
0
LINE
8
BLACK
6
CONTINUOUS
10
0.087235
20
0.4831499212598425
11
0.0873646456692913
21
0.4830871653543307
0
LINE
8
BLACK
6
CONTINUOUS
10
0.0873646456692913
20
0.4830871653543307
11
0.090031968503937
21
0.4817476771653543
0
LINE
8
BLACK
6
CONTINUOUS
10
0.090031968503937
20
0.4817476771653543
11
0.0903034251968504
21
0.4816488976377953
0
LINE
8
BLACK
6
CONTINUOUS
10
0.0903034251968504
20
0.4816488976377953
11
0.0903025196850394
21
0.4816464566929134
0
LINE
8
BLACK
6
CONTINUOUS
10
0.0903025196850394
20
0.4816464566929134
11
0.0905828346456693
21
0.4815490157480315
0
LINE
8
BLACK
6
CONTINUOUS
10
0.0905828346456693
20
0.4815490157480315
11
0.0905836614173228
21
0.4815514566929134
0
LINE
8
BLACK
6
CONTINUOUS
10
0.0905836614173228
20
0.4815514566929134
11
0.0908579133858268
21
0.4814605905511811
0
LINE
8
BLACK
6
CONTINUOUS
10
0.0908579133858268
20
0.4814605905511811
11
0.0908579527559055
21
0.4814605511811024
0
LINE
8
BLACK
6
CONTINUOUS
10
0.0908579527559055
20
0.4814605511811024
11
0.090858031496063
21
0.4814605511811024
0
LINE
8
BLACK
6
CONTINUOUS
10
0.090858031496063
20
0.4814605511811024
11
0.0932194881889764
21
0.4809729133858268
0
LINE
8
BLACK
6
CONTINUOUS
10
0.0932194881889764
20
0.4809729133858268
11
0.093780157480315
21
0.4808571653543307
0
LINE
8
BLACK
6
CONTINUOUS
10
0.093780157480315
20
0.4808571653543307
11
0.0939209448818898
21
0.4808259448818897
0
LINE
8
BLACK
6
CONTINUOUS
10
0.0939209448818898
20
0.4808259448818897
11
0.0964230708661417
21
0.4802329527559055
0
LINE
8
BLACK
6
CONTINUOUS
10
0.0964230708661417
20
0.4802329527559055
11
0.0988511023622047
21
0.4788482283464567
0
LINE
8
BLACK
6
CONTINUOUS
10
0.0988511023622047
20
0.4788482283464567
11
0.1001450393700787
21
0.4763706299212598
0
LINE
8
BLACK
6
CONTINUOUS
10
0.1001450393700787
20
0.4763706299212598
11
0.1002112992125984
21
0.4759363779527559
0
LINE
8
BLACK
6
CONTINUOUS
10
0.1002112992125984
20
0.4759363779527559
11
0.1002366141732283
21
0.4757008661417323
0
LINE
8
BLACK
6
CONTINUOUS
10
0.1002366141732283
20
0.4757008661417323
11
0.1002366535433071
21
0.4757005905511811
0
LINE
8
BLACK
6
CONTINUOUS
10
0.1002366535433071
20
0.4757005905511811
11
0.1022484251968504
21
0.470306968503937
0
LINE
8
BLACK
6
CONTINUOUS
10
0.1022484251968504
20
0.470306968503937
11
0.1022485039370079
21
0.4703067716535433
0
LINE
8
BLACK
6
CONTINUOUS
10
0.1022485039370079
20
0.4703067716535433
11
0.1056983464566929
21
0.4656983464566929
0
LINE
8
BLACK
6
CONTINUOUS
10
0.1056983464566929
20
0.4656983464566929
11
0.1103067716535433
21
0.4622485039370078
0
LINE
8
BLACK
6
CONTINUOUS
10
0.1103067716535433
20
0.4622485039370078
11
0.110306968503937
21
0.4622484251968504
0
LINE
8
BLACK
6
CONTINUOUS
10
0.110306968503937
20
0.4622484251968504
11
0.1157005905511811
21
0.4602366535433071
0
LINE
8
BLACK
6
CONTINUOUS
10
0.1157005905511811
20
0.4602366535433071
11
0.115700905511811
21
0.4602365748031496
0
LINE
8
BLACK
6
CONTINUOUS
10
0.115700905511811
20
0.4602365748031496
11
0.1180846456692913
21
0.4599803149606299
0
LINE
8
BLACK
6
CONTINUOUS
10
0.1180846456692913
20
0.4599803149606299
11
0.1180851181102362
21
0.4599803149606299
0
LINE
8
BLACK
6
CONTINUOUS
10
0.1180851181102362
20
0.4599803149606299
11
0.1819153149606299
21
0.4599803149606299
0
LINE
8
BLACK
6
CONTINUOUS
10
0.1819153149606299
20
0.4599803149606299
11
0.1842990551181102
21
0.4602365748031496
0
LINE
8
BLACK
6
CONTINUOUS
10
0.1842990551181102
20
0.4602365748031496
11
0.1842993700787401
21
0.4602366535433071
0
LINE
8
BLACK
6
CONTINUOUS
10
0.1842993700787401
20
0.4602366535433071
11
0.1896929921259843
21
0.4622484251968504
0
LINE
8
BLACK
6
CONTINUOUS
10
0.1896929921259843
20
0.4622484251968504
11
0.1896931889763779
21
0.4622485039370078
0
LINE
8
BLACK
6
CONTINUOUS
10
0.1896931889763779
20
0.4622485039370078
11
0.1943016141732283
21
0.4656983858267716
0
LINE
8
BLACK
6
CONTINUOUS
10
0.1943016141732283
20
0.4656983858267716
11
0.1960288582677165
21
0.4680056299212598
0
LINE
8
BLACK
6
CONTINUOUS
10
0.1960288582677165
20
0.4680056299212598
11
0.1982664960629921
21
0.4696806692913386
0
LINE
8
BLACK
6
CONTINUOUS
10
0.1982664960629921
20
0.4696806692913386
11
0.2010544881889764
21
0.4698800393700787
0
LINE
8
BLACK
6
CONTINUOUS
10
0.2010544881889764
20
0.4698800393700787
11
0.2035077165354331
21
0.4685404724409449
0
LINE
8
BLACK
6
CONTINUOUS
10
0.2035077165354331
20
0.4685404724409449
11
0.2039711417322835
21
0.4680056299212598
0
LINE
8
BLACK
6
CONTINUOUS
10
0.2039711417322835
20
0.4680056299212598
11
0.2056983464566929
21
0.4656983858267716
0
LINE
8
BLACK
6
CONTINUOUS
10
0.2056983464566929
20
0.4656983858267716
11
0.2103067716535433
21
0.4622485039370078
0
LINE
8
BLACK
6
CONTINUOUS
10
0.2103067716535433
20
0.4622485039370078
11
0.210306968503937
21
0.4622484251968504
0
LINE
8
BLACK
6
CONTINUOUS
10
0.210306968503937
20
0.4622484251968504
11
0.2157005905511811
21
0.4602366535433071
0
LINE
8
BLACK
6
CONTINUOUS
10
0.2157005905511811
20
0.4602366535433071
11
0.215700905511811
21
0.4602365748031496
0
LINE
8
BLACK
6
CONTINUOUS
10
0.215700905511811
20
0.4602365748031496
11
0.2180846456692913
21
0.4599803149606299
0
LINE
8
BLACK
6
CONTINUOUS
10
0.2180846456692913
20
0.4599803149606299
11
0.2180851181102362
21
0.4599803149606299
0
LINE
8
BLACK
6
CONTINUOUS
10
0.2180851181102362
20
0.4599803149606299
11
0.2819153149606299
21
0.4599803149606299
0
LINE
8
BLACK
6
CONTINUOUS
10
0.2819153149606299
20
0.4599803149606299
11
0.2842990551181102
21
0.4602365748031496
0
LINE
8
BLACK
6
CONTINUOUS
10
0.2842990551181102
20
0.4602365748031496
11
0.2842993700787402
21
0.4602366535433071
0
LINE
8
BLACK
6
CONTINUOUS
10
0.2842993700787402
20
0.4602366535433071
11
0.2896929921259843
21
0.4622484251968504
0
LINE
8
BLACK
6
CONTINUOUS
10
0.2896929921259843
20
0.4622484251968504
11
0.289693188976378
21
0.4622485039370078
0
LINE
8
BLACK
6
CONTINUOUS
10
0.289693188976378
20
0.4622485039370078
11
0.2938735039370078
21
0.465377874015748
0
LINE
8
BLACK
6
CONTINUOUS
10
0.2938735039370078
20
0.465377874015748
11
0.2964924015748032
21
0.4663546850393701
0
LINE
8
BLACK
6
CONTINUOUS
10
0.2964924015748032
20
0.4663546850393701
11
0.2992236614173228
21
0.4657605511811024
0
LINE
8
BLACK
6
CONTINUOUS
10
0.2992236614173228
20
0.4657605511811024
11
0.3003539763779527
21
0.4649144094488189
0
LINE
8
BLACK
6
CONTINUOUS
10
0.3003539763779527
20
0.4649144094488189
11
0.3210273622047244
21
0.444241062992126
0
LINE
8
BLACK
6
CONTINUOUS
10
0.3210273622047244
20
0.444241062992126
11
0.3223669291338583
21
0.4417877952755905
0
LINE
8
BLACK
6
CONTINUOUS
10
0.3223669291338583
20
0.4417877952755905
11
0.3224803149606299
21
0.4407333464566929
0
LINE
8
BLACK
6
CONTINUOUS
10
0.3224803149606299
20
0.4407333464566929
11
0.3224803149606299
21
0.4180846456692913
0
LINE
8
BLACK
6
CONTINUOUS
10
0.3224803149606299
20
0.4180846456692913
11
0.3227365748031496
21
0.415700905511811
0
LINE
8
BLACK
6
CONTINUOUS
10
0.3227365748031496
20
0.415700905511811
11
0.3227366535433071
21
0.4157005905511811
0
LINE
8
BLACK
6
CONTINUOUS
10
0.3227366535433071
20
0.4157005905511811
11
0.3247484251968504
21
0.410306968503937
0
LINE
8
BLACK
6
CONTINUOUS
10
0.3247484251968504
20
0.410306968503937
11
0.3247485039370079
21
0.4103067716535433
0
LINE
8
BLACK
6
CONTINUOUS
10
0.3247485039370079
20
0.4103067716535433
11
0.3281983464566929
21
0.4056983464566929
0
LINE
8
BLACK
6
CONTINUOUS
10
0.3281983464566929
20
0.4056983464566929
11
0.3328067716535433
21
0.4022485039370078
0
LINE
8
BLACK
6
CONTINUOUS
10
0.3328067716535433
20
0.4022485039370078
11
0.332806968503937
21
0.4022484251968504
0
LINE
8
BLACK
6
CONTINUOUS
10
0.332806968503937
20
0.4022484251968504
11
0.3382005905511811
21
0.4002366535433071
0
LINE
8
BLACK
6
CONTINUOUS
10
0.3382005905511811
20
0.4002366535433071
11
0.338200905511811
21
0.4002365748031496
0
LINE
8
BLACK
6
CONTINUOUS
10
0.338200905511811
20
0.4002365748031496
11
0.3405846456692913
21
0.3999803149606299
0
LINE
8
BLACK
6
CONTINUOUS
10
0.3405846456692913
20
0.3999803149606299
11
0.3405851181102362
21
0.3999803149606299
0
LINE
8
BLACK
6
CONTINUOUS
10
0.3405851181102362
20
0.3999803149606299
11
0.3994153149606299
21
0.3999803149606299
0
LINE
8
BLACK
6
CONTINUOUS
10
0.3994153149606299
20
0.3999803149606299
11
0.4017990551181102
21
0.4002365748031496
0
LINE
8
BLACK
6
CONTINUOUS
10
0.4017990551181102
20
0.4002365748031496
11
0.4017993700787402
21
0.4002366535433071
0
LINE
8
BLACK
6
CONTINUOUS
10
0.4017993700787402
20
0.4002366535433071
11
0.4071929921259843
21
0.4022484251968504
0
LINE
8
BLACK
6
CONTINUOUS
10
0.4071929921259843
20
0.4022484251968504
11
0.407193188976378
21
0.4022485039370078
0
LINE
8
BLACK
6
CONTINUOUS
10
0.407193188976378
20
0.4022485039370078
11
0.4118016141732284
21
0.4056983464566929
0
LINE
8
BLACK
6
CONTINUOUS
10
0.4118016141732284
20
0.4056983464566929
11
0.4152514566929134
21
0.4103067716535433
0
LINE
8
BLACK
6
CONTINUOUS
10
0.4152514566929134
20
0.4103067716535433
11
0.4152514566929134
21
0.410306811023622
0
LINE
8
BLACK
6
CONTINUOUS
10
0.4152514566929134
20
0.410306811023622
11
0.4152515354330709
21
0.4103069291338582
0
LINE
8
BLACK
6
CONTINUOUS
10
0.4152515354330709
20
0.4103069291338582
11
0.4153718503937008
21
0.4106295275590551
0
LINE
8
BLACK
6
CONTINUOUS
10
0.4153718503937008
20
0.4106295275590551
11
0.417046968503937
21
0.412867125984252
0
LINE
8
BLACK
6
CONTINUOUS
10
0.417046968503937
20
0.412867125984252
11
0.419665905511811
21
0.4138438582677165
0
LINE
8
BLACK
6
CONTINUOUS
10
0.419665905511811
20
0.4138438582677165
11
0.4223971653543307
21
0.4132496456692913
0
LINE
8
BLACK
6
CONTINUOUS
10
0.4223971653543307
20
0.4132496456692913
11
0.4243735826771654
21
0.4112731496062992
0
LINE
8
BLACK
6
CONTINUOUS
10
0.4243735826771654
20
0.4112731496062992
11
0.4249803149606299
21
0.4088958661417323
0
LINE
8
BLACK
6
CONTINUOUS
10
0.4249803149606299
20
0.4088958661417323
11
0.4249803149606299
21
0.3330846456692914
0
LINE
8
BLACK
6
CONTINUOUS
10
0.4249803149606299
20
0.3330846456692914
11
0.4252365748031496
21
0.330700905511811
0
LINE
8
BLACK
6
CONTINUOUS
10
0.4252365748031496
20
0.330700905511811
11
0.4252366535433071
21
0.3307005905511811
0
LINE
8
BLACK
6
CONTINUOUS
10
0.4252366535433071
20
0.3307005905511811
11
0.4272484251968504
21
0.325306968503937
0
LINE
8
BLACK
6
CONTINUOUS
10
0.4272484251968504
20
0.325306968503937
11
0.4272485039370079
21
0.3253067716535433
0
LINE
8
BLACK
6
CONTINUOUS
10
0.4272485039370079
20
0.3253067716535433
11
0.4306983464566929
21
0.3206983464566929
0
LINE
8
BLACK
6
CONTINUOUS
10
0.4306983464566929
20
0.3206983464566929
11
0.4353067716535433
21
0.3172485039370079
0
LINE
8
BLACK
6
CONTINUOUS
10
0.4353067716535433
20
0.3172485039370079
11
0.435306968503937
21
0.3172484251968504
0
LINE
8
BLACK
6
CONTINUOUS
10
0.435306968503937
20
0.3172484251968504
11
0.4380572047244095
21
0.3162226377952756
0
LINE
8
BLACK
6
CONTINUOUS
10
0.4380572047244095
20
0.3162226377952756
11
0.440294842519685
21
0.3145475590551181
0
LINE
8
BLACK
6
CONTINUOUS
10
0.440294842519685
20
0.3145475590551181
11
0.4412716141732284
21
0.3119286614173228
0
LINE
8
BLACK
6
CONTINUOUS
10
0.4412716141732284
20
0.3119286614173228
11
0.4406774409448819
21
0.3091974015748031
0
LINE
8
BLACK
6
CONTINUOUS
10
0.4406774409448819
20
0.3091974015748031
11
0.4387009842519685
21
0.3072209448818898
0
LINE
8
BLACK
6
CONTINUOUS
10
0.4387009842519685
20
0.3072209448818898
11
0.4380572047244095
21
0.306926968503937
0
LINE
8
BLACK
6
CONTINUOUS
10
0.4380572047244095
20
0.306926968503937
11
0.4366014173228346
21
0.306383937007874
0
LINE
8
BLACK
6
CONTINUOUS
10
0.4366014173228346
20
0.306383937007874
11
0.4353069291338583
21
0.3059011417322834
0
LINE
8
BLACK
6
CONTINUOUS
10
0.4353069291338583
20
0.3059011417322834
11
0.4353068503937008
21
0.3059011023622047
0
LINE
8
BLACK
6
CONTINUOUS
10
0.4353068503937008
20
0.3059011023622047
11
0.4353067716535433
21
0.305901062992126
0
LINE
8
BLACK
6
CONTINUOUS
10
0.4353067716535433
20
0.305901062992126
11
0.4306983464566929
21
0.3024512204724409
0
LINE
8
BLACK
6
CONTINUOUS
10
0.4306983464566929
20
0.3024512204724409
11
0.4272485039370079
21
0.2978427952755905
0
LINE
8
BLACK
6
CONTINUOUS
10
0.4272485039370079
20
0.2978427952755905
11
0.4272484251968504
21
0.2978425984251968
0
LINE
8
BLACK
6
CONTINUOUS
10
0.4272484251968504
20
0.2978425984251968
11
0.4252366535433071
21
0.2924489763779528
0
LINE
8
BLACK
6
CONTINUOUS
10
0.4252366535433071
20
0.2924489763779528
11
0.4252365748031496
21
0.2924486614173228
0
LINE
8
BLACK
6
CONTINUOUS
10
0.4252365748031496
20
0.2924486614173228
11
0.4249803149606299
21
0.2900649212598425
0
LINE
8
BLACK
6
CONTINUOUS
10
0.4249803149606299
20
0.2900649212598425
11
0.4249803149606299
21
0.1362342519685039
0
LINE
8
BLACK
6
CONTINUOUS
10
0.4249803149606299
20
0.1362342519685039
11
0.4252365748031496
21
0.1338505118110236
0
LINE
8
BLACK
6
CONTINUOUS
10
0.4252365748031496
20
0.1338505118110236
11
0.4252366535433071
21
0.1338501968503937
0
LINE
8
BLACK
6
CONTINUOUS
10
0.4252366535433071
20
0.1338501968503937
11
0.4272484251968504
21
0.1284565748031496
0
LINE
8
BLACK
6
CONTINUOUS
10
0.4272484251968504
20
0.1284565748031496
11
0.4272485039370079
21
0.1284563779527559
0
LINE
8
BLACK
6
CONTINUOUS
10
0.4272485039370079
20
0.1284563779527559
11
0.4306983464566929
21
0.1238479527559055
0
LINE
8
BLACK
6
CONTINUOUS
10
0.4306983464566929
20
0.1238479527559055
11
0.4353067716535433
21
0.1203981102362205
0
LINE
8
BLACK
6
CONTINUOUS
10
0.4353067716535433
20
0.1203981102362205
11
0.435306968503937
21
0.120398031496063
0
LINE
8
BLACK
6
CONTINUOUS
10
0.435306968503937
20
0.120398031496063
11
0.4407005905511811
21
0.1183862598425197
0
LINE
8
BLACK
6
CONTINUOUS
10
0.4407005905511811
20
0.1183862598425197
11
0.440700905511811
21
0.1183861811023622
0
LINE
8
BLACK
6
CONTINUOUS
10
0.440700905511811
20
0.1183861811023622
11
0.4430846456692913
21
0.1181299212598425
0
LINE
8
BLACK
6
CONTINUOUS
10
0.4430846456692913
20
0.1181299212598425
11
0.4430851181102362
21
0.1181299212598425
0
LINE
8
BLACK
6
CONTINUOUS
10
0.4430851181102362
20
0.1181299212598425
11
0.5969153149606299
21
0.1181299212598425
0
LINE
8
BLACK
6
CONTINUOUS
10
0.5969153149606299
20
0.1181299212598425
11
0.5992990551181102
21
0.1183861811023622
0
LINE
8
BLACK
6
CONTINUOUS
10
0.5992990551181102
20
0.1183861811023622
11
0.5992993700787401
21
0.1183862598425197
0
LINE
8
BLACK
6
CONTINUOUS
10
0.5992993700787401
20
0.1183862598425197
11
0.6046929921259843
21
0.120398031496063
0
LINE
8
BLACK
6
CONTINUOUS
10
0.6046929921259843
20
0.120398031496063
11
0.6046931889763779
21
0.1203981102362205
0
LINE
8
BLACK
6
CONTINUOUS
10
0.6046931889763779
20
0.1203981102362205
11
0.6093016141732284
21
0.1238479527559055
0
LINE
8
BLACK
6
CONTINUOUS
10
0.6093016141732284
20
0.1238479527559055
11
0.6127514566929134
21
0.1284563779527559
0
LINE
8
BLACK
6
CONTINUOUS
10
0.6127514566929134
20
0.1284563779527559
11
0.6127515354330708
21
0.1284565748031496
0
LINE
8
BLACK
6
CONTINUOUS
10
0.6127515354330708
20
0.1284565748031496
11
0.6147633070866142
21
0.1338501968503937
0
LINE
8
BLACK
6
CONTINUOUS
10
0.6147633070866142
20
0.1338501968503937
11
0.6147633858267716
21
0.1338505118110236
0
LINE
8
BLACK
6
CONTINUOUS
10
0.6147633858267716
20
0.1338505118110236
11
0.6150196456692913
21
0.1362342519685039
0
LINE
8
BLACK
6
CONTINUOUS
10
0.6150196456692913
20
0.1362342519685039
11
0.6150196850393701
21
0.1362349212598425
0
LINE
8
BLACK
6
CONTINUOUS
10
0.6150196850393701
20
0.1362349212598425
11
0.6150196850393701
21
0.2900642519685039
0
LINE
8
BLACK
6
CONTINUOUS
10
0.6150196850393701
20
0.2900642519685039
11
0.6150196456692913
21
0.2900649212598425
0
LINE
8
BLACK
6
CONTINUOUS
10
0.6150196456692913
20
0.2900649212598425
11
0.6147633858267716
21
0.2924486614173228
0
LINE
8
BLACK
6
CONTINUOUS
10
0.6147633858267716
20
0.2924486614173228
11
0.6147633070866142
21
0.2924489763779528
0
LINE
8
BLACK
6
CONTINUOUS
10
0.6147633070866142
20
0.2924489763779528
11
0.6144866141732284
21
0.293190748031496
0
LINE
8
BLACK
6
CONTINUOUS
10
0.6144866141732284
20
0.293190748031496
11
0.6127515354330708
21
0.2978426771653543
0
LINE
8
BLACK
6
CONTINUOUS
10
0.6127515354330708
20
0.2978426771653543
11
0.6093016141732284
21
0.3024512204724409
0
LINE
8
BLACK
6
CONTINUOUS
10
0.6093016141732284
20
0.3024512204724409
11
0.6046930708661418
21
0.3059011417322834
0
LINE
8
BLACK
6
CONTINUOUS
10
0.6046930708661418
20
0.3059011417322834
11
0.6019426377952756
21
0.306926968503937
0
LINE
8
BLACK
6
CONTINUOUS
10
0.6019426377952756
20
0.306926968503937
11
0.5997051574803149
21
0.3086020078740158
0
LINE
8
BLACK
6
CONTINUOUS
10
0.5997051574803149
20
0.3086020078740158
11
0.5987283464566929
21
0.3112209448818898
0
LINE
8
BLACK
6
CONTINUOUS
10
0.5987283464566929
20
0.3112209448818898
11
0.5993225196850394
21
0.3139522047244094
0
LINE
8
BLACK
6
CONTINUOUS
10
0.5993225196850394
20
0.3139522047244094
11
0.6012989763779527
21
0.3159286614173228
0
LINE
8
BLACK
6
CONTINUOUS
10
0.6012989763779527
20
0.3159286614173228
11
0.6019422834645669
21
0.3162224409448819
0
LINE
8
BLACK
6
CONTINUOUS
10
0.6019422834645669
20
0.3162224409448819
11
0.6046930708661418
21
0.3172484645669291
0
LINE
8
BLACK
6
CONTINUOUS
10
0.6046930708661418
20
0.3172484645669291
11
0.6046931102362204
21
0.3172485039370079
0
LINE
8
BLACK
6
CONTINUOUS
10
0.6046931102362204
20
0.3172485039370079
11
0.6046932283464567
21
0.3172485433070866
0
LINE
8
BLACK
6
CONTINUOUS
10
0.6046932283464567
20
0.3172485433070866
11
0.6093016141732284
21
0.3206983464566929
0
LINE
8
BLACK
6
CONTINUOUS
10
0.6093016141732284
20
0.3206983464566929
11
0.6127514566929134
21
0.3253067716535433
0
LINE
8
BLACK
6
CONTINUOUS
10
0.6127514566929134
20
0.3253067716535433
11
0.6127515354330708
21
0.325306968503937
0
LINE
8
BLACK
6
CONTINUOUS
10
0.6127515354330708
20
0.325306968503937
11
0.6147633070866142
21
0.3307005905511811
0
LINE
8
BLACK
6
CONTINUOUS
10
0.6147633070866142
20
0.3307005905511811
11
0.6147633858267716
21
0.330700905511811
0
LINE
8
BLACK
6
CONTINUOUS
10
0.6147633858267716
20
0.330700905511811
11
0.6150196456692913
21
0.3330846456692914
0
LINE
8
BLACK
6
CONTINUOUS
10
0.6150196456692913
20
0.3330846456692914
11
0.6150196850393701
21
0.3330853149606299
0
LINE
8
BLACK
6
CONTINUOUS
10
0.6150196850393701
20
0.3330853149606299
11
0.6150196850393701
21
0.4869146456692913
0
LINE
8
BLACK
6
CONTINUOUS
10
0.6150196850393701
20
0.4869146456692913
11
0.6150196456692913
21
0.4869153149606299
0
LINE
8
BLACK
6
CONTINUOUS
10
0.6150196456692913
20
0.4869153149606299
11
0.6147633858267716
21
0.4892990551181102
0
LINE
8
BLACK
6
CONTINUOUS
10
0.6147633858267716
20
0.4892990551181102
11
0.6147633070866142
21
0.4892993700787401
0
LINE
8
BLACK
6
CONTINUOUS
10
0.6147633070866142
20
0.4892993700787401
11
0.6143443700787401
21
0.4904225590551181
0
LINE
8
BLACK
6
CONTINUOUS
10
0.6143443700787401
20
0.4904225590551181
11
0.6127515354330708
21
0.4946930708661417
0
LINE
8
BLACK
6
CONTINUOUS
10
0.6127515354330708
20
0.4946930708661417
11
0.6124883070866142
21
0.49504468503937
0
LINE
8
BLACK
6
CONTINUOUS
10
0.6124883070866142
20
0.49504468503937
11
0.6093016141732284
21
0.4993016141732283
0
LINE
8
BLACK
6
CONTINUOUS
10
0.6093016141732284
20
0.4993016141732283
11
0.6046931889763779
21
0.5027514566929133
0
LINE
8
BLACK
6
CONTINUOUS
10
0.6046931889763779
20
0.5027514566929133
11
0.6046931496062992
21
0.5027514566929133
0
LINE
8
BLACK
6
CONTINUOUS
10
0.6046931496062992
20
0.5027514566929133
11
0.6046930708661418
21
0.5027515354330708
0
LINE
8
BLACK
6
CONTINUOUS
10
0.6046930708661418
20
0.5027515354330708
11
0.5993392519685039
21
0.5047484251968504
0
LINE
8
BLACK
6
CONTINUOUS
10
0.5993392519685039
20
0.5047484251968504
11
0.5992993700787401
21
0.5047633070866142
0
LINE
8
BLACK
6
CONTINUOUS
10
0.5992993700787401
20
0.5047633070866142
11
0.5992993307086614
21
0.5047633070866142
0
LINE
8
BLACK
6
CONTINUOUS
10
0.5992993307086614
20
0.5047633070866142
11
0.599299251968504
21
0.5047633464566929
0
LINE
8
BLACK
6
CONTINUOUS
10
0.599299251968504
20
0.5047633464566929
11
0.5992991732283465
21
0.5047633464566929
0
LINE
8
BLACK
6
CONTINUOUS
10
0.5992991732283465
20
0.5047633464566929
11
0.5992990551181102
21
0.5047633858267716
0
LINE
8
BLACK
6
CONTINUOUS
10
0.5992990551181102
20
0.5047633858267716
11
0.5969153149606299
21
0.5050196456692914
0
LINE
8
BLACK
6
CONTINUOUS
10
0.5969153149606299
20
0.5050196456692914
11
0.596915157480315
21
0.5050196456692914
0
LINE
8
BLACK
6
CONTINUOUS
10
0.596915157480315
20
0.5050196456692914
11
0.5969148818897637
21
0.5050196850393701
0
LINE
8
BLACK
6
CONTINUOUS
10
0.5969148818897637
20
0.5050196850393701
11
0.5969146456692913
21
0.5050196850393701
0
LINE
8
BLACK
6
CONTINUOUS
10
0.5969146456692913
20
0.5050196850393701
11
0.5548228346456693
21
0.5050196850393701
0
LINE
8
BLACK
6
CONTINUOUS
10
0.5548228346456693
20
0.5050196850393701
11
0.5521409055118111
21
0.5058071653543307
0
LINE
8
BLACK
6
CONTINUOUS
10
0.5521409055118111
20
0.5058071653543307
11
0.5503104724409449
21
0.5079196062992126
0
LINE
8
BLACK
6
CONTINUOUS
10
0.5503104724409449
20
0.5079196062992126
11
0.5498622047244094
21
0.5099803149606299
0
LINE
8
BLACK
6
CONTINUOUS
10
0.5498622047244094
20
0.5099803149606299
11
0.5498622047244094
21
0.5210699212598425
0
LINE
8
BLACK
6
CONTINUOUS
10
0.5498622047244094
20
0.5210699212598425
11
0.5506496850393701
21
0.5237518503937008
0
LINE
8
BLACK
6
CONTINUOUS
10
0.5506496850393701
20
0.5237518503937008
11
0.552762125984252
21
0.5255822834645669
0
LINE
8
BLACK
6
CONTINUOUS
10
0.552762125984252
20
0.5255822834645669
11
0.5530892125984251
21
0.5257177559055118
0
LINE
8
BLACK
6
CONTINUOUS
10
0.5530892125984251
20
0.5257177559055118
11
0.5571930708661417
21
0.5272484645669291
0
LINE
8
BLACK
6
CONTINUOUS
10
0.5571930708661417
20
0.5272484645669291
11
0.5571931889763779
21
0.5272485039370078
0
LINE
8
BLACK
6
CONTINUOUS
10
0.5571931889763779
20
0.5272485039370078
11
0.5618016141732284
21
0.5306983464566929
0
LINE
8
BLACK
6
CONTINUOUS
10
0.5618016141732284
20
0.5306983464566929
11
0.5652514566929133
21
0.5353067716535433
0
LINE
8
BLACK
6
CONTINUOUS
10
0.5652514566929133
20
0.5353067716535433
11
0.5652515354330708
21
0.535306968503937
0
LINE
8
BLACK
6
CONTINUOUS
10
0.5652515354330708
20
0.535306968503937
11
0.565255157480315
21
0.5353166141732283
0
LINE
8
BLACK
6
CONTINUOUS
10
0.565255157480315
20
0.5353166141732283
11
0.5663501181102362
21
0.5382523228346456
0
LINE
8
BLACK
6
CONTINUOUS
10
0.5663501181102362
20
0.5382523228346456
11
0.5672633070866142
21
0.5407005905511811
0
LINE
8
BLACK
6
CONTINUOUS
10
0.5672633070866142
20
0.5407005905511811
11
0.5672633858267716
21
0.540700905511811
0
LINE
8
BLACK
6
CONTINUOUS
10
0.5672633858267716
20
0.540700905511811
11
0.5675196456692914
21
0.5430846456692914
0
LINE
8
BLACK
6
CONTINUOUS
10
0.5675196456692914
20
0.5430846456692914
11
0.5675196850393701
21
0.54308531496063
0
LINE
8
BLACK
6
CONTINUOUS
10
0.5675196850393701
20
0.54308531496063
11
0.5675196850393701
21
0.5819146456692913
0
LINE
8
BLACK
6
CONTINUOUS
10
0.5675196850393701
20
0.5819146456692913
11
0.5675196456692914
21
0.5819153149606299
0
LINE
8
BLACK
6
CONTINUOUS
10
0.5675196456692914
20
0.5819153149606299
11
0.5672633858267716
21
0.5842990551181102
0
LINE
8
BLACK
6
CONTINUOUS
10
0.5672633858267716
20
0.5842990551181102
11
0.5672633070866142
21
0.5842993700787401
0
LINE
8
BLACK
6
CONTINUOUS
10
0.5672633070866142
20
0.5842993700787401
11
0.5661840157480315
21
0.5871929921259842
0
LINE
8
BLACK
6
CONTINUOUS
10
0.5661840157480315
20
0.5871929921259842
11
0.5652515354330708
21
0.5896930708661418
0
LINE
8
BLACK
6
CONTINUOUS
10
0.5652515354330708
20
0.5896930708661418
11
0.5632534251968504
21
0.5923622047244095
0
LINE
8
BLACK
6
CONTINUOUS
10
0.5632534251968504
20
0.5923622047244095
11
0.5618016141732284
21
0.5943016141732284
0
LINE
8
BLACK
6
CONTINUOUS
10
0.5618016141732284
20
0.5943016141732284
11
0.5594943700787401
21
0.5960288188976378
0
LINE
8
BLACK
6
CONTINUOUS
10
0.5594943700787401
20
0.5960288188976378
11
0.5578192913385827
21
0.5982664566929133
0
LINE
8
BLACK
6
CONTINUOUS
10
0.5578192913385827
20
0.5982664566929133
11
0.5576199212598425
21
0.6010544881889763
0
LINE
8
BLACK
6
CONTINUOUS
10
0.5576199212598425
20
0.6010544881889763
11
0.5589594881889763
21
0.603507716535433
0
LINE
8
BLACK
6
CONTINUOUS
10
0.5589594881889763
20
0.603507716535433
11
0.5594943700787401
21
0.6039711811023621
0
LINE
8
BLACK
6
CONTINUOUS
10
0.5594943700787401
20
0.6039711811023621
11
0.5618016141732284
21
0.6056983464566928
0
LINE
8
BLACK
6
CONTINUOUS
10
0.5618016141732284
20
0.6056983464566928
11
0.5652514566929133
21
0.6103067716535433
0
LINE
8
BLACK
6
CONTINUOUS
10
0.5652514566929133
20
0.6103067716535433
11
0.5652515354330708
21
0.610306968503937
0
LINE
8
BLACK
6
CONTINUOUS
10
0.5652515354330708
20
0.610306968503937
11
0.56535531496063
21
0.6105851181102362
0
LINE
8
BLACK
6
CONTINUOUS
10
0.56535531496063
20
0.6105851181102362
11
0.5672633464566929
21
0.6157007480314961
0
LINE
8
BLACK
6
CONTINUOUS
10
0.5672633464566929
20
0.6157007480314961
11
0.5672633858267716
21
0.615700905511811
0
LINE
8
BLACK
6
CONTINUOUS
10
0.5672633858267716
20
0.615700905511811
11
0.5675196456692914
21
0.6180846456692913
0
LINE
8
BLACK
6
CONTINUOUS
10
0.5675196456692914
20
0.6180846456692913
11
0.5675196850393701
21
0.6180853149606299
0
LINE
8
BLACK
6
CONTINUOUS
10
0.5675196850393701
20
0.6180853149606299
11
0.5675196850393701
21
0.6569146456692914
0
LINE
8
BLACK
6
CONTINUOUS
10
0.5675196850393701
20
0.6569146456692914
11
0.5675196456692914
21
0.6569153149606299
0
LINE
8
BLACK
6
CONTINUOUS
10
0.5675196456692914
20
0.6569153149606299
11
0.5672633858267716
21
0.6592990551181103
0
LINE
8
BLACK
6
CONTINUOUS
10
0.5672633858267716
20
0.6592990551181103
11
0.5672633070866142
21
0.6592993700787402
0
LINE
8
BLACK
6
CONTINUOUS
10
0.5672633070866142
20
0.6592993700787402
11
0.5661517322834646
21
0.6622795669291338
0
LINE
8
BLACK
6
CONTINUOUS
10
0.5661517322834646
20
0.6622795669291338
11
0.5652515354330708
21
0.6646930708661417
0
LINE
8
BLACK
6
CONTINUOUS
10
0.5652515354330708
20
0.6646930708661417
11
0.5632534251968504
21
0.6673622047244094
0
LINE
8
BLACK
6
CONTINUOUS
10
0.5632534251968504
20
0.6673622047244094
11
0.5623291732283464
21
0.6685968897637795
0
LINE
8
BLACK
6
CONTINUOUS
10
0.5623291732283464
20
0.6685968897637795
11
0.5613523622047244
21
0.6712157874015748
0
LINE
8
BLACK
6
CONTINUOUS
10
0.5613523622047244
20
0.6712157874015748
11
0.5619464960629921
21
0.6739470472440945
0
LINE
8
BLACK
6
CONTINUOUS
10
0.5619464960629921
20
0.6739470472440945
11
0.5639229527559055
21
0.6759235039370078
0
LINE
8
BLACK
6
CONTINUOUS
10
0.5639229527559055
20
0.6759235039370078
11
0.5663003543307087
21
0.6765303149606299
0
LINE
8
BLACK
6
CONTINUOUS
10
0.5663003543307087
20
0.6765303149606299
11
0.5786153149606299
21
0.6765303149606299
0
LINE
8
BLACK
6
CONTINUOUS
10
0.5786153149606299
20
0.6765303149606299
11
0.5809990551181102
21
0.6767865748031496
0
LINE
8
BLACK
6
CONTINUOUS
10
0.5809990551181102
20
0.6767865748031496
11
0.5809993700787401
21
0.676786653543307
0
LINE
8
BLACK
6
CONTINUOUS
10
0.5809993700787401
20
0.676786653543307
11
0.5863929921259843
21
0.6787984251968504
0
LINE
8
BLACK
6
CONTINUOUS
10
0.5863929921259843
20
0.6787984251968504
11
0.5863931889763779
21
0.6787985039370079
0
LINE
8
BLACK
6
CONTINUOUS
10
0.5863931889763779
20
0.6787985039370079
11
0.5910016141732284
21
0.6822483464566929
0
LINE
8
BLACK
6
CONTINUOUS
10
0.5910016141732284
20
0.6822483464566929
11
0.5944514566929133
21
0.6868567716535433
0
LINE
8
BLACK
6
CONTINUOUS
10
0.5944514566929133
20
0.6868567716535433
11
0.5944515354330708
21
0.686856968503937
0
LINE
8
BLACK
6
CONTINUOUS
10
0.5944515354330708
20
0.686856968503937
11
0.5946031496062992
21
0.6872633858267716
0
LINE
8
BLACK
6
CONTINUOUS
10
0.5946031496062992
20
0.6872633858267716
11
0.5955214566929133
21
0.6897254724409448
0
LINE
8
BLACK
6
CONTINUOUS
10
0.5955214566929133
20
0.6897254724409448
11
0.5964633070866142
21
0.6922505905511811
0
LINE
8
BLACK
6
CONTINUOUS
10
0.5964633070866142
20
0.6922505905511811
11
0.5964633858267716
21
0.692250905511811
0
LINE
8
BLACK
6
CONTINUOUS
10
0.5964633858267716
20
0.692250905511811
11
0.5967196456692914
21
0.6946346456692913
0
LINE
8
BLACK
6
CONTINUOUS
10
0.5967196456692914
20
0.6946346456692913
11
0.5967196850393701
21
0.6946353149606299
0
LINE
8
BLACK
6
CONTINUOUS
10
0.5967196850393701
20
0.6946353149606299
11
0.5967196850393701
21
0.7653646456692913
0
LINE
8
BLACK
6
CONTINUOUS
10
0.5967196850393701
20
0.7653646456692913
11
0.5967196456692914
21
0.7653653149606299
0
LINE
8
BLACK
6
CONTINUOUS
10
0.5967196456692914
20
0.7653653149606299
11
0.5964633858267716
21
0.7677490551181102
0
LINE
8
BLACK
6
CONTINUOUS
10
0.5964633858267716
20
0.7677490551181102
11
0.5964633070866142
21
0.7677493700787401
0
LINE
8
BLACK
6
CONTINUOUS
10
0.5964633070866142
20
0.7677493700787401
11
0.5955302755905512
21
0.770250905511811
0
LINE
8
BLACK
6
CONTINUOUS
10
0.5955302755905512
20
0.770250905511811
11
0.5944515354330708
21
0.7731430708661418
0
LINE
8
BLACK
6
CONTINUOUS
10
0.5944515354330708
20
0.7731430708661418
11
0.5910016141732284
21
0.7777516141732284
0
LINE
8
BLACK
6
CONTINUOUS
10
0.5910016141732284
20
0.7777516141732284
11
0.5899697637795276
21
0.7785240551181102
0
LINE
8
BLACK
6
CONTINUOUS
10
0.5899697637795276
20
0.7785240551181102
11
0.5866238188976378
21
0.7810288188976378
0
LINE
8
BLACK
6
CONTINUOUS
10
0.5866238188976378
20
0.7810288188976378
11
0.5849487401574803
21
0.7832664566929134
0
LINE
8
BLACK
6
CONTINUOUS
10
0.5849487401574803
20
0.7832664566929134
11
0.5847493700787402
21
0.7860544488188976
0
LINE
8
BLACK
6
CONTINUOUS
10
0.5847493700787402
20
0.7860544488188976
11
0.586088937007874
21
0.7885077165354331
0
LINE
8
BLACK
6
CONTINUOUS
10
0.586088937007874
20
0.7885077165354331
11
0.5866238188976378
21
0.7889711811023622
0
LINE
8
BLACK
6
CONTINUOUS
10
0.5866238188976378
20
0.7889711811023622
11
0.5910016141732284
21
0.7922483464566928
0
LINE
8
BLACK
6
CONTINUOUS
10
0.5910016141732284
20
0.7922483464566928
11
0.5944514566929133
21
0.7968567716535433
0
LINE
8
BLACK
6
CONTINUOUS
10
0.5944514566929133
20
0.7968567716535433
11
0.5944515354330708
21
0.7968569685039369
0
LINE
8
BLACK
6
CONTINUOUS
10
0.5944515354330708
20
0.7968569685039369
11
0.5949096456692913
21
0.7980851181102362
0
LINE
8
BLACK
6
CONTINUOUS
10
0.5949096456692913
20
0.7980851181102362
11
0.5964633464566929
21
0.8022507480314961
0
LINE
8
BLACK
6
CONTINUOUS
10
0.5964633464566929
20
0.8022507480314961
11
0.5964633858267716
21
0.802250905511811
0
LINE
8
BLACK
6
CONTINUOUS
10
0.5964633858267716
20
0.802250905511811
11
0.5967196456692914
21
0.8046346456692913
0
LINE
8
BLACK
6
CONTINUOUS
10
0.5967196456692914
20
0.8046346456692913
11
0.5967196850393701
21
0.8046353149606299
0
LINE
8
BLACK
6
CONTINUOUS
10
0.5967196850393701
20
0.8046353149606299
11
0.5967196850393701
21
0.8408466929133858
0
LINE
8
BLACK
6
CONTINUOUS
10
0.5967196850393701
20
0.8408466929133858
11
0.5975071653543307
21
0.8435286220472441
0
LINE
8
BLACK
6
CONTINUOUS
10
0.5975071653543307
20
0.8435286220472441
11
0.5996196062992126
21
0.8453590551181103
0
LINE
8
BLACK
6
CONTINUOUS
10
0.5996196062992126
20
0.8453590551181103
11
0.6023862992125985
21
0.8457568503937007
0
LINE
8
BLACK
6
CONTINUOUS
10
0.6023862992125985
20
0.8457568503937007
11
0.6049288188976378
21
0.8445956692913386
0
LINE
8
BLACK
6
CONTINUOUS
10
0.6049288188976378
20
0.8445956692913386
11
0.6051880314960629
21
0.8443543700787401
0
LINE
8
BLACK
6
CONTINUOUS
10
0.6051880314960629
20
0.8443543700787401
11
0.6254633070866141
21
0.8240790551181102
0
LINE
8
BLACK
6
CONTINUOUS
10
0.6254633070866141
20
0.8240790551181102
11
0.6258652755905512
21
0.8235773622047244
0
LINE
8
BLACK
6
CONTINUOUS
10
0.6258652755905512
20
0.8235773622047244
11
0.625872874015748
21
0.8235836614173229
0
LINE
8
BLACK
6
CONTINUOUS
10
0.625872874015748
20
0.8235836614173229
11
0.6260716929133858
21
0.8233433070866142
0
LINE
8
BLACK
6
CONTINUOUS
10
0.6260716929133858
20
0.8233433070866142
11
0.628106062992126
21
0.821432874015748
0
LINE
8
BLACK
6
CONTINUOUS
10
0.628106062992126
20
0.821432874015748
11
0.628217874015748
21
0.8213245275590551
0
LINE
8
BLACK
6
CONTINUOUS
10
0.628217874015748
20
0.8213245275590551
11
0.6290276771653543
21
0.8205147244094488
0
LINE
8
BLACK
6
CONTINUOUS
10
0.6290276771653543
20
0.8205147244094488
11
0.6290277559055117
21
0.8205146850393701
0
LINE
8
BLACK
6
CONTINUOUS
10
0.6290277559055117
20
0.8205146850393701
11
0.629166220472441
21
0.8204072440944882
0
LINE
8
BLACK
6
CONTINUOUS
10
0.629166220472441
20
0.8204072440944882
11
0.6295208267716536
21
0.8201043307086614
0
LINE
8
BLACK
6
CONTINUOUS
10
0.6295208267716536
20
0.8201043307086614
11
0.6308465748031495
21
0.8188594094488189
0
LINE
8
BLACK
6
CONTINUOUS
10
0.6308465748031495
20
0.8188594094488189
11
0.630846653543307
21
0.8188593307086613
0
LINE
8
BLACK
6
CONTINUOUS
10
0.630846653543307
20
0.8188593307086613
11
0.631586811023622
21
0.8184524015748031
0
LINE
8
BLACK
6
CONTINUOUS
10
0.631586811023622
20
0.8184524015748031
11
0.6322369291338582
21
0.8180253149606299
0
LINE
8
BLACK
6
CONTINUOUS
10
0.6322369291338582
20
0.8180253149606299
11
0.632904094488189
21
0.8175078346456692
0
LINE
8
BLACK
6
CONTINUOUS
10
0.632904094488189
20
0.8175078346456692
11
0.6329044488188976
21
0.8175076377952756
0
LINE
8
BLACK
6
CONTINUOUS
10
0.6329044488188976
20
0.8175076377952756
11
0.6345733070866142
21
0.8167854330708662
0
LINE
8
BLACK
6
CONTINUOUS
10
0.6345733070866142
20
0.8167854330708662
11
0.6349927559055119
21
0.8165799606299212
0
LINE
8
BLACK
6
CONTINUOUS
10
0.6349927559055119
20
0.8165799606299212
11
0.6365865748031496
21
0.8157038188976378
0
LINE
8
BLACK
6
CONTINUOUS
10
0.6365865748031496
20
0.8157038188976378
11
0.6365869291338583
21
0.8157036614173229
0
LINE
8
BLACK
6
CONTINUOUS
10
0.6365869291338583
20
0.8157036614173229
11
0.6374044881889763
21
0.8154937401574803
0
LINE
8
BLACK
6
CONTINUOUS
10
0.6374044881889763
20
0.8154937401574803
11
0.6381407086614173
21
0.8152416929133858
0
LINE
8
BLACK
6
CONTINUOUS
10
0.6381407086614173
20
0.8152416929133858
11
0.6389156692913386
21
0.8149062992125984
0
LINE
8
BLACK
6
CONTINUOUS
10
0.6389156692913386
20
0.8149062992125984
11
0.638916062992126
21
0.8149062204724409
0
LINE
8
BLACK
6
CONTINUOUS
10
0.638916062992126
20
0.8149062204724409
11
0.6390958267716536
21
0.8148777559055118
0
LINE
8
BLACK
6
CONTINUOUS
10
0.6390958267716536
20
0.8148777559055118
11
0.6416214960629921
21
0.8136803543307086
0
LINE
8
BLACK
6
CONTINUOUS
10
0.6416214960629921
20
0.8136803543307086
11
0.6430988976377953
21
0.8113075590551181
0
LINE
8
BLACK
6
CONTINUOUS
10
0.6430988976377953
20
0.8113075590551181
11
0.6432803149606299
21
0.8099782283464567
0
LINE
8
BLACK
6
CONTINUOUS
10
0.6432803149606299
20
0.8099782283464567
11
0.6432803149606299
21
0.8046346456692913
0
LINE
8
BLACK
6
CONTINUOUS
10
0.6432803149606299
20
0.8046346456692913
11
0.6435365748031496
21
0.802250905511811
0
LINE
8
BLACK
6
CONTINUOUS
10
0.6435365748031496
20
0.802250905511811
11
0.643536653543307
21
0.8022505905511811
0
LINE
8
BLACK
6
CONTINUOUS
10
0.643536653543307
20
0.8022505905511811
11
0.6455484251968504
21
0.7968569685039369
0
LINE
8
BLACK
6
CONTINUOUS
10
0.6455484251968504
20
0.7968569685039369
11
0.6455485039370079
21
0.7968567716535433
0
LINE
8
BLACK
6
CONTINUOUS
10
0.6455485039370079
20
0.7968567716535433
11
0.6489983070866142
21
0.7922484251968503
0
LINE
8
BLACK
6
CONTINUOUS
10
0.6489983070866142
20
0.7922484251968503
11
0.6533761811023622
21
0.7889711811023622
0
LINE
8
BLACK
6
CONTINUOUS
10
0.6533761811023622
20
0.7889711811023622
11
0.6550512204724409
21
0.7867335433070866
0
LINE
8
BLACK
6
CONTINUOUS
10
0.6550512204724409
20
0.7867335433070866
11
0.6552505905511811
21
0.7839455118110236
0
LINE
8
BLACK
6
CONTINUOUS
10
0.6552505905511811
20
0.7839455118110236
11
0.6539110236220472
21
0.7814922834645669
0
LINE
8
BLACK
6
CONTINUOUS
10
0.6539110236220472
20
0.7814922834645669
11
0.6533761811023622
21
0.7810288188976378
0
LINE
8
BLACK
6
CONTINUOUS
10
0.6533761811023622
20
0.7810288188976378
11
0.6511911023622047
21
0.7793930708661417
0
LINE
8
BLACK
6
CONTINUOUS
10
0.6511911023622047
20
0.7793930708661417
11
0.6489983858267716
21
0.7777516141732284
0
LINE
8
BLACK
6
CONTINUOUS
10
0.6489983858267716
20
0.7777516141732284
11
0.6489983464566929
21
0.7777515354330709
0
LINE
8
BLACK
6
CONTINUOUS
10
0.6489983464566929
20
0.7777515354330709
11
0.6489983070866142
21
0.7777515354330709
0
LINE
8
BLACK
6
CONTINUOUS
10
0.6489983070866142
20
0.7777515354330709
11
0.6455485039370079
21
0.7731431889763779
0
LINE
8
BLACK
6
CONTINUOUS
10
0.6455485039370079
20
0.7731431889763779
11
0.6455484251968504
21
0.7731429921259843
0
LINE
8
BLACK
6
CONTINUOUS
10
0.6455484251968504
20
0.7731429921259843
11
0.643536653543307
21
0.7677493700787401
0
LINE
8
BLACK
6
CONTINUOUS
10
0.643536653543307
20
0.7677493700787401
11
0.6435365748031496
21
0.7677490551181102
0
LINE
8
BLACK
6
CONTINUOUS
10
0.6435365748031496
20
0.7677490551181102
11
0.6432803149606299
21
0.7653653149606299
0
LINE
8
BLACK
6
CONTINUOUS
10
0.6432803149606299
20
0.7653653149606299
11
0.6432803149606299
21
0.6946346456692913
0
LINE
8
BLACK
6
CONTINUOUS
10
0.6432803149606299
20
0.6946346456692913
11
0.6435365748031496
21
0.692250905511811
0
LINE
8
BLACK
6
CONTINUOUS
10
0.6435365748031496
20
0.692250905511811
11
0.643536653543307
21
0.6922505905511811
0
LINE
8
BLACK
6
CONTINUOUS
10
0.643536653543307
20
0.6922505905511811
11
0.6455484251968504
21
0.686856968503937
0
LINE
8
BLACK
6
CONTINUOUS
10
0.6455484251968504
20
0.686856968503937
11
0.6455485039370079
21
0.6868567716535433
0
LINE
8
BLACK
6
CONTINUOUS
10
0.6455485039370079
20
0.6868567716535433
11
0.6489983464566929
21
0.6822483464566929
0
LINE
8
BLACK
6
CONTINUOUS
10
0.6489983464566929
20
0.6822483464566929
11
0.6536067716535433
21
0.6787985039370079
0
LINE
8
BLACK
6
CONTINUOUS
10
0.6536067716535433
20
0.6787985039370079
11
0.653606968503937
21
0.6787984251968504
0
LINE
8
BLACK
6
CONTINUOUS
10
0.653606968503937
20
0.6787984251968504
11
0.6590005905511811
21
0.676786653543307
0
LINE
8
BLACK
6
CONTINUOUS
10
0.6590005905511811
20
0.676786653543307
11
0.659000905511811
21
0.6767865748031496
0
LINE
8
BLACK
6
CONTINUOUS
10
0.659000905511811
20
0.6767865748031496
11
0.6613846456692913
21
0.6765303149606299
0
LINE
8
BLACK
6
CONTINUOUS
10
0.6613846456692913
20
0.6765303149606299
11
0.6613851181102363
21
0.6765303149606299
0
LINE
8
BLACK
6
CONTINUOUS
10
0.6613851181102363
20
0.6765303149606299
11
0.6736996456692913
21
0.6765303149606299
0
LINE
8
BLACK
6
CONTINUOUS
10
0.6736996456692913
20
0.6765303149606299
11
0.6763815748031496
21
0.6757428346456693
0
LINE
8
BLACK
6
CONTINUOUS
10
0.6763815748031496
20
0.6757428346456693
11
0.6782120078740157
21
0.6736303937007874
0
LINE
8
BLACK
6
CONTINUOUS
10
0.6782120078740157
20
0.6736303937007874
11
0.6786098031496063
21
0.6708637007874015
0
LINE
8
BLACK
6
CONTINUOUS
10
0.6786098031496063
20
0.6708637007874015
11
0.6776708267716536
21
0.6685968897637795
0
LINE
8
BLACK
6
CONTINUOUS
10
0.6776708267716536
20
0.6685968897637795
11
0.6747485039370078
21
0.664693188976378
0
LINE
8
BLACK
6
CONTINUOUS
10
0.6747485039370078
20
0.664693188976378
11
0.6747484251968504
21
0.6646929921259842
0
LINE
8
BLACK
6
CONTINUOUS
10
0.6747484251968504
20
0.6646929921259842
11
0.672736653543307
21
0.6592993700787402
0
LINE
8
BLACK
6
CONTINUOUS
10
0.672736653543307
20
0.6592993700787402
11
0.6727365748031496
21
0.6592990551181103
0
LINE
8
BLACK
6
CONTINUOUS
10
0.6727365748031496
20
0.6592990551181103
11
0.6724803149606299
21
0.6569153149606299
0
LINE
8
BLACK
6
CONTINUOUS
10
0.6724803149606299
20
0.6569153149606299
11
0.6724803149606299
21
0.6180846456692913
0
LINE
8
BLACK
6
CONTINUOUS
10
0.6724803149606299
20
0.6180846456692913
11
0.6727365748031496
21
0.615700905511811
0
LINE
8
BLACK
6
CONTINUOUS
10
0.6727365748031496
20
0.615700905511811
11
0.672736653543307
21
0.6157005905511811
0
LINE
8
BLACK
6
CONTINUOUS
10
0.672736653543307
20
0.6157005905511811
11
0.6747484251968504
21
0.610306968503937
0
LINE
8
BLACK
6
CONTINUOUS
10
0.6747484251968504
20
0.610306968503937
11
0.6747485039370078
21
0.6103067716535433
0
LINE
8
BLACK
6
CONTINUOUS
10
0.6747485039370078
20
0.6103067716535433
11
0.6781983858267716
21
0.6056983464566928
0
LINE
8
BLACK
6
CONTINUOUS
10
0.6781983858267716
20
0.6056983464566928
11
0.6805056299212598
21
0.6039711417322835
0
LINE
8
BLACK
6
CONTINUOUS
10
0.6805056299212598
20
0.6039711417322835
11
0.6821806692913386
21
0.6017335039370079
0
LINE
8
BLACK
6
CONTINUOUS
10
0.6821806692913386
20
0.6017335039370079
11
0.6823800393700787
21
0.5989455118110236
0
LINE
8
BLACK
6
CONTINUOUS
10
0.6823800393700787
20
0.5989455118110236
11
0.6810404724409449
21
0.596492283464567
0
LINE
8
BLACK
6
CONTINUOUS
10
0.6810404724409449
20
0.596492283464567
11
0.6805056299212598
21
0.5960288582677166
0
LINE
8
BLACK
6
CONTINUOUS
10
0.6805056299212598
20
0.5960288582677166
11
0.6781983858267716
21
0.5943016141732284
0
LINE
8
BLACK
6
CONTINUOUS
10
0.6781983858267716
20
0.5943016141732284
11
0.6747485039370078
21
0.5896931889763779
0
LINE
8
BLACK
6
CONTINUOUS
10
0.6747485039370078
20
0.5896931889763779
11
0.6747484251968504
21
0.5896929921259842
0
LINE
8
BLACK
6
CONTINUOUS
10
0.6747484251968504
20
0.5896929921259842
11
0.672736653543307
21
0.5842993700787401
0
LINE
8
BLACK
6
CONTINUOUS
10
0.672736653543307
20
0.5842993700787401
11
0.6727365748031496
21
0.5842990551181102
0
LINE
8
BLACK
6
CONTINUOUS
10
0.6727365748031496
20
0.5842990551181102
11
0.6724803149606299
21
0.5819153149606299
0
LINE
8
BLACK
6
CONTINUOUS
10
0.6724803149606299
20
0.5819153149606299
11
0.6724803149606299
21
0.5430846456692914
0
LINE
8
BLACK
6
CONTINUOUS
10
0.6724803149606299
20
0.5430846456692914
11
0.6727365748031496
21
0.540700905511811
0
LINE
8
BLACK
6
CONTINUOUS
10
0.6727365748031496
20
0.540700905511811
11
0.672736653543307
21
0.5407005905511811
0
LINE
8
BLACK
6
CONTINUOUS
10
0.672736653543307
20
0.5407005905511811
11
0.6747484251968504
21
0.535306968503937
0
LINE
8
BLACK
6
CONTINUOUS
10
0.6747484251968504
20
0.535306968503937
11
0.6747485039370078
21
0.5353067716535433
0
LINE
8
BLACK
6
CONTINUOUS
10
0.6747485039370078
20
0.5353067716535433
11
0.6781983464566929
21
0.5306983464566929
0
LINE
8
BLACK
6
CONTINUOUS
10
0.6781983464566929
20
0.5306983464566929
11
0.6828067716535433
21
0.5272485039370078
0
LINE
8
BLACK
6
CONTINUOUS
10
0.6828067716535433
20
0.5272485039370078
11
0.6828068897637795
21
0.5272484645669291
0
LINE
8
BLACK
6
CONTINUOUS
10
0.6828068897637795
20
0.5272484645669291
11
0.6869107874015747
21
0.5257177559055118
0
LINE
8
BLACK
6
CONTINUOUS
10
0.6869107874015747
20
0.5257177559055118
11
0.6891483858267716
21
0.5240426771653544
0
LINE
8
BLACK
6
CONTINUOUS
10
0.6891483858267716
20
0.5240426771653544
11
0.690125157480315
21
0.5214237401574803
0
LINE
8
BLACK
6
CONTINUOUS
10
0.690125157480315
20
0.5214237401574803
11
0.6901377952755905
21
0.5210699212598425
0
LINE
8
BLACK
6
CONTINUOUS
10
0.6901377952755905
20
0.5210699212598425
11
0.6901377952755905
21
0.5099803149606299
0
LINE
8
BLACK
6
CONTINUOUS
10
0.6901377952755905
20
0.5099803149606299
11
0.6893503149606299
21
0.5072983858267717
0
LINE
8
BLACK
6
CONTINUOUS
10
0.6893503149606299
20
0.5072983858267717
11
0.687237874015748
21
0.5054679527559055
0
LINE
8
BLACK
6
CONTINUOUS
10
0.687237874015748
20
0.5054679527559055
11
0.6851771653543307
21
0.5050196850393701
0
LINE
8
BLACK
6
CONTINUOUS
10
0.6851771653543307
20
0.5050196850393701
11
0.6430851181102362
21
0.5050196850393701
0
LINE
8
BLACK
6
CONTINUOUS
10
0.6430851181102362
20
0.5050196850393701
11
0.643084842519685
21
0.5050196456692914
0
LINE
8
BLACK
6
CONTINUOUS
10
0.643084842519685
20
0.5050196456692914
11
0.6430846456692914
21
0.5050196456692914
0
LINE
8
BLACK
6
CONTINUOUS
10
0.6430846456692914
20
0.5050196456692914
11
0.640700905511811
21
0.5047633858267716
0
LINE
8
BLACK
6
CONTINUOUS
10
0.640700905511811
20
0.5047633858267716
11
0.6407005905511811
21
0.5047633070866142
0
LINE
8
BLACK
6
CONTINUOUS
10
0.6407005905511811
20
0.5047633070866142
11
0.6384944488188976
21
0.5039404330708661
0
LINE
8
BLACK
6
CONTINUOUS
10
0.6384944488188976
20
0.5039404330708661
11
0.6353069291338582
21
0.5027515354330708
0
LINE
8
BLACK
6
CONTINUOUS
10
0.6353069291338582
20
0.5027515354330708
11
0.6353068503937008
21
0.5027514960629921
0
LINE
8
BLACK
6
CONTINUOUS
10
0.6353068503937008
20
0.5027514960629921
11
0.6353067716535433
21
0.5027514566929133
0
LINE
8
BLACK
6
CONTINUOUS
10
0.6353067716535433
20
0.5027514566929133
11
0.6306983464566929
21
0.4993016141732283
0
LINE
8
BLACK
6
CONTINUOUS
10
0.6306983464566929
20
0.4993016141732283
11
0.6272485039370078
21
0.4946931889763779
0
LINE
8
BLACK
6
CONTINUOUS
10
0.6272485039370078
20
0.4946931889763779
11
0.6272484251968504
21
0.4946929921259842
0
LINE
8
BLACK
6
CONTINUOUS
10
0.6272484251968504
20
0.4946929921259842
11
0.625236653543307
21
0.4892993700787401
0
LINE
8
BLACK
6
CONTINUOUS
10
0.625236653543307
20
0.4892993700787401
11
0.6252365748031496
21
0.4892990551181102
0
LINE
8
BLACK
6
CONTINUOUS
10
0.6252365748031496
20
0.4892990551181102
11
0.6249803149606299
21
0.4869153149606299
0
LINE
8
BLACK
6
CONTINUOUS
10
0.6249803149606299
20
0.4869153149606299
11
0.6249803149606299
21
0.3330846456692914
0
LINE
8
BLACK
6
CONTINUOUS
10
0.6249803149606299
20
0.3330846456692914
11
0.6252365748031496
21
0.330700905511811
0
LINE
8
BLACK
6
CONTINUOUS
10
0.6252365748031496
20
0.330700905511811
11
0.625236653543307
21
0.3307005905511811
0
LINE
8
BLACK
6
CONTINUOUS
10
0.625236653543307
20
0.3307005905511811
11
0.6272484251968504
21
0.325306968503937
0
LINE
8
BLACK
6
CONTINUOUS
10
0.6272484251968504
20
0.325306968503937
11
0.6272485039370078
21
0.3253067716535433
0
LINE
8
BLACK
6
CONTINUOUS
10
0.6272485039370078
20
0.3253067716535433
11
0.6306983464566929
21
0.3206983464566929
0
LINE
8
BLACK
6
CONTINUOUS
10
0.6306983464566929
20
0.3206983464566929
11
0.6353067716535433
21
0.3172485039370079
0
LINE
8
BLACK
6
CONTINUOUS
10
0.6353067716535433
20
0.3172485039370079
11
0.635306968503937
21
0.3172484251968504
0
LINE
8
BLACK
6
CONTINUOUS
10
0.635306968503937
20
0.3172484251968504
11
0.6380572047244094
21
0.3162226377952756
0
LINE
8
BLACK
6
CONTINUOUS
10
0.6380572047244094
20
0.3162226377952756
11
0.640294842519685
21
0.3145475590551181
0
LINE
8
BLACK
6
CONTINUOUS
10
0.640294842519685
20
0.3145475590551181
11
0.6412716141732283
21
0.3119286614173228
0
LINE
8
BLACK
6
CONTINUOUS
10
0.6412716141732283
20
0.3119286614173228
11
0.6406774409448819
21
0.3091974015748031
0
LINE
8
BLACK
6
CONTINUOUS
10
0.6406774409448819
20
0.3091974015748031
11
0.6387009842519685
21
0.3072209448818898
0
LINE
8
BLACK
6
CONTINUOUS
10
0.6387009842519685
20
0.3072209448818898
11
0.6380572047244094
21
0.306926968503937
0
LINE
8
BLACK
6
CONTINUOUS
10
0.6380572047244094
20
0.306926968503937
11
0.6366014173228346
21
0.306383937007874
0
LINE
8
BLACK
6
CONTINUOUS
10
0.6366014173228346
20
0.306383937007874
11
0.6353069291338582
21
0.3059011417322834
0
LINE
8
BLACK
6
CONTINUOUS
10
0.6353069291338582
20
0.3059011417322834
11
0.6353068503937008
21
0.3059011023622047
0
LINE
8
BLACK
6
CONTINUOUS
10
0.6353068503937008
20
0.3059011023622047
11
0.6353067716535433
21
0.305901062992126
0
LINE
8
BLACK
6
CONTINUOUS
10
0.6353067716535433
20
0.305901062992126
11
0.6306983464566929
21
0.3024512204724409
0
LINE
8
BLACK
6
CONTINUOUS
10
0.6306983464566929
20
0.3024512204724409
11
0.6272485039370078
21
0.2978427952755905
0
LINE
8
BLACK
6
CONTINUOUS
10
0.6272485039370078
20
0.2978427952755905
11
0.6272484251968504
21
0.2978425984251968
0
LINE
8
BLACK
6
CONTINUOUS
10
0.6272484251968504
20
0.2978425984251968
11
0.625236653543307
21
0.2924489763779528
0
LINE
8
BLACK
6
CONTINUOUS
10
0.625236653543307
20
0.2924489763779528
11
0.6252365748031496
21
0.2924486614173228
0
LINE
8
BLACK
6
CONTINUOUS
10
0.6252365748031496
20
0.2924486614173228
11
0.6249803149606299
21
0.2900649212598425
0
LINE
8
BLACK
6
CONTINUOUS
10
0.6249803149606299
20
0.2900649212598425
11
0.6249803149606299
21
0.1362342519685039
0
LINE
8
BLACK
6
CONTINUOUS
10
0.6249803149606299
20
0.1362342519685039
11
0.6252365748031496
21
0.1338505118110236
0
LINE
8
BLACK
6
CONTINUOUS
10
0.6252365748031496
20
0.1338505118110236
11
0.625236653543307
21
0.1338501968503937
0
LINE
8
BLACK
6
CONTINUOUS
10
0.625236653543307
20
0.1338501968503937
11
0.6272484251968504
21
0.1284565748031496
0
LINE
8
BLACK
6
CONTINUOUS
10
0.6272484251968504
20
0.1284565748031496
11
0.6272485039370078
21
0.1284563779527559
0
LINE
8
BLACK
6
CONTINUOUS
10
0.6272485039370078
20
0.1284563779527559
11
0.6306983464566929
21
0.1238479527559055
0
LINE
8
BLACK
6
CONTINUOUS
10
0.6306983464566929
20
0.1238479527559055
11
0.6353067716535433
21
0.1203981102362205
0
LINE
8
BLACK
6
CONTINUOUS
10
0.6353067716535433
20
0.1203981102362205
11
0.635306968503937
21
0.120398031496063
0
LINE
8
BLACK
6
CONTINUOUS
10
0.635306968503937
20
0.120398031496063
11
0.6407005905511811
21
0.1183862598425197
0
LINE
8
BLACK
6
CONTINUOUS
10
0.6407005905511811
20
0.1183862598425197
11
0.640700905511811
21
0.1183861811023622
0
LINE
8
BLACK
6
CONTINUOUS
10
0.640700905511811
20
0.1183861811023622
11
0.6430846456692914
21
0.1181299212598425
0
LINE
8
BLACK
6
CONTINUOUS
10
0.6430846456692914
20
0.1181299212598425
11
0.6430851181102362
21
0.1181299212598425
0
LINE
8
BLACK
6
CONTINUOUS
10
0.6430851181102362
20
0.1181299212598425
11
0.79691531496063
21
0.1181299212598425
0
LINE
8
BLACK
6
CONTINUOUS
10
0.79691531496063
20
0.1181299212598425
11
0.7992990551181102
21
0.1183861811023622
0
LINE
8
BLACK
6
CONTINUOUS
10
0.7992990551181102
20
0.1183861811023622
11
0.7992993700787402
21
0.1183862598425197
0
LINE
8
BLACK
6
CONTINUOUS
10
0.7992993700787402
20
0.1183862598425197
11
0.8046929921259842
21
0.120398031496063
0
LINE
8
BLACK
6
CONTINUOUS
10
0.8046929921259842
20
0.120398031496063
11
0.804693188976378
21
0.1203981102362205
0
LINE
8
BLACK
6
CONTINUOUS
10
0.804693188976378
20
0.1203981102362205
11
0.8093016141732283
21
0.1238479527559055
0
LINE
8
BLACK
6
CONTINUOUS
10
0.8093016141732283
20
0.1238479527559055
11
0.8127514566929134
21
0.1284563779527559
0
LINE
8
BLACK
6
CONTINUOUS
10
0.8127514566929134
20
0.1284563779527559
11
0.8127515354330709
21
0.1284565748031496
0
LINE
8
BLACK
6
CONTINUOUS
10
0.8127515354330709
20
0.1284565748031496
11
0.8147633070866142
21
0.1338501968503937
0
LINE
8
BLACK
6
CONTINUOUS
10
0.8147633070866142
20
0.1338501968503937
11
0.8147633858267717
21
0.1338505118110236
0
LINE
8
BLACK
6
CONTINUOUS
10
0.8147633858267717
20
0.1338505118110236
11
0.8150196456692913
21
0.1362342519685039
0
LINE
8
BLACK
6
CONTINUOUS
10
0.8150196456692913
20
0.1362342519685039
11
0.8150196850393701
21
0.1362349212598425
0
LINE
8
BLACK
6
CONTINUOUS
10
0.8150196850393701
20
0.1362349212598425
11
0.8150196850393701
21
0.2900642519685039
0
LINE
8
BLACK
6
CONTINUOUS
10
0.8150196850393701
20
0.2900642519685039
11
0.8150196456692913
21
0.2900649212598425
0
LINE
8
BLACK
6
CONTINUOUS
10
0.8150196456692913
20
0.2900649212598425
11
0.8147633858267717
21
0.2924486614173228
0
LINE
8
BLACK
6
CONTINUOUS
10
0.8147633858267717
20
0.2924486614173228
11
0.8147633070866142
21
0.2924489763779528
0
LINE
8
BLACK
6
CONTINUOUS
10
0.8147633070866142
20
0.2924489763779528
11
0.8144866141732283
21
0.293190748031496
0
LINE
8
BLACK
6
CONTINUOUS
10
0.8144866141732283
20
0.293190748031496
11
0.8127515354330709
21
0.2978426771653543
0
LINE
8
BLACK
6
CONTINUOUS
10
0.8127515354330709
20
0.2978426771653543
11
0.8093016141732283
21
0.3024512204724409
0
LINE
8
BLACK
6
CONTINUOUS
10
0.8093016141732283
20
0.3024512204724409
11
0.8046930708661417
21
0.3059011417322834
0
LINE
8
BLACK
6
CONTINUOUS
10
0.8046930708661417
20
0.3059011417322834
11
0.8019426377952755
21
0.306926968503937
0
LINE
8
BLACK
6
CONTINUOUS
10
0.8019426377952755
20
0.306926968503937
11
0.7997051574803149
21
0.3086020078740158
0
LINE
8
BLACK
6
CONTINUOUS
10
0.7997051574803149
20
0.3086020078740158
11
0.7987283464566929
21
0.3112209448818898
0
LINE
8
BLACK
6
CONTINUOUS
10
0.7987283464566929
20
0.3112209448818898
11
0.7993225196850393
21
0.3139522047244094
0
LINE
8
BLACK
6
CONTINUOUS
10
0.7993225196850393
20
0.3139522047244094
11
0.8012989763779528
21
0.3159286614173228
0
LINE
8
BLACK
6
CONTINUOUS
10
0.8012989763779528
20
0.3159286614173228
11
0.8019422834645669
21
0.3162224409448819
0
LINE
8
BLACK
6
CONTINUOUS
10
0.8019422834645669
20
0.3162224409448819
11
0.8046930708661417
21
0.3172484645669291
0
LINE
8
BLACK
6
CONTINUOUS
10
0.8046930708661417
20
0.3172484645669291
11
0.8046931102362205
21
0.3172485039370079
0
LINE
8
BLACK
6
CONTINUOUS
10
0.8046931102362205
20
0.3172485039370079
11
0.8046932283464566
21
0.3172485433070866
0
LINE
8
BLACK
6
CONTINUOUS
10
0.8046932283464566
20
0.3172485433070866
11
0.8093016141732283
21
0.3206983464566929
0
LINE
8
BLACK
6
CONTINUOUS
10
0.8093016141732283
20
0.3206983464566929
11
0.8127514566929134
21
0.3253067716535433
0
LINE
8
BLACK
6
CONTINUOUS
10
0.8127514566929134
20
0.3253067716535433
11
0.8127515354330709
21
0.325306968503937
0
LINE
8
BLACK
6
CONTINUOUS
10
0.8127515354330709
20
0.325306968503937
11
0.8147633070866142
21
0.3307005905511811
0
LINE
8
BLACK
6
CONTINUOUS
10
0.8147633070866142
20
0.3307005905511811
11
0.8147633858267717
21
0.330700905511811
0
LINE
8
BLACK
6
CONTINUOUS
10
0.8147633858267717
20
0.330700905511811
11
0.8150196456692913
21
0.3330846456692914
0
LINE
8
BLACK
6
CONTINUOUS
10
0.8150196456692913
20
0.3330846456692914
11
0.8150196850393701
21
0.3330853149606299
0
LINE
8
BLACK
6
CONTINUOUS
10
0.8150196850393701
20
0.3330853149606299
11
0.8150196850393701
21
0.3781071653543307
0
LINE
8
BLACK
6
CONTINUOUS
10
0.8150196850393701
20
0.3781071653543307
11
0.8150196850393701
21
0.4869146456692913
0
LINE
8
BLACK
6
CONTINUOUS
10
0.8150196850393701
20
0.4869146456692913
11
0.8150196456692913
21
0.4869153149606299
0
LINE
8
BLACK
6
CONTINUOUS
10
0.8150196456692913
20
0.4869153149606299
11
0.8147633858267717
21
0.4892990551181102
0
LINE
8
BLACK
6
CONTINUOUS
10
0.8147633858267717
20
0.4892990551181102
11
0.8147633070866142
21
0.4892993700787401
0
LINE
8
BLACK
6
CONTINUOUS
10
0.8147633070866142
20
0.4892993700787401
11
0.8143443700787402
21
0.4904225590551181
0
LINE
8
BLACK
6
CONTINUOUS
10
0.8143443700787402
20
0.4904225590551181
11
0.8127515354330709
21
0.4946930708661417
0
LINE
8
BLACK
6
CONTINUOUS
10
0.8127515354330709
20
0.4946930708661417
11
0.8124883070866141
21
0.49504468503937
0
LINE
8
BLACK
6
CONTINUOUS
10
0.8124883070866141
20
0.49504468503937
11
0.8093016141732283
21
0.4993016141732283
0
LINE
8
BLACK
6
CONTINUOUS
10
0.8093016141732283
20
0.4993016141732283
11
0.804693188976378
21
0.5027514566929133
0
LINE
8
BLACK
6
CONTINUOUS
10
0.804693188976378
20
0.5027514566929133
11
0.8046931496062992
21
0.5027514566929133
0
LINE
8
BLACK
6
CONTINUOUS
10
0.8046931496062992
20
0.5027514566929133
11
0.8046930708661417
21
0.5027515354330708
0
LINE
8
BLACK
6
CONTINUOUS
10
0.8046930708661417
20
0.5027515354330708
11
0.799339251968504
21
0.5047484251968504
0
LINE
8
BLACK
6
CONTINUOUS
10
0.799339251968504
20
0.5047484251968504
11
0.7992993700787402
21
0.5047633070866142
0
LINE
8
BLACK
6
CONTINUOUS
10
0.7992993700787402
20
0.5047633070866142
11
0.7992993307086614
21
0.5047633070866142
0
LINE
8
BLACK
6
CONTINUOUS
10
0.7992993307086614
20
0.5047633070866142
11
0.7992992519685039
21
0.5047633464566929
0
LINE
8
BLACK
6
CONTINUOUS
10
0.7992992519685039
20
0.5047633464566929
11
0.7992991732283464
21
0.5047633464566929
0
LINE
8
BLACK
6
CONTINUOUS
10
0.7992991732283464
20
0.5047633464566929
11
0.7992990551181102
21
0.5047633858267716
0
LINE
8
BLACK
6
CONTINUOUS
10
0.7992990551181102
20
0.5047633858267716
11
0.79691531496063
21
0.5050196456692914
0
LINE
8
BLACK
6
CONTINUOUS
10
0.79691531496063
20
0.5050196456692914
11
0.7969151574803149
21
0.5050196456692914
0
LINE
8
BLACK
6
CONTINUOUS
10
0.7969151574803149
20
0.5050196456692914
11
0.7969148818897638
21
0.5050196850393701
0
LINE
8
BLACK
6
CONTINUOUS
10
0.7969148818897638
20
0.5050196850393701
11
0.7969146456692913
21
0.5050196850393701
0
LINE
8
BLACK
6
CONTINUOUS
10
0.7969146456692913
20
0.5050196850393701
11
0.7548228346456692
21
0.5050196850393701
0
LINE
8
BLACK
6
CONTINUOUS
10
0.7548228346456692
20
0.5050196850393701
11
0.752140905511811
21
0.5058071653543307
0
LINE
8
BLACK
6
CONTINUOUS
10
0.752140905511811
20
0.5058071653543307
11
0.7503104724409448
21
0.5079196062992126
0
LINE
8
BLACK
6
CONTINUOUS
10
0.7503104724409448
20
0.5079196062992126
11
0.7498622047244095
21
0.5099803149606299
0
LINE
8
BLACK
6
CONTINUOUS
10
0.7498622047244095
20
0.5099803149606299
11
0.7498622047244095
21
0.5210699212598425
0
LINE
8
BLACK
6
CONTINUOUS
10
0.7498622047244095
20
0.5210699212598425
11
0.75064968503937
21
0.5237518503937008
0
LINE
8
BLACK
6
CONTINUOUS
10
0.75064968503937
20
0.5237518503937008
11
0.752762125984252
21
0.5255822834645669
0
LINE
8
BLACK
6
CONTINUOUS
10
0.752762125984252
20
0.5255822834645669
11
0.7530892125984252
21
0.5257177559055118
0
LINE
8
BLACK
6
CONTINUOUS
10
0.7530892125984252
20
0.5257177559055118
11
0.7571930708661417
21
0.5272484645669291
0
LINE
8
BLACK
6
CONTINUOUS
10
0.7571930708661417
20
0.5272484645669291
11
0.7571931889763779
21
0.5272485039370078
0
LINE
8
BLACK
6
CONTINUOUS
10
0.7571931889763779
20
0.5272485039370078
11
0.7618016141732283
21
0.5306983464566929
0
LINE
8
BLACK
6
CONTINUOUS
10
0.7618016141732283
20
0.5306983464566929
11
0.7652514566929134
21
0.5353067716535433
0
LINE
8
BLACK
6
CONTINUOUS
10
0.7652514566929134
20
0.5353067716535433
11
0.7652515354330709
21
0.535306968503937
0
LINE
8
BLACK
6
CONTINUOUS
10
0.7652515354330709
20
0.535306968503937
11
0.7652551574803149
21
0.5353166141732283
0
LINE
8
BLACK
6
CONTINUOUS
10
0.7652551574803149
20
0.5353166141732283
11
0.7663501181102362
21
0.5382523228346456
0
LINE
8
BLACK
6
CONTINUOUS
10
0.7663501181102362
20
0.5382523228346456
11
0.7672633070866142
21
0.5407005905511811
0
LINE
8
BLACK
6
CONTINUOUS
10
0.7672633070866142
20
0.5407005905511811
11
0.7672633858267717
21
0.540700905511811
0
LINE
8
BLACK
6
CONTINUOUS
10
0.7672633858267717
20
0.540700905511811
11
0.7675196456692913
21
0.5430846456692914
0
LINE
8
BLACK
6
CONTINUOUS
10
0.7675196456692913
20
0.5430846456692914
11
0.7675196850393701
21
0.54308531496063
0
LINE
8
BLACK
6
CONTINUOUS
10
0.7675196850393701
20
0.54308531496063
11
0.7675196850393701
21
0.5819146456692913
0
LINE
8
BLACK
6
CONTINUOUS
10
0.7675196850393701
20
0.5819146456692913
11
0.7675196456692913
21
0.5819153149606299
0
LINE
8
BLACK
6
CONTINUOUS
10
0.7675196456692913
20
0.5819153149606299
11
0.7672633858267717
21
0.5842990551181102
0
LINE
8
BLACK
6
CONTINUOUS
10
0.7672633858267717
20
0.5842990551181102
11
0.7672633070866142
21
0.5842993700787401
0
LINE
8
BLACK
6
CONTINUOUS
10
0.7672633070866142
20
0.5842993700787401
11
0.7661840157480315
21
0.5871929921259842
0
LINE
8
BLACK
6
CONTINUOUS
10
0.7661840157480315
20
0.5871929921259842
11
0.7652515354330709
21
0.5896930708661418
0
LINE
8
BLACK
6
CONTINUOUS
10
0.7652515354330709
20
0.5896930708661418
11
0.7632534251968504
21
0.5923622047244095
0
LINE
8
BLACK
6
CONTINUOUS
10
0.7632534251968504
20
0.5923622047244095
11
0.7618016141732283
21
0.5943016141732284
0
LINE
8
BLACK
6
CONTINUOUS
10
0.7618016141732283
20
0.5943016141732284
11
0.7594943700787401
21
0.5960288188976378
0
LINE
8
BLACK
6
CONTINUOUS
10
0.7594943700787401
20
0.5960288188976378
11
0.7578192913385826
21
0.5982664566929133
0
LINE
8
BLACK
6
CONTINUOUS
10
0.7578192913385826
20
0.5982664566929133
11
0.7576199212598425
21
0.6010544881889763
0
LINE
8
BLACK
6
CONTINUOUS
10
0.7576199212598425
20
0.6010544881889763
11
0.7589594881889764
21
0.603507716535433
0
LINE
8
BLACK
6
CONTINUOUS
10
0.7589594881889764
20
0.603507716535433
11
0.7594943700787401
21
0.6039711811023621
0
LINE
8
BLACK
6
CONTINUOUS
10
0.7594943700787401
20
0.6039711811023621
11
0.7618016929133858
21
0.6056984251968504
0
LINE
8
BLACK
6
CONTINUOUS
10
0.7618016929133858
20
0.6056984251968504
11
0.7620525196850394
21
0.6059492519685039
0
LINE
8
BLACK
6
CONTINUOUS
10
0.7620525196850394
20
0.6059492519685039
11
0.7621007086614173
21
0.6059010236220472
0
LINE
8
BLACK
6
CONTINUOUS
10
0.7621007086614173
20
0.6059010236220472
11
0.7640032283464567
21
0.6073251181102363
0
LINE
8
BLACK
6
CONTINUOUS
10
0.7640032283464567
20
0.6073251181102363
11
0.7657365748031496
21
0.6076377952755906
0
LINE
8
BLACK
6
CONTINUOUS
10
0.7657365748031496
20
0.6076377952755906
11
0.7820024015748032
21
0.6076377952755906
0
LINE
8
BLACK
6
CONTINUOUS
10
0.7820024015748032
20
0.6076377952755906
11
0.7846843307086614
21
0.6068503149606299
0
LINE
8
BLACK
6
CONTINUOUS
10
0.7846843307086614
20
0.6068503149606299
11
0.7865147637795276
21
0.604737874015748
0
LINE
8
BLACK
6
CONTINUOUS
10
0.7865147637795276
20
0.604737874015748
11
0.7866502362204725
21
0.6044107480314961
0
LINE
8
BLACK
6
CONTINUOUS
10
0.7866502362204725
20
0.6044107480314961
11
0.7872484251968503
21
0.6028068897637795
0
LINE
8
BLACK
6
CONTINUOUS
10
0.7872484251968503
20
0.6028068897637795
11
0.7906983464566929
21
0.5981983464566929
0
LINE
8
BLACK
6
CONTINUOUS
10
0.7906983464566929
20
0.5981983464566929
11
0.7953067716535432
21
0.5947485039370078
0
LINE
8
BLACK
6
CONTINUOUS
10
0.7953067716535432
20
0.5947485039370078
11
0.795306968503937
21
0.5947484251968503
0
LINE
8
BLACK
6
CONTINUOUS
10
0.795306968503937
20
0.5947484251968503
11
0.800700590551181
21
0.5927366535433071
0
LINE
8
BLACK
6
CONTINUOUS
10
0.800700590551181
20
0.5927366535433071
11
0.8007009055118111
21
0.5927365748031496
0
LINE
8
BLACK
6
CONTINUOUS
10
0.8007009055118111
20
0.5927365748031496
11
0.8030846456692913
21
0.5924803149606299
0
LINE
8
BLACK
6
CONTINUOUS
10
0.8030846456692913
20
0.5924803149606299
11
0.8030851181102362
21
0.5924803149606299
0
LINE
8
BLACK
6
CONTINUOUS
10
0.8030851181102362
20
0.5924803149606299
11
0.8419153149606299
21
0.5924803149606299
0
LINE
8
BLACK
6
CONTINUOUS
10
0.8419153149606299
20
0.5924803149606299
11
0.8442990551181102
21
0.5927365748031496
0
LINE
8
BLACK
6
CONTINUOUS
10
0.8442990551181102
20
0.5927365748031496
11
0.8442993700787401
21
0.5927366535433071
0
LINE
8
BLACK
6
CONTINUOUS
10
0.8442993700787401
20
0.5927366535433071
11
0.8496929921259843
21
0.5947484251968503
0
LINE
8
BLACK
6
CONTINUOUS
10
0.8496929921259843
20
0.5947484251968503
11
0.8496931889763779
21
0.5947485039370078
0
LINE
8
BLACK
6
CONTINUOUS
10
0.8496931889763779
20
0.5947485039370078
11
0.8543016141732284
21
0.5981983464566929
0
LINE
8
BLACK
6
CONTINUOUS
10
0.8543016141732284
20
0.5981983464566929
11
0.8577514566929134
21
0.6028067716535432
0
LINE
8
BLACK
6
CONTINUOUS
10
0.8577514566929134
20
0.6028067716535432
11
0.8577515354330708
21
0.602806968503937
0
LINE
8
BLACK
6
CONTINUOUS
10
0.8577515354330708
20
0.602806968503937
11
0.8581857874015748
21
0.6039711417322835
0
LINE
8
BLACK
6
CONTINUOUS
10
0.8581857874015748
20
0.6039711417322835
11
0.85883
21
0.6056983858267716
0
LINE
8
BLACK
6
CONTINUOUS
10
0.85883
20
0.6056983858267716
11
0.8597633070866142
21
0.6082005905511811
0
LINE
8
BLACK
6
CONTINUOUS
10
0.8597633070866142
20
0.6082005905511811
11
0.8597633858267716
21
0.6082009055118111
0
LINE
8
BLACK
6
CONTINUOUS
10
0.8597633858267716
20
0.6082009055118111
11
0.8600196456692913
21
0.6105846456692913
0
LINE
8
BLACK
6
CONTINUOUS
10
0.8600196456692913
20
0.6105846456692913
11
0.8600196850393701
21
0.61058531496063
0
LINE
8
BLACK
6
CONTINUOUS
10
0.8600196850393701
20
0.61058531496063
11
0.8600196850393701
21
0.6694146456692913
0
LINE
8
BLACK
6
CONTINUOUS
10
0.8600196850393701
20
0.6694146456692913
11
0.8600196456692913
21
0.6694153149606299
0
LINE
8
BLACK
6
CONTINUOUS
10
0.8600196456692913
20
0.6694153149606299
11
0.8597633858267716
21
0.6717990551181102
0
LINE
8
BLACK
6
CONTINUOUS
10
0.8597633858267716
20
0.6717990551181102
11
0.8597633070866142
21
0.6717993700787401
0
LINE
8
BLACK
6
CONTINUOUS
10
0.8597633070866142
20
0.6717993700787401
11
0.8589622440944882
21
0.6739470472440945
0
LINE
8
BLACK
6
CONTINUOUS
10
0.8589622440944882
20
0.6739470472440945
11
0.8577515354330708
21
0.6771930708661417
0
LINE
8
BLACK
6
CONTINUOUS
10
0.8577515354330708
20
0.6771930708661417
11
0.8565497637795275
21
0.6787984251968504
0
LINE
8
BLACK
6
CONTINUOUS
10
0.8565497637795275
20
0.6787984251968504
11
0.8543016141732284
21
0.6818016141732284
0
LINE
8
BLACK
6
CONTINUOUS
10
0.8543016141732284
20
0.6818016141732284
11
0.8496931889763779
21
0.6852514566929133
0
LINE
8
BLACK
6
CONTINUOUS
10
0.8496931889763779
20
0.6852514566929133
11
0.8496931496062992
21
0.6852514566929133
0
LINE
8
BLACK
6
CONTINUOUS
10
0.8496931496062992
20
0.6852514566929133
11
0.8496930708661418
21
0.6852515354330708
0
LINE
8
BLACK
6
CONTINUOUS
10
0.8496930708661418
20
0.6852515354330708
11
0.844299251968504
21
0.6872633464566928
0
LINE
8
BLACK
6
CONTINUOUS
10
0.844299251968504
20
0.6872633464566928
11
0.8442991732283465
21
0.6872633464566928
0
LINE
8
BLACK
6
CONTINUOUS
10
0.8442991732283465
20
0.6872633464566928
11
0.8442990551181102
21
0.6872633858267716
0
LINE
8
BLACK
6
CONTINUOUS
10
0.8442990551181102
20
0.6872633858267716
11
0.8419153149606299
21
0.6875196456692914
0
LINE
8
BLACK
6
CONTINUOUS
10
0.8419153149606299
20
0.6875196456692914
11
0.841915157480315
21
0.6875196456692914
0
LINE
8
BLACK
6
CONTINUOUS
10
0.841915157480315
20
0.6875196456692914
11
0.8419148818897637
21
0.6875196850393701
0
LINE
8
BLACK
6
CONTINUOUS
10
0.8419148818897637
20
0.6875196850393701
11
0.8030851181102362
21
0.6875196850393701
0
LINE
8
BLACK
6
CONTINUOUS
10
0.8030851181102362
20
0.6875196850393701
11
0.803084842519685
21
0.6875196456692914
0
LINE
8
BLACK
6
CONTINUOUS
10
0.803084842519685
20
0.6875196456692914
11
0.8030846456692913
21
0.6875196456692914
0
LINE
8
BLACK
6
CONTINUOUS
10
0.8030846456692913
20
0.6875196456692914
11
0.8007009055118111
21
0.6872633858267716
0
LINE
8
BLACK
6
CONTINUOUS
10
0.8007009055118111
20
0.6872633858267716
11
0.800700590551181
21
0.6872633070866142
0
LINE
8
BLACK
6
CONTINUOUS
10
0.800700590551181
20
0.6872633070866142
11
0.7978667322834645
21
0.6862062992125985
0
LINE
8
BLACK
6
CONTINUOUS
10
0.7978667322834645
20
0.6862062992125985
11
0.7953069291338583
21
0.6852515354330708
0
LINE
8
BLACK
6
CONTINUOUS
10
0.7953069291338583
20
0.6852515354330708
11
0.7953068503937007
21
0.6852514960629921
0
LINE
8
BLACK
6
CONTINUOUS
10
0.7953068503937007
20
0.6852514960629921
11
0.7953067716535432
21
0.6852514566929133
0
LINE
8
BLACK
6
CONTINUOUS
10
0.7953067716535432
20
0.6852514566929133
11
0.7906983464566929
21
0.6818016141732284
0
LINE
8
BLACK
6
CONTINUOUS
10
0.7906983464566929
20
0.6818016141732284
11
0.7872485039370078
21
0.6771931889763779
0
LINE
8
BLACK
6
CONTINUOUS
10
0.7872485039370078
20
0.6771931889763779
11
0.7872484251968503
21
0.6771929921259843
0
LINE
8
BLACK
6
CONTINUOUS
10
0.7872484251968503
20
0.6771929921259843
11
0.7852366535433071
21
0.6717993700787401
0
LINE
8
BLACK
6
CONTINUOUS
10
0.7852366535433071
20
0.6717993700787401
11
0.7852366141732283
21
0.671799094488189
0
LINE
8
BLACK
6
CONTINUOUS
10
0.7852366141732283
20
0.671799094488189
11
0.785235905511811
21
0.6717924803149606
0
LINE
8
BLACK
6
CONTINUOUS
10
0.785235905511811
20
0.6717924803149606
11
0.7852338976377953
21
0.6717876377952756
0
LINE
8
BLACK
6
CONTINUOUS
10
0.7852338976377953
20
0.6717876377952756
11
0.7851652362204724
21
0.6714970866141732
0
LINE
8
BLACK
6
CONTINUOUS
10
0.7851652362204724
20
0.6714970866141732
11
0.7851181496062992
21
0.671508188976378
0
LINE
8
BLACK
6
CONTINUOUS
10
0.7851181496062992
20
0.671508188976378
11
0.7841661811023621
21
0.6692101181102362
0
LINE
8
BLACK
6
CONTINUOUS
10
0.7841661811023621
20
0.6692101181102362
11
0.781870157480315
21
0.6676160236220472
0
LINE
8
BLACK
6
CONTINUOUS
10
0.781870157480315
20
0.6676160236220472
11
0.7803037007874015
21
0.6673622047244094
0
LINE
8
BLACK
6
CONTINUOUS
10
0.7803037007874015
20
0.6673622047244094
11
0.7657365748031496
21
0.6673622047244094
0
LINE
8
BLACK
6
CONTINUOUS
10
0.7657365748031496
20
0.6673622047244094
11
0.7630546456692914
21
0.6681496850393701
0
LINE
8
BLACK
6
CONTINUOUS
10
0.7630546456692914
20
0.6681496850393701
11
0.7620690157480314
21
0.6690672440944881
0
LINE
8
BLACK
6
CONTINUOUS
10
0.7620690157480314
20
0.6690672440944881
11
0.7620525196850394
21
0.669050748031496
0
LINE
8
BLACK
6
CONTINUOUS
10
0.7620525196850394
20
0.669050748031496
11
0.7618016929133858
21
0.6693015354330708
0
LINE
8
BLACK
6
CONTINUOUS
10
0.7618016929133858
20
0.6693015354330708
11
0.7618016141732283
21
0.6693015354330708
0
LINE
8
BLACK
6
CONTINUOUS
10
0.7618016141732283
20
0.6693015354330708
11
0.7618016141732283
21
0.6693016141732283
0
LINE
8
BLACK
6
CONTINUOUS
10
0.7618016141732283
20
0.6693016141732283
11
0.7584649999999999
21
0.6717993700787401
0
LINE
8
BLACK
6
CONTINUOUS
10
0.7584649999999999
20
0.6717993700787401
11
0.7571931889763779
21
0.6727514566929134
0
LINE
8
BLACK
6
CONTINUOUS
10
0.7571931889763779
20
0.6727514566929134
11
0.7571931496062992
21
0.6727514566929134
0
LINE
8
BLACK
6
CONTINUOUS
10
0.7571931496062992
20
0.6727514566929134
11
0.7571930708661417
21
0.6727515354330709
0
LINE
8
BLACK
6
CONTINUOUS
10
0.7571930708661417
20
0.6727515354330709
11
0.7530891338582677
21
0.6742822047244095
0
LINE
8
BLACK
6
CONTINUOUS
10
0.7530891338582677
20
0.6742822047244095
11
0.7508516535433071
21
0.6759572047244095
0
LINE
8
BLACK
6
CONTINUOUS
10
0.7508516535433071
20
0.6759572047244095
11
0.7498748425196851
21
0.6785761023622047
0
LINE
8
BLACK
6
CONTINUOUS
10
0.7498748425196851
20
0.6785761023622047
11
0.7498622047244095
21
0.67893
0
LINE
8
BLACK
6
CONTINUOUS
10
0.7498622047244095
20
0.67893
11
0.7498622047244095
21
0.6963629133858268
0
LINE
8
BLACK
6
CONTINUOUS
10
0.7498622047244095
20
0.6963629133858268
11
0.7499145669291338
21
0.6970817716535432
0
LINE
8
BLACK
6
CONTINUOUS
10
0.7499145669291338
20
0.6970817716535432
11
0.7500527559055118
21
0.6980253937007874
0
LINE
8
BLACK
6
CONTINUOUS
10
0.7500527559055118
20
0.6980253937007874
11
0.7500527952755905
21
0.6980255511811023
0
LINE
8
BLACK
6
CONTINUOUS
10
0.7500527952755905
20
0.6980255511811023
11
0.749881062992126
21
0.6999879527559055
0
LINE
8
BLACK
6
CONTINUOUS
10
0.749881062992126
20
0.6999879527559055
11
0.7498622047244095
21
0.70042031496063
0
LINE
8
BLACK
6
CONTINUOUS
10
0.7498622047244095
20
0.70042031496063
11
0.7498622047244095
21
0.7006391338582677
0
LINE
8
BLACK
6
CONTINUOUS
10
0.7498622047244095
20
0.7006391338582677
11
0.7498622047244095
21
0.7006393700787401
0
LINE
8
BLACK
6
CONTINUOUS
10
0.7498622047244095
20
0.7006393700787401
11
0.7497190157480315
21
0.7018640551181102
0
LINE
8
BLACK
6
CONTINUOUS
10
0.7497190157480315
20
0.7018640551181102
11
0.7497044094488189
21
0.7020070472440945
0
LINE
8
BLACK
6
CONTINUOUS
10
0.7497044094488189
20
0.7020070472440945
11
0.7496959842519685
21
0.7021034251968504
0
LINE
8
BLACK
6
CONTINUOUS
10
0.7496959842519685
20
0.7021034251968504
11
0.7494443700787401
21
0.7049797637795275
0
LINE
8
BLACK
6
CONTINUOUS
10
0.7494443700787401
20
0.7049797637795275
11
0.7494442913385827
21
0.7049799212598425
0
LINE
8
BLACK
6
CONTINUOUS
10
0.7494442913385827
20
0.7049799212598425
11
0.7493859055118111
21
0.7052629133858268
0
LINE
8
BLACK
6
CONTINUOUS
10
0.7493859055118111
20
0.7052629133858268
11
0.7493885039370078
21
0.7052634251968504
0
LINE
8
BLACK
6
CONTINUOUS
10
0.7493885039370078
20
0.7052634251968504
11
0.7493242519685039
21
0.705553031496063
0
LINE
8
BLACK
6
CONTINUOUS
10
0.7493242519685039
20
0.705553031496063
11
0.7493216929133858
21
0.7055524409448819
0
LINE
8
BLACK
6
CONTINUOUS
10
0.7493216929133858
20
0.7055524409448819
11
0.7492551181102362
21
0.7058331496062992
0
LINE
8
BLACK
6
CONTINUOUS
10
0.7492551181102362
20
0.7058331496062992
11
0.7492550787401575
21
0.7058335826771653
0
LINE
8
BLACK
6
CONTINUOUS
10
0.7492550787401575
20
0.7058335826771653
11
0.7482335433070866
21
0.7086401574803149
0
LINE
8
BLACK
6
CONTINUOUS
10
0.7482335433070866
20
0.7086401574803149
11
0.7481870866141732
21
0.7087738582677165
0
LINE
8
BLACK
6
CONTINUOUS
10
0.7481870866141732
20
0.7087738582677165
11
0.7481415354330708
21
0.7089113779527559
0
LINE
8
BLACK
6
CONTINUOUS
10
0.7481415354330708
20
0.7089113779527559
11
0.7472485826771653
21
0.7116062204724409
0
LINE
8
BLACK
6
CONTINUOUS
10
0.7472485826771653
20
0.7116062204724409
11
0.7472483464566929
21
0.7116065748031496
0
LINE
8
BLACK
6
CONTINUOUS
10
0.7472483464566929
20
0.7116065748031496
11
0.7471264566929133
21
0.7118680708661417
0
LINE
8
BLACK
6
CONTINUOUS
10
0.7471264566929133
20
0.7118680708661417
11
0.7471288976377952
21
0.7118692125984252
0
LINE
8
BLACK
6
CONTINUOUS
10
0.7471288976377952
20
0.7118692125984252
11
0.7469995669291338
21
0.7121363385826771
0
LINE
8
BLACK
6
CONTINUOUS
10
0.7469995669291338
20
0.7121363385826771
11
0.7469972047244094
21
0.712135157480315
0
LINE
8
BLACK
6
CONTINUOUS
10
0.7469972047244094
20
0.712135157480315
11
0.7468675984251968
21
0.7123930708661417
0
LINE
8
BLACK
6
CONTINUOUS
10
0.7468675984251968
20
0.7123930708661417
11
0.7468675196850394
21
0.7123933858267716
0
LINE
8
BLACK
6
CONTINUOUS
10
0.7468675196850394
20
0.7123933858267716
11
0.745226811023622
21
0.7148878346456693
0
LINE
8
BLACK
6
CONTINUOUS
10
0.745226811023622
20
0.7148878346456693
11
0.745149842519685
21
0.7150087007874015
0
LINE
8
BLACK
6
CONTINUOUS
10
0.745149842519685
20
0.7150087007874015
11
0.7435838582677166
21
0.7175476771653543
0
LINE
8
BLACK
6
CONTINUOUS
10
0.7435838582677166
20
0.7175476771653543
11
0.7435835039370079
21
0.7175479921259842
0
LINE
8
BLACK
6
CONTINUOUS
10
0.7435835039370079
20
0.7175479921259842
11
0.7434046062992126
21
0.7177743307086614
0
LINE
8
BLACK
6
CONTINUOUS
10
0.7434046062992126
20
0.7177743307086614
11
0.7434067322834645
21
0.7177759842519685
0
LINE
8
BLACK
6
CONTINUOUS
10
0.7434067322834645
20
0.7177759842519685
11
0.7432194881889763
21
0.7180058661417322
0
LINE
8
BLACK
6
CONTINUOUS
10
0.7432194881889763
20
0.7180058661417322
11
0.7432174409448818
21
0.7180041732283464
0
LINE
8
BLACK
6
CONTINUOUS
10
0.7432174409448818
20
0.7180041732283464
11
0.7430317716535433
21
0.7182253543307087
0
LINE
8
BLACK
6
CONTINUOUS
10
0.7430317716535433
20
0.7182253543307087
11
0.7430315354330709
21
0.7182257480314961
0
LINE
8
BLACK
6
CONTINUOUS
10
0.7430315354330709
20
0.7182257480314961
11
0.7408585433070866
21
0.7202757874015748
0
LINE
8
BLACK
6
CONTINUOUS
10
0.7408585433070866
20
0.7202757874015748
11
0.7407577952755905
21
0.7203736614173228
0
LINE
8
BLACK
6
CONTINUOUS
10
0.7407577952755905
20
0.7203736614173228
11
0.735972559055118
21
0.725158937007874
0
LINE
8
BLACK
6
CONTINUOUS
10
0.735972559055118
20
0.725158937007874
11
0.734633031496063
21
0.727612125984252
0
LINE
8
BLACK
6
CONTINUOUS
10
0.734633031496063
20
0.727612125984252
11
0.73451968503937
21
0.7286665748031496
0
LINE
8
BLACK
6
CONTINUOUS
10
0.73451968503937
20
0.7286665748031496
11
0.73451968503937
21
0.7653646456692913
0
LINE
8
BLACK
6
CONTINUOUS
10
0.73451968503937
20
0.7653646456692913
11
0.7345196456692913
21
0.7653653149606299
0
LINE
8
BLACK
6
CONTINUOUS
10
0.7345196456692913
20
0.7653653149606299
11
0.7342633858267716
21
0.7677490551181102
0
LINE
8
BLACK
6
CONTINUOUS
10
0.7342633858267716
20
0.7677490551181102
11
0.7342633070866141
21
0.7677493700787401
0
LINE
8
BLACK
6
CONTINUOUS
10
0.7342633070866141
20
0.7677493700787401
11
0.7333302755905512
21
0.770250905511811
0
LINE
8
BLACK
6
CONTINUOUS
10
0.7333302755905512
20
0.770250905511811
11
0.7322515354330709
21
0.7731430708661418
0
LINE
8
BLACK
6
CONTINUOUS
10
0.7322515354330709
20
0.7731430708661418
11
0.7288016141732283
21
0.7777516141732284
0
LINE
8
BLACK
6
CONTINUOUS
10
0.7288016141732283
20
0.7777516141732284
11
0.7277697637795275
21
0.7785240551181102
0
LINE
8
BLACK
6
CONTINUOUS
10
0.7277697637795275
20
0.7785240551181102
11
0.7244238188976377
21
0.7810288188976378
0
LINE
8
BLACK
6
CONTINUOUS
10
0.7244238188976377
20
0.7810288188976378
11
0.7227487401574803
21
0.7832664566929134
0
LINE
8
BLACK
6
CONTINUOUS
10
0.7227487401574803
20
0.7832664566929134
11
0.7225493700787401
21
0.7860544488188976
0
LINE
8
BLACK
6
CONTINUOUS
10
0.7225493700787401
20
0.7860544488188976
11
0.723888937007874
21
0.7885077165354331
0
LINE
8
BLACK
6
CONTINUOUS
10
0.723888937007874
20
0.7885077165354331
11
0.7244238188976377
21
0.7889711811023622
0
LINE
8
BLACK
6
CONTINUOUS
10
0.7244238188976377
20
0.7889711811023622
11
0.7288016141732283
21
0.7922483464566928
0
LINE
8
BLACK
6
CONTINUOUS
10
0.7288016141732283
20
0.7922483464566928
11
0.7318490944881889
21
0.7963192913385827
0
LINE
8
BLACK
6
CONTINUOUS
10
0.7318490944881889
20
0.7963192913385827
11
0.7340867322834645
21
0.7979943700787402
0
LINE
8
BLACK
6
CONTINUOUS
10
0.7340867322834645
20
0.7979943700787402
11
0.7368747637795275
21
0.7981937401574803
0
LINE
8
BLACK
6
CONTINUOUS
10
0.7368747637795275
20
0.7981937401574803
11
0.7393279921259842
21
0.7968541732283464
0
LINE
8
BLACK
6
CONTINUOUS
10
0.7393279921259842
20
0.7968541732283464
11
0.7404681102362205
21
0.7950801181102362
0
LINE
8
BLACK
6
CONTINUOUS
10
0.7404681102362205
20
0.7950801181102362
11
0.7422484645669292
21
0.7903068897637795
0
LINE
8
BLACK
6
CONTINUOUS
10
0.7422484645669292
20
0.7903068897637795
11
0.7422485039370078
21
0.7903067716535432
0
LINE
8
BLACK
6
CONTINUOUS
10
0.7422485039370078
20
0.7903067716535432
11
0.7456983464566929
21
0.7856983464566929
0
LINE
8
BLACK
6
CONTINUOUS
10
0.7456983464566929
20
0.7856983464566929
11
0.7503067716535433
21
0.7822485039370078
0
LINE
8
BLACK
6
CONTINUOUS
10
0.7503067716535433
20
0.7822485039370078
11
0.750306968503937
21
0.7822484251968503
0
LINE
8
BLACK
6
CONTINUOUS
10
0.750306968503937
20
0.7822484251968503
11
0.7557005905511811
21
0.7802366535433071
0
LINE
8
BLACK
6
CONTINUOUS
10
0.7557005905511811
20
0.7802366535433071
11
0.755700905511811
21
0.7802365748031496
0
LINE
8
BLACK
6
CONTINUOUS
10
0.755700905511811
20
0.7802365748031496
11
0.7580846456692913
21
0.7799803149606299
0
LINE
8
BLACK
6
CONTINUOUS
10
0.7580846456692913
20
0.7799803149606299
11
0.7580851181102362
21
0.7799803149606299
0
LINE
8
BLACK
6
CONTINUOUS
10
0.7580851181102362
20
0.7799803149606299
11
0.8219153149606299
21
0.7799803149606299
0
LINE
8
BLACK
6
CONTINUOUS
10
0.8219153149606299
20
0.7799803149606299
11
0.8242990551181102
21
0.7802365748031496
0
LINE
8
BLACK
6
CONTINUOUS
10
0.8242990551181102
20
0.7802365748031496
11
0.8242993700787401
21
0.7802366535433071
0
LINE
8
BLACK
6
CONTINUOUS
10
0.8242993700787401
20
0.7802366535433071
11
0.8296929921259842
21
0.7822484251968503
0
LINE
8
BLACK
6
CONTINUOUS
10
0.8296929921259842
20
0.7822484251968503
11
0.8296931889763779
21
0.7822485039370078
0
LINE
8
BLACK
6
CONTINUOUS
10
0.8296931889763779
20
0.7822485039370078
11
0.8343016141732283
21
0.7856983464566929
0
LINE
8
BLACK
6
CONTINUOUS
10
0.8343016141732283
20
0.7856983464566929
11
0.8377514566929134
21
0.7903067716535432
0
LINE
8
BLACK
6
CONTINUOUS
10
0.8377514566929134
20
0.7903067716535432
11
0.8377515354330708
21
0.790306968503937
0
LINE
8
BLACK
6
CONTINUOUS
10
0.8377515354330708
20
0.790306968503937
11
0.8397633070866142
21
0.795700590551181
0
LINE
8
BLACK
6
CONTINUOUS
10
0.8397633070866142
20
0.795700590551181
11
0.8397633858267717
21
0.7957009055118111
0
LINE
8
BLACK
6
CONTINUOUS
10
0.8397633858267717
20
0.7957009055118111
11
0.8400196456692913
21
0.7980846456692913
0
LINE
8
BLACK
6
CONTINUOUS
10
0.8400196456692913
20
0.7980846456692913
11
0.8400196850393701
21
0.79808531496063
0
LINE
8
BLACK
6
CONTINUOUS
10
0.8400196850393701
20
0.79808531496063
11
0.8400196850393701
21
0.8619146456692913
0
LINE
8
BLACK
6
CONTINUOUS
10
0.8400196850393701
20
0.8619146456692913
11
0.8400196456692913
21
0.8619153149606299
0
LINE
8
BLACK
6
CONTINUOUS
10
0.8400196456692913
20
0.8619153149606299
11
0.8397633858267717
21
0.8642990551181102
0
LINE
8
BLACK
6
CONTINUOUS
10
0.8397633858267717
20
0.8642990551181102
11
0.8397633464566929
21
0.864299094488189
0
LINE
8
BLACK
6
CONTINUOUS
10
0.8397633464566929
20
0.864299094488189
11
0.8397633464566929
21
0.8642992519685039
0
LINE
8
BLACK
6
CONTINUOUS
10
0.8397633464566929
20
0.8642992519685039
11
0.8382762598425196
21
0.8682861417322835
0
LINE
8
BLACK
6
CONTINUOUS
10
0.8382762598425196
20
0.8682861417322835
11
0.8380768897637795
21
0.8710741338582677
0
LINE
8
BLACK
6
CONTINUOUS
10
0.8380768897637795
20
0.8710741338582677
11
0.8394164566929133
21
0.8735273622047244
0
LINE
8
BLACK
6
CONTINUOUS
10
0.8394164566929133
20
0.8735273622047244
11
0.8418697244094488
21
0.8748669291338582
0
LINE
8
BLACK
6
CONTINUOUS
10
0.8418697244094488
20
0.8748669291338582
11
0.8429241732283465
21
0.8749803149606299
0
LINE
8
BLACK
6
CONTINUOUS
10
0.8429241732283465
20
0.8749803149606299
11
0.8794153149606299
21
0.8749803149606299
0
LINE
8
BLACK
6
CONTINUOUS
10
0.8794153149606299
20
0.8749803149606299
11
0.8817990551181102
21
0.8752365748031495
0
LINE
8
BLACK
6
CONTINUOUS
10
0.8817990551181102
20
0.8752365748031495
11
0.8817993700787401
21
0.875236653543307
0
LINE
8
BLACK
6
CONTINUOUS
10
0.8817993700787401
20
0.875236653543307
11
0.8871929921259842
21
0.8772484251968504
0
LINE
8
BLACK
6
CONTINUOUS
10
0.8871929921259842
20
0.8772484251968504
11
0.8871931889763779
21
0.8772485039370078
0
LINE
8
BLACK
6
CONTINUOUS
10
0.8871931889763779
20
0.8772485039370078
11
0.8918016141732283
21
0.8806983464566929
0
LINE
8
BLACK
6
CONTINUOUS
10
0.8918016141732283
20
0.8806983464566929
11
0.8932389763779527
21
0.8826184645669292
0
LINE
8
BLACK
6
CONTINUOUS
10
0.8932389763779527
20
0.8826184645669292
11
0.8954765748031496
21
0.8842935433070866
0
LINE
8
BLACK
6
CONTINUOUS
10
0.8954765748031496
20
0.8842935433070866
11
0.897210157480315
21
0.8846062992125984
0
LINE
8
BLACK
6
CONTINUOUS
10
0.897210157480315
20
0.8846062992125984
11
0.9372551968503937
21
0.8846062992125984
0
LINE
8
BLACK
6
CONTINUOUS
10
0.9372551968503937
20
0.8846062992125984
11
0.9375547244094488
21
0.8845972440944881
0
LINE
8
BLACK
6
CONTINUOUS
10
0.9375547244094488
20
0.8845972440944881
11
0.9399446062992126
21
0.8844526771653544
0
LINE
8
BLACK
6
CONTINUOUS
10
0.9399446062992126
20
0.8844526771653544
11
0.9399446456692914
21
0.8844526771653544
0
LINE
8
BLACK
6
CONTINUOUS
10
0.9399446456692914
20
0.8844526771653544
11
0.9415590157480315
21
0.8847485039370079
0
LINE
8
BLACK
6
CONTINUOUS
10
0.9415590157480315
20
0.8847485039370079
11
0.9422997637795275
21
0.8848842125984252
0
LINE
8
BLACK
6
CONTINUOUS
10
0.9422997637795275
20
0.8848842125984252
11
0.9425957874015748
21
0.8849292913385827
0
LINE
8
BLACK
6
CONTINUOUS
10
0.9425957874015748
20
0.8849292913385827
11
0.9449722047244095
21
0.8852178346456693
0
LINE
8
BLACK
6
CONTINUOUS
10
0.9449722047244095
20
0.8852178346456693
11
0.9449723622047244
21
0.885217874015748
0
LINE
8
BLACK
6
CONTINUOUS
10
0.9449723622047244
20
0.885217874015748
11
0.9450218897637795
21
0.8852366535433071
0
LINE
8
BLACK
6
CONTINUOUS
10
0.9450218897637795
20
0.8852366535433071
11
0.945347874015748
21
0.8853602362204724
0
LINE
8
BLACK
6
CONTINUOUS
10
0.945347874015748
20
0.8853602362204724
11
0.9462120472440945
21
0.8856011811023622
0
LINE
8
BLACK
6
CONTINUOUS
10
0.9462120472440945
20
0.8856011811023622
11
0.9466074409448819
21
0.8856736614173228
0
LINE
8
BLACK
6
CONTINUOUS
10
0.9466074409448819
20
0.8856736614173228
11
0.9466074803149606
21
0.8856736614173228
0
LINE
8
BLACK
6
CONTINUOUS
10
0.9466074803149606
20
0.8856736614173228
11
0.9466075590551181
21
0.8856737007874016
0
LINE
8
BLACK
6
CONTINUOUS
10
0.9466075590551181
20
0.8856737007874016
11
0.9487911023622047
21
0.8866563779527559
0
LINE
8
BLACK
6
CONTINUOUS
10
0.9487911023622047
20
0.8866563779527559
11
0.9490677559055117
21
0.8867709842519684
0
LINE
8
BLACK
6
CONTINUOUS
10
0.9490677559055117
20
0.8867709842519684
11
0.9506435826771653
21
0.8873686614173228
0
LINE
8
BLACK
6
CONTINUOUS
10
0.9506435826771653
20
0.8873686614173228
11
0.9513061023622047
21
0.8876199212598425
0
LINE
8
BLACK
6
CONTINUOUS
10
0.9513061023622047
20
0.8876199212598425
11
0.9516366141732283
21
0.8878480708661417
0
LINE
8
BLACK
6
CONTINUOUS
10
0.9516366141732283
20
0.8878480708661417
11
0.9524180708661417
21
0.888288779527559
0
LINE
8
BLACK
6
CONTINUOUS
10
0.9524180708661417
20
0.888288779527559
11
0.9527843307086614
21
0.8884536614173228
0
LINE
8
BLACK
6
CONTINUOUS
10
0.9527843307086614
20
0.8884536614173228
11
0.9527844881889763
21
0.8884537401574802
0
LINE
8
BLACK
6
CONTINUOUS
10
0.9527844881889763
20
0.8884537401574802
11
0.9546690157480314
21
0.8899301574803149
0
LINE
8
BLACK
6
CONTINUOUS
10
0.9546690157480314
20
0.8899301574803149
11
0.9549102362204724
21
0.8901076377952756
0
LINE
8
BLACK
6
CONTINUOUS
10
0.9549102362204724
20
0.8901076377952756
11
0.956880748031496
21
0.8914678346456693
0
LINE
8
BLACK
6
CONTINUOUS
10
0.956880748031496
20
0.8914678346456693
11
0.9569574015748031
21
0.8915543307086614
0
LINE
8
BLACK
6
CONTINUOUS
10
0.9569574015748031
20
0.8915543307086614
11
0.9584689370078739
21
0.8932605118110236
0
LINE
8
BLACK
6
CONTINUOUS
10
0.9584689370078739
20
0.8932605118110236
11
0.9586742913385826
21
0.893478622047244
0
LINE
8
BLACK
6
CONTINUOUS
10
0.9586742913385826
20
0.893478622047244
11
1.0590212992125985
21
0.9938256299212598
0
LINE
8
BLACK
6
CONTINUOUS
10
1.0590212992125985
20
0.9938256299212598
11
1.0592394488188976
21
0.9940309842519685
0
LINE
8
BLACK
6
CONTINUOUS
10
1.0592394488188976
20
0.9940309842519685
11
1.0610319685039369
21
0.9956190551181102
0
LINE
8
BLACK
6
CONTINUOUS
10
1.0610319685039369
20
0.9956190551181102
11
1.0610320866141731
21
0.9956191732283465
0
LINE
8
BLACK
6
CONTINUOUS
10
1.0610320866141731
20
0.9956191732283465
11
1.0623919685039369
21
0.9975892913385827
0
LINE
8
BLACK
6
CONTINUOUS
10
1.0623919685039369
20
0.9975892913385827
11
1.0625695669291337
21
0.9978306692913386
0
LINE
8
BLACK
6
CONTINUOUS
10
1.0625695669291337
20
0.9978306692913386
11
1.064046220472441
21
0.9997154724409448
0
LINE
8
BLACK
6
CONTINUOUS
10
1.064046220472441
20
0.9997154724409448
11
1.0640462598425198
21
0.9997155118110236
0
LINE
8
BLACK
6
CONTINUOUS
10
1.0640462598425198
20
0.9997155118110236
11
1.0642109448818897
21
1.000081496062992
0
LINE
8
BLACK
6
CONTINUOUS
10
1.0642109448818897
20
1.000081496062992
11
1.0646520866141731
21
1.0008635826771652
0
LINE
8
BLACK
6
CONTINUOUS
10
1.0646520866141731
20
1.0008635826771652
11
1.0648799606299213
21
1.0011937007874014
0
LINE
8
BLACK
6
CONTINUOUS
10
1.0648799606299213
20
1.0011937007874014
11
1.06488
21
1.0011937795275589
0
LINE
8
BLACK
6
CONTINUOUS
10
1.06488
20
1.0011937795275589
11
1.0648800787401576
21
1.0011938976377952
0
LINE
8
BLACK
6
CONTINUOUS
10
1.0648800787401576
20
1.0011938976377952
11
1.0648801968503936
21
1.0011941732283465
0
LINE
8
BLACK
6
CONTINUOUS
10
1.0648801968503936
20
1.0011941732283465
11
1.065728937007874
21
1.003432125984252
0
LINE
8
BLACK
6
CONTINUOUS
10
1.065728937007874
20
1.003432125984252
11
1.0658435826771653
21
1.0037089763779528
0
LINE
8
BLACK
6
CONTINUOUS
10
1.0658435826771653
20
1.0037089763779528
11
1.0663662204724409
21
1.0048702362204724
0
LINE
8
BLACK
6
CONTINUOUS
10
1.0663662204724409
20
1.0048702362204724
11
1.0668263385826771
21
1.005892559055118
0
LINE
8
BLACK
6
CONTINUOUS
10
1.0668263385826771
20
1.005892559055118
11
1.0668302362204725
21
1.0059138582677165
0
LINE
8
BLACK
6
CONTINUOUS
10
1.0668302362204725
20
1.0059138582677165
11
1.0668373228346457
21
1.0059279527559055
0
LINE
8
BLACK
6
CONTINUOUS
10
1.0668373228346457
20
1.0059279527559055
11
1.0669155905511811
21
1.0061790551181102
0
LINE
8
BLACK
6
CONTINUOUS
10
1.0669155905511811
20
1.0061790551181102
11
1.0669573228346456
21
1.0061660236220473
0
LINE
8
BLACK
6
CONTINUOUS
10
1.0669573228346456
20
1.0061660236220473
11
1.0680882283464566
21
1.0084098818897638
0
LINE
8
BLACK
6
CONTINUOUS
10
1.0680882283464566
20
1.0084098818897638
11
1.0704959842519686
21
1.0098295669291337
0
LINE
8
BLACK
6
CONTINUOUS
10
1.0704959842519686
20
1.0098295669291337
11
1.0717096062992126
21
1.0099803149606299
0
LINE
8
BLACK
6
CONTINUOUS
10
1.0717096062992126
20
1.0099803149606299
11
1.07191531496063
21
1.0099803149606299
0
LINE
8
BLACK
6
CONTINUOUS
10
1.07191531496063
20
1.0099803149606299
11
1.0742990551181102
21
1.0102365748031497
0
LINE
8
BLACK
6
CONTINUOUS
10
1.0742990551181102
20
1.0102365748031497
11
1.0742993700787402
21
1.0102366535433072
0
LINE
8
BLACK
6
CONTINUOUS
10
1.0742993700787402
20
1.0102366535433072
11
1.0796929921259841
21
1.0122484251968504
0
LINE
8
BLACK
6
CONTINUOUS
10
1.0796929921259841
20
1.0122484251968504
11
1.0796931889763779
21
1.0122485039370079
0
LINE
8
BLACK
6
CONTINUOUS
10
1.0796931889763779
20
1.0122485039370079
11
1.0843016141732282
21
1.0156983464566929
0
LINE
8
BLACK
6
CONTINUOUS
10
1.0843016141732282
20
1.0156983464566929
11
1.0877514566929134
21
1.0203067716535432
0
LINE
8
BLACK
6
CONTINUOUS
10
1.0877514566929134
20
1.0203067716535432
11
1.0877515354330709
21
1.020306968503937
0
LINE
8
BLACK
6
CONTINUOUS
10
1.0877515354330709
20
1.020306968503937
11
1.0878411417322835
21
1.020547125984252
0
LINE
8
BLACK
6
CONTINUOUS
10
1.0878411417322835
20
1.020547125984252
11
1.0893874803149606
21
1.0246929921259842
0
LINE
8
BLACK
6
CONTINUOUS
10
1.0893874803149606
20
1.0246929921259842
11
1.0897633070866142
21
1.0257005905511811
0
LINE
8
BLACK
6
CONTINUOUS
10
1.0897633070866142
20
1.0257005905511811
11
1.0897633858267717
21
1.0257009055118109
0
LINE
8
BLACK
6
CONTINUOUS
10
1.0897633858267717
20
1.0257009055118109
11
1.0900196456692912
21
1.0280846456692914
0
LINE
8
BLACK
6
CONTINUOUS
10
1.0900196456692912
20
1.0280846456692914
11
1.09001968503937
21
1.0280853149606299
0
LINE
8
BLACK
6
CONTINUOUS
10
1.09001968503937
20
1.0280853149606299
11
1.09001968503937
21
1.0919146456692914
0
LINE
8
BLACK
6
CONTINUOUS
10
1.09001968503937
20
1.0919146456692914
11
1.0900196456692912
21
1.09191531496063
0
LINE
8
BLACK
6
CONTINUOUS
10
1.0900196456692912
20
1.09191531496063
11
1.0897633858267717
21
1.0942990551181102
0
LINE
8
BLACK
6
CONTINUOUS
10
1.0897633858267717
20
1.0942990551181102
11
1.0897633070866142
21
1.0942993700787402
0
LINE
8
BLACK
6
CONTINUOUS
10
1.0897633070866142
20
1.0942993700787402
11
1.0894722047244094
21
1.095079842519685
0
LINE
8
BLACK
6
CONTINUOUS
10
1.0894722047244094
20
1.095079842519685
11
1.0877515354330709
21
1.0996930708661417
0
LINE
8
BLACK
6
CONTINUOUS
10
1.0877515354330709
20
1.0996930708661417
11
1.0872975590551182
21
1.1002994881889763
0
LINE
8
BLACK
6
CONTINUOUS
10
1.0872975590551182
20
1.1002994881889763
11
1.0843016141732282
21
1.1043016141732283
0
LINE
8
BLACK
6
CONTINUOUS
10
1.0843016141732282
20
1.1043016141732283
11
1.0819943700787402
21
1.1060288188976377
0
LINE
8
BLACK
6
CONTINUOUS
10
1.0819943700787402
20
1.1060288188976377
11
1.0803192913385826
21
1.1082664566929135
0
LINE
8
BLACK
6
CONTINUOUS
10
1.0803192913385826
20
1.1082664566929135
11
1.0801199212598425
21
1.1110544881889763
0
LINE
8
BLACK
6
CONTINUOUS
10
1.0801199212598425
20
1.1110544881889763
11
1.0814594881889763
21
1.113507716535433
0
LINE
8
BLACK
6
CONTINUOUS
10
1.0814594881889763
20
1.113507716535433
11
1.0819943700787402
21
1.1139711811023623
0
LINE
8
BLACK
6
CONTINUOUS
10
1.0819943700787402
20
1.1139711811023623
11
1.0843016141732282
21
1.115698346456693
0
LINE
8
BLACK
6
CONTINUOUS
10
1.0843016141732282
20
1.115698346456693
11
1.0877514566929134
21
1.1203067716535433
0
LINE
8
BLACK
6
CONTINUOUS
10
1.0877514566929134
20
1.1203067716535433
11
1.0877515354330709
21
1.1203069685039371
0
LINE
8
BLACK
6
CONTINUOUS
10
1.0877515354330709
20
1.1203069685039371
11
1.0878411417322835
21
1.1205471259842519
0
LINE
8
BLACK
6
CONTINUOUS
10
1.0878411417322835
20
1.1205471259842519
11
1.0893868897637795
21
1.1246914173228346
0
LINE
8
BLACK
6
CONTINUOUS
10
1.0893868897637795
20
1.1246914173228346
11
1.0897633070866142
21
1.125700590551181
0
LINE
8
BLACK
6
CONTINUOUS
10
1.0897633070866142
20
1.125700590551181
11
1.0897633858267717
21
1.125700905511811
0
LINE
8
BLACK
6
CONTINUOUS
10
1.0897633858267717
20
1.125700905511811
11
1.0900196456692912
21
1.1280846456692912
0
LINE
8
BLACK
6
CONTINUOUS
10
1.0900196456692912
20
1.1280846456692912
11
1.09001968503937
21
1.1280853149606298
0
LINE
8
BLACK
6
CONTINUOUS
10
1.09001968503937
20
1.1280853149606298
11
1.09001968503937
21
1.1919146456692913
0
LINE
8
BLACK
6
CONTINUOUS
10
1.09001968503937
20
1.1919146456692913
11
1.0900196456692912
21
1.1919153149606299
0
LINE
8
BLACK
6
CONTINUOUS
10
1.0900196456692912
20
1.1919153149606299
11
1.0897633858267717
21
1.1942990551181103
0
LINE
8
BLACK
6
CONTINUOUS
10
1.0897633858267717
20
1.1942990551181103
11
1.0897633070866142
21
1.1942993700787401
0
LINE
8
BLACK
6
CONTINUOUS
10
1.0897633070866142
20
1.1942993700787401
11
1.0892407874015748
21
1.1957002362204725
0
LINE
8
BLACK
6
CONTINUOUS
10
1.0892407874015748
20
1.1957002362204725
11
1.0877515354330709
21
1.1996930708661417
0
LINE
8
BLACK
6
CONTINUOUS
10
1.0877515354330709
20
1.1996930708661417
11
1.0843016141732282
21
1.2043016141732283
0
LINE
8
BLACK
6
CONTINUOUS
10
1.0843016141732282
20
1.2043016141732283
11
1.0796930708661416
21
1.2077515354330708
0
LINE
8
BLACK
6
CONTINUOUS
10
1.0796930708661416
20
1.2077515354330708
11
1.074299251968504
21
1.2097633464566928
0
LINE
8
BLACK
6
CONTINUOUS
10
1.074299251968504
20
1.2097633464566928
11
1.0742991732283464
21
1.2097633464566928
0
LINE
8
BLACK
6
CONTINUOUS
10
1.0742991732283464
20
1.2097633464566928
11
1.0742990551181102
21
1.2097633858267716
0
LINE
8
BLACK
6
CONTINUOUS
10
1.0742990551181102
20
1.2097633858267716
11
1.07191531496063
21
1.2100196456692913
0
LINE
8
BLACK
6
CONTINUOUS
10
1.07191531496063
20
1.2100196456692913
11
1.071915157480315
21
1.2100196456692913
0
LINE
8
BLACK
6
CONTINUOUS
10
1.071915157480315
20
1.2100196456692913
11
1.0719148818897637
21
1.2100196850393701
0
LINE
8
BLACK
6
CONTINUOUS
10
1.0719148818897637
20
1.2100196850393701
11
1.0080851181102362
21
1.2100196850393701
0
LINE
8
BLACK
6
CONTINUOUS
10
1.0080851181102362
20
1.2100196850393701
11
1.0080848425196851
21
1.2100196456692913
0
LINE
8
BLACK
6
CONTINUOUS
10
1.0080848425196851
20
1.2100196456692913
11
1.0080846456692913
21
1.2100196456692913
0
LINE
8
BLACK
6
CONTINUOUS
10
1.0080846456692913
20
1.2100196456692913
11
1.0057009055118109
21
1.2097633858267716
0
LINE
8
BLACK
6
CONTINUOUS
10
1.0057009055118109
20
1.2097633858267716
11
1.0057005905511811
21
1.2097633070866141
0
LINE
8
BLACK
6
CONTINUOUS
10
1.0057005905511811
20
1.2097633070866141
11
1.002632874015748
21
1.2086190551181102
0
LINE
8
BLACK
6
CONTINUOUS
10
1.002632874015748
20
1.2086190551181102
11
1.0003069291338582
21
1.2077515354330708
0
LINE
8
BLACK
6
CONTINUOUS
10
1.0003069291338582
20
1.2077515354330708
11
1.0003068503937007
21
1.207751496062992
0
LINE
8
BLACK
6
CONTINUOUS
10
1.0003068503937007
20
1.207751496062992
11
1.0003067716535432
21
1.2077514566929133
0
LINE
8
BLACK
6
CONTINUOUS
10
1.0003067716535432
20
1.2077514566929133
11
0.9956983464566929
21
1.2043016141732283
0
LINE
8
BLACK
6
CONTINUOUS
10
0.9956983464566929
20
1.2043016141732283
11
0.9939711811023622
21
1.2019943700787401
0
LINE
8
BLACK
6
CONTINUOUS
10
0.9939711811023622
20
1.2019943700787401
11
0.9917335433070866
21
1.2003192913385827
0
LINE
8
BLACK
6
CONTINUOUS
10
0.9917335433070866
20
1.2003192913385827
11
0.9889455118110236
21
1.2001199212598426
0
LINE
8
BLACK
6
CONTINUOUS
10
0.9889455118110236
20
1.2001199212598426
11
0.9864922834645669
21
1.2014594881889764
0
LINE
8
BLACK
6
CONTINUOUS
10
0.9864922834645669
20
1.2014594881889764
11
0.9860288188976378
21
1.2019943700787401
0
LINE
8
BLACK
6
CONTINUOUS
10
0.9860288188976378
20
1.2019943700787401
11
0.9843016141732284
21
1.2043016141732283
0
LINE
8
BLACK
6
CONTINUOUS
10
0.9843016141732284
20
1.2043016141732283
11
0.9796931889763779
21
1.2077514566929133
0
LINE
8
BLACK
6
CONTINUOUS
10
0.9796931889763779
20
1.2077514566929133
11
0.9796931496062992
21
1.2077514566929133
0
LINE
8
BLACK
6
CONTINUOUS
10
0.9796931496062992
20
1.2077514566929133
11
0.9796930708661417
21
1.2077515354330708
0
LINE
8
BLACK
6
CONTINUOUS
10
0.9796930708661417
20
1.2077515354330708
11
0.9742992519685039
21
1.2097633464566928
0
LINE
8
BLACK
6
CONTINUOUS
10
0.9742992519685039
20
1.2097633464566928
11
0.9742991732283465
21
1.2097633464566928
0
LINE
8
BLACK
6
CONTINUOUS
10
0.9742991732283465
20
1.2097633464566928
11
0.9742990551181102
21
1.2097633858267716
0
LINE
8
BLACK
6
CONTINUOUS
10
0.9742990551181102
20
1.2097633858267716
11
0.9719153149606299
21
1.2100196456692913
0
LINE
8
BLACK
6
CONTINUOUS
10
0.9719153149606299
20
1.2100196456692913
11
0.971915157480315
21
1.2100196456692913
0
LINE
8
BLACK
6
CONTINUOUS
10
0.971915157480315
20
1.2100196456692913
11
0.9719148818897637
21
1.2100196850393701
0
LINE
8
BLACK
6
CONTINUOUS
10
0.9719148818897637
20
1.2100196850393701
11
0.9080851181102362
21
1.2100196850393701
0
LINE
8
BLACK
6
CONTINUOUS
10
0.9080851181102362
20
1.2100196850393701
11
0.908084842519685
21
1.2100196456692913
0
LINE
8
BLACK
6
CONTINUOUS
10
0.908084842519685
20
1.2100196456692913
11
0.9080846456692914
21
1.2100196456692913
0
LINE
8
BLACK
6
CONTINUOUS
10
0.9080846456692914
20
1.2100196456692913
11
0.905700905511811
21
1.2097633858267716
0
LINE
8
BLACK
6
CONTINUOUS
10
0.905700905511811
20
1.2097633858267716
11
0.9057005905511811
21
1.2097633070866141
0
LINE
8
BLACK
6
CONTINUOUS
10
0.9057005905511811
20
1.2097633070866141
11
0.902632874015748
21
1.2086190551181102
0
LINE
8
BLACK
6
CONTINUOUS
10
0.902632874015748
20
1.2086190551181102
11
0.9003069291338582
21
1.2077515354330708
0
LINE
8
BLACK
6
CONTINUOUS
10
0.9003069291338582
20
1.2077515354330708
11
0.9003068503937007
21
1.207751496062992
0
LINE
8
BLACK
6
CONTINUOUS
10
0.9003068503937007
20
1.207751496062992
11
0.9003067716535433
21
1.2077514566929133
0
LINE
8
BLACK
6
CONTINUOUS
10
0.9003067716535433
20
1.2077514566929133
11
0.8956983464566929
21
1.2043016141732283
0
LINE
8
BLACK
6
CONTINUOUS
10
0.8956983464566929
20
1.2043016141732283
11
0.8922485039370078
21
1.199693188976378
0
LINE
8
BLACK
6
CONTINUOUS
10
0.8922485039370078
20
1.199693188976378
11
0.8922484251968503
21
1.1996929921259842
0
LINE
8
BLACK
6
CONTINUOUS
10
0.8922484251968503
20
1.1996929921259842
11
0.8902366535433071
21
1.1942993700787401
0
LINE
8
BLACK
6
CONTINUOUS
10
0.8902366535433071
20
1.1942993700787401
11
0.8902365748031495
21
1.1942990551181103
0
LINE
8
BLACK
6
CONTINUOUS
10
0.8902365748031495
20
1.1942990551181103
11
0.8899803149606299
21
1.1919153149606299
0
LINE
8
BLACK
6
CONTINUOUS
10
0.8899803149606299
20
1.1919153149606299
11
0.8899803149606299
21
1.1471062598425197
0
LINE
8
BLACK
6
CONTINUOUS
10
0.8899803149606299
20
1.1471062598425197
11
0.8891928346456692
21
1.1444243307086615
0
LINE
8
BLACK
6
CONTINUOUS
10
0.8891928346456692
20
1.1444243307086615
11
0.8870803937007874
21
1.1425938976377952
0
LINE
8
BLACK
6
CONTINUOUS
10
0.8870803937007874
20
1.1425938976377952
11
0.88501968503937
21
1.1421456299212598
0
LINE
8
BLACK
6
CONTINUOUS
10
0.88501968503937
20
1.1421456299212598
11
0.87
21
1.1421456299212598
0
LINE
8
BLACK
6
CONTINUOUS
10
0.87
20
1.1421456299212598
11
0.87
21
1.1299999999999999
0
LINE
8
BLACK
6
CONTINUOUS
10
0.87
20
1.1299999999999999
11
0.8099999999999999
21
1.1299999999999999
0
LINE
8
BLACK
6
CONTINUOUS
10
0.8099999999999999
20
1.1299999999999999
11
0.8099999999999999
21
1.1421456299212598
0
LINE
8
BLACK
6
CONTINUOUS
10
0.8099999999999999
20
1.1421456299212598
11
0.8015729133858267
21
1.1421456299212598
0
LINE
8
BLACK
6
CONTINUOUS
10
0.8015729133858267
20
1.1421456299212598
11
0.7988909842519685
21
1.1429331102362204
0
LINE
8
BLACK
6
CONTINUOUS
10
0.7988909842519685
20
1.1429331102362204
11
0.7980652362204724
21
1.1435985433070865
0
LINE
8
BLACK
6
CONTINUOUS
10
0.7980652362204724
20
1.1435985433070865
11
0.785088937007874
21
1.1565748031496064
0
LINE
8
BLACK
6
CONTINUOUS
10
0.785088937007874
20
1.1565748031496064
11
0.7807429133858268
21
1.1609207874015748
0
LINE
8
BLACK
6
CONTINUOUS
10
0.7807429133858268
20
1.1609207874015748
11
0.7803411417322834
21
1.1614224015748031
0
LINE
8
BLACK
6
CONTINUOUS
10
0.7803411417322834
20
1.1614224015748031
11
0.7803335039370078
21
1.1614161023622047
0
LINE
8
BLACK
6
CONTINUOUS
10
0.7803335039370078
20
1.1614161023622047
11
0.7801345669291339
21
1.161656496062992
0
LINE
8
BLACK
6
CONTINUOUS
10
0.7801345669291339
20
1.161656496062992
11
0.7801344881889763
21
1.1616566929133858
0
LINE
8
BLACK
6
CONTINUOUS
10
0.7801344881889763
20
1.1616566929133858
11
0.7780986220472441
21
1.1635684251968503
0
LINE
8
BLACK
6
CONTINUOUS
10
0.7780986220472441
20
1.1635684251968503
11
0.7779905511811024
21
1.1636731496062991
0
LINE
8
BLACK
6
CONTINUOUS
10
0.7779905511811024
20
1.1636731496062991
11
0.7771784645669291
21
1.1644853149606298
0
LINE
8
BLACK
6
CONTINUOUS
10
0.7771784645669291
20
1.1644853149606298
11
0.7770405905511811
21
1.1645922047244095
0
LINE
8
BLACK
6
CONTINUOUS
10
0.7770405905511811
20
1.1645922047244095
11
0.7766853937007874
21
1.1648955118110236
0
LINE
8
BLACK
6
CONTINUOUS
10
0.7766853937007874
20
1.1648955118110236
11
0.7753595669291339
21
1.1661406299212598
0
LINE
8
BLACK
6
CONTINUOUS
10
0.7753595669291339
20
1.1661406299212598
11
0.7746191732283464
21
1.1665476377952755
0
LINE
8
BLACK
6
CONTINUOUS
10
0.7746191732283464
20
1.1665476377952755
11
0.7739694094488189
21
1.1669744881889763
0
LINE
8
BLACK
6
CONTINUOUS
10
0.7739694094488189
20
1.1669744881889763
11
0.7733018897637796
21
1.1674922834645669
0
LINE
8
BLACK
6
CONTINUOUS
10
0.7733018897637796
20
1.1674922834645669
11
0.7726767322834646
21
1.1677627952755905
0
LINE
8
BLACK
6
CONTINUOUS
10
0.7726767322834646
20
1.1677627952755905
11
0.7716325196850393
21
1.16821468503937
0
LINE
8
BLACK
6
CONTINUOUS
10
0.7716325196850393
20
1.16821468503937
11
0.7712127165354331
21
1.1684203543307086
0
LINE
8
BLACK
6
CONTINUOUS
10
0.7712127165354331
20
1.1684203543307086
11
0.7696196456692913
21
1.1692961811023621
0
LINE
8
BLACK
6
CONTINUOUS
10
0.7696196456692913
20
1.1692961811023621
11
0.7696196062992126
21
1.1692961811023621
0
LINE
8
BLACK
6
CONTINUOUS
10
0.7696196062992126
20
1.1692961811023621
11
0.7696195669291338
21
1.1692962204724409
0
LINE
8
BLACK
6
CONTINUOUS
10
0.7696195669291338
20
1.1692962204724409
11
0.7688016535433071
21
1.1695061811023622
0
LINE
8
BLACK
6
CONTINUOUS
10
0.7688016535433071
20
1.1695061811023622
11
0.7680657086614173
21
1.1697581102362204
0
LINE
8
BLACK
6
CONTINUOUS
10
0.7680657086614173
20
1.1697581102362204
11
0.7672903937007873
21
1.1700937007874015
0
LINE
8
BLACK
6
CONTINUOUS
10
0.7672903937007873
20
1.1700937007874015
11
0.7654929527559055
21
1.1703783070866141
0
LINE
8
BLACK
6
CONTINUOUS
10
0.7654929527559055
20
1.1703783070866141
11
0.7650368503937007
21
1.1704727952755904
0
LINE
8
BLACK
6
CONTINUOUS
10
0.7650368503937007
20
1.1704727952755904
11
0.7632751181102362
21
1.1709251968503938
0
LINE
8
BLACK
6
CONTINUOUS
10
0.7632751181102362
20
1.1709251968503938
11
0.7632750393700787
21
1.1709251968503938
0
LINE
8
BLACK
6
CONTINUOUS
10
0.7632750393700787
20
1.1709251968503938
11
0.762430748031496
21
1.1709251968503938
0
LINE
8
BLACK
6
CONTINUOUS
10
0.762430748031496
20
1.1709251968503938
11
0.7616548031496063
21
1.1709862204724408
0
LINE
8
BLACK
6
CONTINUOUS
10
0.7616548031496063
20
1.1709862204724408
11
0.7608207874015748
21
1.171118346456693
0
LINE
8
BLACK
6
CONTINUOUS
10
0.7608207874015748
20
1.171118346456693
11
0.7590101968503937
21
1.1709471653543306
0
LINE
8
BLACK
6
CONTINUOUS
10
0.7590101968503937
20
1.1709471653543306
11
0.7585434645669291
21
1.1709251968503938
0
LINE
8
BLACK
6
CONTINUOUS
10
0.7585434645669291
20
1.1709251968503938
11
0.7337670472440945
21
1.1709251968503938
0
LINE
8
BLACK
6
CONTINUOUS
10
0.7337670472440945
20
1.1709251968503938
11
0.7310851181102362
21
1.1717126771653543
0
LINE
8
BLACK
6
CONTINUOUS
10
0.7310851181102362
20
1.1717126771653543
11
0.7292546850393701
21
1.1738251181102362
0
LINE
8
BLACK
6
CONTINUOUS
10
0.7292546850393701
20
1.1738251181102362
11
0.7288568897637795
21
1.176591811023622
0
LINE
8
BLACK
6
CONTINUOUS
10
0.7288568897637795
20
1.176591811023622
11
0.7297958661417323
21
1.1788586220472441
0
LINE
8
BLACK
6
CONTINUOUS
10
0.7297958661417323
20
1.1788586220472441
11
0.7327514566929134
21
1.1828067716535433
0
LINE
8
BLACK
6
CONTINUOUS
10
0.7327514566929134
20
1.1828067716535433
11
0.7327515354330708
21
1.1828069685039371
0
LINE
8
BLACK
6
CONTINUOUS
10
0.7327515354330708
20
1.1828069685039371
11
0.7347633070866142
21
1.188200590551181
0
LINE
8
BLACK
6
CONTINUOUS
10
0.7347633070866142
20
1.188200590551181
11
0.7347633858267716
21
1.188200905511811
0
LINE
8
BLACK
6
CONTINUOUS
10
0.7347633858267716
20
1.188200905511811
11
0.7350196456692913
21
1.1905846456692912
0
LINE
8
BLACK
6
CONTINUOUS
10
0.7350196456692913
20
1.1905846456692912
11
0.7350196850393701
21
1.1905853149606298
0
LINE
8
BLACK
6
CONTINUOUS
10
0.7350196850393701
20
1.1905853149606298
11
0.7350196850393701
21
1.2494146456692914
0
LINE
8
BLACK
6
CONTINUOUS
10
0.7350196850393701
20
1.2494146456692914
11
0.7350196456692913
21
1.24941531496063
0
LINE
8
BLACK
6
CONTINUOUS
10
0.7350196456692913
20
1.24941531496063
11
0.7347633858267716
21
1.2517990551181102
0
LINE
8
BLACK
6
CONTINUOUS
10
0.7347633858267716
20
1.2517990551181102
11
0.7347633070866142
21
1.2517993700787402
0
LINE
8
BLACK
6
CONTINUOUS
10
0.7347633070866142
20
1.2517993700787402
11
0.7333051968503936
21
1.2557086614173227
0
LINE
8
BLACK
6
CONTINUOUS
10
0.7333051968503936
20
1.2557086614173227
11
0.7327515354330708
21
1.2571930708661416
0
LINE
8
BLACK
6
CONTINUOUS
10
0.7327515354330708
20
1.2571930708661416
11
0.7322768110236221
21
1.2578272047244095
0
LINE
8
BLACK
6
CONTINUOUS
10
0.7322768110236221
20
1.2578272047244095
11
0.7311474409448818
21
1.2593358661417322
0
LINE
8
BLACK
6
CONTINUOUS
10
0.7311474409448818
20
1.2593358661417322
11
0.7293016141732284
21
1.2618016141732282
0
LINE
8
BLACK
6
CONTINUOUS
10
0.7293016141732284
20
1.2618016141732282
11
0.7273814960629921
21
1.2632389763779528
0
LINE
8
BLACK
6
CONTINUOUS
10
0.7273814960629921
20
1.2632389763779528
11
0.7257064960629921
21
1.2654764960629921
0
LINE
8
BLACK
6
CONTINUOUS
10
0.7257064960629921
20
1.2654764960629921
11
0.7253937007874015
21
1.2672101181102362
0
LINE
8
BLACK
6
CONTINUOUS
10
0.7253937007874015
20
1.2672101181102362
11
0.7253937007874015
21
1.2925196850393701
0
LINE
8
BLACK
6
CONTINUOUS
10
0.7253937007874015
20
1.2925196850393701
11
0.7261811811023622
21
1.2952016141732283
0
LINE
8
BLACK
6
CONTINUOUS
10
0.7261811811023622
20
1.2952016141732283
11
0.7282936220472441
21
1.2970320472440944
0
LINE
8
BLACK
6
CONTINUOUS
10
0.7282936220472441
20
1.2970320472440944
11
0.7303543307086614
21
1.29748031496063
0
LINE
8
BLACK
6
CONTINUOUS
10
0.7303543307086614
20
1.29748031496063
11
0.7319153149606299
21
1.29748031496063
0
LINE
8
BLACK
6
CONTINUOUS
10
0.7319153149606299
20
1.29748031496063
11
0.7342990551181102
21
1.2977365748031495
0
LINE
8
BLACK
6
CONTINUOUS
10
0.7342990551181102
20
1.2977365748031495
11
0.7342993700787401
21
1.297736653543307
0
LINE
8
BLACK
6
CONTINUOUS
10
0.7342993700787401
20
1.297736653543307
11
0.7396929921259843
21
1.2997484251968503
0
LINE
8
BLACK
6
CONTINUOUS
10
0.7396929921259843
20
1.2997484251968503
11
0.7396931889763779
21
1.2997485039370078
0
LINE
8
BLACK
6
CONTINUOUS
10
0.7396931889763779
20
1.2997485039370078
11
0.7443016141732284
21
1.303198346456693
0
LINE
8
BLACK
6
CONTINUOUS
10
0.7443016141732284
20
1.303198346456693
11
0.7477514566929133
21
1.3078067716535433
0
LINE
8
BLACK
6
CONTINUOUS
10
0.7477514566929133
20
1.3078067716535433
11
0.7477515354330708
21
1.3078069685039371
0
LINE
8
BLACK
6
CONTINUOUS
10
0.7477515354330708
20
1.3078069685039371
11
0.7497633070866142
21
1.313200590551181
0
LINE
8
BLACK
6
CONTINUOUS
10
0.7497633070866142
20
1.313200590551181
11
0.7497633858267716
21
1.313200905511811
0
LINE
8
BLACK
6
CONTINUOUS
10
0.7497633858267716
20
1.313200905511811
11
0.7500196456692914
21
1.3155846456692912
0
LINE
8
BLACK
6
CONTINUOUS
10
0.7500196456692914
20
1.3155846456692912
11
0.7500196850393701
21
1.3155853149606298
0
LINE
8
BLACK
6
CONTINUOUS
10
0.7500196850393701
20
1.3155853149606298
11
0.7500196850393701
21
1.3794146456692913
0
LINE
8
BLACK
6
CONTINUOUS
10
0.7500196850393701
20
1.3794146456692913
11
0.7500196456692914
21
1.3794153149606299
0
LINE
8
BLACK
6
CONTINUOUS
10
0.7500196456692914
20
1.3794153149606299
11
0.7497633858267716
21
1.3817990551181103
0
LINE
8
BLACK
6
CONTINUOUS
10
0.7497633858267716
20
1.3817990551181103
11
0.7497633070866142
21
1.3817993700787401
0
LINE
8
BLACK
6
CONTINUOUS
10
0.7497633070866142
20
1.3817993700787401
11
0.7494866141732284
21
1.3825411417322835
0
LINE
8
BLACK
6
CONTINUOUS
10
0.7494866141732284
20
1.3825411417322835
11
0.7477515354330708
21
1.3871930708661417
0
LINE
8
BLACK
6
CONTINUOUS
10
0.7477515354330708
20
1.3871930708661417
11
0.7443016141732284
21
1.3918016141732283
0
LINE
8
BLACK
6
CONTINUOUS
10
0.7443016141732284
20
1.3918016141732283
11
0.7419943700787401
21
1.3935288188976378
0
LINE
8
BLACK
6
CONTINUOUS
10
0.7419943700787401
20
1.3935288188976378
11
0.7403192913385827
21
1.3957664566929133
0
LINE
8
BLACK
6
CONTINUOUS
10
0.7403192913385827
20
1.3957664566929133
11
0.7401199212598425
21
1.3985544881889764
0
LINE
8
BLACK
6
CONTINUOUS
10
0.7401199212598425
20
1.3985544881889764
11
0.7414594881889763
21
1.4010077165354331
0
LINE
8
BLACK
6
CONTINUOUS
10
0.7414594881889763
20
1.4010077165354331
11
0.7419943700787401
21
1.4014711811023621
0
LINE
8
BLACK
6
CONTINUOUS
10
0.7419943700787401
20
1.4014711811023621
11
0.7443016141732284
21
1.4031983464566928
0
LINE
8
BLACK
6
CONTINUOUS
10
0.7443016141732284
20
1.4031983464566928
11
0.7477514566929133
21
1.4078067716535432
0
LINE
8
BLACK
6
CONTINUOUS
10
0.7477514566929133
20
1.4078067716535432
11
0.7477515354330708
21
1.4078069685039369
0
LINE
8
BLACK
6
CONTINUOUS
10
0.7477515354330708
20
1.4078069685039369
11
0.7497633070866142
21
1.4132005905511811
0
LINE
8
BLACK
6
CONTINUOUS
10
0.7497633070866142
20
1.4132005905511811
11
0.7497633858267716
21
1.4132009055118111
0
LINE
8
BLACK
6
CONTINUOUS
10
0.7497633858267716
20
1.4132009055118111
11
0.7500196456692914
21
1.4155846456692913
0
LINE
8
BLACK
6
CONTINUOUS
10
0.7500196456692914
20
1.4155846456692913
11
0.7500196850393701
21
1.4155853149606299
0
LINE
8
BLACK
6
CONTINUOUS
10
0.7500196850393701
20
1.4155853149606299
11
0.7500196850393701
21
1.4794146456692914
0
LINE
8
BLACK
6
CONTINUOUS
10
0.7500196850393701
20
1.4794146456692914
11
0.7500196456692914
21
1.4794153149606299
0
LINE
8
BLACK
6
CONTINUOUS
10
0.7500196456692914
20
1.4794153149606299
11
0.7497633858267716
21
1.4817990551181102
0
LINE
8
BLACK
6
CONTINUOUS
10
0.7497633858267716
20
1.4817990551181102
11
0.7497633070866142
21
1.4817993700787402
0
LINE
8
BLACK
6
CONTINUOUS
10
0.7497633070866142
20
1.4817993700787402
11
0.7494866141732284
21
1.4825411417322834
0
LINE
8
BLACK
6
CONTINUOUS
10
0.7494866141732284
20
1.4825411417322834
11
0.7477515354330708
21
1.4871930708661416
0
LINE
8
BLACK
6
CONTINUOUS
10
0.7477515354330708
20
1.4871930708661416
11
0.7443016141732284
21
1.4918016141732282
0
LINE
8
BLACK
6
CONTINUOUS
10
0.7443016141732284
20
1.4918016141732282
11
0.7396930708661417
21
1.4952515354330709
0
LINE
8
BLACK
6
CONTINUOUS
10
0.7396930708661417
20
1.4952515354330709
11
0.7342992519685039
21
1.4972633464566929
0
LINE
8
BLACK
6
CONTINUOUS
10
0.7342992519685039
20
1.4972633464566929
11
0.7342991732283465
21
1.4972633464566929
0
LINE
8
BLACK
6
CONTINUOUS
10
0.7342991732283465
20
1.4972633464566929
11
0.7342990551181102
21
1.4972633858267717
0
LINE
8
BLACK
6
CONTINUOUS
10
0.7342990551181102
20
1.4972633858267717
11
0.7319153149606299
21
1.4975196456692914
0
LINE
8
BLACK
6
CONTINUOUS
10
0.7319153149606299
20
1.4975196456692914
11
0.731915157480315
21
1.4975196456692914
0
LINE
8
BLACK
6
CONTINUOUS
10
0.731915157480315
20
1.4975196456692914
11
0.7319148818897637
21
1.4975196850393699
0
LINE
8
BLACK
6
CONTINUOUS
10
0.7319148818897637
20
1.4975196850393699
11
0.6680851181102362
21
1.4975196850393699
0
LINE
8
BLACK
6
CONTINUOUS
10
0.6680851181102362
20
1.4975196850393699
11
0.668084842519685
21
1.4975196456692914
0
LINE
8
BLACK
6
CONTINUOUS
10
0.668084842519685
20
1.4975196456692914
11
0.6680846456692914
21
1.4975196456692914
0
LINE
8
BLACK
6
CONTINUOUS
10
0.6680846456692914
20
1.4975196456692914
11
0.665700905511811
21
1.4972633858267717
0
LINE
8
BLACK
6
CONTINUOUS
10
0.665700905511811
20
1.4972633858267717
11
0.6657005905511811
21
1.4972633070866141
0
LINE
8
BLACK
6
CONTINUOUS
10
0.6657005905511811
20
1.4972633070866141
11
0.662632874015748
21
1.4961190551181103
0
LINE
8
BLACK
6
CONTINUOUS
10
0.662632874015748
20
1.4961190551181103
11
0.6603069291338582
21
1.4952515354330709
0
LINE
8
BLACK
6
CONTINUOUS
10
0.6603069291338582
20
1.4952515354330709
11
0.6603068503937007
21
1.4952514960629921
0
LINE
8
BLACK
6
CONTINUOUS
10
0.6603068503937007
20
1.4952514960629921
11
0.6603067716535433
21
1.4952514566929134
0
LINE
8
BLACK
6
CONTINUOUS
10
0.6603067716535433
20
1.4952514566929134
11
0.6556983464566929
21
1.4918016141732282
0
LINE
8
BLACK
6
CONTINUOUS
10
0.6556983464566929
20
1.4918016141732282
11
0.6539711811023622
21
1.4894943700787402
0
LINE
8
BLACK
6
CONTINUOUS
10
0.6539711811023622
20
1.4894943700787402
11
0.6517335433070865
21
1.4878192913385826
0
LINE
8
BLACK
6
CONTINUOUS
10
0.6517335433070865
20
1.4878192913385826
11
0.6489455118110236
21
1.4876199212598424
0
LINE
8
BLACK
6
CONTINUOUS
10
0.6489455118110236
20
1.4876199212598424
11
0.6464922834645669
21
1.4889594881889763
0
LINE
8
BLACK
6
CONTINUOUS
10
0.6464922834645669
20
1.4889594881889763
11
0.6460288188976377
21
1.4894943700787402
0
LINE
8
BLACK
6
CONTINUOUS
10
0.6460288188976377
20
1.4894943700787402
11
0.6443016141732283
21
1.4918016141732282
0
LINE
8
BLACK
6
CONTINUOUS
10
0.6443016141732283
20
1.4918016141732282
11
0.6396931889763779
21
1.4952514566929134
0
LINE
8
BLACK
6
CONTINUOUS
10
0.6396931889763779
20
1.4952514566929134
11
0.6396931496062992
21
1.4952514566929134
0
LINE
8
BLACK
6
CONTINUOUS
10
0.6396931496062992
20
1.4952514566929134
11
0.6396930708661417
21
1.4952515354330709
0
LINE
8
BLACK
6
CONTINUOUS
10
0.6396930708661417
20
1.4952515354330709
11
0.6342992519685039
21
1.4972633464566929
0
LINE
8
BLACK
6
CONTINUOUS
10
0.6342992519685039
20
1.4972633464566929
11
0.6342991732283464
21
1.4972633464566929
0
LINE
8
BLACK
6
CONTINUOUS
10
0.6342991732283464
20
1.4972633464566929
11
0.6342990551181102
21
1.4972633858267717
0
LINE
8
BLACK
6
CONTINUOUS
10
0.6342990551181102
20
1.4972633858267717
11
0.6319153149606299
21
1.4975196456692914
0
LINE
8
BLACK
6
CONTINUOUS
10
0.6319153149606299
20
1.4975196456692914
11
0.6319151574803149
21
1.4975196456692914
0
LINE
8
BLACK
6
CONTINUOUS
10
0.6319151574803149
20
1.4975196456692914
11
0.6319148818897637
21
1.4975196850393699
0
LINE
8
BLACK
6
CONTINUOUS
10
0.6319148818897637
20
1.4975196850393699
11
0.5680851181102362
21
1.4975196850393699
0
LINE
8
BLACK
6
CONTINUOUS
10
0.5680851181102362
20
1.4975196850393699
11
0.5680848425196851
21
1.4975196456692914
0
LINE
8
BLACK
6
CONTINUOUS
10
0.5680848425196851
20
1.4975196456692914
11
0.5680846456692913
21
1.4975196456692914
0
LINE
8
BLACK
6
CONTINUOUS
10
0.5680846456692913
20
1.4975196456692914
11
0.565700905511811
21
1.4972633858267717
0
LINE
8
BLACK
6
CONTINUOUS
10
0.565700905511811
20
1.4972633858267717
11
0.565700590551181
21
1.4972633070866141
0
LINE
8
BLACK
6
CONTINUOUS
10
0.565700590551181
20
1.4972633070866141
11
0.562632874015748
21
1.4961190551181103
0
LINE
8
BLACK
6
CONTINUOUS
10
0.562632874015748
20
1.4961190551181103
11
0.5603069291338583
21
1.4952515354330709
0
LINE
8
BLACK
6
CONTINUOUS
10
0.5603069291338583
20
1.4952515354330709
11
0.5603068503937008
21
1.4952514960629921
0
LINE
8
BLACK
6
CONTINUOUS
10
0.5603068503937008
20
1.4952514960629921
11
0.5603067716535433
21
1.4952514566929134
0
LINE
8
BLACK
6
CONTINUOUS
10
0.5603067716535433
20
1.4952514566929134
11
0.5556983464566929
21
1.4918016141732282
0
LINE
8
BLACK
6
CONTINUOUS
10
0.5556983464566929
20
1.4918016141732282
11
0.5539711811023622
21
1.4894943700787402
0
LINE
8
BLACK
6
CONTINUOUS
10
0.5539711811023622
20
1.4894943700787402
11
0.5517335433070866
21
1.4878192913385826
0
LINE
8
BLACK
6
CONTINUOUS
10
0.5517335433070866
20
1.4878192913385826
11
0.5489455118110236
21
1.4876199212598424
0
LINE
8
BLACK
6
CONTINUOUS
10
0.5489455118110236
20
1.4876199212598424
11
0.5464922834645669
21
1.4889594881889763
0
LINE
8
BLACK
6
CONTINUOUS
10
0.5464922834645669
20
1.4889594881889763
11
0.5460288188976378
21
1.4894943700787402
0
LINE
8
BLACK
6
CONTINUOUS
10
0.5460288188976378
20
1.4894943700787402
11
0.5443016141732283
21
1.4918016141732282
0
LINE
8
BLACK
6
CONTINUOUS
10
0.5443016141732283
20
1.4918016141732282
11
0.539693188976378
21
1.4952514566929134
0
LINE
8
BLACK
6
CONTINUOUS
10
0.539693188976378
20
1.4952514566929134
11
0.5396931496062992
21
1.4952514566929134
0
LINE
8
BLACK
6
CONTINUOUS
10
0.5396931496062992
20
1.4952514566929134
11
0.5396930708661417
21
1.4952515354330709
0
LINE
8
BLACK
6
CONTINUOUS
10
0.5396930708661417
20
1.4952515354330709
11
0.5342992519685039
21
1.4972633464566929
0
LINE
8
BLACK
6
CONTINUOUS
10
0.5342992519685039
20
1.4972633464566929
11
0.5342991732283464
21
1.4972633464566929
0
LINE
8
BLACK
6
CONTINUOUS
10
0.5342991732283464
20
1.4972633464566929
11
0.5342990551181103
21
1.4972633858267717
0
LINE
8
BLACK
6
CONTINUOUS
10
0.5342990551181103
20
1.4972633858267717
11
0.5319153149606299
21
1.4975196456692914
0
LINE
8
BLACK
6
CONTINUOUS
10
0.5319153149606299
20
1.4975196456692914
11
0.5319151574803149
21
1.4975196456692914
0
LINE
8
BLACK
6
CONTINUOUS
10
0.5319151574803149
20
1.4975196456692914
11
0.5319148818897638
21
1.4975196850393699
0
LINE
8
BLACK
6
CONTINUOUS
10
0.5319148818897638
20
1.4975196850393699
11
0.4680851181102362
21
1.4975196850393699
0
LINE
8
BLACK
6
CONTINUOUS
10
0.4680851181102362
20
1.4975196850393699
11
0.468084842519685
21
1.4975196456692914
0
LINE
8
BLACK
6
CONTINUOUS
10
0.468084842519685
20
1.4975196456692914
11
0.4680846456692913
21
1.4975196456692914
0
LINE
8
BLACK
6
CONTINUOUS
10
0.4680846456692913
20
1.4975196456692914
11
0.465700905511811
21
1.4972633858267717
0
LINE
8
BLACK
6
CONTINUOUS
10
0.465700905511811
20
1.4972633858267717
11
0.4657005905511811
21
1.4972633070866141
0
LINE
8
BLACK
6
CONTINUOUS
10
0.4657005905511811
20
1.4972633070866141
11
0.462632874015748
21
1.4961190551181103
0
LINE
8
BLACK
6
CONTINUOUS
10
0.462632874015748
20
1.4961190551181103
11
0.4603069291338582
21
1.4952515354330709
0
LINE
8
BLACK
6
CONTINUOUS
10
0.4603069291338582
20
1.4952515354330709
11
0.4603068503937008
21
1.4952514960629921
0
LINE
8
BLACK
6
CONTINUOUS
10
0.4603068503937008
20
1.4952514960629921
11
0.4603067716535433
21
1.4952514566929134
0
LINE
8
BLACK
6
CONTINUOUS
10
0.4603067716535433
20
1.4952514566929134
11
0.4556983464566929
21
1.4918016141732282
0
LINE
8
BLACK
6
CONTINUOUS
10
0.4556983464566929
20
1.4918016141732282
11
0.4522485039370079
21
1.4871931889763779
0
LINE
8
BLACK
6
CONTINUOUS
10
0.4522485039370079
20
1.4871931889763779
11
0.4522484251968504
21
1.4871929921259843
0
LINE
8
BLACK
6
CONTINUOUS
10
0.4522484251968504
20
1.4871929921259843
11
0.4502366535433071
21
1.4817993700787402
0
LINE
8
BLACK
6
CONTINUOUS
10
0.4502366535433071
20
1.4817993700787402
11
0.4502365748031496
21
1.4817990551181102
0
LINE
8
BLACK
6
CONTINUOUS
10
0.4502365748031496
20
1.4817990551181102
11
0.4499803149606299
21
1.4794153149606299
0
LINE
8
BLACK
6
CONTINUOUS
10
0.4499803149606299
20
1.4794153149606299
11
0.4499803149606299
21
1.4155846456692913
0
LINE
8
BLACK
6
CONTINUOUS
10
0.4499803149606299
20
1.4155846456692913
11
0.4502365748031496
21
1.4132009055118111
0
LINE
8
BLACK
6
CONTINUOUS
10
0.4502365748031496
20
1.4132009055118111
11
0.4502366535433071
21
1.4132005905511811
0
LINE
8
BLACK
6
CONTINUOUS
10
0.4502366535433071
20
1.4132005905511811
11
0.4522484251968504
21
1.4078069685039369
0
LINE
8
BLACK
6
CONTINUOUS
10
0.4522484251968504
20
1.4078069685039369
11
0.4522485039370079
21
1.4078067716535432
0
LINE
8
BLACK
6
CONTINUOUS
10
0.4522485039370079
20
1.4078067716535432
11
0.4556983858267716
21
1.4031983464566928
0
LINE
8
BLACK
6
CONTINUOUS
10
0.4556983858267716
20
1.4031983464566928
11
0.4580056299212598
21
1.4014711417322834
0
LINE
8
BLACK
6
CONTINUOUS
10
0.4580056299212598
20
1.4014711417322834
11
0.4596806692913386
21
1.3992335039370078
0
LINE
8
BLACK
6
CONTINUOUS
10
0.4596806692913386
20
1.3992335039370078
11
0.4598800393700787
21
1.3964455118110235
0
LINE
8
BLACK
6
CONTINUOUS
10
0.4598800393700787
20
1.3964455118110235
11
0.4585404724409449
21
1.3939922834645668
0
LINE
8
BLACK
6
CONTINUOUS
10
0.4585404724409449
20
1.3939922834645668
11
0.4580056299212598
21
1.3935288582677166
0
LINE
8
BLACK
6
CONTINUOUS
10
0.4580056299212598
20
1.3935288582677166
11
0.4556983858267716
21
1.3918016141732283
0
LINE
8
BLACK
6
CONTINUOUS
10
0.4556983858267716
20
1.3918016141732283
11
0.4522485039370079
21
1.387193188976378
0
LINE
8
BLACK
6
CONTINUOUS
10
0.4522485039370079
20
1.387193188976378
11
0.4522484251968504
21
1.3871929921259842
0
LINE
8
BLACK
6
CONTINUOUS
10
0.4522484251968504
20
1.3871929921259842
11
0.4502366535433071
21
1.3817993700787401
0
LINE
8
BLACK
6
CONTINUOUS
10
0.4502366535433071
20
1.3817993700787401
11
0.4502365748031496
21
1.3817990551181103
0
LINE
8
BLACK
6
CONTINUOUS
10
0.4502365748031496
20
1.3817990551181103
11
0.4499803149606299
21
1.3794153149606299
0
LINE
8
BLACK
6
CONTINUOUS
10
0.4499803149606299
20
1.3794153149606299
11
0.4499803149606299
21
1.3155846456692912
0
LINE
8
BLACK
6
CONTINUOUS
10
0.4499803149606299
20
1.3155846456692912
11
0.4502365748031496
21
1.313200905511811
0
LINE
8
BLACK
6
CONTINUOUS
10
0.4502365748031496
20
1.313200905511811
11
0.4502366535433071
21
1.313200590551181
0
LINE
8
BLACK
6
CONTINUOUS
10
0.4502366535433071
20
1.313200590551181
11
0.4522484251968504
21
1.3078069685039371
0
LINE
8
BLACK
6
CONTINUOUS
10
0.4522484251968504
20
1.3078069685039371
11
0.4522485039370079
21
1.3078067716535433
0
LINE
8
BLACK
6
CONTINUOUS
10
0.4522485039370079
20
1.3078067716535433
11
0.4559109842519685
21
1.3029143700787402
0
LINE
8
BLACK
6
CONTINUOUS
10
0.4559109842519685
20
1.3029143700787402
11
0.4558556299212598
21
1.3028729133858268
0
LINE
8
BLACK
6
CONTINUOUS
10
0.4558556299212598
20
1.3028729133858268
11
0.4569929527559055
21
1.3007901574803149
0
LINE
8
BLACK
6
CONTINUOUS
10
0.4569929527559055
20
1.3007901574803149
11
0.4571062992125984
21
1.2997357086614172
0
LINE
8
BLACK
6
CONTINUOUS
10
0.4571062992125984
20
1.2997357086614172
11
0.4571062992125984
21
1.2672101181102362
0
LINE
8
BLACK
6
CONTINUOUS
10
0.4571062992125984
20
1.2672101181102362
11
0.4563188188976378
21
1.264528188976378
0
LINE
8
BLACK
6
CONTINUOUS
10
0.4563188188976378
20
1.264528188976378
11
0.4551185433070866
21
1.2632390157480315
0
LINE
8
BLACK
6
CONTINUOUS
10
0.4551185433070866
20
1.2632390157480315
11
0.4533729527559055
21
1.261932283464567
0
LINE
8
BLACK
6
CONTINUOUS
10
0.4533729527559055
20
1.261932283464567
11
0.4531983464566929
21
1.2618015748031495
0
LINE
8
BLACK
6
CONTINUOUS
10
0.4531983464566929
20
1.2618015748031495
11
0.4497485039370079
21
1.2571931889763779
0
LINE
8
BLACK
6
CONTINUOUS
10
0.4497485039370079
20
1.2571931889763779
11
0.4497484251968504
21
1.2571929921259841
0
LINE
8
BLACK
6
CONTINUOUS
10
0.4497484251968504
20
1.2571929921259841
11
0.4477366535433071
21
1.2517993700787402
0
LINE
8
BLACK
6
CONTINUOUS
10
0.4477366535433071
20
1.2517993700787402
11
0.4477365748031496
21
1.2517990551181102
0
LINE
8
BLACK
6
CONTINUOUS
10
0.4477365748031496
20
1.2517990551181102
11
0.4474803149606299
21
1.24941531496063
0
LINE
8
BLACK
6
CONTINUOUS
10
0.4474803149606299
20
1.24941531496063
11
0.4474803149606299
21
1.1905846456692912
0
LINE
8
BLACK
6
CONTINUOUS
10
0.4474803149606299
20
1.1905846456692912
11
0.4477365748031496
21
1.188200905511811
0
LINE
8
BLACK
6
CONTINUOUS
10
0.4477365748031496
20
1.188200905511811
11
0.4477366535433071
21
1.188200590551181
0
LINE
8
BLACK
6
CONTINUOUS
10
0.4477366535433071
20
1.188200590551181
11
0.4497484251968504
21
1.1828069685039371
0
LINE
8
BLACK
6
CONTINUOUS
10
0.4497484251968504
20
1.1828069685039371
11
0.4497485039370079
21
1.1828067716535433
0
LINE
8
BLACK
6
CONTINUOUS
10
0.4497485039370079
20
1.1828067716535433
11
0.4531983464566929
21
1.178198346456693
0
LINE
8
BLACK
6
CONTINUOUS
10
0.4531983464566929
20
1.178198346456693
11
0.4578067716535433
21
1.1747485039370078
0
LINE
8
BLACK
6
CONTINUOUS
10
0.4578067716535433
20
1.1747485039370078
11
0.457806968503937
21
1.1747484251968503
0
LINE
8
BLACK
6
CONTINUOUS
10
0.457806968503937
20
1.1747484251968503
11
0.4632005905511811
21
1.172736653543307
0
LINE
8
BLACK
6
CONTINUOUS
10
0.4632005905511811
20
1.172736653543307
11
0.463200905511811
21
1.1727365748031495
0
LINE
8
BLACK
6
CONTINUOUS
10
0.463200905511811
20
1.1727365748031495
11
0.4655846456692913
21
1.17248031496063
0
LINE
8
BLACK
6
CONTINUOUS
10
0.4655846456692913
20
1.17248031496063
11
0.4655851181102362
21
1.17248031496063
0
LINE
8
BLACK
6
CONTINUOUS
10
0.4655851181102362
20
1.17248031496063
11
0.4838011417322834
21
1.17248031496063
0
LINE
8
BLACK
6
CONTINUOUS
10
0.4838011417322834
20
1.17248031496063
11
0.4864830708661417
21
1.1716928346456692
0
LINE
8
BLACK
6
CONTINUOUS
10
0.4864830708661417
20
1.1716928346456692
11
0.4873088582677165
21
1.1710273622047245
0
LINE
8
BLACK
6
CONTINUOUS
10
0.4873088582677165
20
1.1710273622047245
11
0.4917570866141732
21
1.1665790551181101
0
LINE
8
BLACK
6
CONTINUOUS
10
0.4917570866141732
20
1.1665790551181101
11
0.4921590551181102
21
1.1660773622047245
0
LINE
8
BLACK
6
CONTINUOUS
10
0.4921590551181102
20
1.1660773622047245
11
0.4921666535433071
21
1.1660836614173229
0
LINE
8
BLACK
6
CONTINUOUS
10
0.4921666535433071
20
1.1660836614173229
11
0.4923654724409449
21
1.1658433070866141
0
LINE
8
BLACK
6
CONTINUOUS
10
0.4923654724409449
20
1.1658433070866141
11
0.4943998425196851
21
1.163932874015748
0
LINE
8
BLACK
6
CONTINUOUS
10
0.4943998425196851
20
1.163932874015748
11
0.4945116535433071
21
1.1638245275590551
0
LINE
8
BLACK
6
CONTINUOUS
10
0.4945116535433071
20
1.1638245275590551
11
0.4953214566929134
21
1.1630147244094489
0
LINE
8
BLACK
6
CONTINUOUS
10
0.4953214566929134
20
1.1630147244094489
11
0.4953215354330708
21
1.1630146850393701
0
LINE
8
BLACK
6
CONTINUOUS
10
0.4953215354330708
20
1.1630146850393701
11
0.49546
21
1.1629072440944881
0
LINE
8
BLACK
6
CONTINUOUS
10
0.49546
20
1.1629072440944881
11
0.4958146062992126
21
1.1626043307086613
0
LINE
8
BLACK
6
CONTINUOUS
10
0.4958146062992126
20
1.1626043307086613
11
0.4971403543307086
21
1.1613594094488189
0
LINE
8
BLACK
6
CONTINUOUS
10
0.4971403543307086
20
1.1613594094488189
11
0.4971404330708661
21
1.1613593307086614
0
LINE
8
BLACK
6
CONTINUOUS
10
0.4971404330708661
20
1.1613593307086614
11
0.4978805905511811
21
1.1609524015748032
0
LINE
8
BLACK
6
CONTINUOUS
10
0.4978805905511811
20
1.1609524015748032
11
0.4985307086614173
21
1.1605253149606298
0
LINE
8
BLACK
6
CONTINUOUS
10
0.4985307086614173
20
1.1605253149606298
11
0.499197874015748
21
1.1600078346456693
0
LINE
8
BLACK
6
CONTINUOUS
10
0.499197874015748
20
1.1600078346456693
11
0.4991980708661417
21
1.160007716535433
0
LINE
8
BLACK
6
CONTINUOUS
10
0.4991980708661417
20
1.160007716535433
11
0.5008676377952755
21
1.1592851574803149
0
LINE
8
BLACK
6
CONTINUOUS
10
0.5008676377952755
20
1.1592851574803149
11
0.5012869685039369
21
1.1590797244094488
0
LINE
8
BLACK
6
CONTINUOUS
10
0.5012869685039369
20
1.1590797244094488
11
0.5028803937007874
21
1.158203779527559
0
LINE
8
BLACK
6
CONTINUOUS
10
0.5028803937007874
20
1.158203779527559
11
0.5036983464566929
21
1.1579937401574802
0
LINE
8
BLACK
6
CONTINUOUS
10
0.5036983464566929
20
1.1579937401574802
11
0.5044343700787401
21
1.1577417322834644
0
LINE
8
BLACK
6
CONTINUOUS
10
0.5044343700787401
20
1.1577417322834644
11
0.5052095275590551
21
1.1574062992125984
0
LINE
8
BLACK
6
CONTINUOUS
10
0.5052095275590551
20
1.1574062992125984
11
0.5070059448818898
21
1.1571217322834646
0
LINE
8
BLACK
6
CONTINUOUS
10
0.5070059448818898
20
1.1571217322834646
11
0.5074632677165354
21
1.1570270472440944
0
LINE
8
BLACK
6
CONTINUOUS
10
0.5074632677165354
20
1.1570270472440944
11
0.5086651181102362
21
1.1567185039370078
0
LINE
8
BLACK
6
CONTINUOUS
10
0.5086651181102362
20
1.1567185039370078
11
0.5092248818897638
21
1.1565748031496064
0
LINE
8
BLACK
6
CONTINUOUS
10
0.5092248818897638
20
1.1565748031496064
11
0.5097066141732284
21
1.1565748031496064
0
LINE
8
BLACK
6
CONTINUOUS
10
0.5097066141732284
20
1.1565748031496064
11
0.5123885433070866
21
1.1557873228346456
0
LINE
8
BLACK
6
CONTINUOUS
10
0.5123885433070866
20
1.1557873228346456
11
0.5132142913385827
21
1.1551218503937009
0
LINE
8
BLACK
6
CONTINUOUS
10
0.5132142913385827
20
1.1551218503937009
11
0.5416572834645669
21
1.1266788582677165
0
LINE
8
BLACK
6
CONTINUOUS
10
0.5416572834645669
20
1.1266788582677165
11
0.5429968897637795
21
1.1242256299212599
0
LINE
8
BLACK
6
CONTINUOUS
10
0.5429968897637795
20
1.1242256299212599
11
0.5431102362204724
21
1.1231711811023621
0
LINE
8
BLACK
6
CONTINUOUS
10
0.5431102362204724
20
1.1231711811023621
11
0.5431102362204724
21
1.1107535826771653
0
LINE
8
BLACK
6
CONTINUOUS
10
0.5431102362204724
20
1.1107535826771653
11
0.5427974409448819
21
1.1090200393700786
0
LINE
8
BLACK
6
CONTINUOUS
10
0.5427974409448819
20
1.1090200393700786
11
0.5424610629921259
21
1.1081181496062993
0
LINE
8
BLACK
6
CONTINUOUS
10
0.5424610629921259
20
1.1081181496062993
11
0.5424610236220472
21
1.1081179921259843
0
LINE
8
BLACK
6
CONTINUOUS
10
0.5424610236220472
20
1.1081179921259843
11
0.5424609842519685
21
1.1081179527559055
0
LINE
8
BLACK
6
CONTINUOUS
10
0.5424609842519685
20
1.1081179527559055
11
0.5422047244094488
21
1.1057342125984251
0
LINE
8
BLACK
6
CONTINUOUS
10
0.5422047244094488
20
1.1057342125984251
11
0.5422047244094488
21
1.0763129921259842
0
LINE
8
BLACK
6
CONTINUOUS
10
0.5422047244094488
20
1.0763129921259842
11
0.5424609842519685
21
1.073929251968504
0
LINE
8
BLACK
6
CONTINUOUS
10
0.5424609842519685
20
1.073929251968504
11
0.5424610629921259
21
1.073928937007874
0
LINE
8
BLACK
6
CONTINUOUS
10
0.5424610629921259
20
1.073928937007874
11
0.5444728346456693
21
1.0685353149606298
0
LINE
8
BLACK
6
CONTINUOUS
10
0.5444728346456693
20
1.0685353149606298
11
0.5444729133858267
21
1.0685351181102363
0
LINE
8
BLACK
6
CONTINUOUS
10
0.5444729133858267
20
1.0685351181102363
11
0.5479227559055118
21
1.0639266929133857
0
LINE
8
BLACK
6
CONTINUOUS
10
0.5479227559055118
20
1.0639266929133857
11
0.5525311811023622
21
1.0604768503937008
0
LINE
8
BLACK
6
CONTINUOUS
10
0.5525311811023622
20
1.0604768503937008
11
0.5525313779527559
21
1.0604767716535433
0
LINE
8
BLACK
6
CONTINUOUS
10
0.5525313779527559
20
1.0604767716535433
11
0.557925
21
1.058465
0
LINE
8
BLACK
6
CONTINUOUS
10
0.557925
20
1.058465
11
0.5579253149606299
21
1.0584649212598425
0
LINE
8
BLACK
6
CONTINUOUS
10
0.5579253149606299
20
1.0584649212598425
11
0.5586811023622047
21
1.0583836614173228
0
LINE
8
BLACK
6
CONTINUOUS
10
0.5586811023622047
20
1.0583836614173228
11
0.5586811023622047
21
1.060511811023622
0
LINE
8
BLACK
6
CONTINUOUS
10
0.5586811023622047
20
1.060511811023622
11
0.5912753543307087
21
1.060511811023622
0
LINE
8
BLACK
6
CONTINUOUS
10
0.5912753543307087
20
1.060511811023622
11
0.6025
21
1.0717364173228345
0
LINE
8
BLACK
6
CONTINUOUS
10
0.6025
20
1.0717364173228345
11
0.6025
21
1.0782283464566929
0
LINE
8
BLACK
6
CONTINUOUS
10
0.6025
20
1.0782283464566929
11
0.6015944881889763
21
1.0782283464566929
0
LINE
8
BLACK
6
CONTINUOUS
10
0.6015944881889763
20
1.0782283464566929
11
0.6015944881889763
21
1.1038188976377952
0
LINE
8
BLACK
6
CONTINUOUS
10
0.6015944881889763
20
1.1038188976377952
11
0.6134055118110237
21
1.1038188976377952
0
LINE
8
BLACK
6
CONTINUOUS
10
0.6134055118110237
20
1.1038188976377952
11
0.6134055118110237
21
1.0782283464566929
0
LINE
8
BLACK
6
CONTINUOUS
10
0.6134055118110237
20
1.0782283464566929
11
0.6124999999999999
21
1.0782283464566929
0
LINE
8
BLACK
6
CONTINUOUS
10
0.6124999999999999
20
1.0782283464566929
11
0.6124999999999999
21
1.0717364173228345
0
LINE
8
BLACK
6
CONTINUOUS
10
0.6124999999999999
20
1.0717364173228345
11
0.6237246062992126
21
1.060511811023622
0
LINE
8
BLACK
6
CONTINUOUS
10
0.6237246062992126
20
1.060511811023622
11
0.6563188976377953
21
1.060511811023622
0
LINE
8
BLACK
6
CONTINUOUS
10
0.6563188976377953
20
1.060511811023622
11
0.6563188976377953
21
1.0583836614173228
0
LINE
8
BLACK
6
CONTINUOUS
10
0.6563188976377953
20
1.0583836614173228
11
0.6570746456692913
21
1.0584649212598425
0
LINE
8
BLACK
6
CONTINUOUS
10
0.6570746456692913
20
1.0584649212598425
11
0.6570749606299212
21
1.058465
0
LINE
8
BLACK
6
CONTINUOUS
10
0.6570749606299212
20
1.058465
11
0.6624685826771654
21
1.0604767716535433
0
LINE
8
BLACK
6
CONTINUOUS
10
0.6624685826771654
20
1.0604767716535433
11
0.6624686220472441
21
1.0604767716535433
0
LINE
8
BLACK
6
CONTINUOUS
10
0.6624686220472441
20
1.0604767716535433
11
0.6629208267716535
21
1.0608152755905511
0
LINE
8
BLACK
6
CONTINUOUS
10
0.6629208267716535
20
1.0608152755905511
11
0.6642516929133858
21
1.0618115748031496
0
LINE
8
BLACK
6
CONTINUOUS
10
0.6642516929133858
20
1.0618115748031496
11
0.6668705511811024
21
1.0627883858267717
0
LINE
8
BLACK
6
CONTINUOUS
10
0.6668705511811024
20
1.0627883858267717
11
0.669601811023622
21
1.0621942519685039
0
LINE
8
BLACK
6
CONTINUOUS
10
0.669601811023622
20
1.0621942519685039
11
0.6703714566929134
21
1.0616750393700787
0
LINE
8
BLACK
6
CONTINUOUS
10
0.6703714566929134
20
1.0616750393700787
11
0.6740543307086614
21
1.0586525984251969
0
LINE
8
BLACK
6
CONTINUOUS
10
0.6740543307086614
20
1.0586525984251969
11
0.6805722047244094
21
1.0551686614173228
0
LINE
8
BLACK
6
CONTINUOUS
10
0.6805722047244094
20
1.0551686614173228
11
0.6805724409448819
21
1.0551685826771653
0
LINE
8
BLACK
6
CONTINUOUS
10
0.6805724409448819
20
1.0551685826771653
11
0.6876450787401575
21
1.0530231102362204
0
LINE
8
BLACK
6
CONTINUOUS
10
0.6876450787401575
20
1.0530231102362204
11
0.6949998818897638
21
1.0522987795275591
0
LINE
8
BLACK
6
CONTINUOUS
10
0.6949998818897638
20
1.0522987795275591
11
0.695
21
1.0522987795275591
0
LINE
8
BLACK
6
CONTINUOUS
10
0.695
20
1.0522987795275591
11
0.6950001181102362
21
1.0522987795275591
0
LINE
8
BLACK
6
CONTINUOUS
10
0.6950001181102362
20
1.0522987795275591
11
0.7023548425196851
21
1.0530231102362204
0
LINE
8
BLACK
6
CONTINUOUS
10
0.7023548425196851
20
1.0530231102362204
11
0.7023549212598426
21
1.0530231102362204
0
LINE
8
BLACK
6
CONTINUOUS
10
0.7023549212598426
20
1.0530231102362204
11
0.7094275196850394
21
1.0551685826771653
0
LINE
8
BLACK
6
CONTINUOUS
10
0.7094275196850394
20
1.0551685826771653
11
0.7094277559055118
21
1.0551686614173228
0
LINE
8
BLACK
6
CONTINUOUS
10
0.7094277559055118
20
1.0551686614173228
11
0.7159456692913385
21
1.0586525984251969
0
LINE
8
BLACK
6
CONTINUOUS
10
0.7159456692913385
20
1.0586525984251969
11
0.7181684645669291
21
1.060476811023622
0
LINE
8
BLACK
6
CONTINUOUS
10
0.7181684645669291
20
1.060476811023622
11
0.7216587795275591
21
1.0633412204724408
0
LINE
8
BLACK
6
CONTINUOUS
10
0.7216587795275591
20
1.0633412204724408
11
0.7263474015748032
21
1.0690543307086613
0
LINE
8
BLACK
6
CONTINUOUS
10
0.7263474015748032
20
1.0690543307086613
11
0.7298313779527559
21
1.0755723622047244
0
LINE
8
BLACK
6
CONTINUOUS
10
0.7298313779527559
20
1.0755723622047244
11
0.731976811023622
21
1.0826448425196851
0
LINE
8
BLACK
6
CONTINUOUS
10
0.731976811023622
20
1.0826448425196851
11
0.731976811023622
21
1.0826449212598426
0
LINE
8
BLACK
6
CONTINUOUS
10
0.731976811023622
20
1.0826449212598426
11
0.7319768503937008
21
1.0826450393700786
0
LINE
8
BLACK
6
CONTINUOUS
10
0.7319768503937008
20
1.0826450393700786
11
0.7319768503937008
21
1.0826451181102361
0
LINE
8
BLACK
6
CONTINUOUS
10
0.7319768503937008
20
1.0826451181102361
11
0.7327012204724409
21
1.0899998425196851
0
LINE
8
BLACK
6
CONTINUOUS
10
0.7327012204724409
20
1.0899998425196851
11
0.7327012204724409
21
1.0900001181102361
0
LINE
8
BLACK
6
CONTINUOUS
10
0.7327012204724409
20
1.0900001181102361
11
0.7319768503937008
21
1.0973548425196851
0
LINE
8
BLACK
6
CONTINUOUS
10
0.7319768503937008
20
1.0973548425196851
11
0.7319768503937008
21
1.0973549212598426
0
LINE
8
BLACK
6
CONTINUOUS
10
0.7319768503937008
20
1.0973549212598426
11
0.731976811023622
21
1.0973549606299213
0
LINE
8
BLACK
6
CONTINUOUS
10
0.731976811023622
20
1.0973549606299213
11
0.731976811023622
21
1.0973551574803149
0
LINE
8
BLACK
6
CONTINUOUS
10
0.731976811023622
20
1.0973551574803149
11
0.7298313779527559
21
1.1044276377952755
0
LINE
8
BLACK
6
CONTINUOUS
10
0.7298313779527559
20
1.1044276377952755
11
0.7263474015748032
21
1.1109456692913386
0
LINE
8
BLACK
6
CONTINUOUS
10
0.7263474015748032
20
1.1109456692913386
11
0.72632968503937
21
1.1109672047244095
0
LINE
8
BLACK
6
CONTINUOUS
10
0.72632968503937
20
1.1109672047244095
11
0.726323937007874
21
1.1109807480314959
0
LINE
8
BLACK
6
CONTINUOUS
10
0.726323937007874
20
1.1109807480314959
11
0.726211968503937
21
1.1111483858267717
0
LINE
8
BLACK
6
CONTINUOUS
10
0.726211968503937
20
1.1111483858267717
11
0.7262437401574803
21
1.1111696062992125
0
LINE
8
BLACK
6
CONTINUOUS
10
0.7262437401574803
20
1.1111696062992125
11
0.7252370866141732
21
1.1135399212598425
0
LINE
8
BLACK
6
CONTINUOUS
10
0.7252370866141732
20
1.1135399212598425
11
0.7257088188976378
21
1.1162949606299213
0
LINE
8
BLACK
6
CONTINUOUS
10
0.7257088188976378
20
1.1162949606299213
11
0.7275951574803149
21
1.1183576377952755
0
LINE
8
BLACK
6
CONTINUOUS
10
0.7275951574803149
20
1.1183576377952755
11
0.7301643700787401
21
1.1190748031496063
0
LINE
8
BLACK
6
CONTINUOUS
10
0.7301643700787401
20
1.1190748031496063
11
0.7472066535433071
21
1.1190748031496063
0
LINE
8
BLACK
6
CONTINUOUS
10
0.7472066535433071
20
1.1190748031496063
11
0.7498885826771653
21
1.1182873228346457
0
LINE
8
BLACK
6
CONTINUOUS
10
0.7498885826771653
20
1.1182873228346457
11
0.7507143700787401
21
1.1176218503937008
0
LINE
8
BLACK
6
CONTINUOUS
10
0.7507143700787401
20
1.1176218503937008
11
0.7680366535433071
21
1.1002994881889763
0
LINE
8
BLACK
6
CONTINUOUS
10
0.7680366535433071
20
1.1002994881889763
11
0.7684386220472441
21
1.0997977952755906
0
LINE
8
BLACK
6
CONTINUOUS
10
0.7684386220472441
20
1.0997977952755906
11
0.7684462204724409
21
1.0998040944881891
0
LINE
8
BLACK
6
CONTINUOUS
10
0.7684462204724409
20
1.0998040944881891
11
0.7686450393700788
21
1.0995637401574803
0
LINE
8
BLACK
6
CONTINUOUS
10
0.7686450393700788
20
1.0995637401574803
11
0.7706794094488189
21
1.0976533070866141
0
LINE
8
BLACK
6
CONTINUOUS
10
0.7706794094488189
20
1.0976533070866141
11
0.770791220472441
21
1.0975449606299212
0
LINE
8
BLACK
6
CONTINUOUS
10
0.770791220472441
20
1.0975449606299212
11
0.7716010236220472
21
1.096735157480315
0
LINE
8
BLACK
6
CONTINUOUS
10
0.7716010236220472
20
1.096735157480315
11
0.7716011023622047
21
1.0967351181102363
0
LINE
8
BLACK
6
CONTINUOUS
10
0.7716011023622047
20
1.0967351181102363
11
0.7717395669291338
21
1.0966276771653543
0
LINE
8
BLACK
6
CONTINUOUS
10
0.7717395669291338
20
1.0966276771653543
11
0.7720941732283464
21
1.0963247637795275
0
LINE
8
BLACK
6
CONTINUOUS
10
0.7720941732283464
20
1.0963247637795275
11
0.7734199212598425
21
1.095079842519685
0
LINE
8
BLACK
6
CONTINUOUS
10
0.7734199212598425
20
1.095079842519685
11
0.77342
21
1.0950797637795275
0
LINE
8
BLACK
6
CONTINUOUS
10
0.77342
20
1.0950797637795275
11
0.774160157480315
21
1.0946728346456693
0
LINE
8
BLACK
6
CONTINUOUS
10
0.774160157480315
20
1.0946728346456693
11
0.7748102755905512
21
1.094245748031496
0
LINE
8
BLACK
6
CONTINUOUS
10
0.7748102755905512
20
1.094245748031496
11
0.7754774409448819
21
1.0937282677165354
0
LINE
8
BLACK
6
CONTINUOUS
10
0.7754774409448819
20
1.0937282677165354
11
0.7754777952755906
21
1.0937280708661417
0
LINE
8
BLACK
6
CONTINUOUS
10
0.7754777952755906
20
1.0937280708661417
11
0.777146653543307
21
1.0930058661417323
0
LINE
8
BLACK
6
CONTINUOUS
10
0.777146653543307
20
1.0930058661417323
11
0.7775661023622047
21
1.0928003937007873
0
LINE
8
BLACK
6
CONTINUOUS
10
0.7775661023622047
20
1.0928003937007873
11
0.7791599212598425
21
1.091924251968504
0
LINE
8
BLACK
6
CONTINUOUS
10
0.7791599212598425
20
1.091924251968504
11
0.7791602755905511
21
1.0919240944881889
0
LINE
8
BLACK
6
CONTINUOUS
10
0.7791602755905511
20
1.0919240944881889
11
0.7799778346456693
21
1.0917141732283464
0
LINE
8
BLACK
6
CONTINUOUS
10
0.7799778346456693
20
1.0917141732283464
11
0.7807140551181102
21
1.0914621259842519
0
LINE
8
BLACK
6
CONTINUOUS
10
0.7807140551181102
20
1.0914621259842519
11
0.7814890944881889
21
1.0911267322834646
0
LINE
8
BLACK
6
CONTINUOUS
10
0.7814890944881889
20
1.0911267322834646
11
0.7832857480314961
21
1.0908421653543308
0
LINE
8
BLACK
6
CONTINUOUS
10
0.7832857480314961
20
1.0908421653543308
11
0.7837432677165355
21
1.0907474015748031
0
LINE
8
BLACK
6
CONTINUOUS
10
0.7837432677165355
20
1.0907474015748031
11
0.7855044488188976
21
1.0902952362204723
0
LINE
8
BLACK
6
CONTINUOUS
10
0.7855044488188976
20
1.0902952362204723
11
0.7863485826771653
21
1.0902952362204723
0
LINE
8
BLACK
6
CONTINUOUS
10
0.7863485826771653
20
1.0902952362204723
11
0.7871244881889764
21
1.0902341732283465
0
LINE
8
BLACK
6
CONTINUOUS
10
0.7871244881889764
20
1.0902341732283465
11
0.787958779527559
21
1.0901020472440945
0
LINE
8
BLACK
6
CONTINUOUS
10
0.787958779527559
20
1.0901020472440945
11
0.7897696456692913
21
1.0902732283464567
0
LINE
8
BLACK
6
CONTINUOUS
10
0.7897696456692913
20
1.0902732283464567
11
0.7902364960629921
21
1.0902952362204723
0
LINE
8
BLACK
6
CONTINUOUS
10
0.7902364960629921
20
1.0902952362204723
11
0.88501968503937
21
1.0902952362204723
0
LINE
8
BLACK
6
CONTINUOUS
10
0.88501968503937
20
1.0902952362204723
11
0.8877016141732283
21
1.0895077559055117
0
LINE
8
BLACK
6
CONTINUOUS
10
0.8877016141732283
20
1.0895077559055117
11
0.8895320472440945
21
1.0873953149606299
0
LINE
8
BLACK
6
CONTINUOUS
10
0.8895320472440945
20
1.0873953149606299
11
0.8899803149606299
21
1.0853346062992126
0
LINE
8
BLACK
6
CONTINUOUS
10
0.8899803149606299
20
1.0853346062992126
11
0.8899803149606299
21
1.0280846456692914
0
LINE
8
BLACK
6
CONTINUOUS
10
0.8899803149606299
20
1.0280846456692914
11
0.8902365748031495
21
1.0257009055118109
0
LINE
8
BLACK
6
CONTINUOUS
10
0.8902365748031495
20
1.0257009055118109
11
0.8902366535433071
21
1.0257005905511811
0
LINE
8
BLACK
6
CONTINUOUS
10
0.8902366535433071
20
1.0257005905511811
11
0.8922484251968503
21
1.020306968503937
0
LINE
8
BLACK
6
CONTINUOUS
10
0.8922484251968503
20
1.020306968503937
11
0.8922485039370078
21
1.0203067716535432
0
LINE
8
BLACK
6
CONTINUOUS
10
0.8922485039370078
20
1.0203067716535432
11
0.8956983464566929
21
1.0156983464566929
0
LINE
8
BLACK
6
CONTINUOUS
10
0.8956983464566929
20
1.0156983464566929
11
0.9003067716535433
21
1.0122485039370079
0
LINE
8
BLACK
6
CONTINUOUS
10
0.9003067716535433
20
1.0122485039370079
11
0.900306968503937
21
1.0122484251968504
0
LINE
8
BLACK
6
CONTINUOUS
10
0.900306968503937
20
1.0122484251968504
11
0.9057005905511811
21
1.0102366535433072
0
LINE
8
BLACK
6
CONTINUOUS
10
0.9057005905511811
20
1.0102366535433072
11
0.905700905511811
21
1.0102365748031497
0
LINE
8
BLACK
6
CONTINUOUS
10
0.905700905511811
20
1.0102365748031497
11
0.9080846456692914
21
1.0099803149606299
0
LINE
8
BLACK
6
CONTINUOUS
10
0.9080846456692914
20
1.0099803149606299
11
0.9080851181102362
21
1.0099803149606299
0
LINE
8
BLACK
6
CONTINUOUS
10
0.9080851181102362
20
1.0099803149606299
11
0.9719153149606299
21
1.0099803149606299
0
LINE
8
BLACK
6
CONTINUOUS
10
0.9719153149606299
20
1.0099803149606299
11
0.9742990551181102
21
1.0102365748031497
0
LINE
8
BLACK
6
CONTINUOUS
10
0.9742990551181102
20
1.0102365748031497
11
0.9742993700787401
21
1.0102366535433072
0
LINE
8
BLACK
6
CONTINUOUS
10
0.9742993700787401
20
1.0102366535433072
11
0.9796929921259843
21
1.0122484251968504
0
LINE
8
BLACK
6
CONTINUOUS
10
0.9796929921259843
20
1.0122484251968504
11
0.9796931889763779
21
1.0122485039370079
0
LINE
8
BLACK
6
CONTINUOUS
10
0.9796931889763779
20
1.0122485039370079
11
0.9843016141732284
21
1.0156983858267716
0
LINE
8
BLACK
6
CONTINUOUS
10
0.9843016141732284
20
1.0156983858267716
11
0.9860288582677165
21
1.0180056299212599
0
LINE
8
BLACK
6
CONTINUOUS
10
0.9860288582677165
20
1.0180056299212599
11
0.9882664960629921
21
1.0196806692913385
0
LINE
8
BLACK
6
CONTINUOUS
10
0.9882664960629921
20
1.0196806692913385
11
0.9910544881889763
21
1.0198800393700787
0
LINE
8
BLACK
6
CONTINUOUS
10
0.9910544881889763
20
1.0198800393700787
11
0.993507716535433
21
1.0185404724409448
0
LINE
8
BLACK
6
CONTINUOUS
10
0.993507716535433
20
1.0185404724409448
11
0.9939711811023622
21
1.0180055905511811
0
LINE
8
BLACK
6
CONTINUOUS
10
0.9939711811023622
20
1.0180055905511811
11
0.99581968503937
21
1.0155362598425197
0
LINE
8
BLACK
6
CONTINUOUS
10
0.99581968503937
20
1.0155362598425197
11
0.9967964960629921
21
1.0129173228346458
0
LINE
8
BLACK
6
CONTINUOUS
10
0.9967964960629921
20
1.0129173228346458
11
0.9962023228346456
21
1.010186062992126
0
LINE
8
BLACK
6
CONTINUOUS
10
0.9962023228346456
20
1.010186062992126
11
0.9953561811023622
21
1.0090557874015749
0
LINE
8
BLACK
6
CONTINUOUS
10
0.9953561811023622
20
1.0090557874015749
11
0.9281470472440945
21
0.9418466535433071
0
LINE
8
BLACK
6
CONTINUOUS
10
0.9281470472440945
20
0.9418466535433071
11
0.9256938188976378
21
0.9405070472440945
0
LINE
8
BLACK
6
CONTINUOUS
10
0.9256938188976378
20
0.9405070472440945
11
0.9246393700787401
21
0.9403937007874016
0
LINE
8
BLACK
6
CONTINUOUS
10
0.9246393700787401
20
0.9403937007874016
11
0.897210157480315
21
0.9403937007874016
0
LINE
8
BLACK
6
CONTINUOUS
10
0.897210157480315
20
0.9403937007874016
11
0.8945282283464566
21
0.9411811811023622
0
LINE
8
BLACK
6
CONTINUOUS
10
0.8945282283464566
20
0.9411811811023622
11
0.8932389763779527
21
0.9423815354330708
0
LINE
8
BLACK
6
CONTINUOUS
10
0.8932389763779527
20
0.9423815354330708
11
0.8918016141732283
21
0.9443016141732283
0
LINE
8
BLACK
6
CONTINUOUS
10
0.8918016141732283
20
0.9443016141732283
11
0.8871931889763779
21
0.9477514566929134
0
LINE
8
BLACK
6
CONTINUOUS
10
0.8871931889763779
20
0.9477514566929134
11
0.8871931496062992
21
0.9477514566929134
0
LINE
8
BLACK
6
CONTINUOUS
10
0.8871931496062992
20
0.9477514566929134
11
0.8871930708661417
21
0.9477515354330709
0
LINE
8
BLACK
6
CONTINUOUS
10
0.8871930708661417
20
0.9477515354330709
11
0.8817992519685039
21
0.9497633464566929
0
LINE
8
BLACK
6
CONTINUOUS
10
0.8817992519685039
20
0.9497633464566929
11
0.8817991732283464
21
0.9497633464566929
0
LINE
8
BLACK
6
CONTINUOUS
10
0.8817991732283464
20
0.9497633464566929
11
0.8817990551181102
21
0.9497633858267717
0
LINE
8
BLACK
6
CONTINUOUS
10
0.8817990551181102
20
0.9497633858267717
11
0.8794153149606299
21
0.9500196456692913
0
LINE
8
BLACK
6
CONTINUOUS
10
0.8794153149606299
20
0.9500196456692913
11
0.879415157480315
21
0.9500196456692913
0
LINE
8
BLACK
6
CONTINUOUS
10
0.879415157480315
20
0.9500196456692913
11
0.8794148818897638
21
0.9500196850393701
0
LINE
8
BLACK
6
CONTINUOUS
10
0.8794148818897638
20
0.9500196850393701
11
0.8794146456692913
21
0.9500196850393701
0
LINE
8
BLACK
6
CONTINUOUS
10
0.8794146456692913
20
0.9500196850393701
11
0.8450479921259842
21
0.9500196850393701
0
LINE
8
BLACK
6
CONTINUOUS
10
0.8450479921259842
20
0.9500196850393701
11
0.842366062992126
21
0.9508071653543307
0
LINE
8
BLACK
6
CONTINUOUS
10
0.842366062992126
20
0.9508071653543307
11
0.8405356299212599
21
0.9529196062992126
0
LINE
8
BLACK
6
CONTINUOUS
10
0.8405356299212599
20
0.9529196062992126
11
0.8403025590551181
21
0.9536413779527558
0
LINE
8
BLACK
6
CONTINUOUS
10
0.8403025590551181
20
0.9536413779527558
11
0.8402820866141733
21
0.9536351968503937
0
LINE
8
BLACK
6
CONTINUOUS
10
0.8402820866141733
20
0.9536351968503937
11
0.8402113779527559
21
0.9538682283464567
0
LINE
8
BLACK
6
CONTINUOUS
10
0.8402113779527559
20
0.9538682283464567
11
0.8402113779527559
21
0.9538683858267716
0
LINE
8
BLACK
6
CONTINUOUS
10
0.8402113779527559
20
0.9538683858267716
11
0.8380659448818898
21
0.9609408661417322
0
LINE
8
BLACK
6
CONTINUOUS
10
0.8380659448818898
20
0.9609408661417322
11
0.834581968503937
21
0.9674588976377952
0
LINE
8
BLACK
6
CONTINUOUS
10
0.834581968503937
20
0.9674588976377952
11
0.8324965354330709
21
0.97
0
LINE
8
BLACK
6
CONTINUOUS
10
0.8324965354330709
20
0.97
11
0.8225
21
0.97
0
LINE
8
BLACK
6
CONTINUOUS
10
0.8225
20
0.97
11
0.8225
21
0.9787587007874016
0
LINE
8
BLACK
6
CONTINUOUS
10
0.8225
20
0.9787587007874016
11
0.8176622047244094
21
0.9813446062992126
0
LINE
8
BLACK
6
CONTINUOUS
10
0.8176622047244094
20
0.9813446062992126
11
0.8105897244094488
21
0.9834900393700787
0
LINE
8
BLACK
6
CONTINUOUS
10
0.8105897244094488
20
0.9834900393700787
11
0.8105894881889764
21
0.9834900393700787
0
LINE
8
BLACK
6
CONTINUOUS
10
0.8105894881889764
20
0.9834900393700787
11
0.8105894488188976
21
0.9834900787401575
0
LINE
8
BLACK
6
CONTINUOUS
10
0.8105894488188976
20
0.9834900787401575
11
0.80323468503937
21
0.9842144488188976
0
LINE
8
BLACK
6
CONTINUOUS
10
0.80323468503937
20
0.9842144488188976
11
0.8032344488188976
21
0.9842144488188976
0
LINE
8
BLACK
6
CONTINUOUS
10
0.8032344488188976
20
0.9842144488188976
11
0.79587968503937
21
0.9834900787401575
0
LINE
8
BLACK
6
CONTINUOUS
10
0.79587968503937
20
0.9834900787401575
11
0.7958796062992126
21
0.9834900787401575
0
LINE
8
BLACK
6
CONTINUOUS
10
0.7958796062992126
20
0.9834900787401575
11
0.7958794881889764
21
0.9834900393700787
0
LINE
8
BLACK
6
CONTINUOUS
10
0.7958794881889764
20
0.9834900393700787
11
0.7958794094488189
21
0.9834900393700787
0
LINE
8
BLACK
6
CONTINUOUS
10
0.7958794094488189
20
0.9834900393700787
11
0.7888069291338583
21
0.9813446062992126
0
LINE
8
BLACK
6
CONTINUOUS
10
0.7888069291338583
20
0.9813446062992126
11
0.7844998818897637
21
0.9790424409448819
0
LINE
8
BLACK
6
CONTINUOUS
10
0.7844998818897637
20
0.9790424409448819
11
0.781763622047244
21
0.978472716535433
0
LINE
8
BLACK
6
CONTINUOUS
10
0.781763622047244
20
0.978472716535433
11
0.7802476771653543
21
0.9789277559055118
0
LINE
8
BLACK
6
CONTINUOUS
10
0.7802476771653543
20
0.9789277559055118
11
0.7802235039370079
21
0.9788666929133858
0
LINE
8
BLACK
6
CONTINUOUS
10
0.7802235039370079
20
0.9788666929133858
11
0.7799335039370079
21
0.9789814566929134
0
LINE
8
BLACK
6
CONTINUOUS
10
0.7799335039370079
20
0.9789814566929134
11
0.7799333070866141
21
0.9789815748031496
0
LINE
8
BLACK
6
CONTINUOUS
10
0.7799333070866141
20
0.9789815748031496
11
0.7791153937007874
21
0.9791915354330708
0
LINE
8
BLACK
6
CONTINUOUS
10
0.7791153937007874
20
0.9791915354330708
11
0.7783794488188976
21
0.9794434645669291
0
LINE
8
BLACK
6
CONTINUOUS
10
0.7783794488188976
20
0.9794434645669291
11
0.7776041338582677
21
0.9797790551181103
0
LINE
8
BLACK
6
CONTINUOUS
10
0.7776041338582677
20
0.9797790551181103
11
0.7775
21
0.9797955118110236
0
LINE
8
BLACK
6
CONTINUOUS
10
0.7775
20
0.9797955118110236
11
0.7775
21
0.97
0
LINE
8
BLACK
6
CONTINUOUS
10
0.7775
20
0.97
11
0.7225
21
0.97
0
LINE
8
BLACK
6
CONTINUOUS
10
0.7225
20
0.97
11
0.7225
21
0.9806105511811023
0
LINE
8
BLACK
6
CONTINUOUS
10
0.7225
20
0.9806105511811023
11
0.6775818897637795
21
0.9806105511811023
0
LINE
8
BLACK
6
CONTINUOUS
10
0.6775818897637795
20
0.9806105511811023
11
0.6748999606299212
21
0.981398031496063
0
LINE
8
BLACK
6
CONTINUOUS
10
0.6748999606299212
20
0.981398031496063
11
0.6730695275590551
21
0.9835104724409448
0
LINE
8
BLACK
6
CONTINUOUS
10
0.6730695275590551
20
0.9835104724409448
11
0.6726496850393701
21
0.9850409448818898
0
LINE
8
BLACK
6
CONTINUOUS
10
0.6726496850393701
20
0.9850409448818898
11
0.6725389763779528
21
0.9860707086614173
0
LINE
8
BLACK
6
CONTINUOUS
10
0.6725389763779528
20
0.9860707086614173
11
0.6725388976377953
21
0.9860710236220472
0
LINE
8
BLACK
6
CONTINUOUS
10
0.6725388976377953
20
0.9860710236220472
11
0.6722622047244095
21
0.9868127952755905
0
LINE
8
BLACK
6
CONTINUOUS
10
0.6722622047244095
20
0.9868127952755905
11
0.6705271259842519
21
0.9914647244094488
0
LINE
8
BLACK
6
CONTINUOUS
10
0.6705271259842519
20
0.9914647244094488
11
0.6703246062992125
21
0.9917352362204724
0
LINE
8
BLACK
6
CONTINUOUS
10
0.6703246062992125
20
0.9917352362204724
11
0.6670772047244095
21
0.9960732677165354
0
LINE
8
BLACK
6
CONTINUOUS
10
0.6670772047244095
20
0.9960732677165354
11
0.662468779527559
21
0.9995231102362204
0
LINE
8
BLACK
6
CONTINUOUS
10
0.662468779527559
20
0.9995231102362204
11
0.6624687401574803
21
0.9995231102362204
0
LINE
8
BLACK
6
CONTINUOUS
10
0.6624687401574803
20
0.9995231102362204
11
0.6624686614173229
21
0.9995231889763779
0
LINE
8
BLACK
6
CONTINUOUS
10
0.6624686614173229
20
0.9995231889763779
11
0.6570748425196851
21
1.0015350000000001
0
LINE
8
BLACK
6
CONTINUOUS
10
0.6570748425196851
20
1.0015350000000001
11
0.6570747637795276
21
1.0015350000000001
0
LINE
8
BLACK
6
CONTINUOUS
10
0.6570747637795276
20
1.0015350000000001
11
0.6570746456692913
21
1.0015350393700788
0
LINE
8
BLACK
6
CONTINUOUS
10
0.6570746456692913
20
1.0015350393700788
11
0.6563188976377953
21
1.0016162598425196
0
LINE
8
BLACK
6
CONTINUOUS
10
0.6563188976377953
20
1.0016162598425196
11
0.6563188976377953
21
0.9994881889763779
0
LINE
8
BLACK
6
CONTINUOUS
10
0.6563188976377953
20
0.9994881889763779
11
0.6075
21
0.9994881889763779
0
LINE
8
BLACK
6
CONTINUOUS
10
0.6075
20
0.9994881889763779
11
0.5586811023622047
21
0.9994881889763779
0
LINE
8
BLACK
6
CONTINUOUS
10
0.5586811023622047
20
0.9994881889763779
11
0.5586811023622047
21
1.0016162598425196
0
LINE
8
BLACK
6
CONTINUOUS
10
0.5586811023622047
20
1.0016162598425196
11
0.5579253149606299
21
1.0015350393700788
0
LINE
8
BLACK
6
CONTINUOUS
10
0.5579253149606299
20
1.0015350393700788
11
0.557925
21
1.0015349606299213
0
LINE
8
BLACK
6
CONTINUOUS
10
0.557925
20
1.0015349606299213
11
0.5551302755905512
21
1.0004925590551181
0
LINE
8
BLACK
6
CONTINUOUS
10
0.5551302755905512
20
1.0004925590551181
11
0.5525313385826771
21
0.9995231889763779
0
LINE
8
BLACK
6
CONTINUOUS
10
0.5525313385826771
20
0.9995231889763779
11
0.5525312598425197
21
0.9995231496062992
0
LINE
8
BLACK
6
CONTINUOUS
10
0.5525312598425197
20
0.9995231496062992
11
0.5525311811023622
21
0.9995231102362204
0
LINE
8
BLACK
6
CONTINUOUS
10
0.5525311811023622
20
0.9995231102362204
11
0.5479227559055118
21
0.9960732677165354
0
LINE
8
BLACK
6
CONTINUOUS
10
0.5479227559055118
20
0.9960732677165354
11
0.5444729133858267
21
0.991464842519685
0
LINE
8
BLACK
6
CONTINUOUS
10
0.5444729133858267
20
0.991464842519685
11
0.5444728346456693
21
0.9914646456692913
0
LINE
8
BLACK
6
CONTINUOUS
10
0.5444728346456693
20
0.9914646456692913
11
0.5424610629921259
21
0.9860710236220472
0
LINE
8
BLACK
6
CONTINUOUS
10
0.5424610629921259
20
0.9860710236220472
11
0.5424609842519685
21
0.9860707086614173
0
LINE
8
BLACK
6
CONTINUOUS
10
0.5424609842519685
20
0.9860707086614173
11
0.5422047244094488
21
0.983686968503937
0
LINE
8
BLACK
6
CONTINUOUS
10
0.5422047244094488
20
0.983686968503937
11
0.5422047244094488
21
0.954265748031496
0
LINE
8
BLACK
6
CONTINUOUS
10
0.5422047244094488
20
0.954265748031496
11
0.5424610236220472
21
0.951881811023622
0
LINE
8
BLACK
6
CONTINUOUS
10
0.5424610236220472
20
0.951881811023622
11
0.5425324015748031
21
0.951579842519685
0
LINE
8
BLACK
6
CONTINUOUS
10
0.5425324015748031
20
0.951579842519685
11
0.5424144488188977
21
0.951551968503937
0
LINE
8
BLACK
6
CONTINUOUS
10
0.5424144488188977
20
0.951551968503937
11
0.5425729133858268
21
0.9493257874015748
0
LINE
8
BLACK
6
CONTINUOUS
10
0.5425729133858268
20
0.9493257874015748
11
0.5425308267716535
21
0.9491483858267716
0
LINE
8
BLACK
6
CONTINUOUS
10
0.5425308267716535
20
0.9491483858267716
11
0.5422043307086614
21
0.9478766535433071
0
LINE
8
BLACK
6
CONTINUOUS
10
0.5422043307086614
20
0.9478766535433071
11
0.5422043307086614
21
0.9150838582677165
0
LINE
8
BLACK
6
CONTINUOUS
10
0.5422043307086614
20
0.9150838582677165
11
0.5414168503937008
21
0.9124019291338582
0
LINE
8
BLACK
6
CONTINUOUS
10
0.5414168503937008
20
0.9124019291338582
11
0.5407513779527559
21
0.9115761811023622
0
LINE
8
BLACK
6
CONTINUOUS
10
0.5407513779527559
20
0.9115761811023622
11
0.5351793307086614
21
0.9060041338582677
0
LINE
8
BLACK
6
CONTINUOUS
10
0.5351793307086614
20
0.9060041338582677
11
0.5346775196850394
21
0.9056021259842519
0
LINE
8
BLACK
6
CONTINUOUS
10
0.5346775196850394
20
0.9056021259842519
11
0.5346838582677165
21
0.9055945275590551
0
LINE
8
BLACK
6
CONTINUOUS
10
0.5346838582677165
20
0.9055945275590551
11
0.5344433464566929
21
0.9053955511811024
0
LINE
8
BLACK
6
CONTINUOUS
10
0.5344433464566929
20
0.9053955511811024
11
0.532532874015748
21
0.9033611023622047
0
LINE
8
BLACK
6
CONTINUOUS
10
0.532532874015748
20
0.9033611023622047
11
0.5324255905511811
21
0.9032503937007874
0
LINE
8
BLACK
6
CONTINUOUS
10
0.5324255905511811
20
0.9032503937007874
11
0.5319267322834645
21
0.9027515354330709
0
LINE
8
BLACK
6
CONTINUOUS
10
0.5319267322834645
20
0.9027515354330709
11
0.5316147637795275
21
0.9024395669291339
0
LINE
8
BLACK
6
CONTINUOUS
10
0.5316147637795275
20
0.9024395669291339
11
0.5316144094488189
21
0.9024391732283464
0
LINE
8
BLACK
6
CONTINUOUS
10
0.5316144094488189
20
0.9024391732283464
11
0.5315075984251968
21
0.9023014566929134
0
LINE
8
BLACK
6
CONTINUOUS
10
0.5315075984251968
20
0.9023014566929134
11
0.5312041732283465
21
0.9019461811023621
0
LINE
8
BLACK
6
CONTINUOUS
10
0.5312041732283465
20
0.9019461811023621
11
0.5299593700787402
21
0.900620590551181
0
LINE
8
BLACK
6
CONTINUOUS
10
0.5299593700787402
20
0.900620590551181
11
0.5299593307086614
21
0.9006205118110236
0
LINE
8
BLACK
6
CONTINUOUS
10
0.5299593307086614
20
0.9006205118110236
11
0.5299591732283464
21
0.9006202755905511
0
LINE
8
BLACK
6
CONTINUOUS
10
0.5299591732283464
20
0.9006202755905511
11
0.5295525196850394
21
0.8998806299212598
0
LINE
8
BLACK
6
CONTINUOUS
10
0.5295525196850394
20
0.8998806299212598
11
0.5291253149606299
21
0.8992302362204724
0
LINE
8
BLACK
6
CONTINUOUS
10
0.5291253149606299
20
0.8992302362204724
11
0.5286076771653543
21
0.898562874015748
0
LINE
8
BLACK
6
CONTINUOUS
10
0.5286076771653543
20
0.898562874015748
11
0.5278852755905512
21
0.8968935039370078
0
LINE
8
BLACK
6
CONTINUOUS
10
0.5278852755905512
20
0.8968935039370078
11
0.5276796062992126
21
0.8964737007874015
0
LINE
8
BLACK
6
CONTINUOUS
10
0.5276796062992126
20
0.8964737007874015
11
0.5274272440944882
21
0.8960146850393701
0
LINE
8
BLACK
6
CONTINUOUS
10
0.5274272440944882
20
0.8960146850393701
11
0.5254450787401574
21
0.894043937007874
0
LINE
8
BLACK
6
CONTINUOUS
10
0.5254450787401574
20
0.894043937007874
11
0.5236104724409448
21
0.8934724015748031
0
LINE
8
BLACK
6
CONTINUOUS
10
0.5236104724409448
20
0.8934724015748031
11
0.5235851968503937
21
0.8934696850393701
0
LINE
8
BLACK
6
CONTINUOUS
10
0.5235851968503937
20
0.8934696850393701
11
0.5235851181102362
21
0.8934696850393701
0
LINE
8
BLACK
6
CONTINUOUS
10
0.5235851181102362
20
0.8934696850393701
11
0.5229068503937008
21
0.8933967322834645
0
LINE
8
BLACK
6
CONTINUOUS
10
0.5229068503937008
20
0.8933967322834645
11
0.521200905511811
21
0.8932133858267717
0
LINE
8
BLACK
6
CONTINUOUS
10
0.521200905511811
20
0.8932133858267717
11
0.5212005905511811
21
0.8932133070866142
0
LINE
8
BLACK
6
CONTINUOUS
10
0.5212005905511811
20
0.8932133070866142
11
0.518132874015748
21
0.8920690551181102
0
LINE
8
BLACK
6
CONTINUOUS
10
0.518132874015748
20
0.8920690551181102
11
0.5158069291338583
21
0.8912015354330708
0
LINE
8
BLACK
6
CONTINUOUS
10
0.5158069291338583
20
0.8912015354330708
11
0.5158068503937008
21
0.8912014960629921
0
LINE
8
BLACK
6
CONTINUOUS
10
0.5158068503937008
20
0.8912014960629921
11
0.5158067716535433
21
0.8912014566929134
0
LINE
8
BLACK
6
CONTINUOUS
10
0.5158067716535433
20
0.8912014566929134
11
0.5111983464566929
21
0.8877516141732283
0
LINE
8
BLACK
6
CONTINUOUS
10
0.5111983464566929
20
0.8877516141732283
11
0.5077485039370079
21
0.8831431889763779
0
LINE
8
BLACK
6
CONTINUOUS
10
0.5077485039370079
20
0.8831431889763779
11
0.5077484251968504
21
0.8831429921259842
0
LINE
8
BLACK
6
CONTINUOUS
10
0.5077484251968504
20
0.8831429921259842
11
0.5057366535433071
21
0.8777493700787401
0
LINE
8
BLACK
6
CONTINUOUS
10
0.5057366535433071
20
0.8777493700787401
11
0.5057365748031496
21
0.8777490551181102
0
LINE
8
BLACK
6
CONTINUOUS
10
0.5057365748031496
20
0.8777490551181102
11
0.50548031496063
21
0.8753653149606299
0
LINE
8
BLACK
6
CONTINUOUS
10
0.50548031496063
20
0.8753653149606299
11
0.50548031496063
21
0.8046346456692913
0
LINE
8
BLACK
6
CONTINUOUS
10
0.50548031496063
20
0.8046346456692913
11
0.5057365748031496
21
0.802250905511811
0
LINE
8
BLACK
6
CONTINUOUS
10
0.5057365748031496
20
0.802250905511811
11
0.5057366535433071
21
0.8022505905511811
0
LINE
8
BLACK
6
CONTINUOUS
10
0.5057366535433071
20
0.8022505905511811
11
0.5077484251968504
21
0.7968569685039369
0
LINE
8
BLACK
6
CONTINUOUS
10
0.5077484251968504
20
0.7968569685039369
11
0.5077485039370079
21
0.7968567716535433
0
LINE
8
BLACK
6
CONTINUOUS
10
0.5077485039370079
20
0.7968567716535433
11
0.5111983070866142
21
0.7922484251968503
0
LINE
8
BLACK
6
CONTINUOUS
10
0.5111983070866142
20
0.7922484251968503
11
0.5155761811023621
21
0.7889711811023622
0
LINE
8
BLACK
6
CONTINUOUS
10
0.5155761811023621
20
0.7889711811023622
11
0.517251220472441
21
0.7867335433070866
0
LINE
8
BLACK
6
CONTINUOUS
10
0.517251220472441
20
0.7867335433070866
11
0.5174505905511811
21
0.7839455118110236
0
LINE
8
BLACK
6
CONTINUOUS
10
0.5174505905511811
20
0.7839455118110236
11
0.5161110236220472
21
0.7814922834645669
0
LINE
8
BLACK
6
CONTINUOUS
10
0.5161110236220472
20
0.7814922834645669
11
0.5155761811023621
21
0.7810288188976378
0
LINE
8
BLACK
6
CONTINUOUS
10
0.5155761811023621
20
0.7810288188976378
11
0.5133911023622048
21
0.7793930708661417
0
LINE
8
BLACK
6
CONTINUOUS
10
0.5133911023622048
20
0.7793930708661417
11
0.5111983858267717
21
0.7777516141732284
0
LINE
8
BLACK
6
CONTINUOUS
10
0.5111983858267717
20
0.7777516141732284
11
0.5111983464566929
21
0.7777515354330709
0
LINE
8
BLACK
6
CONTINUOUS
10
0.5111983464566929
20
0.7777515354330709
11
0.5111983070866142
21
0.7777515354330709
0
LINE
8
BLACK
6
CONTINUOUS
10
0.5111983070866142
20
0.7777515354330709
11
0.5077485039370079
21
0.7731431889763779
0
LINE
8
BLACK
6
CONTINUOUS
10
0.5077485039370079
20
0.7731431889763779
11
0.5077484251968504
21
0.7731429921259843
0
LINE
8
BLACK
6
CONTINUOUS
10
0.5077484251968504
20
0.7731429921259843
11
0.5057366535433071
21
0.7677493700787401
0
LINE
8
BLACK
6
CONTINUOUS
10
0.5057366535433071
20
0.7677493700787401
11
0.5057365748031496
21
0.7677490551181102
0
LINE
8
BLACK
6
CONTINUOUS
10
0.5057365748031496
20
0.7677490551181102
11
0.50548031496063
21
0.7653653149606299
0
LINE
8
BLACK
6
CONTINUOUS
10
0.50548031496063
20
0.7653653149606299
11
0.50548031496063
21
0.7286665748031496
0
LINE
8
BLACK
6
CONTINUOUS
10
0.50548031496063
20
0.7286665748031496
11
0.5046928346456693
21
0.7259846456692913
0
LINE
8
BLACK
6
CONTINUOUS
10
0.5046928346456693
20
0.7259846456692913
11
0.5040273622047244
21
0.7251588976377953
0
LINE
8
BLACK
6
CONTINUOUS
10
0.5040273622047244
20
0.7251588976377953
11
0.5006782283464567
21
0.7218097637795275
0
LINE
8
BLACK
6
CONTINUOUS
10
0.5006782283464567
20
0.7218097637795275
11
0.5001329133858268
21
0.7213384645669291
0
LINE
8
BLACK
6
CONTINUOUS
10
0.5001329133858268
20
0.7213384645669291
11
0.4993677952755906
21
0.7207688582677165
0
LINE
8
BLACK
6
CONTINUOUS
10
0.4993677952755906
20
0.7207688582677165
11
0.499367716535433
21
0.720768779527559
0
LINE
8
BLACK
6
CONTINUOUS
10
0.499367716535433
20
0.720768779527559
11
0.4981011811023622
21
0.7192594094488188
0
LINE
8
BLACK
6
CONTINUOUS
10
0.4981011811023622
20
0.7192594094488188
11
0.4978088582677165
21
0.7189404330708661
0
LINE
8
BLACK
6
CONTINUOUS
10
0.4978088582677165
20
0.7189404330708661
11
0.4976544881889763
21
0.718786062992126
0
LINE
8
BLACK
6
CONTINUOUS
10
0.4976544881889763
20
0.718786062992126
11
0.4968893307086614
21
0.7178184251968504
0
LINE
8
BLACK
6
CONTINUOUS
10
0.4968893307086614
20
0.7178184251968504
11
0.4967983464566929
21
0.7177067322834646
0
LINE
8
BLACK
6
CONTINUOUS
10
0.4967983464566929
20
0.7177067322834646
11
0.4948804724409449
21
0.7154210629921259
0
LINE
8
BLACK
6
CONTINUOUS
10
0.4948804724409449
20
0.7154210629921259
11
0.4947217716535433
21
0.7151797637795275
0
LINE
8
BLACK
6
CONTINUOUS
10
0.4947217716535433
20
0.7151797637795275
11
0.4947196062992126
21
0.7151811417322834
0
LINE
8
BLACK
6
CONTINUOUS
10
0.4947196062992126
20
0.7151811417322834
11
0.4945601968503937
21
0.7149309842519684
0
LINE
8
BLACK
6
CONTINUOUS
10
0.4945601968503937
20
0.7149309842519684
11
0.4945624409448819
21
0.7149296456692913
0
LINE
8
BLACK
6
CONTINUOUS
10
0.4945624409448819
20
0.7149296456692913
11
0.494410748031496
21
0.7146837007874015
0
LINE
8
BLACK
6
CONTINUOUS
10
0.494410748031496
20
0.7146837007874015
11
0.4931494488188976
21
0.711978937007874
0
LINE
8
BLACK
6
CONTINUOUS
10
0.4931494488188976
20
0.711978937007874
11
0.4930867322834646
21
0.7118493700787402
0
LINE
8
BLACK
6
CONTINUOUS
10
0.4930867322834646
20
0.7118493700787402
11
0.4917476771653543
21
0.7091829921259842
0
LINE
8
BLACK
6
CONTINUOUS
10
0.4917476771653543
20
0.7091829921259842
11
0.4917476377952756
21
0.7091829133858267
0
LINE
8
BLACK
6
CONTINUOUS
10
0.4917476377952756
20
0.7091829133858267
11
0.4917475984251968
21
0.7091827952755906
0
LINE
8
BLACK
6
CONTINUOUS
10
0.4917475984251968
20
0.7091827952755906
11
0.4916488188976378
21
0.7089113779527559
0
LINE
8
BLACK
6
CONTINUOUS
10
0.4916488188976378
20
0.7089113779527559
11
0.4916463385826771
21
0.7089122440944882
0
LINE
8
BLACK
6
CONTINUOUS
10
0.4916463385826771
20
0.7089122440944882
11
0.4915488582677165
21
0.7086318503937008
0
LINE
8
BLACK
6
CONTINUOUS
10
0.4915488582677165
20
0.7086318503937008
11
0.4915513385826771
21
0.708631062992126
0
LINE
8
BLACK
6
CONTINUOUS
10
0.4915513385826771
20
0.708631062992126
11
0.4914605511811024
21
0.7083571259842519
0
LINE
8
BLACK
6
CONTINUOUS
10
0.4914605511811024
20
0.7083571259842519
11
0.4908567716535433
21
0.7054331496062992
0
LINE
8
BLACK
6
CONTINUOUS
10
0.4908567716535433
20
0.7054331496062992
11
0.4908255511811023
21
0.7052924015748031
0
LINE
8
BLACK
6
CONTINUOUS
10
0.4908255511811023
20
0.7052924015748031
11
0.4901377952755905
21
0.7023903937007874
0
LINE
8
BLACK
6
CONTINUOUS
10
0.4901377952755905
20
0.7023903937007874
11
0.4901042519685039
21
0.7021034251968504
0
LINE
8
BLACK
6
CONTINUOUS
10
0.4901042519685039
20
0.7021034251968504
11
0.4901015748031496
21
0.7021037007874016
0
LINE
8
BLACK
6
CONTINUOUS
10
0.4901015748031496
20
0.7021037007874016
11
0.4900714173228347
21
0.7018085433070866
0
LINE
8
BLACK
6
CONTINUOUS
10
0.4900714173228347
20
0.7018085433070866
11
0.4900740551181103
21
0.7018083464566929
0
LINE
8
BLACK
6
CONTINUOUS
10
0.4900740551181103
20
0.7018083464566929
11
0.4900488582677165
21
0.7015204330708661
0
LINE
8
BLACK
6
CONTINUOUS
10
0.4900488582677165
20
0.7015204330708661
11
0.4901357086614173
21
0.6985354330708661
0
LINE
8
BLACK
6
CONTINUOUS
10
0.4901357086614173
20
0.6985354330708661
11
0.4901377952755905
21
0.6983911811023622
0
LINE
8
BLACK
6
CONTINUOUS
10
0.4901377952755905
20
0.6983911811023622
11
0.4901377952755905
21
0.67893
0
LINE
8
BLACK
6
CONTINUOUS
10
0.4901377952755905
20
0.67893
11
0.4893503149606299
21
0.6762480708661417
0
LINE
8
BLACK
6
CONTINUOUS
10
0.4893503149606299
20
0.6762480708661417
11
0.487237874015748
21
0.6744176377952755
0
LINE
8
BLACK
6
CONTINUOUS
10
0.487237874015748
20
0.6744176377952755
11
0.4869120472440945
21
0.6742826771653543
0
LINE
8
BLACK
6
CONTINUOUS
10
0.4869120472440945
20
0.6742826771653543
11
0.4828069291338583
21
0.6727515354330709
0
LINE
8
BLACK
6
CONTINUOUS
10
0.4828069291338583
20
0.6727515354330709
11
0.4828068503937008
21
0.6727514566929134
0
LINE
8
BLACK
6
CONTINUOUS
10
0.4828068503937008
20
0.6727514566929134
11
0.4828067716535433
21
0.6727514566929134
0
LINE
8
BLACK
6
CONTINUOUS
10
0.4828067716535433
20
0.6727514566929134
11
0.4802689763779527
21
0.6708516535433071
0
LINE
8
BLACK
6
CONTINUOUS
10
0.4802689763779527
20
0.6708516535433071
11
0.4776500787401575
21
0.669874842519685
0
LINE
8
BLACK
6
CONTINUOUS
10
0.4776500787401575
20
0.669874842519685
11
0.4772961811023622
21
0.6698622047244094
0
LINE
8
BLACK
6
CONTINUOUS
10
0.4772961811023622
20
0.6698622047244094
11
0.4589300393700788
21
0.6698622047244094
0
LINE
8
BLACK
6
CONTINUOUS
10
0.4589300393700788
20
0.6698622047244094
11
0.4562481102362205
21
0.6706496850393701
0
LINE
8
BLACK
6
CONTINUOUS
10
0.4562481102362205
20
0.6706496850393701
11
0.4544176771653543
21
0.672762125984252
0
LINE
8
BLACK
6
CONTINUOUS
10
0.4544176771653543
20
0.672762125984252
11
0.4542822047244094
21
0.6730892519685039
0
LINE
8
BLACK
6
CONTINUOUS
10
0.4542822047244094
20
0.6730892519685039
11
0.4533512598425197
21
0.6755851181102362
0
LINE
8
BLACK
6
CONTINUOUS
10
0.4533512598425197
20
0.6755851181102362
11
0.4527515354330708
21
0.6771930708661417
0
LINE
8
BLACK
6
CONTINUOUS
10
0.4527515354330708
20
0.6771930708661417
11
0.4515497637795275
21
0.6787984251968504
0
LINE
8
BLACK
6
CONTINUOUS
10
0.4515497637795275
20
0.6787984251968504
11
0.4493016141732283
21
0.6818016141732284
0
LINE
8
BLACK
6
CONTINUOUS
10
0.4493016141732283
20
0.6818016141732284
11
0.4446931889763779
21
0.6852514566929133
0
LINE
8
BLACK
6
CONTINUOUS
10
0.4446931889763779
20
0.6852514566929133
11
0.4446931496062992
21
0.6852514566929133
0
LINE
8
BLACK
6
CONTINUOUS
10
0.4446931496062992
20
0.6852514566929133
11
0.4446930708661417
21
0.6852515354330708
0
LINE
8
BLACK
6
CONTINUOUS
10
0.4446930708661417
20
0.6852515354330708
11
0.4392992519685039
21
0.6872633464566928
0
LINE
8
BLACK
6
CONTINUOUS
10
0.4392992519685039
20
0.6872633464566928
11
0.4392991732283464
21
0.6872633464566928
0
LINE
8
BLACK
6
CONTINUOUS
10
0.4392991732283464
20
0.6872633464566928
11
0.4392990551181102
21
0.6872633858267716
0
LINE
8
BLACK
6
CONTINUOUS
10
0.4392990551181102
20
0.6872633858267716
11
0.4369153149606299
21
0.6875196456692914
0
LINE
8
BLACK
6
CONTINUOUS
10
0.4369153149606299
20
0.6875196456692914
11
0.436915157480315
21
0.6875196456692914
0
LINE
8
BLACK
6
CONTINUOUS
10
0.436915157480315
20
0.6875196456692914
11
0.4369148818897638
21
0.6875196850393701
0
LINE
8
BLACK
6
CONTINUOUS
10
0.4369148818897638
20
0.6875196850393701
11
0.3980851181102362
21
0.6875196850393701
0
LINE
8
BLACK
6
CONTINUOUS
10
0.3980851181102362
20
0.6875196850393701
11
0.398084842519685
21
0.6875196456692914
0
LINE
8
BLACK
6
CONTINUOUS
10
0.398084842519685
20
0.6875196456692914
11
0.3980846456692913
21
0.6875196456692914
0
LINE
8
BLACK
6
CONTINUOUS
10
0.3980846456692913
20
0.6875196456692914
11
0.395700905511811
21
0.6872633858267716
0
LINE
8
BLACK
6
CONTINUOUS
10
0.395700905511811
20
0.6872633858267716
11
0.3957005905511811
21
0.6872633070866142
0
LINE
8
BLACK
6
CONTINUOUS
10
0.3957005905511811
20
0.6872633070866142
11
0.3928667322834646
21
0.6862062992125985
0
LINE
8
BLACK
6
CONTINUOUS
10
0.3928667322834646
20
0.6862062992125985
11
0.3903069291338583
21
0.6852515354330708
0
LINE
8
BLACK
6
CONTINUOUS
10
0.3903069291338583
20
0.6852515354330708
11
0.3903068503937008
21
0.6852514960629921
0
LINE
8
BLACK
6
CONTINUOUS
10
0.3903068503937008
20
0.6852514960629921
11
0.3903067716535433
21
0.6852514566929133
0
LINE
8
BLACK
6
CONTINUOUS
10
0.3903067716535433
20
0.6852514566929133
11
0.3856983464566929
21
0.6818016141732284
0
LINE
8
BLACK
6
CONTINUOUS
10
0.3856983464566929
20
0.6818016141732284
11
0.3822485039370079
21
0.6771931889763779
0
LINE
8
BLACK
6
CONTINUOUS
10
0.3822485039370079
20
0.6771931889763779
11
0.3822484251968504
21
0.6771929921259843
0
LINE
8
BLACK
6
CONTINUOUS
10
0.3822484251968504
20
0.6771929921259843
11
0.3802366535433071
21
0.6717993700787401
0
LINE
8
BLACK
6
CONTINUOUS
10
0.3802366535433071
20
0.6717993700787401
11
0.3802365748031496
21
0.6717990551181102
0
LINE
8
BLACK
6
CONTINUOUS
10
0.3802365748031496
20
0.6717990551181102
11
0.3799803149606299
21
0.6694153149606299
0
LINE
8
BLACK
6
CONTINUOUS
10
0.3799803149606299
20
0.6694153149606299
11
0.3799803149606299
21
0.6105846456692913
0
LINE
8
BLACK
6
CONTINUOUS
10
0.3799803149606299
20
0.6105846456692913
11
0.3802365748031496
21
0.6082009055118111
0
LINE
8
BLACK
6
CONTINUOUS
10
0.3802365748031496
20
0.6082009055118111
11
0.3802366535433071
21
0.6082005905511811
0
LINE
8
BLACK
6
CONTINUOUS
10
0.3802366535433071
20
0.6082005905511811
11
0.3822484251968504
21
0.602806968503937
0
LINE
8
BLACK
6
CONTINUOUS
10
0.3822484251968504
20
0.602806968503937
11
0.3822485039370079
21
0.6028067716535432
0
LINE
8
BLACK
6
CONTINUOUS
10
0.3822485039370079
20
0.6028067716535432
11
0.3858672440944882
21
0.5979727952755906
0
LINE
8
BLACK
6
CONTINUOUS
10
0.3858672440944882
20
0.5979727952755906
11
0.3868440551181102
21
0.5953538976377952
0
LINE
8
BLACK
6
CONTINUOUS
10
0.3868440551181102
20
0.5953538976377952
11
0.3862499212598425
21
0.5926226377952756
0
LINE
8
BLACK
6
CONTINUOUS
10
0.3862499212598425
20
0.5926226377952756
11
0.3858672440944882
21
0.5920272047244094
0
LINE
8
BLACK
6
CONTINUOUS
10
0.3858672440944882
20
0.5920272047244094
11
0.3822485039370079
21
0.587193188976378
0
LINE
8
BLACK
6
CONTINUOUS
10
0.3822485039370079
20
0.587193188976378
11
0.3822484251968504
21
0.5871929921259842
0
LINE
8
BLACK
6
CONTINUOUS
10
0.3822484251968504
20
0.5871929921259842
11
0.3802366535433071
21
0.5817993700787402
0
LINE
8
BLACK
6
CONTINUOUS
10
0.3802366535433071
20
0.5817993700787402
11
0.3802365748031496
21
0.5817990551181103
0
LINE
8
BLACK
6
CONTINUOUS
10
0.3802365748031496
20
0.5817990551181103
11
0.3799803149606299
21
0.5794153149606299
0
LINE
8
BLACK
6
CONTINUOUS
10
0.3799803149606299
20
0.5794153149606299
11
0.3799803149606299
21
0.5205846456692913
0
LINE
8
BLACK
6
CONTINUOUS
10
0.3799803149606299
20
0.5205846456692913
11
0.3802365748031496
21
0.518200905511811
0
LINE
8
BLACK
6
CONTINUOUS
10
0.3802365748031496
20
0.518200905511811
11
0.3802366535433071
21
0.5182005905511811
0
LINE
8
BLACK
6
CONTINUOUS
10
0.3802366535433071
20
0.5182005905511811
11
0.3822484251968504
21
0.512806968503937
0
LINE
8
BLACK
6
CONTINUOUS
10
0.3822484251968504
20
0.512806968503937
11
0.3822485039370079
21
0.5128067716535433
0
LINE
8
BLACK
6
CONTINUOUS
10
0.3822485039370079
20
0.5128067716535433
11
0.3856983464566929
21
0.5081983464566929
0
LINE
8
BLACK
6
CONTINUOUS
10
0.3856983464566929
20
0.5081983464566929
11
0.3903067716535433
21
0.5047485039370079
0
LINE
8
BLACK
6
CONTINUOUS
10
0.3903067716535433
20
0.5047485039370079
11
0.390306968503937
21
0.5047484251968504
0
LINE
8
BLACK
6
CONTINUOUS
10
0.390306968503937
20
0.5047484251968504
11
0.3957005905511811
21
0.5027366535433071
0
LINE
8
BLACK
6
CONTINUOUS
10
0.3957005905511811
20
0.5027366535433071
11
0.395700905511811
21
0.5027365748031496
0
LINE
8
BLACK
6
CONTINUOUS
10
0.395700905511811
20
0.5027365748031496
11
0.3980846456692913
21
0.5024803149606299
0
LINE
8
BLACK
6
CONTINUOUS
10
0.3980846456692913
20
0.5024803149606299
11
0.3980851181102362
21
0.5024803149606299
0
LINE
8
BLACK
6
CONTINUOUS
10
0.3980851181102362
20
0.5024803149606299
11
0.4231678346456693
21
0.5024803149606299
0
LINE
8
BLACK
6
CONTINUOUS
10
0.4231678346456693
20
0.5024803149606299
11
0.4258497637795275
21
0.5016928346456693
0
LINE
8
BLACK
6
CONTINUOUS
10
0.4258497637795275
20
0.5016928346456693
11
0.4276801968503937
21
0.4995803937007874
0
LINE
8
BLACK
6
CONTINUOUS
10
0.4276801968503937
20
0.4995803937007874
11
0.4280779921259842
21
0.4968137007874016
0
LINE
8
BLACK
6
CONTINUOUS
10
0.4280779921259842
20
0.4968137007874016
11
0.4273451968503937
21
0.49504468503937
0
LINE
8
BLACK
6
CONTINUOUS
10
0.4273451968503937
20
0.49504468503937
11
0.4274185826771654
21
0.4950046456692913
0
LINE
8
BLACK
6
CONTINUOUS
10
0.4274185826771654
20
0.4950046456692913
11
0.4272484251968504
21
0.4946929921259842
0
LINE
8
BLACK
6
CONTINUOUS
10
0.4272484251968504
20
0.4946929921259842
11
0.4252366535433071
21
0.4892993700787401
0
LINE
8
BLACK
6
CONTINUOUS
10
0.4252366535433071
20
0.4892993700787401
11
0.4252365748031496
21
0.4892990551181102
0
LINE
8
BLACK
6
CONTINUOUS
10
0.4252365748031496
20
0.4892990551181102
11
0.4249803149606299
21
0.4869153149606299
0
LINE
8
BLACK
6
CONTINUOUS
10
0.4249803149606299
20
0.4869153149606299
11
0.4249803149606299
21
0.466104094488189
0
LINE
8
BLACK
6
CONTINUOUS
10
0.4249803149606299
20
0.466104094488189
11
0.4241928346456693
21
0.4634221653543307
0
LINE
8
BLACK
6
CONTINUOUS
10
0.4241928346456693
20
0.4634221653543307
11
0.4220803937007874
21
0.4615917322834646
0
LINE
8
BLACK
6
CONTINUOUS
10
0.4220803937007874
20
0.4615917322834646
11
0.4193137007874015
21
0.461193937007874
0
LINE
8
BLACK
6
CONTINUOUS
10
0.4193137007874015
20
0.461193937007874
11
0.4167711811023622
21
0.4623551181102362
0
LINE
8
BLACK
6
CONTINUOUS
10
0.4167711811023622
20
0.4623551181102362
11
0.4153718503937008
21
0.4643705118110236
0
LINE
8
BLACK
6
CONTINUOUS
10
0.4153718503937008
20
0.4643705118110236
11
0.4152515354330709
21
0.464693031496063
0
LINE
8
BLACK
6
CONTINUOUS
10
0.4152515354330709
20
0.464693031496063
11
0.4152514566929134
21
0.464693188976378
0
LINE
8
BLACK
6
CONTINUOUS
10
0.4152514566929134
20
0.464693188976378
11
0.4118016141732284
21
0.4693016141732284
0
LINE
8
BLACK
6
CONTINUOUS
10
0.4118016141732284
20
0.4693016141732284
11
0.407193188976378
21
0.4727514566929134
0
LINE
8
BLACK
6
CONTINUOUS
10
0.407193188976378
20
0.4727514566929134
11
0.4071931496062992
21
0.4727514566929134
0
LINE
8
BLACK
6
CONTINUOUS
10
0.4071931496062992
20
0.4727514566929134
11
0.4071930708661417
21
0.4727515354330709
0
LINE
8
BLACK
6
CONTINUOUS
10
0.4071930708661417
20
0.4727515354330709
11
0.4017992519685039
21
0.4747633464566929
0
LINE
8
BLACK
6
CONTINUOUS
10
0.4017992519685039
20
0.4747633464566929
11
0.4017991732283465
21
0.4747633464566929
0
LINE
8
BLACK
6
CONTINUOUS
10
0.4017991732283465
20
0.4747633464566929
11
0.4017990551181102
21
0.4747633858267716
0
LINE
8
BLACK
6
CONTINUOUS
10
0.4017990551181102
20
0.4747633858267716
11
0.3994153149606299
21
0.4750196456692913
0
LINE
8
BLACK
6
CONTINUOUS
10
0.3994153149606299
20
0.4750196456692913
11
0.399415157480315
21
0.4750196456692913
0
LINE
8
BLACK
6
CONTINUOUS
10
0.399415157480315
20
0.4750196456692913
11
0.3994148818897638
21
0.4750196850393701
0
LINE
8
BLACK
6
CONTINUOUS
10
0.3994148818897638
20
0.4750196850393701
11
0.3994146456692914
21
0.4750196850393701
0
LINE
8
BLACK
6
CONTINUOUS
10
0.3994146456692914
20
0.4750196850393701
11
0.3767665748031496
21
0.4750196850393701
0
LINE
8
BLACK
6
CONTINUOUS
10
0.3767665748031496
20
0.4750196850393701
11
0.3740846456692913
21
0.4758071653543307
0
LINE
8
BLACK
6
CONTINUOUS
10
0.3740846456692913
20
0.4758071653543307
11
0.3732590944881889
21
0.4764724015748031
0
LINE
8
BLACK
6
CONTINUOUS
10
0.3732590944881889
20
0.4764724015748031
11
0.3272314566929134
21
0.5225
0
LINE
8
BLACK
6
CONTINUOUS
10
0.3272314566929134
20
0.5225
11
0.325
21
0.5225
0
LINE
8
BLACK
6
CONTINUOUS
10
0.325
20
0.5225
11
0.325
21
0.5247314566929133
0
LINE
8
BLACK
6
CONTINUOUS
10
0.325
20
0.5247314566929133
11
0.3204092519685039
21
0.5293222047244094
0
LINE
8
BLACK
6
CONTINUOUS
10
0.3204092519685039
20
0.5293222047244094
11
0.3199386220472441
21
0.529866811023622
0
LINE
8
BLACK
6
CONTINUOUS
10
0.3199386220472441
20
0.529866811023622
11
0.3193688582677165
21
0.5306322047244094
0
LINE
8
BLACK
6
CONTINUOUS
10
0.3193688582677165
20
0.5306322047244094
11
0.3178594488188976
21
0.5318987007874015
0
LINE
8
BLACK
6
CONTINUOUS
10
0.3178594488188976
20
0.5318987007874015
11
0.3175407086614173
21
0.532190748031496
0
LINE
8
BLACK
6
CONTINUOUS
10
0.3175407086614173
20
0.532190748031496
11
0.3173858661417323
21
0.5323456692913385
0
LINE
8
BLACK
6
CONTINUOUS
10
0.3173858661417323
20
0.5323456692913385
11
0.3164166535433071
21
0.5331119685039371
0
LINE
8
BLACK
6
CONTINUOUS
10
0.3164166535433071
20
0.5331119685039371
11
0.3163104330708661
21
0.5331984645669291
0
LINE
8
BLACK
6
CONTINUOUS
10
0.3163104330708661
20
0.5331984645669291
11
0.3140212598425197
21
0.5351193700787401
0
LINE
8
BLACK
6
CONTINUOUS
10
0.3140212598425197
20
0.5351193700787401
11
0.3140210236220473
21
0.5351194488188976
0
LINE
8
BLACK
6
CONTINUOUS
10
0.3140210236220473
20
0.5351194488188976
11
0.3140209448818898
21
0.5351195669291339
0
LINE
8
BLACK
6
CONTINUOUS
10
0.3140209448818898
20
0.5351195669291339
11
0.313779842519685
21
0.5352781889763779
0
LINE
8
BLACK
6
CONTINUOUS
10
0.313779842519685
20
0.5352781889763779
11
0.3137812992125984
21
0.5352803937007874
0
LINE
8
BLACK
6
CONTINUOUS
10
0.3137812992125984
20
0.5352803937007874
11
0.3135309842519685
21
0.5354398818897638
0
LINE
8
BLACK
6
CONTINUOUS
10
0.3135309842519685
20
0.5354398818897638
11
0.3135295669291339
21
0.5354375984251969
0
LINE
8
BLACK
6
CONTINUOUS
10
0.3135295669291339
20
0.5354375984251969
11
0.3132835039370079
21
0.5355893700787402
0
LINE
8
BLACK
6
CONTINUOUS
10
0.3132835039370079
20
0.5355893700787402
11
0.3105790157480315
21
0.5368504724409449
0
LINE
8
BLACK
6
CONTINUOUS
10
0.3105790157480315
20
0.5368504724409449
11
0.3104503937007874
21
0.5369126771653543
0
LINE
8
BLACK
6
CONTINUOUS
10
0.3104503937007874
20
0.5369126771653543
11
0.3077829921259843
21
0.5382523228346456
0
LINE
8
BLACK
6
CONTINUOUS
10
0.3077829921259843
20
0.5382523228346456
11
0.307782716535433
21
0.5382523622047244
0
LINE
8
BLACK
6
CONTINUOUS
10
0.307782716535433
20
0.5382523622047244
11
0.3075114566929134
21
0.5383511417322835
0
LINE
8
BLACK
6
CONTINUOUS
10
0.3075114566929134
20
0.5383511417322835
11
0.3075123622047244
21
0.5383537007874015
0
LINE
8
BLACK
6
CONTINUOUS
10
0.3075123622047244
20
0.5383537007874015
11
0.3072321653543307
21
0.5384511023622047
0
LINE
8
BLACK
6
CONTINUOUS
10
0.3072321653543307
20
0.5384511023622047
11
0.3072313385826771
21
0.5384485826771653
0
LINE
8
BLACK
6
CONTINUOUS
10
0.3072313385826771
20
0.5384485826771653
11
0.306956968503937
21
0.5385394881889763
0
LINE
8
BLACK
6
CONTINUOUS
10
0.306956968503937
20
0.5385394881889763
11
0.3040329133858268
21
0.5391432283464567
0
LINE
8
BLACK
6
CONTINUOUS
10
0.3040329133858268
20
0.5391432283464567
11
0.3038935826771654
21
0.539174094488189
0
LINE
8
BLACK
6
CONTINUOUS
10
0.3038935826771654
20
0.539174094488189
11
0.3036338188976378
21
0.5392356692913386
0
LINE
8
BLACK
6
CONTINUOUS
10
0.3036338188976378
20
0.5392356692913386
11
0.301205905511811
21
0.5406204330708662
0
LINE
8
BLACK
6
CONTINUOUS
10
0.301205905511811
20
0.5406204330708662
11
0.2999120078740157
21
0.5430980708661417
0
LINE
8
BLACK
6
CONTINUOUS
10
0.2999120078740157
20
0.5430980708661417
11
0.2998458661417323
21
0.5435316141732284
0
LINE
8
BLACK
6
CONTINUOUS
10
0.2998458661417323
20
0.5435316141732284
11
0.2997633464566929
21
0.5442992519685039
0
LINE
8
BLACK
6
CONTINUOUS
10
0.2997633464566929
20
0.5442992519685039
11
0.2977515354330709
21
0.5496930708661417
0
LINE
8
BLACK
6
CONTINUOUS
10
0.2977515354330709
20
0.5496930708661417
11
0.2943016141732284
21
0.5543016141732283
0
LINE
8
BLACK
6
CONTINUOUS
10
0.2943016141732284
20
0.5543016141732283
11
0.2896930708661417
21
0.5577515354330709
0
LINE
8
BLACK
6
CONTINUOUS
10
0.2896930708661417
20
0.5577515354330709
11
0.2842992519685039
21
0.5597633464566929
0
LINE
8
BLACK
6
CONTINUOUS
10
0.2842992519685039
20
0.5597633464566929
11
0.2842991732283465
21
0.5597633464566929
0
LINE
8
BLACK
6
CONTINUOUS
10
0.2842991732283465
20
0.5597633464566929
11
0.2842990551181102
21
0.5597633858267717
0
LINE
8
BLACK
6
CONTINUOUS
10
0.2842990551181102
20
0.5597633858267717
11
0.2819153149606299
21
0.5600196456692913
0
LINE
8
BLACK
6
CONTINUOUS
10
0.2819153149606299
20
0.5600196456692913
11
0.281915157480315
21
0.5600196456692913
0
LINE
8
BLACK
6
CONTINUOUS
10
0.281915157480315
20
0.5600196456692913
11
0.2819148818897638
21
0.5600196850393701
0
LINE
8
BLACK
6
CONTINUOUS
10
0.2819148818897638
20
0.5600196850393701
11
0.2180851181102362
21
0.5600196850393701
0
LINE
8
BLACK
6
CONTINUOUS
10
0.2180851181102362
20
0.5600196850393701
11
0.218084842519685
21
0.5600196456692913
0
LINE
8
BLACK
6
CONTINUOUS
10
0.218084842519685
20
0.5600196456692913
11
0.2180846456692913
21
0.5600196456692913
0
LINE
8
BLACK
6
CONTINUOUS
10
0.2180846456692913
20
0.5600196456692913
11
0.215700905511811
21
0.5597633858267717
0
LINE
8
BLACK
6
CONTINUOUS
10
0.215700905511811
20
0.5597633858267717
11
0.2157005905511811
21
0.5597633070866141
0
LINE
8
BLACK
6
CONTINUOUS
10
0.2157005905511811
20
0.5597633070866141
11
0.212632874015748
21
0.5586190551181103
0
LINE
8
BLACK
6
CONTINUOUS
10
0.212632874015748
20
0.5586190551181103
11
0.2103069291338583
21
0.5577515354330709
0
LINE
8
BLACK
6
CONTINUOUS
10
0.2103069291338583
20
0.5577515354330709
11
0.2103068503937008
21
0.5577514960629921
0
LINE
8
BLACK
6
CONTINUOUS
10
0.2103068503937008
20
0.5577514960629921
11
0.2103067716535433
21
0.5577514566929134
0
LINE
8
BLACK
6
CONTINUOUS
10
0.2103067716535433
20
0.5577514566929134
11
0.2056983464566929
21
0.5543016141732283
0
LINE
8
BLACK
6
CONTINUOUS
10
0.2056983464566929
20
0.5543016141732283
11
0.2039711811023622
21
0.5519943700787402
0
LINE
8
BLACK
6
CONTINUOUS
10
0.2039711811023622
20
0.5519943700787402
11
0.2017335433070866
21
0.5503192913385827
0
LINE
8
BLACK
6
CONTINUOUS
10
0.2017335433070866
20
0.5503192913385827
11
0.1989455118110236
21
0.5501199212598425
0
LINE
8
BLACK
6
CONTINUOUS
10
0.1989455118110236
20
0.5501199212598425
11
0.1964922834645669
21
0.5514594881889764
0
LINE
8
BLACK
6
CONTINUOUS
10
0.1964922834645669
20
0.5514594881889764
11
0.1960288188976378
21
0.5519943700787402
0
LINE
8
BLACK
6
CONTINUOUS
10
0.1960288188976378
20
0.5519943700787402
11
0.1943016141732283
21
0.5543016141732283
0
LINE
8
BLACK
6
CONTINUOUS
10
0.1943016141732283
20
0.5543016141732283
11
0.1896931889763779
21
0.5577514566929134
0
LINE
8
BLACK
6
CONTINUOUS
10
0.1896931889763779
20
0.5577514566929134
11
0.1896931496062992
21
0.5577514566929134
0
LINE
8
BLACK
6
CONTINUOUS
10
0.1896931496062992
20
0.5577514566929134
11
0.1896930708661417
21
0.5577515354330709
0
LINE
8
BLACK
6
CONTINUOUS
10
0.1896930708661417
20
0.5577515354330709
11
0.1842992519685039
21
0.5597633464566929
0
LINE
8
BLACK
6
CONTINUOUS
10
0.1842992519685039
20
0.5597633464566929
11
0.1842991732283465
21
0.5597633464566929
0
LINE
8
BLACK
6
CONTINUOUS
10
0.1842991732283465
20
0.5597633464566929
11
0.1842990551181102
21
0.5597633858267717
0
LINE
8
BLACK
6
CONTINUOUS
10
0.1842990551181102
20
0.5597633858267717
11
0.1819153149606299
21
0.5600196456692913
0
LINE
8
BLACK
6
CONTINUOUS
10
0.1819153149606299
20
0.5600196456692913
11
0.1819151574803149
21
0.5600196456692913
0
LINE
8
BLACK
6
CONTINUOUS
10
0.1819151574803149
20
0.5600196456692913
11
0.1819148818897638
21
0.5600196850393701
0
LINE
8
BLACK
6
CONTINUOUS
10
0.1819148818897638
20
0.5600196850393701
11
0.1198228346456693
21
0.5600196850393701
0
LINE
8
BLACK
6
CONTINUOUS
10
0.1198228346456693
20
0.5600196850393701
11
0.117140905511811
21
0.5608071653543307
0
LINE
8
BLACK
6
CONTINUOUS
10
0.117140905511811
20
0.5608071653543307
11
0.1153104724409449
21
0.5629196062992126
0
LINE
8
BLACK
6
CONTINUOUS
10
0.1153104724409449
20
0.5629196062992126
11
0.1148622047244094
21
0.5649803149606299
0
LINE
8
BLACK
6
CONTINUOUS
10
0.1148622047244094
20
0.5649803149606299
11
0.1148622047244094
21
0.6552609842519684
0
LINE
8
BLACK
6
CONTINUOUS
10
0.1148622047244094
20
0.6552609842519684
11
0.1156496850393701
21
0.6579429133858268
0
LINE
8
BLACK
6
CONTINUOUS
10
0.1156496850393701
20
0.6579429133858268
11
0.116315157480315
21
0.6587686614173228
0
LINE
8
BLACK
6
CONTINUOUS
10
0.116315157480315
20
0.6587686614173228
11
0.119826062992126
21
0.6622795669291338
0
LINE
8
BLACK
6
CONTINUOUS
10
0.119826062992126
20
0.6622795669291338
11
0.1222792913385827
21
0.6636191732283464
0
LINE
8
BLACK
6
CONTINUOUS
10
0.1222792913385827
20
0.6636191732283464
11
0.1250672834645669
21
0.6634197637795275
0
LINE
8
BLACK
6
CONTINUOUS
10
0.1250672834645669
20
0.6634197637795275
11
0.1263065354330709
21
0.6627430708661417
0
LINE
8
BLACK
6
CONTINUOUS
10
0.1263065354330709
20
0.6627430708661417
11
0.1303067716535433
21
0.6597485433070867
0
LINE
8
BLACK
6
CONTINUOUS
10
0.1303067716535433
20
0.6597485433070867
11
0.130306968503937
21
0.6597484251968504
0
LINE
8
BLACK
6
CONTINUOUS
10
0.130306968503937
20
0.6597484251968504
11
0.1357005905511811
21
0.6577366535433071
0
LINE
8
BLACK
6
CONTINUOUS
10
0.1357005905511811
20
0.6577366535433071
11
0.135700905511811
21
0.6577365748031496
0
LINE
8
BLACK
6
CONTINUOUS
10
0.135700905511811
20
0.6577365748031496
11
0.1380846456692913
21
0.6574803149606299
0
LINE
8
BLACK
6
CONTINUOUS
10
0.1380846456692913
20
0.6574803149606299
11
0.1380851181102362
21
0.6574803149606299
0
LINE
8
BLACK
6
CONTINUOUS
10
0.1380851181102362
20
0.6574803149606299
11
0.1769153149606299
21
0.6574803149606299
0
LINE
8
BLACK
6
CONTINUOUS
10
0.1769153149606299
20
0.6574803149606299
11
0.1792990551181102
21
0.6577365748031496
0
LINE
8
BLACK
6
CONTINUOUS
10
0.1792990551181102
20
0.6577365748031496
11
0.1792993700787402
21
0.6577366535433071
0
LINE
8
BLACK
6
CONTINUOUS
10
0.1792993700787402
20
0.6577366535433071
11
0.1846929921259843
21
0.6597484251968504
0
LINE
8
BLACK
6
CONTINUOUS
10
0.1846929921259843
20
0.6597484251968504
11
0.184693188976378
21
0.6597485039370079
0
LINE
8
BLACK
6
CONTINUOUS
10
0.184693188976378
20
0.6597485039370079
11
0.1893016141732284
21
0.6631983464566928
0
LINE
8
BLACK
6
CONTINUOUS
10
0.1893016141732284
20
0.6631983464566928
11
0.1927514566929134
21
0.6678067716535433
0
LINE
8
BLACK
6
CONTINUOUS
10
0.1927514566929134
20
0.6678067716535433
11
0.1927515354330709
21
0.6678069685039369
0
LINE
8
BLACK
6
CONTINUOUS
10
0.1927515354330709
20
0.6678069685039369
11
0.1932749212598425
21
0.6692101181102362
0
LINE
8
BLACK
6
CONTINUOUS
10
0.1932749212598425
20
0.6692101181102362
11
0.1941320472440945
21
0.671508188976378
0
LINE
8
BLACK
6
CONTINUOUS
10
0.1941320472440945
20
0.671508188976378
11
0.1947633070866142
21
0.6732005905511811
0
LINE
8
BLACK
6
CONTINUOUS
10
0.1947633070866142
20
0.6732005905511811
11
0.1947633858267717
21
0.673200905511811
0
LINE
8
BLACK
6
CONTINUOUS
10
0.1947633858267717
20
0.673200905511811
11
0.1950196456692913
21
0.6755846456692913
0
LINE
8
BLACK
6
CONTINUOUS
10
0.1950196456692913
20
0.6755846456692913
11
0.1950196850393701
21
0.6755853149606299
0
LINE
8
BLACK
6
CONTINUOUS
10
0.1950196850393701
20
0.6755853149606299
11
0.1950196850393701
21
0.7344146456692914
0
LINE
8
BLACK
6
CONTINUOUS
10
0.1950196850393701
20
0.7344146456692914
11
0.1950196456692913
21
0.73441531496063
0
LINE
8
BLACK
6
CONTINUOUS
10
0.1950196456692913
20
0.73441531496063
11
0.1947633858267717
21
0.7367990551181102
0
LINE
8
BLACK
6
CONTINUOUS
10
0.1947633858267717
20
0.7367990551181102
11
0.1947633070866142
21
0.7367993700787402
0
LINE
8
BLACK
6
CONTINUOUS
10
0.1947633070866142
20
0.7367993700787402
11
0.194374094488189
21
0.7378428346456692
0
LINE
8
BLACK
6
CONTINUOUS
10
0.194374094488189
20
0.7378428346456692
11
0.1927515354330709
21
0.7421930708661417
0
LINE
8
BLACK
6
CONTINUOUS
10
0.1927515354330709
20
0.7421930708661417
11
0.1894548818897638
21
0.7465968897637795
0
LINE
8
BLACK
6
CONTINUOUS
10
0.1894548818897638
20
0.7465968897637795
11
0.1884780708661417
21
0.7492157874015748
0
LINE
8
BLACK
6
CONTINUOUS
10
0.1884780708661417
20
0.7492157874015748
11
0.1890722047244094
21
0.7519470472440944
0
LINE
8
BLACK
6
CONTINUOUS
10
0.1890722047244094
20
0.7519470472440944
11
0.1910486614173228
21
0.7539235039370079
0
LINE
8
BLACK
6
CONTINUOUS
10
0.1910486614173228
20
0.7539235039370079
11
0.193426062992126
21
0.7545303149606299
0
LINE
8
BLACK
6
CONTINUOUS
10
0.193426062992126
20
0.7545303149606299
11
0.2924153149606299
21
0.7545303149606299
0
LINE
8
BLACK
6
CONTINUOUS
10
0.2924153149606299
20
0.7545303149606299
11
0.2947990551181102
21
0.7547865748031496
0
LINE
8
BLACK
6
CONTINUOUS
10
0.2947990551181102
20
0.7547865748031496
11
0.2947993700787401
21
0.7547866535433071
0
LINE
8
BLACK
6
CONTINUOUS
10
0.2947993700787401
20
0.7547866535433071
11
0.3001929921259843
21
0.7567984251968504
0
LINE
8
BLACK
6
CONTINUOUS
10
0.3001929921259843
20
0.7567984251968504
11
0.3001931889763779
21
0.7567985039370079
0
LINE
8
BLACK
6
CONTINUOUS
10
0.3001931889763779
20
0.7567985039370079
11
0.3048016141732283
21
0.7602483464566929
0
LINE
8
BLACK
6
CONTINUOUS
10
0.3048016141732283
20
0.7602483464566929
11
0.3082514566929134
21
0.7648567716535433
0
LINE
8
BLACK
6
CONTINUOUS
10
0.3082514566929134
20
0.7648567716535433
11
0.3082515354330709
21
0.764856968503937
0
LINE
8
BLACK
6
CONTINUOUS
10
0.3082515354330709
20
0.764856968503937
11
0.3084193307086614
21
0.7653067716535433
0
LINE
8
BLACK
6
CONTINUOUS
10
0.3084193307086614
20
0.7653067716535433
11
0.3091190551181102
21
0.767182874015748
0
LINE
8
BLACK
6
CONTINUOUS
10
0.3091190551181102
20
0.767182874015748
11
0.3102633070866141
21
0.7702505905511811
0
LINE
8
BLACK
6
CONTINUOUS
10
0.3102633070866141
20
0.7702505905511811
11
0.3102633858267717
21
0.770250905511811
0
LINE
8
BLACK
6
CONTINUOUS
10
0.3102633858267717
20
0.770250905511811
11
0.3105196456692914
21
0.7726346456692913
0
LINE
8
BLACK
6
CONTINUOUS
10
0.3105196456692914
20
0.7726346456692913
11
0.3105196850393701
21
0.7726353149606299
0
LINE
8
BLACK
6
CONTINUOUS
10
0.3105196850393701
20
0.7726353149606299
11
0.3105196850393701
21
0.8473646456692914
0
LINE
8
BLACK
6
CONTINUOUS
10
0.3105196850393701
20
0.8473646456692914
11
0.3105196456692914
21
0.8473653149606299
0
LINE
8
BLACK
6
CONTINUOUS
10
0.3105196456692914
20
0.8473653149606299
11
0.3102633858267717
21
0.8497490551181102
0
LINE
8
BLACK
6
CONTINUOUS
10
0.3102633858267717
20
0.8497490551181102
11
0.3102633070866141
21
0.8497493700787402
0
LINE
8
BLACK
6
CONTINUOUS
10
0.3102633070866141
20
0.8497493700787402
11
0.309116968503937
21
0.8528227559055118
0
LINE
8
BLACK
6
CONTINUOUS
10
0.309116968503937
20
0.8528227559055118
11
0.3082515354330709
21
0.8551430708661417
0
LINE
8
BLACK
6
CONTINUOUS
10
0.3082515354330709
20
0.8551430708661417
11
0.3048016141732283
21
0.8597516141732283
0
LINE
8
BLACK
6
CONTINUOUS
10
0.3048016141732283
20
0.8597516141732283
11
0.3001930708661417
21
0.8632015354330709
0
LINE
8
BLACK
6
CONTINUOUS
10
0.3001930708661417
20
0.8632015354330709
11
0.2947992519685039
21
0.8652133464566929
0
LINE
8
BLACK
6
CONTINUOUS
10
0.2947992519685039
20
0.8652133464566929
11
0.2947991732283464
21
0.8652133464566929
0
LINE
8
BLACK
6
CONTINUOUS
10
0.2947991732283464
20
0.8652133464566929
11
0.2947990551181102
21
0.8652133858267717
0
LINE
8
BLACK
6
CONTINUOUS
10
0.2947990551181102
20
0.8652133858267717
11
0.2924153149606299
21
0.8654696456692913
0
LINE
8
BLACK
6
CONTINUOUS
10
0.2924153149606299
20
0.8654696456692913
11
0.2924151574803149
21
0.8654696456692913
0
LINE
8
BLACK
6
CONTINUOUS
10
0.2924151574803149
20
0.8654696456692913
11
0.2924148818897638
21
0.8654696850393701
0
LINE
8
BLACK
6
CONTINUOUS
10
0.2924148818897638
20
0.8654696850393701
11
0.1901851181102362
21
0.8654696850393701
0
LINE
8
BLACK
6
CONTINUOUS
10
0.1901851181102362
20
0.8654696850393701
11
0.190184842519685
21
0.8654696456692913
0
LINE
8
BLACK
6
CONTINUOUS
10
0.190184842519685
20
0.8654696456692913
11
0.1901846456692913
21
0.8654696456692913
0
LINE
8
BLACK
6
CONTINUOUS
10
0.1901846456692913
20
0.8654696456692913
11
0.187800905511811
21
0.8652133858267717
0
LINE
8
BLACK
6
CONTINUOUS
10
0.187800905511811
20
0.8652133858267717
11
0.1878005905511811
21
0.8652133070866141
0
LINE
8
BLACK
6
CONTINUOUS
10
0.1878005905511811
20
0.8652133070866141
11
0.18535
21
0.8642992519685039
0
LINE
8
BLACK
6
CONTINUOUS
10
0.18535
20
0.8642992519685039
11
0.1824069291338583
21
0.8632015354330709
0
LINE
8
BLACK
6
CONTINUOUS
10
0.1824069291338583
20
0.8632015354330709
11
0.1824068503937008
21
0.8632014960629921
0
LINE
8
BLACK
6
CONTINUOUS
10
0.1824068503937008
20
0.8632014960629921
11
0.1824067716535433
21
0.8632014566929134
0
LINE
8
BLACK
6
CONTINUOUS
10
0.1824067716535433
20
0.8632014566929134
11
0.1777983464566929
21
0.8597516141732283
0
LINE
8
BLACK
6
CONTINUOUS
10
0.1777983464566929
20
0.8597516141732283
11
0.1764514960629921
21
0.8579524015748031
0
LINE
8
BLACK
6
CONTINUOUS
10
0.1764514960629921
20
0.8579524015748031
11
0.1742138582677165
21
0.8562773228346456
0
LINE
8
BLACK
6
CONTINUOUS
10
0.1742138582677165
20
0.8562773228346456
11
0.1714258661417323
21
0.8560779527559055
0
LINE
8
BLACK
6
CONTINUOUS
10
0.1714258661417323
20
0.8560779527559055
11
0.1689725984251969
21
0.8574175196850393
0
LINE
8
BLACK
6
CONTINUOUS
10
0.1689725984251969
20
0.8574175196850393
11
0.167633031496063
21
0.859870748031496
0
LINE
8
BLACK
6
CONTINUOUS
10
0.167633031496063
20
0.859870748031496
11
0.1675196850393701
21
0.8609251968503937
0
LINE
8
BLACK
6
CONTINUOUS
10
0.1675196850393701
20
0.8609251968503937
11
0.1675196850393701
21
0.8707334251968504
0
LINE
8
BLACK
6
CONTINUOUS
10
0.1675196850393701
20
0.8707334251968504
11
0.1683071653543307
21
0.8734153543307086
0
LINE
8
BLACK
6
CONTINUOUS
10
0.1683071653543307
20
0.8734153543307086
11
0.1689726377952756
21
0.8742411023622048
0
LINE
8
BLACK
6
CONTINUOUS
10
0.1689726377952756
20
0.8742411023622048
11
0.1718217716535433
21
0.8770902362204724
0
LINE
8
BLACK
6
CONTINUOUS
10
0.1718217716535433
20
0.8770902362204724
11
0.1723672047244094
21
0.8775616141732283
0
LINE
8
BLACK
6
CONTINUOUS
10
0.1723672047244094
20
0.8775616141732283
11
0.1731321653543307
21
0.8781311023622047
0
LINE
8
BLACK
6
CONTINUOUS
10
0.1731321653543307
20
0.8781311023622047
11
0.173779842519685
21
0.8789029921259842
0
LINE
8
BLACK
6
CONTINUOUS
10
0.173779842519685
20
0.8789029921259842
11
0.1743988582677165
21
0.8796407086614173
0
LINE
8
BLACK
6
CONTINUOUS
10
0.1743988582677165
20
0.8796407086614173
11
0.1746908661417323
21
0.8799593307086614
0
LINE
8
BLACK
6
CONTINUOUS
10
0.1746908661417323
20
0.8799593307086614
11
0.1748456692913386
21
0.8801141338582676
0
LINE
8
BLACK
6
CONTINUOUS
10
0.1748456692913386
20
0.8801141338582676
11
0.1756102755905512
21
0.8810811417322835
0
LINE
8
BLACK
6
CONTINUOUS
10
0.1756102755905512
20
0.8810811417322835
11
0.1757011023622047
21
0.8811926377952756
0
LINE
8
BLACK
6
CONTINUOUS
10
0.1757011023622047
20
0.8811926377952756
11
0.1759593700787402
21
0.8815004330708661
0
LINE
8
BLACK
6
CONTINUOUS
10
0.1759593700787402
20
0.8815004330708661
11
0.1776193700787402
21
0.8834787401574803
0
LINE
8
BLACK
6
CONTINUOUS
10
0.1776193700787402
20
0.8834787401574803
11
0.1776194881889764
21
0.8834789763779527
0
LINE
8
BLACK
6
CONTINUOUS
10
0.1776194881889764
20
0.8834789763779527
11
0.1777782283464567
21
0.8837202755905511
0
LINE
8
BLACK
6
CONTINUOUS
10
0.1777782283464567
20
0.8837202755905511
11
0.1777804330708661
21
0.8837187795275591
0
LINE
8
BLACK
6
CONTINUOUS
10
0.1777804330708661
20
0.8837187795275591
11
0.177939842519685
21
0.8839690157480314
0
LINE
8
BLACK
6
CONTINUOUS
10
0.177939842519685
20
0.8839690157480314
11
0.1779375984251969
21
0.8839704330708661
0
LINE
8
BLACK
6
CONTINUOUS
10
0.1779375984251969
20
0.8839704330708661
11
0.1780892519685039
21
0.8842162992125984
0
LINE
8
BLACK
6
CONTINUOUS
10
0.1780892519685039
20
0.8842162992125984
11
0.1783374015748032
21
0.8847485039370079
0
LINE
8
BLACK
6
CONTINUOUS
10
0.1783374015748032
20
0.8847485039370079
11
0.1793512992125984
21
0.886922874015748
0
LINE
8
BLACK
6
CONTINUOUS
10
0.1793512992125984
20
0.886922874015748
11
0.1794116929133858
21
0.8870476771653543
0
LINE
8
BLACK
6
CONTINUOUS
10
0.1794116929133858
20
0.8870476771653543
11
0.1807523228346457
21
0.8897170078740158
0
LINE
8
BLACK
6
CONTINUOUS
10
0.1807523228346457
20
0.8897170078740158
11
0.1807523228346457
21
0.8897170866141733
0
LINE
8
BLACK
6
CONTINUOUS
10
0.1807523228346457
20
0.8897170866141733
11
0.1808511023622047
21
0.8899884645669291
0
LINE
8
BLACK
6
CONTINUOUS
10
0.1808511023622047
20
0.8899884645669291
11
0.1808535433070866
21
0.8899875590551181
0
LINE
8
BLACK
6
CONTINUOUS
10
0.1808535433070866
20
0.8899875590551181
11
0.180951062992126
21
0.8902681102362204
0
LINE
8
BLACK
6
CONTINUOUS
10
0.180951062992126
20
0.8902681102362204
11
0.1809486220472441
21
0.890268937007874
0
LINE
8
BLACK
6
CONTINUOUS
10
0.1809486220472441
20
0.890268937007874
11
0.1810394488188976
21
0.890543031496063
0
LINE
8
BLACK
6
CONTINUOUS
10
0.1810394488188976
20
0.890543031496063
11
0.1815907874015748
21
0.8932133464566929
0
LINE
8
BLACK
6
CONTINUOUS
10
0.1815907874015748
20
0.8932133464566929
11
0.1816430708661417
21
0.8934666141732284
0
LINE
8
BLACK
6
CONTINUOUS
10
0.1816430708661417
20
0.8934666141732284
11
0.1816735433070866
21
0.893604094488189
0
LINE
8
BLACK
6
CONTINUOUS
10
0.1816735433070866
20
0.893604094488189
11
0.1823622047244094
21
0.8965096062992126
0
LINE
8
BLACK
6
CONTINUOUS
10
0.1823622047244094
20
0.8965096062992126
11
0.1823622047244094
21
0.89650968503937
0
LINE
8
BLACK
6
CONTINUOUS
10
0.1823622047244094
20
0.89650968503937
11
0.1823957480314961
21
0.8967965354330708
0
LINE
8
BLACK
6
CONTINUOUS
10
0.1823957480314961
20
0.8967965354330708
11
0.1823983464566929
21
0.8967962204724409
0
LINE
8
BLACK
6
CONTINUOUS
10
0.1823983464566929
20
0.8967962204724409
11
0.1824285039370079
21
0.8970914960629921
0
LINE
8
BLACK
6
CONTINUOUS
10
0.1824285039370079
20
0.8970914960629921
11
0.182425905511811
21
0.8970917322834645
0
LINE
8
BLACK
6
CONTINUOUS
10
0.182425905511811
20
0.8970917322834645
11
0.1824510236220472
21
0.8973792913385826
0
LINE
8
BLACK
6
CONTINUOUS
10
0.1824510236220472
20
0.8973792913385826
11
0.1824511023622047
21
0.8973796062992125
0
LINE
8
BLACK
6
CONTINUOUS
10
0.1824511023622047
20
0.8973796062992125
11
0.1823642913385827
21
0.9003631496062992
0
LINE
8
BLACK
6
CONTINUOUS
10
0.1823642913385827
20
0.9003631496062992
11
0.1823622047244094
21
0.9005074015748031
0
LINE
8
BLACK
6
CONTINUOUS
10
0.1823622047244094
20
0.9005074015748031
11
0.1823622047244094
21
0.9203037007874015
0
LINE
8
BLACK
6
CONTINUOUS
10
0.1823622047244094
20
0.9203037007874015
11
0.1831496850393701
21
0.9229856299212599
0
LINE
8
BLACK
6
CONTINUOUS
10
0.1831496850393701
20
0.9229856299212599
11
0.185262125984252
21
0.9248160629921259
0
LINE
8
BLACK
6
CONTINUOUS
10
0.185262125984252
20
0.9248160629921259
11
0.1864993700787402
21
0.9251554724409449
0
LINE
8
BLACK
6
CONTINUOUS
10
0.1864993700787402
20
0.9251554724409449
11
0.1864970866141732
21
0.9251652362204724
0
LINE
8
BLACK
6
CONTINUOUS
10
0.1864970866141732
20
0.9251652362204724
11
0.1867699606299213
21
0.9252297244094488
0
LINE
8
BLACK
6
CONTINUOUS
10
0.1867699606299213
20
0.9252297244094488
11
0.1867924803149606
21
0.925235905511811
0
LINE
8
BLACK
6
CONTINUOUS
10
0.1867924803149606
20
0.925235905511811
11
0.186799094488189
21
0.9252366141732283
0
LINE
8
BLACK
6
CONTINUOUS
10
0.186799094488189
20
0.9252366141732283
11
0.1867993700787401
21
0.9252366535433071
0
LINE
8
BLACK
6
CONTINUOUS
10
0.1867993700787401
20
0.9252366535433071
11
0.1921929921259843
21
0.9272484251968504
0
LINE
8
BLACK
6
CONTINUOUS
10
0.1921929921259843
20
0.9272484251968504
11
0.1921931889763779
21
0.9272485039370079
0
LINE
8
BLACK
6
CONTINUOUS
10
0.1921931889763779
20
0.9272485039370079
11
0.1968016141732283
21
0.9306983464566929
0
LINE
8
BLACK
6
CONTINUOUS
10
0.1968016141732283
20
0.9306983464566929
11
0.198837125984252
21
0.9334174803149606
0
LINE
8
BLACK
6
CONTINUOUS
10
0.198837125984252
20
0.9334174803149606
11
0.2010747637795275
21
0.9350925590551181
0
LINE
8
BLACK
6
CONTINUOUS
10
0.2010747637795275
20
0.9350925590551181
11
0.2038627559055118
21
0.9352919291338583
0
LINE
8
BLACK
6
CONTINUOUS
10
0.2038627559055118
20
0.9352919291338583
11
0.2063159842519685
21
0.9339524015748031
0
LINE
8
BLACK
6
CONTINUOUS
10
0.2063159842519685
20
0.9339524015748031
11
0.2110273622047244
21
0.9292410629921259
0
LINE
8
BLACK
6
CONTINUOUS
10
0.2110273622047244
20
0.9292410629921259
11
0.2123669291338583
21
0.9267878346456693
0
LINE
8
BLACK
6
CONTINUOUS
10
0.2123669291338583
20
0.9267878346456693
11
0.2124803149606299
21
0.9257333464566929
0
LINE
8
BLACK
6
CONTINUOUS
10
0.2124803149606299
20
0.9257333464566929
11
0.2124803149606299
21
0.9030846456692914
0
LINE
8
BLACK
6
CONTINUOUS
10
0.2124803149606299
20
0.9030846456692914
11
0.2127365748031496
21
0.900700905511811
0
LINE
8
BLACK
6
CONTINUOUS
10
0.2127365748031496
20
0.900700905511811
11
0.2127366535433071
21
0.9007005905511811
0
LINE
8
BLACK
6
CONTINUOUS
10
0.2127366535433071
20
0.9007005905511811
11
0.2147484251968504
21
0.895306968503937
0
LINE
8
BLACK
6
CONTINUOUS
10
0.2147484251968504
20
0.895306968503937
11
0.2147485039370079
21
0.8953067716535433
0
LINE
8
BLACK
6
CONTINUOUS
10
0.2147485039370079
20
0.8953067716535433
11
0.2181983464566929
21
0.8906983464566929
0
LINE
8
BLACK
6
CONTINUOUS
10
0.2181983464566929
20
0.8906983464566929
11
0.2228067716535433
21
0.8872485039370078
0
LINE
8
BLACK
6
CONTINUOUS
10
0.2228067716535433
20
0.8872485039370078
11
0.222806968503937
21
0.8872484251968503
0
LINE
8
BLACK
6
CONTINUOUS
10
0.222806968503937
20
0.8872484251968503
11
0.2282005905511811
21
0.8852366535433071
0
LINE
8
BLACK
6
CONTINUOUS
10
0.2282005905511811
20
0.8852366535433071
11
0.228200905511811
21
0.8852365748031495
0
LINE
8
BLACK
6
CONTINUOUS
10
0.228200905511811
20
0.8852365748031495
11
0.2305846456692913
21
0.8849803149606299
0
LINE
8
BLACK
6
CONTINUOUS
10
0.2305846456692913
20
0.8849803149606299
11
0.2305851181102362
21
0.8849803149606299
0
LINE
8
BLACK
6
CONTINUOUS
10
0.2305851181102362
20
0.8849803149606299
11
0.2894153149606299
21
0.8849803149606299
0
LINE
8
BLACK
6
CONTINUOUS
10
0.2894153149606299
20
0.8849803149606299
11
0.2917990551181102
21
0.8852365748031495
0
LINE
8
BLACK
6
CONTINUOUS
10
0.2917990551181102
20
0.8852365748031495
11
0.2917993700787401
21
0.8852366535433071
0
LINE
8
BLACK
6
CONTINUOUS
10
0.2917993700787401
20
0.8852366535433071
11
0.2971929921259843
21
0.8872484251968503
0
LINE
8
BLACK
6
CONTINUOUS
10
0.2971929921259843
20
0.8872484251968503
11
0.2971931889763779
21
0.8872485039370078
0
LINE
8
BLACK
6
CONTINUOUS
10
0.2971931889763779
20
0.8872485039370078
11
0.2991593700787402
21
0.8887203937007874
0
LINE
8
BLACK
6
CONTINUOUS
10
0.2991593700787402
20
0.8887203937007874
11
0.3017782677165354
21
0.8896972047244094
0
LINE
8
BLACK
6
CONTINUOUS
10
0.3017782677165354
20
0.8896972047244094
11
0.3045095275590551
21
0.8891030708661417
0
LINE
8
BLACK
6
CONTINUOUS
10
0.3045095275590551
20
0.8891030708661417
11
0.305639842519685
21
0.8882568897637795
0
LINE
8
BLACK
6
CONTINUOUS
10
0.305639842519685
20
0.8882568897637795
11
0.3056982677165354
21
0.8881984251968503
0
LINE
8
BLACK
6
CONTINUOUS
10
0.3056982677165354
20
0.8881984251968503
11
0.3103067716535433
21
0.8847485039370079
0
LINE
8
BLACK
6
CONTINUOUS
10
0.3103067716535433
20
0.8847485039370079
11
0.310306968503937
21
0.8847484251968504
0
LINE
8
BLACK
6
CONTINUOUS
10
0.310306968503937
20
0.8847484251968504
11
0.3157005905511811
21
0.8827366535433071
0
LINE
8
BLACK
6
CONTINUOUS
10
0.3157005905511811
20
0.8827366535433071
11
0.315700905511811
21
0.8827365748031496
0
LINE
8
BLACK
6
CONTINUOUS
10
0.315700905511811
20
0.8827365748031496
11
0.3180846456692913
21
0.88248031496063
0
LINE
8
BLACK
6
CONTINUOUS
10
0.3180846456692913
20
0.88248031496063
11
0.3180851181102362
21
0.88248031496063
0
LINE
8
BLACK
6
CONTINUOUS
10
0.3180851181102362
20
0.88248031496063
11
0.3569153149606299
21
0.88248031496063
0
LINE
8
BLACK
6
CONTINUOUS
10
0.3569153149606299
20
0.88248031496063
11
0.3592990551181102
21
0.8827365748031496
0
LINE
8
BLACK
6
CONTINUOUS
10
0.3592990551181102
20
0.8827365748031496
11
0.3592993700787401
21
0.8827366535433071
0
LINE
8
BLACK
6
CONTINUOUS
10
0.3592993700787401
20
0.8827366535433071
11
0.3646929921259842
21
0.8847484251968504
0
LINE
8
BLACK
6
CONTINUOUS
10
0.3646929921259842
20
0.8847484251968504
11
0.3646931889763779
21
0.8847485039370079
0
LINE
8
BLACK
6
CONTINUOUS
10
0.3646931889763779
20
0.8847485039370079
11
0.3693016141732283
21
0.8881983464566929
0
LINE
8
BLACK
6
CONTINUOUS
10
0.3693016141732283
20
0.8881983464566929
11
0.3727514566929134
21
0.8928067716535433
0
LINE
8
BLACK
6
CONTINUOUS
10
0.3727514566929134
20
0.8928067716535433
11
0.3727515354330709
21
0.892806968503937
0
LINE
8
BLACK
6
CONTINUOUS
10
0.3727515354330709
20
0.892806968503937
11
0.3729031496062992
21
0.8932133858267717
0
LINE
8
BLACK
6
CONTINUOUS
10
0.3729031496062992
20
0.8932133858267717
11
0.374014094488189
21
0.896191968503937
0
LINE
8
BLACK
6
CONTINUOUS
10
0.374014094488189
20
0.896191968503937
11
0.3747633070866142
21
0.8982005905511811
0
LINE
8
BLACK
6
CONTINUOUS
10
0.3747633070866142
20
0.8982005905511811
11
0.3747633858267717
21
0.898200905511811
0
LINE
8
BLACK
6
CONTINUOUS
10
0.3747633858267717
20
0.898200905511811
11
0.3750196456692914
21
0.9005846456692913
0
LINE
8
BLACK
6
CONTINUOUS
10
0.3750196456692914
20
0.9005846456692913
11
0.3750196850393701
21
0.9005853149606299
0
LINE
8
BLACK
6
CONTINUOUS
10
0.3750196850393701
20
0.9005853149606299
11
0.3750196850393701
21
0.9594146456692914
0
LINE
8
BLACK
6
CONTINUOUS
10
0.3750196850393701
20
0.9594146456692914
11
0.3750196456692914
21
0.9594153149606299
0
LINE
8
BLACK
6
CONTINUOUS
10
0.3750196456692914
20
0.9594153149606299
11
0.3747633858267717
21
0.9617990551181103
0
LINE
8
BLACK
6
CONTINUOUS
10
0.3747633858267717
20
0.9617990551181103
11
0.3747633070866142
21
0.9617993700787402
0
LINE
8
BLACK
6
CONTINUOUS
10
0.3747633070866142
20
0.9617993700787402
11
0.3733518897637795
21
0.9655834645669291
0
LINE
8
BLACK
6
CONTINUOUS
10
0.3733518897637795
20
0.9655834645669291
11
0.3727515354330709
21
0.9671930708661417
0
LINE
8
BLACK
6
CONTINUOUS
10
0.3727515354330709
20
0.9671930708661417
11
0.3693016141732283
21
0.9718016141732283
0
LINE
8
BLACK
6
CONTINUOUS
10
0.3693016141732283
20
0.9718016141732283
11
0.3691481496062992
21
0.9719164960629921
0
LINE
8
BLACK
6
CONTINUOUS
10
0.3691481496062992
20
0.9719164960629921
11
0.3646931889763779
21
0.9752514566929134
0
LINE
8
BLACK
6
CONTINUOUS
10
0.3646931889763779
20
0.9752514566929134
11
0.3646931496062992
21
0.9752514566929134
0
LINE
8
BLACK
6
CONTINUOUS
10
0.3646931496062992
20
0.9752514566929134
11
0.3646930708661417
21
0.9752515354330709
0
LINE
8
BLACK
6
CONTINUOUS
10
0.3646930708661417
20
0.9752515354330709
11
0.3592992519685039
21
0.9772633464566929
0
LINE
8
BLACK
6
CONTINUOUS
10
0.3592992519685039
20
0.9772633464566929
11
0.3592991732283464
21
0.9772633464566929
0
LINE
8
BLACK
6
CONTINUOUS
10
0.3592991732283464
20
0.9772633464566929
11
0.3592990551181102
21
0.9772633858267716
0
LINE
8
BLACK
6
CONTINUOUS
10
0.3592990551181102
20
0.9772633858267716
11
0.3569153149606299
21
0.9775196456692913
0
LINE
8
BLACK
6
CONTINUOUS
10
0.3569153149606299
20
0.9775196456692913
11
0.3569151574803149
21
0.9775196456692913
0
LINE
8
BLACK
6
CONTINUOUS
10
0.3569151574803149
20
0.9775196456692913
11
0.3569148818897638
21
0.97751968503937
0
LINE
8
BLACK
6
CONTINUOUS
10
0.3569148818897638
20
0.97751968503937
11
0.3180851181102362
21
0.97751968503937
0
LINE
8
BLACK
6
CONTINUOUS
10
0.3180851181102362
20
0.97751968503937
11
0.3180848425196851
21
0.9775196456692913
0
LINE
8
BLACK
6
CONTINUOUS
10
0.3180848425196851
20
0.9775196456692913
11
0.3180846456692913
21
0.9775196456692913
0
LINE
8
BLACK
6
CONTINUOUS
10
0.3180846456692913
20
0.9775196456692913
11
0.315700905511811
21
0.9772633858267716
0
LINE
8
BLACK
6
CONTINUOUS
10
0.315700905511811
20
0.9772633858267716
11
0.3157007086614173
21
0.9772633464566929
0
LINE
8
BLACK
6
CONTINUOUS
10
0.3157007086614173
20
0.9772633464566929
11
0.3147946850393701
21
0.9769253937007873
0
LINE
8
BLACK
6
CONTINUOUS
10
0.3147946850393701
20
0.9769253937007873
11
0.3142138976377953
21
0.9767087401574803
0
LINE
8
BLACK
6
CONTINUOUS
10
0.3142138976377953
20
0.9767087401574803
11
0.311425905511811
21
0.9765093307086614
0
LINE
8
BLACK
6
CONTINUOUS
10
0.311425905511811
20
0.9765093307086614
11
0.3089726377952756
21
0.9778488976377953
0
LINE
8
BLACK
6
CONTINUOUS
10
0.3089726377952756
20
0.9778488976377953
11
0.3076330708661417
21
0.9803020866141732
0
LINE
8
BLACK
6
CONTINUOUS
10
0.3076330708661417
20
0.9803020866141732
11
0.30751968503937
21
0.9813566141732283
0
LINE
8
BLACK
6
CONTINUOUS
10
0.30751968503937
20
0.9813566141732283
11
0.30751968503937
21
1.0169146456692912
0
LINE
8
BLACK
6
CONTINUOUS
10
0.30751968503937
20
1.0169146456692912
11
0.3075196456692914
21
1.0169153149606298
0
LINE
8
BLACK
6
CONTINUOUS
10
0.3075196456692914
20
1.0169153149606298
11
0.3072633858267717
21
1.0192990551181103
0
LINE
8
BLACK
6
CONTINUOUS
10
0.3072633858267717
20
1.0192990551181103
11
0.3072633070866141
21
1.0192993700787401
0
LINE
8
BLACK
6
CONTINUOUS
10
0.3072633070866141
20
1.0192993700787401
11
0.3066182283464567
21
1.0210288188976377
0
LINE
8
BLACK
6
CONTINUOUS
10
0.3066182283464567
20
1.0210288188976377
11
0.3052515354330709
21
1.0246930708661417
0
LINE
8
BLACK
6
CONTINUOUS
10
0.3052515354330709
20
1.0246930708661417
11
0.3028493307086614
21
1.0279020078740158
0
LINE
8
BLACK
6
CONTINUOUS
10
0.3028493307086614
20
1.0279020078740158
11
0.3018016141732283
21
1.0293016141732283
0
LINE
8
BLACK
6
CONTINUOUS
10
0.3018016141732283
20
1.0293016141732283
11
0.2971931889763779
21
1.0327514566929135
0
LINE
8
BLACK
6
CONTINUOUS
10
0.2971931889763779
20
1.0327514566929135
11
0.2971931496062992
21
1.0327514566929135
0
LINE
8
BLACK
6
CONTINUOUS
10
0.2971931496062992
20
1.0327514566929135
11
0.2971930708661417
21
1.0327515354330707
0
LINE
8
BLACK
6
CONTINUOUS
10
0.2971930708661417
20
1.0327515354330707
11
0.2930891338582677
21
1.0342822047244093
0
LINE
8
BLACK
6
CONTINUOUS
10
0.2930891338582677
20
1.0342822047244093
11
0.2908516535433071
21
1.0359572047244094
0
LINE
8
BLACK
6
CONTINUOUS
10
0.2908516535433071
20
1.0359572047244094
11
0.289874842519685
21
1.0385761023622047
0
LINE
8
BLACK
6
CONTINUOUS
10
0.289874842519685
20
1.0385761023622047
11
0.2898622047244094
21
1.0389299999999999
0
LINE
8
BLACK
6
CONTINUOUS
10
0.2898622047244094
20
1.0389299999999999
11
0.2898622047244094
21
1.0676771653543307
0
LINE
8
BLACK
6
CONTINUOUS
10
0.2898622047244094
20
1.0676771653543307
11
0.2906496850393701
21
1.0703590944881889
0
LINE
8
BLACK
6
CONTINUOUS
10
0.2906496850393701
20
1.0703590944881889
11
0.2927621259842519
21
1.0721895275590552
0
LINE
8
BLACK
6
CONTINUOUS
10
0.2927621259842519
20
1.0721895275590552
11
0.2948228346456693
21
1.0726377952755906
0
LINE
8
BLACK
6
CONTINUOUS
10
0.2948228346456693
20
1.0726377952755906
11
0.3175196850393701
21
1.0726377952755906
0
LINE
8
BLACK
6
CONTINUOUS
10
0.3175196850393701
20
1.0726377952755906
11
0.3202016141732283
21
1.07185031496063
0
LINE
8
BLACK
6
CONTINUOUS
10
0.3202016141732283
20
1.07185031496063
11
0.3220320472440945
21
1.0697378740157479
0
LINE
8
BLACK
6
CONTINUOUS
10
0.3220320472440945
20
1.0697378740157479
11
0.3224803149606299
21
1.0676771653543307
0
LINE
8
BLACK
6
CONTINUOUS
10
0.3224803149606299
20
1.0676771653543307
11
0.3224803149606299
21
1.0630846456692913
0
LINE
8
BLACK
6
CONTINUOUS
10
0.3224803149606299
20
1.0630846456692913
11
0.3227365748031496
21
1.0607009055118111
0
LINE
8
BLACK
6
CONTINUOUS
10
0.3227365748031496
20
1.0607009055118111
11
0.3227366535433071
21
1.060700590551181
0
LINE
8
BLACK
6
CONTINUOUS
10
0.3227366535433071
20
1.060700590551181
11
0.3247484251968504
21
1.0553069685039369
0
LINE
8
BLACK
6
CONTINUOUS
10
0.3247484251968504
20
1.0553069685039369
11
0.3247485039370079
21
1.0553067716535434
0
LINE
8
BLACK
6
CONTINUOUS
10
0.3247485039370079
20
1.0553067716535434
11
0.3281983464566929
21
1.0506983464566928
0
LINE
8
BLACK
6
CONTINUOUS
10
0.3281983464566929
20
1.0506983464566928
11
0.3328067716535433
21
1.0472485039370079
0
LINE
8
BLACK
6
CONTINUOUS
10
0.3328067716535433
20
1.0472485039370079
11
0.332806968503937
21
1.0472484251968504
0
LINE
8
BLACK
6
CONTINUOUS
10
0.332806968503937
20
1.0472484251968504
11
0.3382005905511811
21
1.0452366535433071
0
LINE
8
BLACK
6
CONTINUOUS
10
0.3382005905511811
20
1.0452366535433071
11
0.338200905511811
21
1.0452365748031496
0
LINE
8
BLACK
6
CONTINUOUS
10
0.338200905511811
20
1.0452365748031496
11
0.3405846456692913
21
1.0449803149606298
0
LINE
8
BLACK
6
CONTINUOUS
10
0.3405846456692913
20
1.0449803149606298
11
0.3405851181102362
21
1.0449803149606298
0
LINE
8
BLACK
6
CONTINUOUS
10
0.3405851181102362
20
1.0449803149606298
11
0.3994153149606299
21
1.0449803149606298
0
LINE
8
BLACK
6
CONTINUOUS
10
0.3994153149606299
20
1.0449803149606298
11
0.4017990551181102
21
1.0452365748031496
0
LINE
8
BLACK
6
CONTINUOUS
10
0.4017990551181102
20
1.0452365748031496
11
0.4017993700787402
21
1.0452366535433071
0
LINE
8
BLACK
6
CONTINUOUS
10
0.4017993700787402
20
1.0452366535433071
11
0.4071929921259843
21
1.0472484251968504
0
LINE
8
BLACK
6
CONTINUOUS
10
0.4071929921259843
20
1.0472484251968504
11
0.407193188976378
21
1.0472485039370079
0
LINE
8
BLACK
6
CONTINUOUS
10
0.407193188976378
20
1.0472485039370079
11
0.4118016141732284
21
1.0506983464566928
0
LINE
8
BLACK
6
CONTINUOUS
10
0.4118016141732284
20
1.0506983464566928
11
0.4152514566929134
21
1.0553067716535434
0
LINE
8
BLACK
6
CONTINUOUS
10
0.4152514566929134
20
1.0553067716535434
11
0.4152515354330709
21
1.0553069685039369
0
LINE
8
BLACK
6
CONTINUOUS
10
0.4152515354330709
20
1.0553069685039369
11
0.4172633070866142
21
1.060700590551181
0
LINE
8
BLACK
6
CONTINUOUS
10
0.4172633070866142
20
1.060700590551181
11
0.4172633858267716
21
1.0607009055118111
0
LINE
8
BLACK
6
CONTINUOUS
10
0.4172633858267716
20
1.0607009055118111
11
0.4175196456692913
21
1.0630846456692913
0
LINE
8
BLACK
6
CONTINUOUS
10
0.4175196456692913
20
1.0630846456692913
11
0.4175196850393701
21
1.0630853149606299
0
LINE
8
BLACK
6
CONTINUOUS
10
0.4175196850393701
20
1.0630853149606299
11
0.4175196850393701
21
1.1019146456692912
0
LINE
8
BLACK
6
CONTINUOUS
10
0.4175196850393701
20
1.1019146456692912
11
0.4175196456692913
21
1.10191531496063
0
LINE
8
BLACK
6
CONTINUOUS
10
0.4175196456692913
20
1.10191531496063
11
0.4172633858267716
21
1.1042990551181102
0
LINE
8
BLACK
6
CONTINUOUS
10
0.4172633858267716
20
1.1042990551181102
11
0.4172633070866142
21
1.1042993700787402
0
LINE
8
BLACK
6
CONTINUOUS
10
0.4172633070866142
20
1.1042993700787402
11
0.4169866141732284
21
1.1050411417322834
0
LINE
8
BLACK
6
CONTINUOUS
10
0.4169866141732284
20
1.1050411417322834
11
0.4152515354330709
21
1.1096930708661417
0
LINE
8
BLACK
6
CONTINUOUS
10
0.4152515354330709
20
1.1096930708661417
11
0.4118016141732284
21
1.1143016141732283
0
LINE
8
BLACK
6
CONTINUOUS
10
0.4118016141732284
20
1.1143016141732283
11
0.407193188976378
21
1.1177514566929134
0
LINE
8
BLACK
6
CONTINUOUS
10
0.407193188976378
20
1.1177514566929134
11
0.4071931496062992
21
1.1177514566929134
0
LINE
8
BLACK
6
CONTINUOUS
10
0.4071931496062992
20
1.1177514566929134
11
0.4071930708661417
21
1.1177515354330709
0
LINE
8
BLACK
6
CONTINUOUS
10
0.4071930708661417
20
1.1177515354330709
11
0.4017992519685039
21
1.119763346456693
0
LINE
8
BLACK
6
CONTINUOUS
10
0.4017992519685039
20
1.119763346456693
11
0.4017991732283465
21
1.119763346456693
0
LINE
8
BLACK
6
CONTINUOUS
10
0.4017991732283465
20
1.119763346456693
11
0.4017990551181102
21
1.1197633858267717
0
LINE
8
BLACK
6
CONTINUOUS
10
0.4017990551181102
20
1.1197633858267717
11
0.3994153149606299
21
1.1200196456692912
0
LINE
8
BLACK
6
CONTINUOUS
10
0.3994153149606299
20
1.1200196456692912
11
0.399415157480315
21
1.1200196456692912
0
LINE
8
BLACK
6
CONTINUOUS
10
0.399415157480315
20
1.1200196456692912
11
0.3994148818897638
21
1.12001968503937
0
LINE
8
BLACK
6
CONTINUOUS
10
0.3994148818897638
20
1.12001968503937
11
0.3994146456692914
21
1.12001968503937
0
LINE
8
BLACK
6
CONTINUOUS
10
0.3994146456692914
20
1.12001968503937
11
0.3663755511811024
21
1.12001968503937
0
LINE
8
BLACK
6
CONTINUOUS
10
0.3663755511811024
20
1.12001968503937
11
0.3636936220472441
21
1.1208071653543308
0
LINE
8
BLACK
6
CONTINUOUS
10
0.3636936220472441
20
1.1208071653543308
11
0.362867874015748
21
1.1214726377952755
0
LINE
8
BLACK
6
CONTINUOUS
10
0.362867874015748
20
1.1214726377952755
11
0.3625186220472441
21
1.1218218897637795
0
LINE
8
BLACK
6
CONTINUOUS
10
0.3625186220472441
20
1.1218218897637795
11
0.3620474409448819
21
1.1223670078740158
0
LINE
8
BLACK
6
CONTINUOUS
10
0.3620474409448819
20
1.1223670078740158
11
0.3614778346456693
21
1.1231322047244094
0
LINE
8
BLACK
6
CONTINUOUS
10
0.3614778346456693
20
1.1231322047244094
11
0.3599684251968504
21
1.1243987007874015
0
LINE
8
BLACK
6
CONTINUOUS
10
0.3599684251968504
20
1.1243987007874015
11
0.3596496850393701
21
1.124690748031496
0
LINE
8
BLACK
6
CONTINUOUS
10
0.3596496850393701
20
1.124690748031496
11
0.3594948425196851
21
1.1248456692913387
0
LINE
8
BLACK
6
CONTINUOUS
10
0.3594948425196851
20
1.1248456692913387
11
0.3585256299212599
21
1.125611968503937
0
LINE
8
BLACK
6
CONTINUOUS
10
0.3585256299212599
20
1.125611968503937
11
0.3584194094488189
21
1.125698464566929
0
LINE
8
BLACK
6
CONTINUOUS
10
0.3584194094488189
20
1.125698464566929
11
0.358
21
1.1260503937007873
0
LINE
8
BLACK
6
CONTINUOUS
10
0.358
20
1.1260503937007873
11
0.358
21
1.12425
0
LINE
8
BLACK
6
CONTINUOUS
10
0.358
20
1.12425
11
0.3186
21
1.12425
0
LINE
8
BLACK
6
CONTINUOUS
10
0.3186
20
1.12425
11
0.3186
21
1.1323622047244095
0
LINE
8
BLACK
6
CONTINUOUS
10
0.3186
20
1.1323622047244095
11
0.2876056692913386
21
1.1323622047244095
0
LINE
8
BLACK
6
CONTINUOUS
10
0.2876056692913386
20
1.1323622047244095
11
0.2849237401574803
21
1.1331496850393701
0
LINE
8
BLACK
6
CONTINUOUS
10
0.2849237401574803
20
1.1331496850393701
11
0.2846335826771654
21
1.1333511023622047
0
LINE
8
BLACK
6
CONTINUOUS
10
0.2846335826771654
20
1.1333511023622047
11
0.2810930708661417
21
1.1360015354330708
0
LINE
8
BLACK
6
CONTINUOUS
10
0.2810930708661417
20
1.1360015354330708
11
0.2756992519685039
21
1.1380133464566928
0
LINE
8
BLACK
6
CONTINUOUS
10
0.2756992519685039
20
1.1380133464566928
11
0.2756991732283465
21
1.1380133464566928
0
LINE
8
BLACK
6
CONTINUOUS
10
0.2756991732283465
20
1.1380133464566928
11
0.2756990551181102
21
1.1380133858267716
0
LINE
8
BLACK
6
CONTINUOUS
10
0.2756990551181102
20
1.1380133858267716
11
0.2733153149606299
21
1.1382696456692913
0
LINE
8
BLACK
6
CONTINUOUS
10
0.2733153149606299
20
1.1382696456692913
11
0.2733151574803149
21
1.1382696456692913
0
LINE
8
BLACK
6
CONTINUOUS
10
0.2733151574803149
20
1.1382696456692913
11
0.2733148818897638
21
1.1382696850393701
0
LINE
8
BLACK
6
CONTINUOUS
10
0.2733148818897638
20
1.1382696850393701
11
0.2733146456692913
21
1.1382696850393701
0
LINE
8
BLACK
6
CONTINUOUS
10
0.2733146456692913
20
1.1382696850393701
11
0.2335165748031496
21
1.1382696850393701
0
LINE
8
BLACK
6
CONTINUOUS
10
0.2335165748031496
20
1.1382696850393701
11
0.2308346456692913
21
1.1390571653543307
0
LINE
8
BLACK
6
CONTINUOUS
10
0.2308346456692913
20
1.1390571653543307
11
0.2300088976377953
21
1.1397226377952756
0
LINE
8
BLACK
6
CONTINUOUS
10
0.2300088976377953
20
1.1397226377952756
11
0.2039726377952756
21
1.1657588976377953
0
LINE
8
BLACK
6
CONTINUOUS
10
0.2039726377952756
20
1.1657588976377953
11
0.202633031496063
21
1.1682121259842519
0
LINE
8
BLACK
6
CONTINUOUS
10
0.202633031496063
20
1.1682121259842519
11
0.2025196850393701
21
1.1692665748031497
0
LINE
8
BLACK
6
CONTINUOUS
10
0.2025196850393701
20
1.1692665748031497
11
0.2025196850393701
21
1.1978542913385826
0
LINE
8
BLACK
6
CONTINUOUS
10
0.2025196850393701
20
1.1978542913385826
11
0.2033071653543307
21
1.200536220472441
0
LINE
8
BLACK
6
CONTINUOUS
10
0.2033071653543307
20
1.200536220472441
11
0.2054196062992126
21
1.2023666535433071
0
LINE
8
BLACK
6
CONTINUOUS
10
0.2054196062992126
20
1.2023666535433071
11
0.2074803149606299
21
1.2028149212598425
0
LINE
8
BLACK
6
CONTINUOUS
10
0.2074803149606299
20
1.2028149212598425
11
0.2437595669291339
21
1.2028149212598425
0
LINE
8
BLACK
6
CONTINUOUS
10
0.2437595669291339
20
1.2028149212598425
11
0.2808840157480315
21
1.2028149212598425
0
LINE
8
BLACK
6
CONTINUOUS
10
0.2808840157480315
20
1.2028149212598425
11
0.2835659448818897
21
1.2020274409448819
0
LINE
8
BLACK
6
CONTINUOUS
10
0.2835659448818897
20
1.2020274409448819
11
0.284031062992126
21
1.2016888582677165
0
LINE
8
BLACK
6
CONTINUOUS
10
0.284031062992126
20
1.2016888582677165
11
0.2844686220472441
21
1.2013297244094487
0
LINE
8
BLACK
6
CONTINUOUS
10
0.2844686220472441
20
1.2013297244094487
11
0.2909865354330708
21
1.1978457874015749
0
LINE
8
BLACK
6
CONTINUOUS
10
0.2909865354330708
20
1.1978457874015749
11
0.2909867716535433
21
1.1978457086614174
0
LINE
8
BLACK
6
CONTINUOUS
10
0.2909867716535433
20
1.1978457086614174
11
0.2980594094488189
21
1.1957002362204725
0
LINE
8
BLACK
6
CONTINUOUS
10
0.2980594094488189
20
1.1957002362204725
11
0.3054142125984252
21
1.194975905511811
0
LINE
8
BLACK
6
CONTINUOUS
10
0.3054142125984252
20
1.194975905511811
11
0.3054143307086614
21
1.194975905511811
0
LINE
8
BLACK
6
CONTINUOUS
10
0.3054143307086614
20
1.194975905511811
11
0.3054144488188976
21
1.194975905511811
0
LINE
8
BLACK
6
CONTINUOUS
10
0.3054144488188976
20
1.194975905511811
11
0.3127691732283465
21
1.1957002362204725
0
LINE
8
BLACK
6
CONTINUOUS
10
0.3127691732283465
20
1.1957002362204725
11
0.3127692519685039
21
1.1957002362204725
0
LINE
8
BLACK
6
CONTINUOUS
10
0.3127692519685039
20
1.1957002362204725
11
0.3198418503937008
21
1.1978457086614174
0
LINE
8
BLACK
6
CONTINUOUS
10
0.3198418503937008
20
1.1978457086614174
11
0.3198420866141732
21
1.1978457874015749
0
LINE
8
BLACK
6
CONTINUOUS
10
0.3198420866141732
20
1.1978457874015749
11
0.32636
21
1.2013297244094487
0
LINE
8
BLACK
6
CONTINUOUS
10
0.32636
20
1.2013297244094487
11
0.3281697244094488
21
1.2028149212598425
0
LINE
8
BLACK
6
CONTINUOUS
10
0.3281697244094488
20
1.2028149212598425
11
0.3320731102362205
21
1.2060183464566929
0
LINE
8
BLACK
6
CONTINUOUS
10
0.3320731102362205
20
1.2060183464566929
11
0.3367617322834646
21
1.2117314566929134
0
LINE
8
BLACK
6
CONTINUOUS
10
0.3367617322834646
20
1.2117314566929134
11
0.3402457086614173
21
1.2182494881889763
0
LINE
8
BLACK
6
CONTINUOUS
10
0.3402457086614173
20
1.2182494881889763
11
0.3423911417322835
21
1.2253219685039369
0
LINE
8
BLACK
6
CONTINUOUS
10
0.3423911417322835
20
1.2253219685039369
11
0.3423911417322835
21
1.2253220472440944
0
LINE
8
BLACK
6
CONTINUOUS
10
0.3423911417322835
20
1.2253220472440944
11
0.3423911811023622
21
1.2253221653543307
0
LINE
8
BLACK
6
CONTINUOUS
10
0.3423911811023622
20
1.2253221653543307
11
0.3423911811023622
21
1.2253222440944882
0
LINE
8
BLACK
6
CONTINUOUS
10
0.3423911811023622
20
1.2253222440944882
11
0.3431155511811024
21
1.2326769685039369
0
LINE
8
BLACK
6
CONTINUOUS
10
0.3431155511811024
20
1.2326769685039369
11
0.3431155511811024
21
1.2326772440944882
0
LINE
8
BLACK
6
CONTINUOUS
10
0.3431155511811024
20
1.2326772440944882
11
0.3423911811023622
21
1.2400319685039369
0
LINE
8
BLACK
6
CONTINUOUS
10
0.3423911811023622
20
1.2400319685039369
11
0.3423911811023622
21
1.2400320472440944
0
LINE
8
BLACK
6
CONTINUOUS
10
0.3423911811023622
20
1.2400320472440944
11
0.3423911417322835
21
1.2400320866141732
0
LINE
8
BLACK
6
CONTINUOUS
10
0.3423911417322835
20
1.2400320866141732
11
0.3423911417322835
21
1.240032283464567
0
LINE
8
BLACK
6
CONTINUOUS
10
0.3423911417322835
20
1.240032283464567
11
0.3402457086614173
21
1.2471047637795276
0
LINE
8
BLACK
6
CONTINUOUS
10
0.3402457086614173
20
1.2471047637795276
11
0.3367617322834646
21
1.2536227952755905
0
LINE
8
BLACK
6
CONTINUOUS
10
0.3367617322834646
20
1.2536227952755905
11
0.3320731102362205
21
1.259335905511811
0
LINE
8
BLACK
6
CONTINUOUS
10
0.3320731102362205
20
1.259335905511811
11
0.32636
21
1.2640245275590551
0
LINE
8
BLACK
6
CONTINUOUS
10
0.32636
20
1.2640245275590551
11
0.319841968503937
21
1.2675085039370078
0
LINE
8
BLACK
6
CONTINUOUS
10
0.319841968503937
20
1.2675085039370078
11
0.3127694881889764
21
1.2696539370078739
0
LINE
8
BLACK
6
CONTINUOUS
10
0.3127694881889764
20
1.2696539370078739
11
0.3127692519685039
21
1.2696539370078739
0
LINE
8
BLACK
6
CONTINUOUS
10
0.3127692519685039
20
1.2696539370078739
11
0.3127692125984252
21
1.2696539763779526
0
LINE
8
BLACK
6
CONTINUOUS
10
0.3127692125984252
20
1.2696539763779526
11
0.3054144488188976
21
1.2703783464566929
0
LINE
8
BLACK
6
CONTINUOUS
10
0.3054144488188976
20
1.2703783464566929
11
0.3054142125984252
21
1.2703783464566929
0
LINE
8
BLACK
6
CONTINUOUS
10
0.3054142125984252
20
1.2703783464566929
11
0.2980594488188976
21
1.2696539763779526
0
LINE
8
BLACK
6
CONTINUOUS
10
0.2980594488188976
20
1.2696539763779526
11
0.2980593700787402
21
1.2696539763779526
0
LINE
8
BLACK
6
CONTINUOUS
10
0.2980593700787402
20
1.2696539763779526
11
0.2980592519685039
21
1.2696539370078739
0
LINE
8
BLACK
6
CONTINUOUS
10
0.2980592519685039
20
1.2696539370078739
11
0.2980591732283465
21
1.2696539370078739
0
LINE
8
BLACK
6
CONTINUOUS
10
0.2980591732283465
20
1.2696539370078739
11
0.2909866929133858
21
1.2675085039370078
0
LINE
8
BLACK
6
CONTINUOUS
10
0.2909866929133858
20
1.2675085039370078
11
0.2844686614173229
21
1.2640245275590551
0
LINE
8
BLACK
6
CONTINUOUS
10
0.2844686614173229
20
1.2640245275590551
11
0.2844686220472441
21
1.2640244881889764
0
LINE
8
BLACK
6
CONTINUOUS
10
0.2844686220472441
20
1.2640244881889764
11
0.284031062992126
21
1.2636653937007873
0
LINE
8
BLACK
6
CONTINUOUS
10
0.284031062992126
20
1.2636653937007873
11
0.2814583464566929
21
1.2625726771653543
0
LINE
8
BLACK
6
CONTINUOUS
10
0.2814583464566929
20
1.2625726771653543
11
0.2808840157480315
21
1.2625393307086614
0
LINE
8
BLACK
6
CONTINUOUS
10
0.2808840157480315
20
1.2625393307086614
11
0.1052870078740158
21
1.2625393307086614
0
LINE
8
BLACK
6
CONTINUOUS
10
0.1052870078740158
20
1.2625393307086614
11
0.1045681496062992
21
1.2625916929133858
0
LINE
8
BLACK
6
CONTINUOUS
10
0.1045681496062992
20
1.2625916929133858
11
0.1043481889763779
21
1.2626238976377953
0
LINE
8
BLACK
6
CONTINUOUS
10
0.1043481889763779
20
1.2626238976377953
11
0.1036244094488189
21
1.2627299212598424
0
LINE
8
BLACK
6
CONTINUOUS
10
0.1036244094488189
20
1.2627299212598424
11
0.1016615354330709
21
1.2625581889763779
0
LINE
8
BLACK
6
CONTINUOUS
10
0.1016615354330709
20
1.2625581889763779
11
0.1012292125984252
21
1.2625393307086614
0
LINE
8
BLACK
6
CONTINUOUS
10
0.1012292125984252
20
1.2625393307086614
11
0.1010103149606299
21
1.2625393307086614
0
LINE
8
BLACK
6
CONTINUOUS
10
0.1010103149606299
20
1.2625393307086614
11
0.0997867322834646
21
1.2623962598425196
0
LINE
8
BLACK
6
CONTINUOUS
10
0.0997867322834646
20
1.2623962598425196
11
0.0996445275590551
21
1.2623816929133858
0
LINE
8
BLACK
6
CONTINUOUS
10
0.0996445275590551
20
1.2623816929133858
11
0.0966701968503937
21
1.2621214960629921
0
LINE
8
BLACK
6
CONTINUOUS
10
0.0966701968503937
20
1.2621214960629921
11
0.0966700787401575
21
1.2621214566929133
0
LINE
8
BLACK
6
CONTINUOUS
10
0.0966700787401575
20
1.2621214566929133
11
0.0963872834645669
21
1.2620630708661418
0
LINE
8
BLACK
6
CONTINUOUS
10
0.0963872834645669
20
1.2620630708661418
11
0.0963867322834646
21
1.2620656692913386
0
LINE
8
BLACK
6
CONTINUOUS
10
0.0963867322834646
20
1.2620656692913386
11
0.0960968897637795
21
1.2620014173228347
0
LINE
8
BLACK
6
CONTINUOUS
10
0.0960968897637795
20
1.2620014173228347
11
0.0960975196850394
21
1.2619988582677164
0
LINE
8
BLACK
6
CONTINUOUS
10
0.0960975196850394
20
1.2619988582677164
11
0.0958166141732283
21
1.261932283464567
0
LINE
8
BLACK
6
CONTINUOUS
10
0.0958166141732283
20
1.261932283464567
11
0.0958163779527559
21
1.2619322047244095
0
LINE
8
BLACK
6
CONTINUOUS
10
0.0958163779527559
20
1.2619322047244095
11
0.0930105905511811
21
1.2609109448818898
0
LINE
8
BLACK
6
CONTINUOUS
10
0.0930105905511811
20
1.2609109448818898
11
0.0928770472440945
21
1.2608645275590551
0
LINE
8
BLACK
6
CONTINUOUS
10
0.0928770472440945
20
1.2608645275590551
11
0.0900437401574803
21
1.2599257086614173
0
LINE
8
BLACK
6
CONTINUOUS
10
0.0900437401574803
20
1.2599257086614173
11
0.0900434645669291
21
1.2599255118110235
0
LINE
8
BLACK
6
CONTINUOUS
10
0.0900434645669291
20
1.2599255118110235
11
0.0897818897637795
21
1.2598035826771654
0
LINE
8
BLACK
6
CONTINUOUS
10
0.0897818897637795
20
1.2598035826771654
11
0.0897807086614173
21
1.2598060236220472
0
LINE
8
BLACK
6
CONTINUOUS
10
0.0897807086614173
20
1.2598060236220472
11
0.0895135433070866
21
1.259676653543307
0
LINE
8
BLACK
6
CONTINUOUS
10
0.0895135433070866
20
1.259676653543307
11
0.0895147637795276
21
1.2596742913385826
0
LINE
8
BLACK
6
CONTINUOUS
10
0.0895147637795276
20
1.2596742913385826
11
0.0892566929133858
21
1.2595446850393701
0
LINE
8
BLACK
6
CONTINUOUS
10
0.0892566929133858
20
1.2595446850393701
11
0.0892565748031496
21
1.2595446456692914
0
LINE
8
BLACK
6
CONTINUOUS
10
0.0892565748031496
20
1.2595446456692914
11
0.0892564566929134
21
1.2595445669291339
0
LINE
8
BLACK
6
CONTINUOUS
10
0.0892564566929134
20
1.2595445669291339
11
0.0867633070866142
21
1.2579047637795275
0
LINE
8
BLACK
6
CONTINUOUS
10
0.0867633070866142
20
1.2579047637795275
11
0.0866415354330709
21
1.2578272047244095
0
LINE
8
BLACK
6
CONTINUOUS
10
0.0866415354330709
20
1.2578272047244095
11
0.0841023622047244
21
1.256261062992126
0
LINE
8
BLACK
6
CONTINUOUS
10
0.0841023622047244
20
1.256261062992126
11
0.0838756299212598
21
1.2560817716535433
0
LINE
8
BLACK
6
CONTINUOUS
10
0.0838756299212598
20
1.2560817716535433
11
0.083873937007874
21
1.2560838582677165
0
LINE
8
BLACK
6
CONTINUOUS
10
0.083873937007874
20
1.2560838582677165
11
0.0836436614173228
21
1.2558962598425196
0
LINE
8
BLACK
6
CONTINUOUS
10
0.0836436614173228
20
1.2558962598425196
11
0.0836453937007874
21
1.2558942519685039
0
LINE
8
BLACK
6
CONTINUOUS
10
0.0836453937007874
20
1.2558942519685039
11
0.0834240551181102
21
1.2557085433070865
0
LINE
8
BLACK
6
CONTINUOUS
10
0.0834240551181102
20
1.2557085433070865
11
0.0813747637795276
21
1.2535364173228347
0
LINE
8
BLACK
6
CONTINUOUS
10
0.0813747637795276
20
1.2535364173228347
11
0.0812742125984252
21
1.2534329133858269
0
LINE
8
BLACK
6
CONTINUOUS
10
0.0812742125984252
20
1.2534329133858269
11
0.0606782283464567
21
1.2328369291338583
0
LINE
8
BLACK
6
CONTINUOUS
10
0.0606782283464567
20
1.2328369291338583
11
0.0601329133858268
21
1.2323656299212598
0
LINE
8
BLACK
6
CONTINUOUS
10
0.0601329133858268
20
1.2323656299212598
11
0.0593677952755906
21
1.2317960236220473
0
LINE
8
BLACK
6
CONTINUOUS
10
0.0593677952755906
20
1.2317960236220473
11
0.0593677165354331
21
1.2317959448818898
0
LINE
8
BLACK
6
CONTINUOUS
10
0.0593677165354331
20
1.2317959448818898
11
0.0581011811023622
21
1.2302865748031495
0
LINE
8
BLACK
6
CONTINUOUS
10
0.0581011811023622
20
1.2302865748031495
11
0.0578088582677165
21
1.2299675984251968
0
LINE
8
BLACK
6
CONTINUOUS
10
0.0578088582677165
20
1.2299675984251968
11
0.0576544881889764
21
1.2298132283464567
0
LINE
8
BLACK
6
CONTINUOUS
10
0.0576544881889764
20
1.2298132283464567
11
0.0568893307086614
21
1.228845590551181
0
LINE
8
BLACK
6
CONTINUOUS
10
0.0568893307086614
20
1.228845590551181
11
0.0567983464566929
21
1.2287338976377953
0
LINE
8
BLACK
6
CONTINUOUS
10
0.0567983464566929
20
1.2287338976377953
11
0.0548804724409449
21
1.2264482283464566
0
LINE
8
BLACK
6
CONTINUOUS
10
0.0548804724409449
20
1.2264482283464566
11
0.0547217716535433
21
1.2262069291338582
0
LINE
8
BLACK
6
CONTINUOUS
10
0.0547217716535433
20
1.2262069291338582
11
0.0547196062992126
21
1.2262083070866141
0
LINE
8
BLACK
6
CONTINUOUS
10
0.0547196062992126
20
1.2262083070866141
11
0.0545601968503937
21
1.2259581496062992
0
LINE
8
BLACK
6
CONTINUOUS
10
0.0545601968503937
20
1.2259581496062992
11
0.0545624409448819
21
1.2259568110236221
0
LINE
8
BLACK
6
CONTINUOUS
10
0.0545624409448819
20
1.2259568110236221
11
0.0544107480314961
21
1.2257108661417322
0
LINE
8
BLACK
6
CONTINUOUS
10
0.0544107480314961
20
1.2257108661417322
11
0.0531494488188976
21
1.2230061023622048
0
LINE
8
BLACK
6
CONTINUOUS
10
0.0531494488188976
20
1.2230061023622048
11
0.0530867322834646
21
1.2228765354330708
0
LINE
8
BLACK
6
CONTINUOUS
10
0.0530867322834646
20
1.2228765354330708
11
0.0517476771653543
21
1.220210157480315
0
LINE
8
BLACK
6
CONTINUOUS
10
0.0517476771653543
20
1.220210157480315
11
0.0517476377952756
21
1.2202100787401575
0
LINE
8
BLACK
6
CONTINUOUS
10
0.0517476377952756
20
1.2202100787401575
11
0.0517475984251968
21
1.2202099606299213
0
LINE
8
BLACK
6
CONTINUOUS
10
0.0517475984251968
20
1.2202099606299213
11
0.0516488188976378
21
1.2199385433070866
0
LINE
8
BLACK
6
CONTINUOUS
10
0.0516488188976378
20
1.2199385433070866
11
0.0516463385826772
21
1.219939409448819
0
LINE
8
BLACK
6
CONTINUOUS
10
0.0516463385826772
20
1.219939409448819
11
0.0515488582677165
21
1.2196590157480314
0
LINE
8
BLACK
6
CONTINUOUS
10
0.0515488582677165
20
1.2196590157480314
11
0.0515513385826772
21
1.2196582283464568
0
LINE
8
BLACK
6
CONTINUOUS
10
0.0515513385826772
20
1.2196582283464568
11
0.0514605511811024
21
1.2193842913385826
0
LINE
8
BLACK
6
CONTINUOUS
10
0.0514605511811024
20
1.2193842913385826
11
0.0508567716535433
21
1.2164603149606299
0
LINE
8
BLACK
6
CONTINUOUS
10
0.0508567716535433
20
1.2164603149606299
11
0.0508255511811024
21
1.2163195669291338
0
LINE
8
BLACK
6
CONTINUOUS
10
0.0508255511811024
20
1.2163195669291338
11
0.0501377952755905
21
1.2134175590551182
0
LINE
8
BLACK
6
CONTINUOUS
10
0.0501377952755905
20
1.2134175590551182
11
0.0501042519685039
21
1.2131305905511811
0
LINE
8
BLACK
6
CONTINUOUS
10
0.0501042519685039
20
1.2131305905511811
11
0.0501015748031496
21
1.2131308661417322
0
LINE
8
BLACK
6
CONTINUOUS
10
0.0501015748031496
20
1.2131308661417322
11
0.0500714173228346
21
1.2128357086614172
0
LINE
8
BLACK
6
CONTINUOUS
10
0.0500714173228346
20
1.2128357086614172
11
0.0500740551181102
21
1.2128355118110237
0
LINE
8
BLACK
6
CONTINUOUS
10
0.0500740551181102
20
1.2128355118110237
11
0.0500488582677165
21
1.2125475984251968
0
LINE
8
BLACK
6
CONTINUOUS
10
0.0500488582677165
20
1.2125475984251968
11
0.0501357086614173
21
1.2095625984251968
0
LINE
8
BLACK
6
CONTINUOUS
10
0.0501357086614173
20
1.2095625984251968
11
0.0501377952755905
21
1.209418346456693
0
LINE
8
BLACK
6
CONTINUOUS
10
0.0501377952755905
20
1.209418346456693
11
0.0501377952755905
21
1.0003517716535433
0
LINE
8
BLACK
6
CONTINUOUS
10
0.0501377952755905
20
1.0003517716535433
11
0.0500853937007874
21
0.9996327559055118
0
LINE
8
BLACK
6
CONTINUOUS
10
0.0500853937007874
20
0.9996327559055118
11
0.0499472047244095
21
0.9986896062992126
0
LINE
8
BLACK
6
CONTINUOUS
10
0.0499472047244095
20
0.9986896062992126
11
0.0499472047244095
21
0.9986893700787401
0
LINE
8
BLACK
6
CONTINUOUS
10
0.0499472047244095
20
0.9986893700787401
11
0.050118937007874
21
0.9967264566929134
0
LINE
8
BLACK
6
CONTINUOUS
10
1.0265565748031495
20
0.3781071653543307
11
1.0292385039370078
21
0.3773196850393701
0
LINE
8
BLACK
6
CONTINUOUS
10
1.0292385039370078
20
0.3773196850393701
11
1.0310689370078741
21
0.3752072440944882
0
LINE
8
BLACK
6
CONTINUOUS
10
1.0310689370078741
20
0.3752072440944882
11
1.0315172047244094
21
0.3731465354330709
0
LINE
8
BLACK
6
CONTINUOUS
10
1.0315172047244094
20
0.3731465354330709
11
1.0315172047244094
21
0.3137070472440945
0
LINE
8
BLACK
6
CONTINUOUS
10
1.0315172047244094
20
0.3137070472440945
11
1.0338744094488188
21
0.3131483858267716
0
LINE
8
BLACK
6
CONTINUOUS
10
1.0338744094488188
20
0.3131483858267716
11
1.0370615748031495
21
0.3119883464566929
0
LINE
8
BLACK
6
CONTINUOUS
10
1.0370615748031495
20
0.3119883464566929
11
1.1428393307086613
21
0.3119883464566929
0
LINE
8
BLACK
6
CONTINUOUS
10
1.1428393307086613
20
0.3119883464566929
11
1.1428393307086613
21
0.8194909448818898
0
LINE
8
BLACK
6
CONTINUOUS
10
1.1428393307086613
20
0.8194909448818898
11
1.0315172047244094
21
0.8194909448818898
0
LINE
8
BLACK
6
CONTINUOUS
10
1.0315172047244094
20
0.8194909448818898
11
1.0315172047244094
21
0.7812059842519685
0
LINE
8
BLACK
6
CONTINUOUS
10
1.0315172047244094
20
0.7812059842519685
11
1.0307297244094489
21
0.7785240551181102
0
LINE
8
BLACK
6
CONTINUOUS
10
1.0307297244094489
20
0.7785240551181102
11
1.0286172834645668
21
0.7766936220472441
0
LINE
8
BLACK
6
CONTINUOUS
10
1.0286172834645668
20
0.7766936220472441
11
1.0265565748031495
21
0.7762453543307086
0
LINE
8
BLACK
6
CONTINUOUS
10
1.0265565748031495
20
0.7762453543307086
11
0.9415172047244095
21
0.7762453543307086
0
LINE
8
BLACK
6
CONTINUOUS
10
0.9415172047244095
20
0.7762453543307086
11
0.9415172047244095
21
0.3781071653543307
0
LINE
8
BLACK
6
CONTINUOUS
10
0.9415172047244095
20
0.3781071653543307
11
1.0265565748031495
21
0.3781071653543307
0
LINE
8
BLACK
6
CONTINUOUS
10
0.6071846062992126
20
1.0622788976377953
11
0.6079907086614174
21
1.0621035039370079
0
LINE
8
BLACK
6
CONTINUOUS
10
0.6079907086614174
20
1.0621035039370079
11
0.6074999606299213
21
1.0625942519685039
0
LINE
8
BLACK
6
CONTINUOUS
10
0.6074999606299213
20
1.0625942519685039
11
0.6071846062992126
21
1.0622788976377953
0
CIRCLE
8
BLACK
10
0.15
20
0.61
40
0.0068897637795276
0
CIRCLE
8
BLACK
10
0.25
20
0.61
40
0.0068897637795276
0
CIRCLE
8
BLACK
10
0.15
20
0.51
40
0.0068897637795276
0
CIRCLE
8
BLACK
10
0.25
20
0.51
40
0.0068897637795276
0
CIRCLE
8
BLACK
10
0.15
20
0.41
40
0.0068897637795276
0
CIRCLE
8
BLACK
10
0.25
20
0.41
40
0.0068897637795276
0
CIRCLE
8
BLACK
10
0.89
20
0.83
40
0.0068897637795276
0
CIRCLE
8
BLACK
10
0.79
20
0.83
40
0.0068897637795276
0
CIRCLE
8
BLACK
10
1.04
20
1.0600000000000001
40
0.0068897637795276
0
CIRCLE
8
BLACK
10
0.9399999999999999
20
1.0600000000000001
40
0.0068897637795276
0
CIRCLE
8
BLACK
10
1.04
20
1.1599999999999999
40
0.0068897637795276
0
CIRCLE
8
BLACK
10
0.9399999999999999
20
1.1599999999999999
40
0.0068897637795276
0
CIRCLE
8
BLACK
10
0.7999999999999999
20
1.4475
40
0.0068897637795276
0
CIRCLE
8
BLACK
10
0.7999999999999999
20
1.3474999999999999
40
0.0068897637795276
0
CIRCLE
8
BLACK
10
0.7
20
1.4475
40
0.0068897637795276
0
CIRCLE
8
BLACK
10
0.7
20
1.3474999999999999
40
0.0068897637795276
0
CIRCLE
8
BLACK
10
0.6
20
1.4475
40
0.0068897637795276
0
CIRCLE
8
BLACK
10
0.6
20
1.3474999999999999
40
0.0068897637795276
0
CIRCLE
8
BLACK
10
0.5
20
1.4475
40
0.0068897637795276
0
CIRCLE
8
BLACK
10
0.5
20
1.3474999999999999
40
0.0068897637795276
0
CIRCLE
8
BLACK
10
0.4
20
1.4475
40
0.0068897637795276
0
CIRCLE
8
BLACK
10
0.4
20
1.3474999999999999
40
0.0068897637795276
0
CIRCLE
8
BLACK
10
0.2
20
1.3999999999999999
40
0.0068897637795276
0
CIRCLE
8
BLACK
10
1.
20
0.2
40
0.0068897637795276
0
CIRCLE
8
BLACK
10
1.
20
1.3999999999999999
40
0.0068897637795276
0
CIRCLE
8
BLACK
10
0.2
20
0.2
40
0.0068897637795276
0
CIRCLE
8
BLACK
10
0.72
20
0.2131496062992126
40
0.0068897637795276
0
CIRCLE
8
BLACK
10
0.72
20
0.41
40
0.0068897637795276
0
CIRCLE
8
BLACK
10
0.52
20
0.2131496062992126
40
0.0068897637795276
0
CIRCLE
8
BLACK
10
0.52
20
0.41
40
0.0068897637795276
0
CIRCLE
8
BLACK
10
0.1525
20
1.175
40
0.0068897637795276
0
CIRCLE
8
BLACK
10
0.1525
20
1.075
40
0.0068897637795276
0
CIRCLE
8
BLACK
10
0.1525
20
0.975
40
0.0068897637795276
0
CIRCLE
8
BLACK
10
0.84
20
1.0600000000000001
40
0.0068897637795276
0
CIRCLE
8
BLACK
10
0.84
20
1.1599999999999999
40
0.0068897637795276
0
CIRCLE
8
BLACK
10
0.3054143307086614
20
1.2326771259842519
40
0.0125
0
CIRCLE
8
BLACK
10
0.62
20
0.9125
40
0.0125
0
CIRCLE
8
BLACK
10
0.695
20
1.0900000000000001
40
0.0125
0
CIRCLE
8
BLACK
10
0.8032345669291339
20
0.9465132283464567
40
0.0125
  0
ENDSEC
  0
EOF
