  0
SECTION
  2
HEADER
  9
$ANGBASE
  50
0.0
  9
$ANGDIR
  70
1
  9
$MEASUREMENT
  70
0
  0
ENDSEC
  0
SECTION
  2
TABLES
  0
TABLE
  2
LTYPE
  70
4
  0
LTYPE
  5
40F
  2
CONTINUOUS
  70
0
  3
Solid line
  72
65
  73
0
  40
0.0
  0
LTYPE
  5
410
  2
DASHDOT
 70
0
  3
Dash Dot ____ _ ____ _
 72
65
 73
4
 40
2.0
 49
1.25
 49
-0.25
 49
0.25
 49
-0.25
  0
LTYPE
  5
411
  2
DASHED
 70
0
  3
Dashed __ __ __ __ __
 72
65
 73
2
 40
0.75
 49
0.5
 49
-0.25
  0
LTYPE
  5
43B
  2
DOTTED
 70
0
  3
Dotted .  .  .  .
 72
65
 73
2
 40
0.2
 49
0.0
 49
-0.2
  0
ENDTAB
  0
TABLE
  2
STYLE
  70
4
  0
STYLE
  2
KICAD
  70
0
  40
0
  41
1
  42
1
  50
0
  71
0
  3
isocp.shx
  0
STYLE
  2
KICADB
  70
0
  40
0
  41
1
  42
1
  50
0
  71
0
  3
isocp.shx
  0
STYLE
  2
KICADI
  70
0
  40
0
  41
1
  42
1
  50
15
  71
0
  3
isocp.shx
  0
STYLE
  2
KICADBI
  70
0
  40
0
  41
1
  42
1
  50
15
  71
0
  3
isocp.shx
  0
ENDTAB
  0
TABLE
  2
LAYER
  70
1
  0
LAYER
  2
BLACK
  70
0
  62
7
  6
CONTINUOUS
  0
ENDTAB
  0
ENDSEC
  0
SECTION
  2
ENTITIES
0
LINE
8
BLACK
6
CONTINUOUS
10
0.595
20
0.1381496062992126
11
0.445
21
0.1381496062992126
0
LINE
8
BLACK
6
CONTINUOUS
10
0.445
20
0.1381496062992126
11
0.445
21
0.2881496062992126
0
LINE
8
BLACK
6
CONTINUOUS
10
0.445
20
0.2881496062992126
11
0.595
21
0.2881496062992126
0
LINE
8
BLACK
6
CONTINUOUS
10
0.595
20
0.2881496062992126
11
0.595
21
0.1381496062992126
0
LINE
8
BLACK
6
CONTINUOUS
10
0.7949999999999999
20
0.1381496062992126
11
0.645
21
0.1381496062992126
0
LINE
8
BLACK
6
CONTINUOUS
10
0.645
20
0.1381496062992126
11
0.645
21
0.2881496062992126
0
LINE
8
BLACK
6
CONTINUOUS
10
0.645
20
0.2881496062992126
11
0.7949999999999999
21
0.2881496062992126
0
LINE
8
BLACK
6
CONTINUOUS
10
0.7949999999999999
20
0.2881496062992126
11
0.7949999999999999
21
0.1381496062992126
0
LINE
8
BLACK
6
CONTINUOUS
10
0.5796705511811023
20
0.6884865748031496
11
0.5807349606299212
21
0.6880456692913386
0
LINE
8
BLACK
6
CONTINUOUS
10
0.5807349606299212
20
0.6880456692913386
11
0.5815496062992126
21
0.6872310236220472
0
LINE
8
BLACK
6
CONTINUOUS
10
0.5815496062992126
20
0.6872310236220472
11
0.5819905118110236
21
0.6861666141732283
0
LINE
8
BLACK
6
CONTINUOUS
10
0.5819905118110236
20
0.6861666141732283
11
0.5819905118110236
21
0.6850144881889764
0
LINE
8
BLACK
6
CONTINUOUS
10
0.5819905118110236
20
0.6850144881889764
11
0.5819518503937008
21
0.6849211417322835
0
LINE
8
BLACK
6
CONTINUOUS
10
0.5819518503937008
20
0.6849211417322835
11
0.5820078740157481
21
0.5871692913385826
0
LINE
8
BLACK
6
CONTINUOUS
10
0.5820078740157481
20
0.5871692913385826
11
0.5819905118110236
21
0.5869929921259842
0
LINE
8
BLACK
6
CONTINUOUS
10
0.5819905118110236
20
0.5869929921259842
11
0.5819905118110236
21
0.5865932283464567
0
LINE
8
BLACK
6
CONTINUOUS
10
0.5819905118110236
20
0.5865932283464567
11
0.5815496062992126
21
0.5855288188976377
0
LINE
8
BLACK
6
CONTINUOUS
10
0.5815496062992126
20
0.5855288188976377
11
0.5807349606299212
21
0.5847141732283464
0
LINE
8
BLACK
6
CONTINUOUS
10
0.5807349606299212
20
0.5847141732283464
11
0.5796705511811023
21
0.5842732677165354
0
LINE
8
BLACK
6
CONTINUOUS
10
0.5796705511811023
20
0.5842732677165354
11
0.4609055118110236
21
0.5842165354330708
0
LINE
8
BLACK
6
CONTINUOUS
10
0.4609055118110236
20
0.5842165354330708
11
0.4603294488188976
21
0.5842732677165354
0
LINE
8
BLACK
6
CONTINUOUS
10
0.4603294488188976
20
0.5842732677165354
11
0.4592650393700787
21
0.5847141732283464
0
LINE
8
BLACK
6
CONTINUOUS
10
0.4592650393700787
20
0.5847141732283464
11
0.4584503937007874
21
0.5855288188976377
0
LINE
8
BLACK
6
CONTINUOUS
10
0.4584503937007874
20
0.5855288188976377
11
0.4580094881889764
21
0.5865932283464567
0
LINE
8
BLACK
6
CONTINUOUS
10
0.4580094881889764
20
0.5865932283464567
11
0.4580094881889764
21
0.5877453543307086
0
LINE
8
BLACK
6
CONTINUOUS
10
0.4580094881889764
20
0.5877453543307086
11
0.4580481102362204
21
0.5878386614173228
0
LINE
8
BLACK
6
CONTINUOUS
10
0.4580481102362204
20
0.5878386614173228
11
0.457992125984252
21
0.6855905511811023
0
LINE
8
BLACK
6
CONTINUOUS
10
0.457992125984252
20
0.6855905511811023
11
0.4580094881889764
21
0.685766811023622
0
LINE
8
BLACK
6
CONTINUOUS
10
0.4580094881889764
20
0.685766811023622
11
0.4580094881889764
21
0.6861666141732283
0
LINE
8
BLACK
6
CONTINUOUS
10
0.4580094881889764
20
0.6861666141732283
11
0.4584503937007874
21
0.6872310236220472
0
LINE
8
BLACK
6
CONTINUOUS
10
0.4584503937007874
20
0.6872310236220472
11
0.4592650393700787
21
0.6880456692913386
0
LINE
8
BLACK
6
CONTINUOUS
10
0.4592650393700787
20
0.6880456692913386
11
0.4603294488188976
21
0.6884865748031496
0
LINE
8
BLACK
6
CONTINUOUS
10
0.4603294488188976
20
0.6884865748031496
11
0.5790944881889764
21
0.6885433070866142
0
LINE
8
BLACK
6
CONTINUOUS
10
0.5790944881889764
20
0.6885433070866142
11
0.5796705511811023
21
0.6884865748031496
0
LINE
8
BLACK
6
CONTINUOUS
10
0.4638429133858268
20
0.6826391732283464
11
0.4638959448818897
21
0.5900670078740158
0
LINE
8
BLACK
6
CONTINUOUS
10
0.4638959448818897
20
0.5900670078740158
11
0.5761570472440944
21
0.5901206299212598
0
LINE
8
BLACK
6
CONTINUOUS
10
0.5761570472440944
20
0.5901206299212598
11
0.5761040157480315
21
0.6826927952755906
0
LINE
8
BLACK
6
CONTINUOUS
10
0.5761040157480315
20
0.6826927952755906
11
0.4638429133858268
21
0.6826391732283464
0
LINE
8
BLACK
6
CONTINUOUS
10
0.7796705511811023
20
0.6884865748031496
11
0.7807349606299212
21
0.6880456692913386
0
LINE
8
BLACK
6
CONTINUOUS
10
0.7807349606299212
20
0.6880456692913386
11
0.7815496062992126
21
0.6872310236220472
0
LINE
8
BLACK
6
CONTINUOUS
10
0.7815496062992126
20
0.6872310236220472
11
0.7819905118110236
21
0.6861666141732283
0
LINE
8
BLACK
6
CONTINUOUS
10
0.7819905118110236
20
0.6861666141732283
11
0.7819905118110236
21
0.6850144881889764
0
LINE
8
BLACK
6
CONTINUOUS
10
0.7819905118110236
20
0.6850144881889764
11
0.7819518503937007
21
0.6849211417322835
0
LINE
8
BLACK
6
CONTINUOUS
10
0.7819518503937007
20
0.6849211417322835
11
0.782007874015748
21
0.5871692913385826
0
LINE
8
BLACK
6
CONTINUOUS
10
0.782007874015748
20
0.5871692913385826
11
0.7819905118110236
21
0.5869929921259842
0
LINE
8
BLACK
6
CONTINUOUS
10
0.7819905118110236
20
0.5869929921259842
11
0.7819905118110236
21
0.5865932283464567
0
LINE
8
BLACK
6
CONTINUOUS
10
0.7819905118110236
20
0.5865932283464567
11
0.7815496062992126
21
0.5855288188976377
0
LINE
8
BLACK
6
CONTINUOUS
10
0.7815496062992126
20
0.5855288188976377
11
0.7807349606299212
21
0.5847141732283464
0
LINE
8
BLACK
6
CONTINUOUS
10
0.7807349606299212
20
0.5847141732283464
11
0.7796705511811023
21
0.5842732677165354
0
LINE
8
BLACK
6
CONTINUOUS
10
0.7796705511811023
20
0.5842732677165354
11
0.6609055118110236
21
0.5842165354330708
0
LINE
8
BLACK
6
CONTINUOUS
10
0.6609055118110236
20
0.5842165354330708
11
0.6603294488188977
21
0.5842732677165354
0
LINE
8
BLACK
6
CONTINUOUS
10
0.6603294488188977
20
0.5842732677165354
11
0.6592650393700787
21
0.5847141732283464
0
LINE
8
BLACK
6
CONTINUOUS
10
0.6592650393700787
20
0.5847141732283464
11
0.6584503937007874
21
0.5855288188976377
0
LINE
8
BLACK
6
CONTINUOUS
10
0.6584503937007874
20
0.5855288188976377
11
0.6580094881889763
21
0.5865932283464567
0
LINE
8
BLACK
6
CONTINUOUS
10
0.6580094881889763
20
0.5865932283464567
11
0.6580094881889763
21
0.5877453543307086
0
LINE
8
BLACK
6
CONTINUOUS
10
0.6580094881889763
20
0.5877453543307086
11
0.6580481102362205
21
0.5878386614173228
0
LINE
8
BLACK
6
CONTINUOUS
10
0.6580481102362205
20
0.5878386614173228
11
0.6579921259842519
21
0.6855905511811023
0
LINE
8
BLACK
6
CONTINUOUS
10
0.6579921259842519
20
0.6855905511811023
11
0.6580094881889763
21
0.685766811023622
0
LINE
8
BLACK
6
CONTINUOUS
10
0.6580094881889763
20
0.685766811023622
11
0.6580094881889763
21
0.6861666141732283
0
LINE
8
BLACK
6
CONTINUOUS
10
0.6580094881889763
20
0.6861666141732283
11
0.6584503937007874
21
0.6872310236220472
0
LINE
8
BLACK
6
CONTINUOUS
10
0.6584503937007874
20
0.6872310236220472
11
0.6592650393700787
21
0.6880456692913386
0
LINE
8
BLACK
6
CONTINUOUS
10
0.6592650393700787
20
0.6880456692913386
11
0.6603294488188977
21
0.6884865748031496
0
LINE
8
BLACK
6
CONTINUOUS
10
0.6603294488188977
20
0.6884865748031496
11
0.7790944881889763
21
0.6885433070866142
0
LINE
8
BLACK
6
CONTINUOUS
10
0.7790944881889763
20
0.6885433070866142
11
0.7796705511811023
21
0.6884865748031496
0
LINE
8
BLACK
6
CONTINUOUS
10
0.6638429133858268
20
0.6826391732283464
11
0.6638959448818897
21
0.5900670078740158
0
LINE
8
BLACK
6
CONTINUOUS
10
0.6638959448818897
20
0.5900670078740158
11
0.7761570472440945
21
0.5901206299212598
0
LINE
8
BLACK
6
CONTINUOUS
10
0.7761570472440945
20
0.5901206299212598
11
0.7761040157480315
21
0.6826927952755906
0
LINE
8
BLACK
6
CONTINUOUS
10
0.7761040157480315
20
0.6826927952755906
11
0.6638429133858268
21
0.6826391732283464
0
LINE
8
BLACK
6
CONTINUOUS
10
0.7993162204724409
20
0.7081755511811023
11
0.8003806299212598
21
0.7077346456692913
0
LINE
8
BLACK
6
CONTINUOUS
10
0.8003806299212598
20
0.7077346456692913
11
0.8011952755905511
21
0.70692
0
LINE
8
BLACK
6
CONTINUOUS
10
0.8011952755905511
20
0.70692
11
0.8016361811023622
21
0.7058555905511811
0
LINE
8
BLACK
6
CONTINUOUS
10
0.8016361811023622
20
0.7058555905511811
11
0.8016755511811023
21
0.6097562204724409
0
LINE
8
BLACK
6
CONTINUOUS
10
0.8016755511811023
20
0.6097562204724409
11
0.8184251968503937
21
0.6098031496062992
0
LINE
8
BLACK
6
CONTINUOUS
10
0.8184251968503937
20
0.6098031496062992
11
0.8190012598425197
21
0.6097464173228346
0
LINE
8
BLACK
6
CONTINUOUS
10
0.8190012598425197
20
0.6097464173228346
11
0.8200656692913386
21
0.6093055118110237
0
LINE
8
BLACK
6
CONTINUOUS
10
0.8200656692913386
20
0.6093055118110237
11
0.8208803149606299
21
0.6084908661417323
0
LINE
8
BLACK
6
CONTINUOUS
10
0.8208803149606299
20
0.6084908661417323
11
0.8213212204724409
21
0.6074264566929134
0
LINE
8
BLACK
6
CONTINUOUS
10
0.8213212204724409
20
0.6074264566929134
11
0.8213779527559055
21
0.3706299212598425
0
LINE
8
BLACK
6
CONTINUOUS
10
0.8213779527559055
20
0.3706299212598425
11
0.821325157480315
21
0.3700938188976378
0
LINE
8
BLACK
6
CONTINUOUS
10
0.821325157480315
20
0.3700938188976378
11
0.821325157480315
21
0.3700538582677165
0
LINE
8
BLACK
6
CONTINUOUS
10
0.821325157480315
20
0.3700538582677165
11
0.8213213779527558
21
0.3700447637795276
0
LINE
8
BLACK
6
CONTINUOUS
10
0.8213213779527558
20
0.3700447637795276
11
0.8213779527559055
21
0.0162992125984252
0
LINE
8
BLACK
6
CONTINUOUS
10
0.8213779527559055
20
0.0162992125984252
11
0.821325157480315
21
0.0157631102362205
0
LINE
8
BLACK
6
CONTINUOUS
10
0.821325157480315
20
0.0157631102362205
11
0.821325157480315
21
0.0157231496062992
0
LINE
8
BLACK
6
CONTINUOUS
10
0.821325157480315
20
0.0157231496062992
11
0.8208842519685039
21
0.0146587401574803
0
LINE
8
BLACK
6
CONTINUOUS
10
0.8208842519685039
20
0.0146587401574803
11
0.8200696062992126
21
0.013844094488189
0
LINE
8
BLACK
6
CONTINUOUS
10
0.8200696062992126
20
0.013844094488189
11
0.8190051968503936
21
0.013403188976378
0
LINE
8
BLACK
6
CONTINUOUS
10
0.8190051968503936
20
0.013403188976378
11
0.6215708661417323
21
0.0133464566929134
0
LINE
8
BLACK
6
CONTINUOUS
10
0.6215708661417323
20
0.0133464566929134
11
0.6209948031496063
21
0.013403188976378
0
LINE
8
BLACK
6
CONTINUOUS
10
0.6209948031496063
20
0.013403188976378
11
0.62
21
0.0138152362204724
0
LINE
8
BLACK
6
CONTINUOUS
10
0.62
20
0.0138152362204724
11
0.6190051968503937
21
0.013403188976378
0
LINE
8
BLACK
6
CONTINUOUS
10
0.6190051968503937
20
0.013403188976378
11
0.4215708661417323
21
0.0133464566929134
0
LINE
8
BLACK
6
CONTINUOUS
10
0.4215708661417323
20
0.0133464566929134
11
0.4209948031496063
21
0.013403188976378
0
LINE
8
BLACK
6
CONTINUOUS
10
0.4209948031496063
20
0.013403188976378
11
0.4199303937007874
21
0.013844094488189
0
LINE
8
BLACK
6
CONTINUOUS
10
0.4199303937007874
20
0.013844094488189
11
0.419115748031496
21
0.0146587401574803
0
LINE
8
BLACK
6
CONTINUOUS
10
0.419115748031496
20
0.0146587401574803
11
0.418674842519685
21
0.0157231496062992
0
LINE
8
BLACK
6
CONTINUOUS
10
0.418674842519685
20
0.0157231496062992
11
0.418674842519685
21
0.0168752755905512
0
LINE
8
BLACK
6
CONTINUOUS
10
0.418674842519685
20
0.0168752755905512
11
0.4186785826771653
21
0.0168843307086614
0
LINE
8
BLACK
6
CONTINUOUS
10
0.4186785826771653
20
0.0168843307086614
11
0.4186220472440945
21
0.3706299212598425
0
LINE
8
BLACK
6
CONTINUOUS
10
0.4186220472440945
20
0.3706299212598425
11
0.418674842519685
21
0.3711659842519685
0
LINE
8
BLACK
6
CONTINUOUS
10
0.418674842519685
20
0.3711659842519685
11
0.418674842519685
21
0.3712059842519685
0
LINE
8
BLACK
6
CONTINUOUS
10
0.418674842519685
20
0.3712059842519685
11
0.4186784645669291
21
0.3712148031496063
0
LINE
8
BLACK
6
CONTINUOUS
10
0.4186784645669291
20
0.3712148031496063
11
0.4186220472440945
21
0.6068503937007874
0
LINE
8
BLACK
6
CONTINUOUS
10
0.4186220472440945
20
0.6068503937007874
11
0.4186787795275591
21
0.6074264566929134
0
LINE
8
BLACK
6
CONTINUOUS
10
0.4186787795275591
20
0.6074264566929134
11
0.4191196850393701
21
0.6084908661417323
0
LINE
8
BLACK
6
CONTINUOUS
10
0.4191196850393701
20
0.6084908661417323
11
0.4199343307086614
21
0.6093055118110237
0
LINE
8
BLACK
6
CONTINUOUS
10
0.4199343307086614
20
0.6093055118110237
11
0.4209987401574803
21
0.6097464173228346
0
LINE
8
BLACK
6
CONTINUOUS
10
0.4209987401574803
20
0.6097464173228346
11
0.4383462204724409
21
0.6097949606299212
0
LINE
8
BLACK
6
CONTINUOUS
10
0.4383462204724409
20
0.6097949606299212
11
0.4383070866141732
21
0.7053149606299213
0
LINE
8
BLACK
6
CONTINUOUS
10
0.4383070866141732
20
0.7053149606299213
11
0.4383638188976378
21
0.7058910236220473
0
LINE
8
BLACK
6
CONTINUOUS
10
0.4383638188976378
20
0.7058910236220473
11
0.4388047244094488
21
0.7069554330708662
0
LINE
8
BLACK
6
CONTINUOUS
10
0.4388047244094488
20
0.7069554330708662
11
0.4396193700787401
21
0.7077700787401575
0
LINE
8
BLACK
6
CONTINUOUS
10
0.4396193700787401
20
0.7077700787401575
11
0.440683779527559
21
0.7082109842519685
0
LINE
8
BLACK
6
CONTINUOUS
10
0.440683779527559
20
0.7082109842519685
11
0.441835905511811
21
0.7082109842519685
0
LINE
8
BLACK
6
CONTINUOUS
10
0.441835905511811
20
0.7082109842519685
11
0.4419203543307086
21
0.7081759842519685
0
LINE
8
BLACK
6
CONTINUOUS
10
0.4419203543307086
20
0.7081759842519685
11
0.5987401574803149
21
0.7082322834645669
0
LINE
8
BLACK
6
CONTINUOUS
10
0.5987401574803149
20
0.7082322834645669
11
0.5993162204724409
21
0.7081755511811023
0
LINE
8
BLACK
6
CONTINUOUS
10
0.5993162204724409
20
0.7081755511811023
11
0.6003806299212598
21
0.7077346456692913
0
LINE
8
BLACK
6
CONTINUOUS
10
0.6003806299212598
20
0.7077346456692913
11
0.6011952755905512
21
0.70692
0
LINE
8
BLACK
6
CONTINUOUS
10
0.6011952755905512
20
0.70692
11
0.6016361811023622
21
0.7058555905511811
0
LINE
8
BLACK
6
CONTINUOUS
10
0.6016361811023622
20
0.7058555905511811
11
0.6016755511811024
21
0.6097562204724409
0
LINE
8
BLACK
6
CONTINUOUS
10
0.6016755511811024
20
0.6097562204724409
11
0.6184251968503937
21
0.6098031496062992
0
LINE
8
BLACK
6
CONTINUOUS
10
0.6184251968503937
20
0.6098031496062992
11
0.6190012598425196
21
0.6097464173228346
0
LINE
8
BLACK
6
CONTINUOUS
10
0.6190012598425196
20
0.6097464173228346
11
0.62
21
0.6093326771653543
0
LINE
8
BLACK
6
CONTINUOUS
10
0.62
20
0.6093326771653543
11
0.6209987401574804
21
0.6097464173228346
0
LINE
8
BLACK
6
CONTINUOUS
10
0.6209987401574804
20
0.6097464173228346
11
0.6383462204724409
21
0.6097949606299212
0
LINE
8
BLACK
6
CONTINUOUS
10
0.6383462204724409
20
0.6097949606299212
11
0.6383070866141732
21
0.7053149606299213
0
LINE
8
BLACK
6
CONTINUOUS
10
0.6383070866141732
20
0.7053149606299213
11
0.6383638188976378
21
0.7058910236220473
0
LINE
8
BLACK
6
CONTINUOUS
10
0.6383638188976378
20
0.7058910236220473
11
0.6388047244094488
21
0.7069554330708662
0
LINE
8
BLACK
6
CONTINUOUS
10
0.6388047244094488
20
0.7069554330708662
11
0.6396193700787401
21
0.7077700787401575
0
LINE
8
BLACK
6
CONTINUOUS
10
0.6396193700787401
20
0.7077700787401575
11
0.6406837795275591
21
0.7082109842519685
0
LINE
8
BLACK
6
CONTINUOUS
10
0.6406837795275591
20
0.7082109842519685
11
0.641835905511811
21
0.7082109842519685
0
LINE
8
BLACK
6
CONTINUOUS
10
0.641835905511811
20
0.7082109842519685
11
0.6419203543307086
21
0.7081759842519685
0
LINE
8
BLACK
6
CONTINUOUS
10
0.6419203543307086
20
0.7081759842519685
11
0.7987401574803149
21
0.7082322834645669
0
LINE
8
BLACK
6
CONTINUOUS
10
0.7987401574803149
20
0.7082322834645669
11
0.7993162204724409
21
0.7081755511811023
0
LINE
8
BLACK
6
CONTINUOUS
10
0.595
20
0.367726968503937
11
0.595
21
0.3538923228346457
0
LINE
8
BLACK
6
CONTINUOUS
10
0.595
20
0.3538923228346457
11
0.5987401574803149
21
0.3538937007874016
0
LINE
8
BLACK
6
CONTINUOUS
10
0.5987401574803149
20
0.3538937007874016
11
0.5993162204724409
21
0.353836968503937
0
LINE
8
BLACK
6
CONTINUOUS
10
0.5993162204724409
20
0.353836968503937
11
0.6003806299212598
21
0.353396062992126
0
LINE
8
BLACK
6
CONTINUOUS
10
0.6003806299212598
20
0.353396062992126
11
0.6011952755905512
21
0.3525814173228347
0
LINE
8
BLACK
6
CONTINUOUS
10
0.6011952755905512
20
0.3525814173228347
11
0.6016361811023622
21
0.3515170078740157
0
LINE
8
BLACK
6
CONTINUOUS
10
0.6016361811023622
20
0.3515170078740157
11
0.6016929133858268
21
0.0359803149606299
0
LINE
8
BLACK
6
CONTINUOUS
10
0.6016929133858268
20
0.0359803149606299
11
0.6016361811023622
21
0.0354042519685039
0
LINE
8
BLACK
6
CONTINUOUS
10
0.6016361811023622
20
0.0354042519685039
11
0.6011952755905512
21
0.034339842519685
0
LINE
8
BLACK
6
CONTINUOUS
10
0.6011952755905512
20
0.034339842519685
11
0.6003806299212598
21
0.0335251968503937
0
LINE
8
BLACK
6
CONTINUOUS
10
0.6003806299212598
20
0.0335251968503937
11
0.5993162204724409
21
0.0330842913385827
0
LINE
8
BLACK
6
CONTINUOUS
10
0.5993162204724409
20
0.0330842913385827
11
0.441259842519685
21
0.0330275590551181
0
LINE
8
BLACK
6
CONTINUOUS
10
0.441259842519685
20
0.0330275590551181
11
0.440683779527559
21
0.0330842913385827
0
LINE
8
BLACK
6
CONTINUOUS
10
0.440683779527559
20
0.0330842913385827
11
0.4396193700787401
21
0.0335251968503937
0
LINE
8
BLACK
6
CONTINUOUS
10
0.4396193700787401
20
0.0335251968503937
11
0.4388047244094488
21
0.034339842519685
0
LINE
8
BLACK
6
CONTINUOUS
10
0.4388047244094488
20
0.034339842519685
11
0.4383638188976378
21
0.0354042519685039
0
LINE
8
BLACK
6
CONTINUOUS
10
0.4383638188976378
20
0.0354042519685039
11
0.4383070866141732
21
0.3509409448818898
0
LINE
8
BLACK
6
CONTINUOUS
10
0.4383070866141732
20
0.3509409448818898
11
0.4383638188976378
21
0.3515170078740157
0
LINE
8
BLACK
6
CONTINUOUS
10
0.4383638188976378
20
0.3515170078740157
11
0.4388047244094488
21
0.3525814173228347
0
LINE
8
BLACK
6
CONTINUOUS
10
0.4388047244094488
20
0.3525814173228347
11
0.4396193700787401
21
0.353396062992126
0
LINE
8
BLACK
6
CONTINUOUS
10
0.4396193700787401
20
0.353396062992126
11
0.440683779527559
21
0.353836968503937
0
LINE
8
BLACK
6
CONTINUOUS
10
0.440683779527559
20
0.353836968503937
11
0.445
21
0.3538385039370079
0
LINE
8
BLACK
6
CONTINUOUS
10
0.445
20
0.3538385039370079
11
0.445
21
0.3676838976377952
0
LINE
8
BLACK
6
CONTINUOUS
10
0.445
20
0.3676838976377952
11
0.4244713779527559
21
0.3676779921259842
0
LINE
8
BLACK
6
CONTINUOUS
10
0.4244713779527559
20
0.3676779921259842
11
0.4245270866141732
21
0.0191962204724409
0
LINE
8
BLACK
6
CONTINUOUS
10
0.4245270866141732
20
0.0191962204724409
11
0.6155285826771654
21
0.0192511023622047
0
LINE
8
BLACK
6
CONTINUOUS
10
0.6155285826771654
20
0.0192511023622047
11
0.615472874015748
21
0.367732874015748
0
LINE
8
BLACK
6
CONTINUOUS
10
0.615472874015748
20
0.367732874015748
11
0.595
21
0.367726968503937
0
LINE
8
BLACK
6
CONTINUOUS
10
0.7949999999999999
20
0.367726968503937
11
0.7949999999999999
21
0.3538923228346457
0
LINE
8
BLACK
6
CONTINUOUS
10
0.7949999999999999
20
0.3538923228346457
11
0.7987401574803149
21
0.3538937007874016
0
LINE
8
BLACK
6
CONTINUOUS
10
0.7987401574803149
20
0.3538937007874016
11
0.7993162204724409
21
0.353836968503937
0
LINE
8
BLACK
6
CONTINUOUS
10
0.7993162204724409
20
0.353836968503937
11
0.8003806299212598
21
0.353396062992126
0
LINE
8
BLACK
6
CONTINUOUS
10
0.8003806299212598
20
0.353396062992126
11
0.8011952755905511
21
0.3525814173228347
0
LINE
8
BLACK
6
CONTINUOUS
10
0.8011952755905511
20
0.3525814173228347
11
0.8016361811023622
21
0.3515170078740157
0
LINE
8
BLACK
6
CONTINUOUS
10
0.8016361811023622
20
0.3515170078740157
11
0.8016929133858267
21
0.0359803149606299
0
LINE
8
BLACK
6
CONTINUOUS
10
0.8016929133858267
20
0.0359803149606299
11
0.8016361811023622
21
0.0354042519685039
0
LINE
8
BLACK
6
CONTINUOUS
10
0.8016361811023622
20
0.0354042519685039
11
0.8011952755905511
21
0.034339842519685
0
LINE
8
BLACK
6
CONTINUOUS
10
0.8011952755905511
20
0.034339842519685
11
0.8003806299212598
21
0.0335251968503937
0
LINE
8
BLACK
6
CONTINUOUS
10
0.8003806299212598
20
0.0335251968503937
11
0.7993162204724409
21
0.0330842913385827
0
LINE
8
BLACK
6
CONTINUOUS
10
0.7993162204724409
20
0.0330842913385827
11
0.641259842519685
21
0.0330275590551181
0
LINE
8
BLACK
6
CONTINUOUS
10
0.641259842519685
20
0.0330275590551181
11
0.6406837795275591
21
0.0330842913385827
0
LINE
8
BLACK
6
CONTINUOUS
10
0.6406837795275591
20
0.0330842913385827
11
0.6396193700787401
21
0.0335251968503937
0
LINE
8
BLACK
6
CONTINUOUS
10
0.6396193700787401
20
0.0335251968503937
11
0.6388047244094488
21
0.034339842519685
0
LINE
8
BLACK
6
CONTINUOUS
10
0.6388047244094488
20
0.034339842519685
11
0.6383638188976378
21
0.0354042519685039
0
LINE
8
BLACK
6
CONTINUOUS
10
0.6383638188976378
20
0.0354042519685039
11
0.6383070866141732
21
0.3509409448818898
0
LINE
8
BLACK
6
CONTINUOUS
10
0.6383070866141732
20
0.3509409448818898
11
0.6383638188976378
21
0.3515170078740157
0
LINE
8
BLACK
6
CONTINUOUS
10
0.6383638188976378
20
0.3515170078740157
11
0.6388047244094488
21
0.3525814173228347
0
LINE
8
BLACK
6
CONTINUOUS
10
0.6388047244094488
20
0.3525814173228347
11
0.6396193700787401
21
0.353396062992126
0
LINE
8
BLACK
6
CONTINUOUS
10
0.6396193700787401
20
0.353396062992126
11
0.6406837795275591
21
0.353836968503937
0
LINE
8
BLACK
6
CONTINUOUS
10
0.6406837795275591
20
0.353836968503937
11
0.645
21
0.3538385039370079
0
LINE
8
BLACK
6
CONTINUOUS
10
0.645
20
0.3538385039370079
11
0.645
21
0.3676838976377952
0
LINE
8
BLACK
6
CONTINUOUS
10
0.645
20
0.3676838976377952
11
0.6244713779527559
21
0.3676779921259842
0
LINE
8
BLACK
6
CONTINUOUS
10
0.6244713779527559
20
0.3676779921259842
11
0.6245270866141732
21
0.0191962204724409
0
LINE
8
BLACK
6
CONTINUOUS
10
0.6245270866141732
20
0.0191962204724409
11
0.8155285826771653
21
0.0192511023622047
0
LINE
8
BLACK
6
CONTINUOUS
10
0.8155285826771653
20
0.0192511023622047
11
0.815472874015748
21
0.367732874015748
0
LINE
8
BLACK
6
CONTINUOUS
10
0.815472874015748
20
0.367732874015748
11
0.7949999999999999
21
0.367726968503937
0
LINE
8
BLACK
6
CONTINUOUS
10
0.595
20
0.3480433464566929
11
0.595
21
0.335
0
LINE
8
BLACK
6
CONTINUOUS
10
0.595
20
0.335
11
0.445
21
0.335
0
LINE
8
BLACK
6
CONTINUOUS
10
0.445
20
0.335
11
0.445
21
0.3479895275590551
0
LINE
8
BLACK
6
CONTINUOUS
10
0.445
20
0.3479895275590551
11
0.4441564960629921
21
0.3479892125984252
0
LINE
8
BLACK
6
CONTINUOUS
10
0.4441564960629921
20
0.3479892125984252
11
0.4442120472440945
21
0.0388775984251968
0
LINE
8
BLACK
6
CONTINUOUS
10
0.4442120472440945
20
0.0388775984251968
11
0.5958434645669292
21
0.0389320078740157
0
LINE
8
BLACK
6
CONTINUOUS
10
0.5958434645669292
20
0.0389320078740157
11
0.5957879133858267
21
0.3480436220472441
0
LINE
8
BLACK
6
CONTINUOUS
10
0.5957879133858267
20
0.3480436220472441
11
0.595
21
0.3480433464566929
0
LINE
8
BLACK
6
CONTINUOUS
10
0.7949999999999999
20
0.3480433464566929
11
0.7949999999999999
21
0.335
0
LINE
8
BLACK
6
CONTINUOUS
10
0.7949999999999999
20
0.335
11
0.7187543307086613
21
0.335
0
LINE
8
BLACK
6
CONTINUOUS
10
0.7187543307086613
20
0.335
11
0.7188474015748031
21
0.297142874015748
0
LINE
8
BLACK
6
CONTINUOUS
10
0.7188474015748031
20
0.297142874015748
11
0.718732125984252
21
0.2959723228346456
0
LINE
8
BLACK
6
CONTINUOUS
10
0.718732125984252
20
0.2959723228346456
11
0.7178362204724409
21
0.2938094488188976
0
LINE
8
BLACK
6
CONTINUOUS
10
0.7178362204724409
20
0.2938094488188976
11
0.7161808267716535
21
0.2921540551181102
0
LINE
8
BLACK
6
CONTINUOUS
10
0.7161808267716535
20
0.2921540551181102
11
0.7140179527559055
21
0.2912581496062992
0
LINE
8
BLACK
6
CONTINUOUS
10
0.7140179527559055
20
0.2912581496062992
11
0.7116768503937008
21
0.2912581496062992
0
LINE
8
BLACK
6
CONTINUOUS
10
0.7116768503937008
20
0.2912581496062992
11
0.7095139763779528
21
0.2921540551181102
0
LINE
8
BLACK
6
CONTINUOUS
10
0.7095139763779528
20
0.2921540551181102
11
0.7078585826771654
21
0.2938094488188976
0
LINE
8
BLACK
6
CONTINUOUS
10
0.7078585826771654
20
0.2938094488188976
11
0.7069626771653543
21
0.2959723228346456
0
LINE
8
BLACK
6
CONTINUOUS
10
0.7069626771653543
20
0.2959723228346456
11
0.7068667322834645
21
0.335
0
LINE
8
BLACK
6
CONTINUOUS
10
0.7068667322834645
20
0.335
11
0.645
21
0.335
0
LINE
8
BLACK
6
CONTINUOUS
10
0.645
20
0.335
11
0.645
21
0.3479895275590551
0
LINE
8
BLACK
6
CONTINUOUS
10
0.645
20
0.3479895275590551
11
0.6441564960629921
21
0.3479892125984252
0
LINE
8
BLACK
6
CONTINUOUS
10
0.6441564960629921
20
0.3479892125984252
11
0.6442120472440944
21
0.0388775984251968
0
LINE
8
BLACK
6
CONTINUOUS
10
0.6442120472440944
20
0.0388775984251968
11
0.7958434645669291
21
0.0389320078740157
0
LINE
8
BLACK
6
CONTINUOUS
10
0.7958434645669291
20
0.0389320078740157
11
0.7957879133858268
21
0.3480436220472441
0
LINE
8
BLACK
6
CONTINUOUS
10
0.7957879133858268
20
0.3480436220472441
11
0.7949999999999999
21
0.3480433464566929
0
LINE
8
BLACK
6
CONTINUOUS
10
0.4244716535433071
20
0.6039057480314961
11
0.4245268503937008
21
0.3735269291338583
0
LINE
8
BLACK
6
CONTINUOUS
10
0.4245268503937008
20
0.3735269291338583
11
0.445
21
0.3735328346456693
0
LINE
8
BLACK
6
CONTINUOUS
10
0.445
20
0.3735328346456693
11
0.445
21
0.485
0
LINE
8
BLACK
6
CONTINUOUS
10
0.445
20
0.485
11
0.4580315354330708
21
0.485
0
LINE
8
BLACK
6
CONTINUOUS
10
0.4580315354330708
20
0.485
11
0.4579935039370079
21
0.5645335433070866
0
LINE
8
BLACK
6
CONTINUOUS
10
0.4579935039370079
20
0.5645335433070866
11
0.441259842519685
21
0.5645275590551181
0
LINE
8
BLACK
6
CONTINUOUS
10
0.441259842519685
20
0.5645275590551181
11
0.440683779527559
21
0.5645842913385827
0
LINE
8
BLACK
6
CONTINUOUS
10
0.440683779527559
20
0.5645842913385827
11
0.4396193700787401
21
0.5650251968503937
0
LINE
8
BLACK
6
CONTINUOUS
10
0.4396193700787401
20
0.5650251968503937
11
0.4388047244094488
21
0.565839842519685
0
LINE
8
BLACK
6
CONTINUOUS
10
0.4388047244094488
20
0.565839842519685
11
0.4383638188976378
21
0.5669042519685039
0
LINE
8
BLACK
6
CONTINUOUS
10
0.4383638188976378
20
0.5669042519685039
11
0.4383486220472441
21
0.6039445669291339
0
LINE
8
BLACK
6
CONTINUOUS
10
0.4383486220472441
20
0.6039445669291339
11
0.4244716535433071
21
0.6039057480314961
0
LINE
8
BLACK
6
CONTINUOUS
10
0.624471653543307
20
0.6039057480314961
11
0.6245268503937008
21
0.3735269291338583
0
LINE
8
BLACK
6
CONTINUOUS
10
0.6245268503937008
20
0.3735269291338583
11
0.645
21
0.3735328346456693
0
LINE
8
BLACK
6
CONTINUOUS
10
0.645
20
0.3735328346456693
11
0.645
21
0.485
0
LINE
8
BLACK
6
CONTINUOUS
10
0.645
20
0.485
11
0.6580315354330708
21
0.485
0
LINE
8
BLACK
6
CONTINUOUS
10
0.6580315354330708
20
0.485
11
0.6579935039370078
21
0.5645335433070866
0
LINE
8
BLACK
6
CONTINUOUS
10
0.6579935039370078
20
0.5645335433070866
11
0.641259842519685
21
0.5645275590551181
0
LINE
8
BLACK
6
CONTINUOUS
10
0.641259842519685
20
0.5645275590551181
11
0.6406837795275591
21
0.5645842913385827
0
LINE
8
BLACK
6
CONTINUOUS
10
0.6406837795275591
20
0.5645842913385827
11
0.6396193700787401
21
0.5650251968503937
0
LINE
8
BLACK
6
CONTINUOUS
10
0.6396193700787401
20
0.5650251968503937
11
0.6388047244094488
21
0.565839842519685
0
LINE
8
BLACK
6
CONTINUOUS
10
0.6388047244094488
20
0.565839842519685
11
0.6383638188976378
21
0.5669042519685039
0
LINE
8
BLACK
6
CONTINUOUS
10
0.6383638188976378
20
0.5669042519685039
11
0.6383486220472441
21
0.6039445669291339
0
LINE
8
BLACK
6
CONTINUOUS
10
0.6383486220472441
20
0.6039445669291339
11
0.624471653543307
21
0.6039057480314961
0
LINE
8
BLACK
6
CONTINUOUS
10
0.6016779527559055
20
0.6039058267716535
11
0.6016929133858268
21
0.5674803149606299
0
LINE
8
BLACK
6
CONTINUOUS
10
0.6016929133858268
20
0.5674803149606299
11
0.6016361811023622
21
0.5669042519685039
0
LINE
8
BLACK
6
CONTINUOUS
10
0.6016361811023622
20
0.5669042519685039
11
0.6011952755905512
21
0.565839842519685
0
LINE
8
BLACK
6
CONTINUOUS
10
0.6011952755905512
20
0.565839842519685
11
0.6003806299212598
21
0.5650251968503937
0
LINE
8
BLACK
6
CONTINUOUS
10
0.6003806299212598
20
0.5650251968503937
11
0.5993162204724409
21
0.5645842913385827
0
LINE
8
BLACK
6
CONTINUOUS
10
0.5993162204724409
20
0.5645842913385827
11
0.5819527952755905
21
0.564578031496063
0
LINE
8
BLACK
6
CONTINUOUS
10
0.5819527952755905
20
0.564578031496063
11
0.5819908267716535
21
0.485
0
LINE
8
BLACK
6
CONTINUOUS
10
0.5819908267716535
20
0.485
11
0.595
21
0.485
0
LINE
8
BLACK
6
CONTINUOUS
10
0.595
20
0.485
11
0.595
21
0.373575905511811
0
LINE
8
BLACK
6
CONTINUOUS
10
0.595
20
0.373575905511811
11
0.6155283070866142
21
0.373581811023622
0
LINE
8
BLACK
6
CONTINUOUS
10
0.6155283070866142
20
0.373581811023622
11
0.6154731102362204
21
0.6039444881889764
0
LINE
8
BLACK
6
CONTINUOUS
10
0.6154731102362204
20
0.6039444881889764
11
0.6016779527559055
21
0.6039058267716535
0
LINE
8
BLACK
6
CONTINUOUS
10
0.8016779527559055
20
0.6039058267716535
11
0.8016929133858267
21
0.5674803149606299
0
LINE
8
BLACK
6
CONTINUOUS
10
0.8016929133858267
20
0.5674803149606299
11
0.8016361811023622
21
0.5669042519685039
0
LINE
8
BLACK
6
CONTINUOUS
10
0.8016361811023622
20
0.5669042519685039
11
0.8011952755905511
21
0.565839842519685
0
LINE
8
BLACK
6
CONTINUOUS
10
0.8011952755905511
20
0.565839842519685
11
0.8003806299212598
21
0.5650251968503937
0
LINE
8
BLACK
6
CONTINUOUS
10
0.8003806299212598
20
0.5650251968503937
11
0.7993162204724409
21
0.5645842913385827
0
LINE
8
BLACK
6
CONTINUOUS
10
0.7993162204724409
20
0.5645842913385827
11
0.7819527952755906
21
0.564578031496063
0
LINE
8
BLACK
6
CONTINUOUS
10
0.7819527952755906
20
0.564578031496063
11
0.7819908267716535
21
0.485
0
LINE
8
BLACK
6
CONTINUOUS
10
0.7819908267716535
20
0.485
11
0.7949999999999999
21
0.485
0
LINE
8
BLACK
6
CONTINUOUS
10
0.7949999999999999
20
0.485
11
0.7949999999999999
21
0.373575905511811
0
LINE
8
BLACK
6
CONTINUOUS
10
0.7949999999999999
20
0.373575905511811
11
0.8155283070866142
21
0.373581811023622
0
LINE
8
BLACK
6
CONTINUOUS
10
0.8155283070866142
20
0.373581811023622
11
0.8154731102362205
21
0.6039444881889764
0
LINE
8
BLACK
6
CONTINUOUS
10
0.8154731102362205
20
0.6039444881889764
11
0.8016779527559055
21
0.6039058267716535
0
LINE
8
BLACK
6
CONTINUOUS
10
0.6638425590551181
20
0.5645356299212598
11
0.6638805905511811
21
0.485
0
LINE
8
BLACK
6
CONTINUOUS
10
0.6638805905511811
20
0.485
11
0.7761417716535433
21
0.485
0
LINE
8
BLACK
6
CONTINUOUS
10
0.7761417716535433
20
0.485
11
0.7761037401574803
21
0.5645759448818898
0
LINE
8
BLACK
6
CONTINUOUS
10
0.7761037401574803
20
0.5645759448818898
11
0.6638425590551181
21
0.5645356299212598
0
LINE
8
BLACK
6
CONTINUOUS
10
0.4638425590551181
20
0.5645356299212598
11
0.4638805905511811
21
0.485
0
LINE
8
BLACK
6
CONTINUOUS
10
0.4638805905511811
20
0.485
11
0.5761417716535433
21
0.485
0
LINE
8
BLACK
6
CONTINUOUS
10
0.5761417716535433
20
0.485
11
0.5761037401574803
21
0.5645759448818898
0
LINE
8
BLACK
6
CONTINUOUS
10
0.5761037401574803
20
0.5645759448818898
11
0.4638425590551181
21
0.5645356299212598
0
LINE
8
BLACK
6
CONTINUOUS
10
0.4441573228346457
20
0.7023277952755905
11
0.4442113779527559
21
0.5703775984251969
0
LINE
8
BLACK
6
CONTINUOUS
10
0.4442113779527559
20
0.5703775984251969
11
0.5958426771653543
21
0.5704320078740157
0
LINE
8
BLACK
6
CONTINUOUS
10
0.5958426771653543
20
0.5704320078740157
11
0.5957885826771654
21
0.7023822047244095
0
LINE
8
BLACK
6
CONTINUOUS
10
0.5957885826771654
20
0.7023822047244095
11
0.4441573228346457
21
0.7023277952755905
0
LINE
8
BLACK
6
CONTINUOUS
10
0.6441573228346457
20
0.7023277952755905
11
0.6442113779527558
21
0.5703775984251969
0
LINE
8
BLACK
6
CONTINUOUS
10
0.6442113779527558
20
0.5703775984251969
11
0.7958426771653543
21
0.5704320078740157
0
LINE
8
BLACK
6
CONTINUOUS
10
0.7958426771653543
20
0.5704320078740157
11
0.7957885826771653
21
0.7023822047244095
0
LINE
8
BLACK
6
CONTINUOUS
10
0.7957885826771653
20
0.7023822047244095
11
0.6441573228346457
21
0.7023277952755905
0
LINE
8
BLACK
6
CONTINUOUS
10
0.3978579527559055
20
0.3476231496062992
11
0.3999867716535433
21
0.3467413385826771
0
LINE
8
BLACK
6
CONTINUOUS
10
0.3999867716535433
20
0.3467413385826771
11
0.401616062992126
21
0.3451120472440945
0
LINE
8
BLACK
6
CONTINUOUS
10
0.401616062992126
20
0.3451120472440945
11
0.402497874015748
21
0.3429832283464567
0
LINE
8
BLACK
6
CONTINUOUS
10
0.402497874015748
20
0.3429832283464567
11
0.402497874015748
21
0.3406789763779527
0
LINE
8
BLACK
6
CONTINUOUS
10
0.402497874015748
20
0.3406789763779527
11
0.401616062992126
21
0.338550157480315
0
LINE
8
BLACK
6
CONTINUOUS
10
0.401616062992126
20
0.338550157480315
11
0.3999867716535433
21
0.3369208661417323
0
LINE
8
BLACK
6
CONTINUOUS
10
0.3999867716535433
20
0.3369208661417323
11
0.3978579527559055
21
0.3360390551181102
0
LINE
8
BLACK
6
CONTINUOUS
10
0.3978579527559055
20
0.3360390551181102
11
0.3376507086614173
21
0.3359255905511811
0
LINE
8
BLACK
6
CONTINUOUS
10
0.3376507086614173
20
0.3359255905511811
11
0.3364985826771654
21
0.3360390551181102
0
LINE
8
BLACK
6
CONTINUOUS
10
0.3364985826771654
20
0.3360390551181102
11
0.3343697637795275
21
0.3369208661417323
0
LINE
8
BLACK
6
CONTINUOUS
10
0.3343697637795275
20
0.3369208661417323
11
0.3327404724409449
21
0.338550157480315
0
LINE
8
BLACK
6
CONTINUOUS
10
0.3327404724409449
20
0.338550157480315
11
0.3318586614173228
21
0.3406789763779527
0
LINE
8
BLACK
6
CONTINUOUS
10
0.3318586614173228
20
0.3406789763779527
11
0.3318586614173228
21
0.3429832283464567
0
LINE
8
BLACK
6
CONTINUOUS
10
0.3318586614173228
20
0.3429832283464567
11
0.3327404724409449
21
0.3451120472440945
0
LINE
8
BLACK
6
CONTINUOUS
10
0.3327404724409449
20
0.3451120472440945
11
0.3343697637795275
21
0.3467413385826771
0
LINE
8
BLACK
6
CONTINUOUS
10
0.3343697637795275
20
0.3467413385826771
11
0.3364985826771654
21
0.3476231496062992
0
LINE
8
BLACK
6
CONTINUOUS
10
0.3364985826771654
20
0.3476231496062992
11
0.3967058267716536
21
0.3477366141732283
0
LINE
8
BLACK
6
CONTINUOUS
10
0.3967058267716536
20
0.3477366141732283
11
0.3978579527559055
21
0.3476231496062992
0
LINE
8
BLACK
6
CONTINUOUS
10
0.8978579527559055
20
0.3476231496062992
11
0.8999867716535432
21
0.3467413385826771
0
LINE
8
BLACK
6
CONTINUOUS
10
0.8999867716535432
20
0.3467413385826771
11
0.9016160629921259
21
0.3451120472440945
0
LINE
8
BLACK
6
CONTINUOUS
10
0.9016160629921259
20
0.3451120472440945
11
0.902497874015748
21
0.3429832283464567
0
LINE
8
BLACK
6
CONTINUOUS
10
0.902497874015748
20
0.3429832283464567
11
0.902497874015748
21
0.3406789763779527
0
LINE
8
BLACK
6
CONTINUOUS
10
0.902497874015748
20
0.3406789763779527
11
0.9016160629921259
21
0.338550157480315
0
LINE
8
BLACK
6
CONTINUOUS
10
0.9016160629921259
20
0.338550157480315
11
0.8999867716535432
21
0.3369208661417323
0
LINE
8
BLACK
6
CONTINUOUS
10
0.8999867716535432
20
0.3369208661417323
11
0.8978579527559055
21
0.3360390551181102
0
LINE
8
BLACK
6
CONTINUOUS
10
0.8978579527559055
20
0.3360390551181102
11
0.8376507086614173
21
0.3359255905511811
0
LINE
8
BLACK
6
CONTINUOUS
10
0.8376507086614173
20
0.3359255905511811
11
0.8364985826771654
21
0.3360390551181102
0
LINE
8
BLACK
6
CONTINUOUS
10
0.8364985826771654
20
0.3360390551181102
11
0.8343697637795275
21
0.3369208661417323
0
LINE
8
BLACK
6
CONTINUOUS
10
0.8343697637795275
20
0.3369208661417323
11
0.8327404724409448
21
0.338550157480315
0
LINE
8
BLACK
6
CONTINUOUS
10
0.8327404724409448
20
0.338550157480315
11
0.8318586614173228
21
0.3406789763779527
0
LINE
8
BLACK
6
CONTINUOUS
10
0.8318586614173228
20
0.3406789763779527
11
0.8318586614173228
21
0.3429832283464567
0
LINE
8
BLACK
6
CONTINUOUS
10
0.8318586614173228
20
0.3429832283464567
11
0.8327404724409448
21
0.3451120472440945
0
LINE
8
BLACK
6
CONTINUOUS
10
0.8327404724409448
20
0.3451120472440945
11
0.8343697637795275
21
0.3467413385826771
0
LINE
8
BLACK
6
CONTINUOUS
10
0.8343697637795275
20
0.3467413385826771
11
0.8364985826771654
21
0.3476231496062992
0
LINE
8
BLACK
6
CONTINUOUS
10
0.8364985826771654
20
0.3476231496062992
11
0.8967058267716536
21
0.3477366141732283
0
LINE
8
BLACK
6
CONTINUOUS
10
0.8967058267716536
20
0.3477366141732283
11
0.8978579527559055
21
0.3476231496062992
0
LINE
8
BLACK
6
CONTINUOUS
10
1.0978579527559056
20
0.3522262598425197
11
1.0999867716535432
21
0.3513444488188976
0
LINE
8
BLACK
6
CONTINUOUS
10
1.0999867716535432
20
0.3513444488188976
11
1.1016160629921259
21
0.349715157480315
0
LINE
8
BLACK
6
CONTINUOUS
10
1.1016160629921259
20
0.349715157480315
11
1.1024978740157481
21
0.3475863385826772
0
LINE
8
BLACK
6
CONTINUOUS
10
1.1024978740157481
20
0.3475863385826772
11
1.1024978740157481
21
0.3452820866141732
0
LINE
8
BLACK
6
CONTINUOUS
10
1.1024978740157481
20
0.3452820866141732
11
1.1016160629921259
21
0.3431532677165354
0
LINE
8
BLACK
6
CONTINUOUS
10
1.1016160629921259
20
0.3431532677165354
11
1.0999867716535432
21
0.3415239763779527
0
LINE
8
BLACK
6
CONTINUOUS
10
1.0999867716535432
20
0.3415239763779527
11
1.0978579527559056
21
0.3406421653543307
0
LINE
8
BLACK
6
CONTINUOUS
10
1.0978579527559056
20
0.3406421653543307
11
1.0376507086614173
21
0.3405287007874016
0
LINE
8
BLACK
6
CONTINUOUS
10
1.0376507086614173
20
0.3405287007874016
11
1.0364985826771653
21
0.3406421653543307
0
LINE
8
BLACK
6
CONTINUOUS
10
1.0364985826771653
20
0.3406421653543307
11
1.0343697637795275
21
0.3415239763779527
0
LINE
8
BLACK
6
CONTINUOUS
10
1.0343697637795275
20
0.3415239763779527
11
1.0327404724409448
21
0.3431532677165354
0
LINE
8
BLACK
6
CONTINUOUS
10
1.0327404724409448
20
0.3431532677165354
11
1.0318586614173229
21
0.3452820866141732
0
LINE
8
BLACK
6
CONTINUOUS
10
1.0318586614173229
20
0.3452820866141732
11
1.0318586614173229
21
0.3475863385826772
0
LINE
8
BLACK
6
CONTINUOUS
10
1.0318586614173229
20
0.3475863385826772
11
1.0327404724409448
21
0.349715157480315
0
LINE
8
BLACK
6
CONTINUOUS
10
1.0327404724409448
20
0.349715157480315
11
1.0343697637795275
21
0.3513444488188976
0
LINE
8
BLACK
6
CONTINUOUS
10
1.0343697637795275
20
0.3513444488188976
11
1.0364985826771653
21
0.3522262598425197
0
LINE
8
BLACK
6
CONTINUOUS
10
1.0364985826771653
20
0.3522262598425197
11
1.0967058267716536
21
0.3523397244094488
0
LINE
8
BLACK
6
CONTINUOUS
10
1.0967058267716536
20
0.3523397244094488
11
1.0978579527559056
21
0.3522262598425197
0
LINE
8
BLACK
6
CONTINUOUS
10
0.18
20
0.38
11
0.12
21
0.38
0
LINE
8
BLACK
6
CONTINUOUS
10
0.12
20
0.38
11
0.12
21
0.44
0
LINE
8
BLACK
6
CONTINUOUS
10
0.12
20
0.44
11
0.18
21
0.44
0
LINE
8
BLACK
6
CONTINUOUS
10
0.18
20
0.44
11
0.18
21
0.38
0
LINE
8
BLACK
6
CONTINUOUS
10
0.28
20
0.38
11
0.22
21
0.38
0
LINE
8
BLACK
6
CONTINUOUS
10
0.22
20
0.38
11
0.22
21
0.44
0
LINE
8
BLACK
6
CONTINUOUS
10
0.22
20
0.44
11
0.28
21
0.44
0
LINE
8
BLACK
6
CONTINUOUS
10
0.28
20
0.44
11
0.28
21
0.38
0
LINE
8
BLACK
6
CONTINUOUS
10
0.18
20
0.48
11
0.12
21
0.48
0
LINE
8
BLACK
6
CONTINUOUS
10
0.12
20
0.48
11
0.12
21
0.54
0
LINE
8
BLACK
6
CONTINUOUS
10
0.12
20
0.54
11
0.18
21
0.54
0
LINE
8
BLACK
6
CONTINUOUS
10
0.18
20
0.54
11
0.18
21
0.48
0
LINE
8
BLACK
6
CONTINUOUS
10
0.28
20
0.48
11
0.22
21
0.48
0
LINE
8
BLACK
6
CONTINUOUS
10
0.22
20
0.48
11
0.22
21
0.54
0
LINE
8
BLACK
6
CONTINUOUS
10
0.22
20
0.54
11
0.28
21
0.54
0
LINE
8
BLACK
6
CONTINUOUS
10
0.28
20
0.54
11
0.28
21
0.48
0
LINE
8
BLACK
6
CONTINUOUS
10
0.18
20
0.58
11
0.12
21
0.58
0
LINE
8
BLACK
6
CONTINUOUS
10
0.12
20
0.58
11
0.12
21
0.64
0
LINE
8
BLACK
6
CONTINUOUS
10
0.12
20
0.64
11
0.18
21
0.64
0
LINE
8
BLACK
6
CONTINUOUS
10
0.18
20
0.64
11
0.18
21
0.58
0
LINE
8
BLACK
6
CONTINUOUS
10
0.28
20
0.58
11
0.22
21
0.58
0
LINE
8
BLACK
6
CONTINUOUS
10
0.22
20
0.58
11
0.22
21
0.64
0
LINE
8
BLACK
6
CONTINUOUS
10
0.22
20
0.64
11
0.28
21
0.64
0
LINE
8
BLACK
6
CONTINUOUS
10
0.28
20
0.64
11
0.28
21
0.58
0
LINE
8
BLACK
6
CONTINUOUS
10
0.300576062992126
20
0.6628960236220472
11
0.3016404724409449
21
0.6624551181102362
0
LINE
8
BLACK
6
CONTINUOUS
10
0.3016404724409449
20
0.6624551181102362
11
0.3024551181102362
21
0.6616404724409448
0
LINE
8
BLACK
6
CONTINUOUS
10
0.3024551181102362
20
0.6616404724409448
11
0.3028960236220473
21
0.660576062992126
0
LINE
8
BLACK
6
CONTINUOUS
10
0.3028960236220473
20
0.660576062992126
11
0.3029527559055118
21
0.36
0
LINE
8
BLACK
6
CONTINUOUS
10
0.3029527559055118
20
0.36
11
0.3028960236220473
21
0.359423937007874
0
LINE
8
BLACK
6
CONTINUOUS
10
0.3028960236220473
20
0.359423937007874
11
0.3024551181102362
21
0.3583595275590551
0
LINE
8
BLACK
6
CONTINUOUS
10
0.3024551181102362
20
0.3583595275590551
11
0.3016404724409449
21
0.3575448818897637
0
LINE
8
BLACK
6
CONTINUOUS
10
0.3016404724409449
20
0.3575448818897637
11
0.300576062992126
21
0.3571039763779528
0
LINE
8
BLACK
6
CONTINUOUS
10
0.300576062992126
20
0.3571039763779528
11
0.1
21
0.3570472440944882
0
LINE
8
BLACK
6
CONTINUOUS
10
0.1
20
0.3570472440944882
11
0.099423937007874
21
0.3571039763779528
0
LINE
8
BLACK
6
CONTINUOUS
10
0.099423937007874
20
0.3571039763779528
11
0.0983595275590551
21
0.3575448818897637
0
LINE
8
BLACK
6
CONTINUOUS
10
0.0983595275590551
20
0.3575448818897637
11
0.0975448818897638
21
0.3583595275590551
0
LINE
8
BLACK
6
CONTINUOUS
10
0.0975448818897638
20
0.3583595275590551
11
0.0971039763779527
21
0.359423937007874
0
LINE
8
BLACK
6
CONTINUOUS
10
0.0971039763779527
20
0.359423937007874
11
0.0970472440944882
21
0.66
0
LINE
8
BLACK
6
CONTINUOUS
10
0.0970472440944882
20
0.66
11
0.0971039763779527
21
0.660576062992126
0
LINE
8
BLACK
6
CONTINUOUS
10
0.0971039763779527
20
0.660576062992126
11
0.0975448818897638
21
0.6616404724409448
0
LINE
8
BLACK
6
CONTINUOUS
10
0.0975448818897638
20
0.6616404724409448
11
0.0983595275590551
21
0.6624551181102362
0
LINE
8
BLACK
6
CONTINUOUS
10
0.0983595275590551
20
0.6624551181102362
11
0.099423937007874
21
0.6628960236220472
0
LINE
8
BLACK
6
CONTINUOUS
10
0.099423937007874
20
0.6628960236220472
11
0.3
21
0.6629527559055118
0
LINE
8
BLACK
6
CONTINUOUS
10
0.3
20
0.6629527559055118
11
0.300576062992126
21
0.6628960236220472
0
LINE
8
BLACK
6
CONTINUOUS
10
0.1028966535433071
20
0.6570480314960629
11
0.1029522047244094
21
0.3628970078740157
0
LINE
8
BLACK
6
CONTINUOUS
10
0.1029522047244094
20
0.3628970078740157
11
0.2971033070866141
21
0.3629519291338583
0
LINE
8
BLACK
6
CONTINUOUS
10
0.2971033070866141
20
0.3629519291338583
11
0.2970477559055118
21
0.6571029527559055
0
LINE
8
BLACK
6
CONTINUOUS
10
0.2970477559055118
20
0.6571029527559055
11
0.1028966535433071
21
0.6570480314960629
0
LINE
8
BLACK
6
CONTINUOUS
10
1.0551067322834646
20
0.4113374409448819
11
1.0552622440944881
21
0.4113485039370079
0
LINE
8
BLACK
6
CONTINUOUS
10
1.0552622440944881
20
0.4113485039370079
11
1.0553807874015748
21
0.4113104330708661
0
LINE
8
BLACK
6
CONTINUOUS
10
1.0553807874015748
20
0.4113104330708661
11
1.055675748031496
21
0.4112814173228346
0
LINE
8
BLACK
6
CONTINUOUS
10
1.055675748031496
20
0.4112814173228346
11
1.0563779133858267
21
0.4109905511811023
0
LINE
8
BLACK
6
CONTINUOUS
10
1.0563779133858267
20
0.4109905511811023
11
1.0648275196850394
21
0.4082796456692913
0
LINE
8
BLACK
6
CONTINUOUS
10
1.0648275196850394
20
0.4082796456692913
11
1.0658846456692914
21
0.4078076771653543
0
LINE
8
BLACK
6
CONTINUOUS
10
1.0658846456692914
20
0.4078076771653543
11
1.0660448818897637
21
0.4076686614173228
0
LINE
8
BLACK
6
CONTINUOUS
10
1.0660448818897637
20
0.4076686614173228
11
1.0662409448818897
21
0.4075874803149606
0
LINE
8
BLACK
6
CONTINUOUS
10
1.0662409448818897
20
0.4075874803149606
11
1.0669346850393699
21
0.4068968897637795
0
LINE
8
BLACK
6
CONTINUOUS
10
1.0669346850393699
20
0.4068968897637795
11
1.0676253543307086
21
0.4062979133858268
0
LINE
8
BLACK
6
CONTINUOUS
10
1.0676253543307086
20
0.4062979133858268
11
1.0677133464566928
21
0.4061218503937008
0
LINE
8
BLACK
6
CONTINUOUS
10
1.0677133464566928
20
0.4061218503937008
11
1.0908677559055118
21
0.3830747244094488
0
LINE
8
BLACK
6
CONTINUOUS
10
1.0908677559055118
20
0.3830747244094488
11
1.0908003149606298
21
0.4054893700787401
0
LINE
8
BLACK
6
CONTINUOUS
10
1.0908003149606298
20
0.4054893700787401
11
1.090913779527559
21
0.4066414960629921
0
LINE
8
BLACK
6
CONTINUOUS
10
1.090913779527559
20
0.4066414960629921
11
1.0917955905511811
21
0.4087703149606299
0
LINE
8
BLACK
6
CONTINUOUS
10
1.0917955905511811
20
0.4087703149606299
11
1.0934248818897638
21
0.4103996062992126
0
LINE
8
BLACK
6
CONTINUOUS
10
1.0934248818897638
20
0.4103996062992126
11
1.0955537007874014
21
0.4112814173228346
0
LINE
8
BLACK
6
CONTINUOUS
10
1.0955537007874014
20
0.4112814173228346
11
1.0978579527559056
21
0.4112814173228346
0
LINE
8
BLACK
6
CONTINUOUS
10
1.0978579527559056
20
0.4112814173228346
11
1.0999867716535432
21
0.4103996062992126
0
LINE
8
BLACK
6
CONTINUOUS
10
1.0999867716535432
20
0.4103996062992126
11
1.1016160629921259
21
0.4087703149606299
0
LINE
8
BLACK
6
CONTINUOUS
10
1.1016160629921259
20
0.4087703149606299
11
1.1024978740157481
21
0.4066414960629921
0
LINE
8
BLACK
6
CONTINUOUS
10
1.1024978740157481
20
0.4066414960629921
11
1.1026113385826772
21
0.3689314173228346
0
LINE
8
BLACK
6
CONTINUOUS
10
1.1026113385826772
20
0.3689314173228346
11
1.1024978740157481
21
0.3677793307086614
0
LINE
8
BLACK
6
CONTINUOUS
10
1.1024978740157481
20
0.3677793307086614
11
1.1016161023622046
21
0.3656505118110236
0
LINE
8
BLACK
6
CONTINUOUS
10
1.1016161023622046
20
0.3656505118110236
11
1.0999867322834644
21
0.3640211417322834
0
LINE
8
BLACK
6
CONTINUOUS
10
1.0999867322834644
20
0.3640211417322834
11
1.0987397244094488
21
0.3635046062992126
0
LINE
8
BLACK
6
CONTINUOUS
10
1.0987397244094488
20
0.3635046062992126
11
1.0978579527559056
21
0.3631393700787401
0
LINE
8
BLACK
6
CONTINUOUS
10
1.0978579527559056
20
0.3631393700787401
11
1.0978579133858268
21
0.3631393700787401
0
LINE
8
BLACK
6
CONTINUOUS
10
1.0978579133858268
20
0.3631393700787401
11
1.0955537401574802
21
0.3631393700787401
0
LINE
8
BLACK
6
CONTINUOUS
10
1.0955537401574802
20
0.3631393700787401
11
1.0955537007874014
21
0.3631393700787401
0
LINE
8
BLACK
6
CONTINUOUS
10
1.0955537007874014
20
0.3631393700787401
11
1.0949301968503937
21
0.3633976377952756
0
LINE
8
BLACK
6
CONTINUOUS
10
1.0949301968503937
20
0.3633976377952756
11
1.0934248818897638
21
0.3640211417322834
0
LINE
8
BLACK
6
CONTINUOUS
10
1.0934248818897638
20
0.3640211417322834
11
1.0596448425196849
21
0.3976446850393701
0
LINE
8
BLACK
6
CONTINUOUS
10
1.0596448425196849
20
0.3976446850393701
11
1.0533675196850394
21
0.3996586614173228
0
LINE
8
BLACK
6
CONTINUOUS
10
1.0533675196850394
20
0.3996586614173228
11
1.0501725196850393
21
0.3996051574803149
0
LINE
8
BLACK
6
CONTINUOUS
10
1.0501725196850393
20
0.3996051574803149
11
1.046620905511811
21
0.3977611417322834
0
LINE
8
BLACK
6
CONTINUOUS
10
1.046620905511811
20
0.3977611417322834
11
1.0451646062992126
21
0.396238937007874
0
LINE
8
BLACK
6
CONTINUOUS
10
1.0451646062992126
20
0.396238937007874
11
1.0434627952755906
21
0.3927015354330708
0
LINE
8
BLACK
6
CONTINUOUS
10
1.0434627952755906
20
0.3927015354330708
11
1.0435468897637794
21
0.3814301181102362
0
LINE
8
BLACK
6
CONTINUOUS
10
1.0435468897637794
20
0.3814301181102362
11
1.0453789370078741
21
0.3779015748031496
0
LINE
8
BLACK
6
CONTINUOUS
10
1.0453789370078741
20
0.3779015748031496
11
1.0474508267716536
21
0.3759194094488189
0
LINE
8
BLACK
6
CONTINUOUS
10
1.0474508267716536
20
0.3759194094488189
11
1.0481852755905512
21
0.3750245275590551
0
LINE
8
BLACK
6
CONTINUOUS
10
1.0481852755905512
20
0.3750245275590551
11
1.0490670078740156
21
0.3728956692913385
0
LINE
8
BLACK
6
CONTINUOUS
10
1.0490670078740156
20
0.3728956692913385
11
1.0490670078740156
21
0.3705914960629921
0
LINE
8
BLACK
6
CONTINUOUS
10
1.0490670078740156
20
0.3705914960629921
11
1.0481852755905512
21
0.3684626771653543
0
LINE
8
BLACK
6
CONTINUOUS
10
1.0481852755905512
20
0.3684626771653543
11
1.046555905511811
21
0.3668333070866142
0
LINE
8
BLACK
6
CONTINUOUS
10
1.046555905511811
20
0.3668333070866142
11
1.0444270866141732
21
0.3659515748031496
0
LINE
8
BLACK
6
CONTINUOUS
10
1.0444270866141732
20
0.3659515748031496
11
1.0421229133858267
21
0.3659515748031496
0
LINE
8
BLACK
6
CONTINUOUS
10
1.0421229133858267
20
0.3659515748031496
11
1.0399940551181102
21
0.3668333070866142
0
LINE
8
BLACK
6
CONTINUOUS
10
1.0399940551181102
20
0.3668333070866142
11
1.0362870472440944
21
0.3703798818897638
0
LINE
8
BLACK
6
CONTINUOUS
10
1.0362870472440944
20
0.3703798818897638
11
1.0359153937007874
21
0.3708326771653543
0
LINE
8
BLACK
6
CONTINUOUS
10
1.0359153937007874
20
0.3708326771653543
11
1.0357975590551181
21
0.3709349212598425
0
LINE
8
BLACK
6
CONTINUOUS
10
1.0357975590551181
20
0.3709349212598425
11
1.0357390157480315
21
0.3710475984251969
0
LINE
8
BLACK
6
CONTINUOUS
10
1.0357390157480315
20
0.3710475984251969
11
1.0355525984251968
21
0.3712748031496063
0
LINE
8
BLACK
6
CONTINUOUS
10
1.0355525984251968
20
0.3712748031496063
11
1.0352824015748032
21
0.3719270866141732
0
LINE
8
BLACK
6
CONTINUOUS
10
1.0352824015748032
20
0.3719270866141732
11
1.0323686614173229
21
0.3775390157480315
0
LINE
8
BLACK
6
CONTINUOUS
10
1.0323686614173229
20
0.3775390157480315
11
1.0319548818897637
21
0.3786202362204724
0
LINE
8
BLACK
6
CONTINUOUS
10
1.0319548818897637
20
0.3786202362204724
11
1.0319398031496063
21
0.3788319291338583
0
LINE
8
BLACK
6
CONTINUOUS
10
1.0319398031496063
20
0.3788319291338583
11
1.0318586614173229
21
0.3790279133858268
0
LINE
8
BLACK
6
CONTINUOUS
10
1.0318586614173229
20
0.3790279133858268
11
1.031850748031496
21
0.3800854724409449
0
LINE
8
BLACK
6
CONTINUOUS
10
1.031850748031496
20
0.3800854724409449
11
1.0317915748031496
21
0.3809187007874016
0
LINE
8
BLACK
6
CONTINUOUS
10
1.0317915748031496
20
0.3809187007874016
11
1.0318433858267717
21
0.3810741338582677
0
LINE
8
BLACK
6
CONTINUOUS
10
1.0318433858267717
20
0.3810741338582677
11
1.0317451968503937
21
0.3942407480314961
0
LINE
8
BLACK
6
CONTINUOUS
10
1.0317451968503937
20
0.3942407480314961
11
1.0318586614173229
21
0.395392874015748
0
LINE
8
BLACK
6
CONTINUOUS
10
1.0318586614173229
20
0.395392874015748
11
1.0319398031496063
21
0.3955888188976378
0
LINE
8
BLACK
6
CONTINUOUS
10
1.0319398031496063
20
0.3955888188976378
11
1.0319548818897637
21
0.3958005511811024
0
LINE
8
BLACK
6
CONTINUOUS
10
1.0319548818897637
20
0.3958005511811024
11
1.0324775984251968
21
0.396887125984252
0
LINE
8
BLACK
6
CONTINUOUS
10
1.0324775984251968
20
0.396887125984252
11
1.0327404724409448
21
0.3975216929133858
0
LINE
8
BLACK
6
CONTINUOUS
10
1.0327404724409448
20
0.3975216929133858
11
1.0328222047244093
21
0.3976034251968504
0
LINE
8
BLACK
6
CONTINUOUS
10
1.0328222047244093
20
0.3976034251968504
11
1.0351808267716536
21
0.4025061023622047
0
LINE
8
BLACK
6
CONTINUOUS
10
1.0351808267716536
20
0.4025061023622047
11
1.0354929133858268
21
0.4030018897637795
0
LINE
8
BLACK
6
CONTINUOUS
10
1.0354929133858268
20
0.4030018897637795
11
1.0355525984251968
21
0.4031459842519685
0
LINE
8
BLACK
6
CONTINUOUS
10
1.0355525984251968
20
0.4031459842519685
11
1.0356432677165355
21
0.4032407480314961
0
LINE
8
BLACK
6
CONTINUOUS
10
1.0356432677165355
20
0.4032407480314961
11
1.0357975590551181
21
0.4034858661417323
0
LINE
8
BLACK
6
CONTINUOUS
10
1.0357975590551181
20
0.4034858661417323
11
1.0362685826771654
21
0.4038943700787401
0
LINE
8
BLACK
6
CONTINUOUS
10
1.0362685826771654
20
0.4038943700787401
11
1.0390991732283463
21
0.406853031496063
0
LINE
8
BLACK
6
CONTINUOUS
10
1.0390991732283463
20
0.406853031496063
11
1.0395520078740157
21
0.4072246850393701
0
LINE
8
BLACK
6
CONTINUOUS
10
1.0395520078740157
20
0.4072246850393701
11
1.0396542125984252
21
0.4073425196850394
0
LINE
8
BLACK
6
CONTINUOUS
10
1.0396542125984252
20
0.4073425196850394
11
1.039766811023622
21
0.4074009842519685
0
LINE
8
BLACK
6
CONTINUOUS
10
1.039766811023622
20
0.4074009842519685
11
1.0399940551181102
21
0.4075874803149606
0
LINE
8
BLACK
6
CONTINUOUS
10
1.0399940551181102
20
0.4075874803149606
11
1.0406462992125984
21
0.4078575984251969
0
LINE
8
BLACK
6
CONTINUOUS
10
1.0406462992125984
20
0.4078575984251969
11
1.0462582283464568
21
0.4107714173228346
0
LINE
8
BLACK
6
CONTINUOUS
10
1.0462582283464568
20
0.4107714173228346
11
1.0473394881889764
21
0.411185157480315
0
LINE
8
BLACK
6
CONTINUOUS
10
1.0473394881889764
20
0.411185157480315
11
1.0475510629921259
21
0.411200157480315
0
LINE
8
BLACK
6
CONTINUOUS
10
1.0475510629921259
20
0.411200157480315
11
1.0477471653543307
21
0.4112814173228346
0
LINE
8
BLACK
6
CONTINUOUS
10
1.0477471653543307
20
0.4112814173228346
11
1.0489857480314961
21
0.411302125984252
0
LINE
8
BLACK
6
CONTINUOUS
10
1.0489857480314961
20
0.411302125984252
11
1.0496379133858267
21
0.4113485039370079
0
LINE
8
BLACK
6
CONTINUOUS
10
1.0496379133858267
20
0.4113485039370079
11
1.049739094488189
21
0.4113147637795275
0
LINE
8
BLACK
6
CONTINUOUS
10
1.049739094488189
20
0.4113147637795275
11
1.054523622047244
21
0.4113948818897638
0
LINE
8
BLACK
6
CONTINUOUS
10
1.054523622047244
20
0.4113948818897638
11
1.0551067322834646
21
0.4113374409448819
0
LINE
8
BLACK
6
CONTINUOUS
10
0.3970021259842519
20
0.4095746850393701
11
0.3971183464566929
21
0.4095894881889764
0
LINE
8
BLACK
6
CONTINUOUS
10
0.3971183464566929
20
0.4095894881889764
11
0.3972687795275591
21
0.4095484251968504
0
LINE
8
BLACK
6
CONTINUOUS
10
0.3972687795275591
20
0.4095484251968504
11
0.3978579527559055
21
0.4094904330708661
0
LINE
8
BLACK
6
CONTINUOUS
10
0.3978579527559055
20
0.4094904330708661
11
0.3985836220472441
21
0.4091898031496063
0
LINE
8
BLACK
6
CONTINUOUS
10
0.3985836220472441
20
0.4091898031496063
11
0.3993412992125984
21
0.4089831889763779
0
LINE
8
BLACK
6
CONTINUOUS
10
0.3993412992125984
20
0.4089831889763779
11
0.3996388976377953
21
0.4087526771653543
0
LINE
8
BLACK
6
CONTINUOUS
10
0.3996388976377953
20
0.4087526771653543
11
0.3999867716535433
21
0.4086086220472441
0
LINE
8
BLACK
6
CONTINUOUS
10
0.3999867716535433
20
0.4086086220472441
11
0.4005421653543307
21
0.4080531889763779
0
LINE
8
BLACK
6
CONTINUOUS
10
0.4005421653543307
20
0.4080531889763779
11
0.4011631102362205
21
0.4075723622047244
0
LINE
8
BLACK
6
CONTINUOUS
10
0.4011631102362205
20
0.4075723622047244
11
0.4013498818897638
21
0.4072454724409449
0
LINE
8
BLACK
6
CONTINUOUS
10
0.4013498818897638
20
0.4072454724409449
11
0.401616062992126
21
0.4069793307086614
0
LINE
8
BLACK
6
CONTINUOUS
10
0.401616062992126
20
0.4069793307086614
11
0.4019166141732283
21
0.4062537007874016
0
LINE
8
BLACK
6
CONTINUOUS
10
0.4019166141732283
20
0.4062537007874016
11
0.4023063385826772
21
0.4055717322834645
0
LINE
8
BLACK
6
CONTINUOUS
10
0.4023063385826772
20
0.4055717322834645
11
0.402353779527559
21
0.4051982677165354
0
LINE
8
BLACK
6
CONTINUOUS
10
0.402353779527559
20
0.4051982677165354
11
0.402497874015748
21
0.4048505118110236
0
LINE
8
BLACK
6
CONTINUOUS
10
0.402497874015748
20
0.4048505118110236
11
0.402497874015748
21
0.4040650787401575
0
LINE
8
BLACK
6
CONTINUOUS
10
0.402497874015748
20
0.4040650787401575
11
0.4025969291338583
21
0.403285905511811
0
LINE
8
BLACK
6
CONTINUOUS
10
0.4025969291338583
20
0.403285905511811
11
0.402497874015748
21
0.4029226771653543
0
LINE
8
BLACK
6
CONTINUOUS
10
0.402497874015748
20
0.4029226771653543
11
0.402497874015748
21
0.4025462598425197
0
LINE
8
BLACK
6
CONTINUOUS
10
0.402497874015748
20
0.4025462598425197
11
0.4021973228346457
21
0.4018207086614173
0
LINE
8
BLACK
6
CONTINUOUS
10
0.4021973228346457
20
0.4018207086614173
11
0.4019906692913386
21
0.4010629133858268
0
LINE
8
BLACK
6
CONTINUOUS
10
0.4019906692913386
20
0.4010629133858268
11
0.4017600787401575
21
0.4007651968503937
0
LINE
8
BLACK
6
CONTINUOUS
10
0.4017600787401575
20
0.4007651968503937
11
0.401616062992126
21
0.4004174409448819
0
LINE
8
BLACK
6
CONTINUOUS
10
0.401616062992126
20
0.4004174409448819
11
0.4010607086614173
21
0.3998620866141732
0
LINE
8
BLACK
6
CONTINUOUS
10
0.4010607086614173
20
0.3998620866141732
11
0.4005798031496063
21
0.3992411023622047
0
LINE
8
BLACK
6
CONTINUOUS
10
0.4005798031496063
20
0.3992411023622047
11
0.4002512598425197
21
0.3990526377952756
0
LINE
8
BLACK
6
CONTINUOUS
10
0.4002512598425197
20
0.3990526377952756
11
0.3999867716535433
21
0.3987881496062992
0
LINE
8
BLACK
6
CONTINUOUS
10
0.3999867716535433
20
0.3987881496062992
11
0.399279094488189
21
0.398495
0
LINE
8
BLACK
6
CONTINUOUS
10
0.399279094488189
20
0.398495
11
0.3596933464566929
21
0.3757883464566929
0
LINE
8
BLACK
6
CONTINUOUS
10
0.3596933464566929
20
0.3757883464566929
11
0.3967058267716536
21
0.3758581102362205
0
LINE
8
BLACK
6
CONTINUOUS
10
0.3967058267716536
20
0.3758581102362205
11
0.3978579527559055
21
0.3757446456692913
0
LINE
8
BLACK
6
CONTINUOUS
10
0.3978579527559055
20
0.3757446456692913
11
0.3999867716535433
21
0.3748628346456693
0
LINE
8
BLACK
6
CONTINUOUS
10
0.3999867716535433
20
0.3748628346456693
11
0.401616062992126
21
0.3732335433070866
0
LINE
8
BLACK
6
CONTINUOUS
10
0.401616062992126
20
0.3732335433070866
11
0.402497874015748
21
0.3711047244094488
0
LINE
8
BLACK
6
CONTINUOUS
10
0.402497874015748
20
0.3711047244094488
11
0.402497874015748
21
0.3688004724409449
0
LINE
8
BLACK
6
CONTINUOUS
10
0.402497874015748
20
0.3688004724409449
11
0.401616062992126
21
0.3666716535433071
0
LINE
8
BLACK
6
CONTINUOUS
10
0.401616062992126
20
0.3666716535433071
11
0.3999867716535433
21
0.3650423622047244
0
LINE
8
BLACK
6
CONTINUOUS
10
0.3999867716535433
20
0.3650423622047244
11
0.3978579527559055
21
0.3641605511811024
0
LINE
8
BLACK
6
CONTINUOUS
10
0.3978579527559055
20
0.3641605511811024
11
0.3376507086614173
21
0.3640470866141732
0
LINE
8
BLACK
6
CONTINUOUS
10
0.3376507086614173
20
0.3640470866141732
11
0.3373544094488189
21
0.3640762598425197
0
LINE
8
BLACK
6
CONTINUOUS
10
0.3373544094488189
20
0.3640762598425197
11
0.3372382283464567
21
0.3640614960629921
0
LINE
8
BLACK
6
CONTINUOUS
10
0.3372382283464567
20
0.3640614960629921
11
0.3370877952755905
21
0.3641025196850394
0
LINE
8
BLACK
6
CONTINUOUS
10
0.3370877952755905
20
0.3641025196850394
11
0.3364985826771654
21
0.3641605511811024
0
LINE
8
BLACK
6
CONTINUOUS
10
0.3364985826771654
20
0.3641605511811024
11
0.335772874015748
21
0.3644611417322834
0
LINE
8
BLACK
6
CONTINUOUS
10
0.335772874015748
20
0.3644611417322834
11
0.3350152362204724
21
0.3646677952755906
0
LINE
8
BLACK
6
CONTINUOUS
10
0.3350152362204724
20
0.3646677952755906
11
0.3347175984251968
21
0.3648982677165354
0
LINE
8
BLACK
6
CONTINUOUS
10
0.3347175984251968
20
0.3648982677165354
11
0.3343697637795275
21
0.3650423622047244
0
LINE
8
BLACK
6
CONTINUOUS
10
0.3343697637795275
20
0.3650423622047244
11
0.3338143307086614
21
0.3655977559055118
0
LINE
8
BLACK
6
CONTINUOUS
10
0.3338143307086614
20
0.3655977559055118
11
0.3331934251968504
21
0.3660786220472441
0
LINE
8
BLACK
6
CONTINUOUS
10
0.3331934251968504
20
0.3660786220472441
11
0.3330066141732284
21
0.3664054724409448
0
LINE
8
BLACK
6
CONTINUOUS
10
0.3330066141732284
20
0.3664054724409448
11
0.3327404724409449
21
0.3666716535433071
0
LINE
8
BLACK
6
CONTINUOUS
10
0.3327404724409449
20
0.3666716535433071
11
0.3324398818897638
21
0.3673972440944882
0
LINE
8
BLACK
6
CONTINUOUS
10
0.3324398818897638
20
0.3673972440944882
11
0.3320501968503937
21
0.3680792519685039
0
LINE
8
BLACK
6
CONTINUOUS
10
0.3320501968503937
20
0.3680792519685039
11
0.3320027165354331
21
0.3684526771653543
0
LINE
8
BLACK
6
CONTINUOUS
10
0.3320027165354331
20
0.3684526771653543
11
0.3318586614173228
21
0.3688004724409449
0
LINE
8
BLACK
6
CONTINUOUS
10
0.3318586614173228
20
0.3688004724409449
11
0.3318586614173228
21
0.3695858661417323
0
LINE
8
BLACK
6
CONTINUOUS
10
0.3318586614173228
20
0.3695858661417323
11
0.3317596062992126
21
0.3703650787401574
0
LINE
8
BLACK
6
CONTINUOUS
10
0.3317596062992126
20
0.3703650787401574
11
0.3318586614173228
21
0.3707282283464567
0
LINE
8
BLACK
6
CONTINUOUS
10
0.3318586614173228
20
0.3707282283464567
11
0.3318586614173228
21
0.3711047244094488
0
LINE
8
BLACK
6
CONTINUOUS
10
0.3318586614173228
20
0.3711047244094488
11
0.3321592519685039
21
0.3718303937007874
0
LINE
8
BLACK
6
CONTINUOUS
10
0.3321592519685039
20
0.3718303937007874
11
0.332365905511811
21
0.3725880708661417
0
LINE
8
BLACK
6
CONTINUOUS
10
0.332365905511811
20
0.3725880708661417
11
0.3325963779527559
21
0.3728856692913386
0
LINE
8
BLACK
6
CONTINUOUS
10
0.3325963779527559
20
0.3728856692913386
11
0.3327404724409449
21
0.3732335433070866
0
LINE
8
BLACK
6
CONTINUOUS
10
0.3327404724409449
20
0.3732335433070866
11
0.3332958661417323
21
0.373788937007874
0
LINE
8
BLACK
6
CONTINUOUS
10
0.3332958661417323
20
0.373788937007874
11
0.3337767322834646
21
0.3744098818897638
0
LINE
8
BLACK
6
CONTINUOUS
10
0.3337767322834646
20
0.3744098818897638
11
0.3341052362204724
21
0.3745983070866142
0
LINE
8
BLACK
6
CONTINUOUS
10
0.3341052362204724
20
0.3745983070866142
11
0.3343697637795275
21
0.3748628346456693
0
LINE
8
BLACK
6
CONTINUOUS
10
0.3343697637795275
20
0.3748628346456693
11
0.3350774015748031
21
0.3751559448818897
0
LINE
8
BLACK
6
CONTINUOUS
10
0.3350774015748031
20
0.3751559448818897
11
0.3746631102362205
21
0.3978625984251968
0
LINE
8
BLACK
6
CONTINUOUS
10
0.3746631102362205
20
0.3978625984251968
11
0.3376507086614173
21
0.397792874015748
0
LINE
8
BLACK
6
CONTINUOUS
10
0.3376507086614173
20
0.397792874015748
11
0.3364985826771654
21
0.3979063385826772
0
LINE
8
BLACK
6
CONTINUOUS
10
0.3364985826771654
20
0.3979063385826772
11
0.3343697637795275
21
0.3987881496062992
0
LINE
8
BLACK
6
CONTINUOUS
10
0.3343697637795275
20
0.3987881496062992
11
0.3327404724409449
21
0.4004174409448819
0
LINE
8
BLACK
6
CONTINUOUS
10
0.3327404724409449
20
0.4004174409448819
11
0.3318586614173228
21
0.4025462598425197
0
LINE
8
BLACK
6
CONTINUOUS
10
0.3318586614173228
20
0.4025462598425197
11
0.3318586614173228
21
0.4048505118110236
0
LINE
8
BLACK
6
CONTINUOUS
10
0.3318586614173228
20
0.4048505118110236
11
0.3327404724409449
21
0.4069793307086614
0
LINE
8
BLACK
6
CONTINUOUS
10
0.3327404724409449
20
0.4069793307086614
11
0.3343697637795275
21
0.4086086220472441
0
LINE
8
BLACK
6
CONTINUOUS
10
0.3343697637795275
20
0.4086086220472441
11
0.3364985826771654
21
0.4094904330708661
0
LINE
8
BLACK
6
CONTINUOUS
10
0.3364985826771654
20
0.4094904330708661
11
0.3967058267716536
21
0.4096038976377953
0
LINE
8
BLACK
6
CONTINUOUS
10
0.3967058267716536
20
0.4096038976377953
11
0.3970021259842519
21
0.4095746850393701
0
LINE
8
BLACK
6
CONTINUOUS
10
0.897002125984252
20
0.4095746850393701
11
0.8971183464566929
21
0.4095894881889764
0
LINE
8
BLACK
6
CONTINUOUS
10
0.8971183464566929
20
0.4095894881889764
11
0.897268779527559
21
0.4095484251968504
0
LINE
8
BLACK
6
CONTINUOUS
10
0.897268779527559
20
0.4095484251968504
11
0.8978579527559055
21
0.4094904330708661
0
LINE
8
BLACK
6
CONTINUOUS
10
0.8978579527559055
20
0.4094904330708661
11
0.8985836220472441
21
0.4091898031496063
0
LINE
8
BLACK
6
CONTINUOUS
10
0.8985836220472441
20
0.4091898031496063
11
0.8993412992125984
21
0.4089831889763779
0
LINE
8
BLACK
6
CONTINUOUS
10
0.8993412992125984
20
0.4089831889763779
11
0.8996388976377953
21
0.4087526771653543
0
LINE
8
BLACK
6
CONTINUOUS
10
0.8996388976377953
20
0.4087526771653543
11
0.8999867716535432
21
0.4086086220472441
0
LINE
8
BLACK
6
CONTINUOUS
10
0.8999867716535432
20
0.4086086220472441
11
0.9005421653543307
21
0.4080531889763779
0
LINE
8
BLACK
6
CONTINUOUS
10
0.9005421653543307
20
0.4080531889763779
11
0.9011631102362204
21
0.4075723622047244
0
LINE
8
BLACK
6
CONTINUOUS
10
0.9011631102362204
20
0.4075723622047244
11
0.9013498818897637
21
0.4072454724409449
0
LINE
8
BLACK
6
CONTINUOUS
10
0.9013498818897637
20
0.4072454724409449
11
0.9016160629921259
21
0.4069793307086614
0
LINE
8
BLACK
6
CONTINUOUS
10
0.9016160629921259
20
0.4069793307086614
11
0.9019166141732283
21
0.4062537007874016
0
LINE
8
BLACK
6
CONTINUOUS
10
0.9019166141732283
20
0.4062537007874016
11
0.9023063385826772
21
0.4055717322834645
0
LINE
8
BLACK
6
CONTINUOUS
10
0.9023063385826772
20
0.4055717322834645
11
0.902353779527559
21
0.4051982677165354
0
LINE
8
BLACK
6
CONTINUOUS
10
0.902353779527559
20
0.4051982677165354
11
0.902497874015748
21
0.4048505118110236
0
LINE
8
BLACK
6
CONTINUOUS
10
0.902497874015748
20
0.4048505118110236
11
0.902497874015748
21
0.4040650787401575
0
LINE
8
BLACK
6
CONTINUOUS
10
0.902497874015748
20
0.4040650787401575
11
0.9025969291338583
21
0.403285905511811
0
LINE
8
BLACK
6
CONTINUOUS
10
0.9025969291338583
20
0.403285905511811
11
0.902497874015748
21
0.4029226771653543
0
LINE
8
BLACK
6
CONTINUOUS
10
0.902497874015748
20
0.4029226771653543
11
0.902497874015748
21
0.4025462598425197
0
LINE
8
BLACK
6
CONTINUOUS
10
0.902497874015748
20
0.4025462598425197
11
0.9021973228346456
21
0.4018207086614173
0
LINE
8
BLACK
6
CONTINUOUS
10
0.9021973228346456
20
0.4018207086614173
11
0.9019906692913385
21
0.4010629133858268
0
LINE
8
BLACK
6
CONTINUOUS
10
0.9019906692913385
20
0.4010629133858268
11
0.9017600787401575
21
0.4007651968503937
0
LINE
8
BLACK
6
CONTINUOUS
10
0.9017600787401575
20
0.4007651968503937
11
0.9016160629921259
21
0.4004174409448819
0
LINE
8
BLACK
6
CONTINUOUS
10
0.9016160629921259
20
0.4004174409448819
11
0.9010607086614173
21
0.3998620866141732
0
LINE
8
BLACK
6
CONTINUOUS
10
0.9010607086614173
20
0.3998620866141732
11
0.9005798031496063
21
0.3992411023622047
0
LINE
8
BLACK
6
CONTINUOUS
10
0.9005798031496063
20
0.3992411023622047
11
0.9002512598425196
21
0.3990526377952756
0
LINE
8
BLACK
6
CONTINUOUS
10
0.9002512598425196
20
0.3990526377952756
11
0.8999867716535432
21
0.3987881496062992
0
LINE
8
BLACK
6
CONTINUOUS
10
0.8999867716535432
20
0.3987881496062992
11
0.899279094488189
21
0.398495
0
LINE
8
BLACK
6
CONTINUOUS
10
0.899279094488189
20
0.398495
11
0.8596933464566929
21
0.3757883464566929
0
LINE
8
BLACK
6
CONTINUOUS
10
0.8596933464566929
20
0.3757883464566929
11
0.8967058267716536
21
0.3758581102362205
0
LINE
8
BLACK
6
CONTINUOUS
10
0.8967058267716536
20
0.3758581102362205
11
0.8978579527559055
21
0.3757446456692913
0
LINE
8
BLACK
6
CONTINUOUS
10
0.8978579527559055
20
0.3757446456692913
11
0.8999867716535432
21
0.3748628346456693
0
LINE
8
BLACK
6
CONTINUOUS
10
0.8999867716535432
20
0.3748628346456693
11
0.9016160629921259
21
0.3732335433070866
0
LINE
8
BLACK
6
CONTINUOUS
10
0.9016160629921259
20
0.3732335433070866
11
0.902497874015748
21
0.3711047244094488
0
LINE
8
BLACK
6
CONTINUOUS
10
0.902497874015748
20
0.3711047244094488
11
0.902497874015748
21
0.3688004724409449
0
LINE
8
BLACK
6
CONTINUOUS
10
0.902497874015748
20
0.3688004724409449
11
0.9016160629921259
21
0.3666716535433071
0
LINE
8
BLACK
6
CONTINUOUS
10
0.9016160629921259
20
0.3666716535433071
11
0.8999867716535432
21
0.3650423622047244
0
LINE
8
BLACK
6
CONTINUOUS
10
0.8999867716535432
20
0.3650423622047244
11
0.8978579527559055
21
0.3641605511811024
0
LINE
8
BLACK
6
CONTINUOUS
10
0.8978579527559055
20
0.3641605511811024
11
0.8376507086614173
21
0.3640470866141732
0
LINE
8
BLACK
6
CONTINUOUS
10
0.8376507086614173
20
0.3640470866141732
11
0.8373544094488189
21
0.3640762598425197
0
LINE
8
BLACK
6
CONTINUOUS
10
0.8373544094488189
20
0.3640762598425197
11
0.8372382283464567
21
0.3640614960629921
0
LINE
8
BLACK
6
CONTINUOUS
10
0.8372382283464567
20
0.3640614960629921
11
0.8370877952755905
21
0.3641025196850394
0
LINE
8
BLACK
6
CONTINUOUS
10
0.8370877952755905
20
0.3641025196850394
11
0.8364985826771654
21
0.3641605511811024
0
LINE
8
BLACK
6
CONTINUOUS
10
0.8364985826771654
20
0.3641605511811024
11
0.835772874015748
21
0.3644611417322834
0
LINE
8
BLACK
6
CONTINUOUS
10
0.835772874015748
20
0.3644611417322834
11
0.8350152362204725
21
0.3646677952755906
0
LINE
8
BLACK
6
CONTINUOUS
10
0.8350152362204725
20
0.3646677952755906
11
0.8347175984251969
21
0.3648982677165354
0
LINE
8
BLACK
6
CONTINUOUS
10
0.8347175984251969
20
0.3648982677165354
11
0.8343697637795275
21
0.3650423622047244
0
LINE
8
BLACK
6
CONTINUOUS
10
0.8343697637795275
20
0.3650423622047244
11
0.8338143307086614
21
0.3655977559055118
0
LINE
8
BLACK
6
CONTINUOUS
10
0.8338143307086614
20
0.3655977559055118
11
0.8331934251968504
21
0.3660786220472441
0
LINE
8
BLACK
6
CONTINUOUS
10
0.8331934251968504
20
0.3660786220472441
11
0.8330066141732283
21
0.3664054724409448
0
LINE
8
BLACK
6
CONTINUOUS
10
0.8330066141732283
20
0.3664054724409448
11
0.8327404724409448
21
0.3666716535433071
0
LINE
8
BLACK
6
CONTINUOUS
10
0.8327404724409448
20
0.3666716535433071
11
0.8324398818897638
21
0.3673972440944882
0
LINE
8
BLACK
6
CONTINUOUS
10
0.8324398818897638
20
0.3673972440944882
11
0.8320501968503937
21
0.3680792519685039
0
LINE
8
BLACK
6
CONTINUOUS
10
0.8320501968503937
20
0.3680792519685039
11
0.832002716535433
21
0.3684526771653543
0
LINE
8
BLACK
6
CONTINUOUS
10
0.832002716535433
20
0.3684526771653543
11
0.8318586614173228
21
0.3688004724409449
0
LINE
8
BLACK
6
CONTINUOUS
10
0.8318586614173228
20
0.3688004724409449
11
0.8318586614173228
21
0.3695858661417323
0
LINE
8
BLACK
6
CONTINUOUS
10
0.8318586614173228
20
0.3695858661417323
11
0.8317596062992125
21
0.3703650787401574
0
LINE
8
BLACK
6
CONTINUOUS
10
0.8317596062992125
20
0.3703650787401574
11
0.8318586614173228
21
0.3707282283464567
0
LINE
8
BLACK
6
CONTINUOUS
10
0.8318586614173228
20
0.3707282283464567
11
0.8318586614173228
21
0.3711047244094488
0
LINE
8
BLACK
6
CONTINUOUS
10
0.8318586614173228
20
0.3711047244094488
11
0.8321592519685039
21
0.3718303937007874
0
LINE
8
BLACK
6
CONTINUOUS
10
0.8321592519685039
20
0.3718303937007874
11
0.832365905511811
21
0.3725880708661417
0
LINE
8
BLACK
6
CONTINUOUS
10
0.832365905511811
20
0.3725880708661417
11
0.8325963779527559
21
0.3728856692913386
0
LINE
8
BLACK
6
CONTINUOUS
10
0.8325963779527559
20
0.3728856692913386
11
0.8327404724409448
21
0.3732335433070866
0
LINE
8
BLACK
6
CONTINUOUS
10
0.8327404724409448
20
0.3732335433070866
11
0.8332958661417322
21
0.373788937007874
0
LINE
8
BLACK
6
CONTINUOUS
10
0.8332958661417322
20
0.373788937007874
11
0.8337767322834645
21
0.3744098818897638
0
LINE
8
BLACK
6
CONTINUOUS
10
0.8337767322834645
20
0.3744098818897638
11
0.8341052362204724
21
0.3745983070866142
0
LINE
8
BLACK
6
CONTINUOUS
10
0.8341052362204724
20
0.3745983070866142
11
0.8343697637795275
21
0.3748628346456693
0
LINE
8
BLACK
6
CONTINUOUS
10
0.8343697637795275
20
0.3748628346456693
11
0.8350774015748031
21
0.3751559448818897
0
LINE
8
BLACK
6
CONTINUOUS
10
0.8350774015748031
20
0.3751559448818897
11
0.8746631102362205
21
0.3978625984251968
0
LINE
8
BLACK
6
CONTINUOUS
10
0.8746631102362205
20
0.3978625984251968
11
0.8376507086614173
21
0.397792874015748
0
LINE
8
BLACK
6
CONTINUOUS
10
0.8376507086614173
20
0.397792874015748
11
0.8364985826771654
21
0.3979063385826772
0
LINE
8
BLACK
6
CONTINUOUS
10
0.8364985826771654
20
0.3979063385826772
11
0.8343697637795275
21
0.3987881496062992
0
LINE
8
BLACK
6
CONTINUOUS
10
0.8343697637795275
20
0.3987881496062992
11
0.8327404724409448
21
0.4004174409448819
0
LINE
8
BLACK
6
CONTINUOUS
10
0.8327404724409448
20
0.4004174409448819
11
0.8318586614173228
21
0.4025462598425197
0
LINE
8
BLACK
6
CONTINUOUS
10
0.8318586614173228
20
0.4025462598425197
11
0.8318586614173228
21
0.4048505118110236
0
LINE
8
BLACK
6
CONTINUOUS
10
0.8318586614173228
20
0.4048505118110236
11
0.8327404724409448
21
0.4069793307086614
0
LINE
8
BLACK
6
CONTINUOUS
10
0.8327404724409448
20
0.4069793307086614
11
0.8343697637795275
21
0.4086086220472441
0
LINE
8
BLACK
6
CONTINUOUS
10
0.8343697637795275
20
0.4086086220472441
11
0.8364985826771654
21
0.4094904330708661
0
LINE
8
BLACK
6
CONTINUOUS
10
0.8364985826771654
20
0.4094904330708661
11
0.8967058267716536
21
0.4096038976377953
0
LINE
8
BLACK
6
CONTINUOUS
10
0.8967058267716536
20
0.4096038976377953
11
0.897002125984252
21
0.4095746850393701
0
LINE
8
BLACK
6
CONTINUOUS
10
0.048487874015748
20
0.4131485826771654
11
0.0486838582677165
21
0.4130673622047244
0
LINE
8
BLACK
6
CONTINUOUS
10
0.0486838582677165
20
0.4130673622047244
11
0.0488955118110236
21
0.4130523622047244
0
LINE
8
BLACK
6
CONTINUOUS
10
0.0488955118110236
20
0.4130523622047244
11
0.0499819291338583
21
0.41252968503937
0
LINE
8
BLACK
6
CONTINUOUS
10
0.0499819291338583
20
0.41252968503937
11
0.0506166929133858
21
0.4122667716535433
0
LINE
8
BLACK
6
CONTINUOUS
10
0.0506166929133858
20
0.4122667716535433
11
0.0506984645669291
21
0.4121849606299213
0
LINE
8
BLACK
6
CONTINUOUS
10
0.0506984645669291
20
0.4121849606299213
11
0.055601062992126
21
0.4098264566929134
0
LINE
8
BLACK
6
CONTINUOUS
10
0.055601062992126
20
0.4098264566929134
11
0.0560968503937008
21
0.4095143307086614
0
LINE
8
BLACK
6
CONTINUOUS
10
0.0560968503937008
20
0.4095143307086614
11
0.0562409448818898
21
0.40945468503937
0
LINE
8
BLACK
6
CONTINUOUS
10
0.0562409448818898
20
0.40945468503937
11
0.0563357086614173
21
0.4093639763779527
0
LINE
8
BLACK
6
CONTINUOUS
10
0.0563357086614173
20
0.4093639763779527
11
0.0565808267716535
21
0.4092097244094488
0
LINE
8
BLACK
6
CONTINUOUS
10
0.0565808267716535
20
0.4092097244094488
11
0.0569893307086614
21
0.4087386614173228
0
LINE
8
BLACK
6
CONTINUOUS
10
0.0569893307086614
20
0.4087386614173228
11
0.059948031496063
21
0.4059080708661417
0
LINE
8
BLACK
6
CONTINUOUS
10
0.059948031496063
20
0.4059080708661417
11
0.0603197244094488
21
0.4054551181102362
0
LINE
8
BLACK
6
CONTINUOUS
10
0.0603197244094488
20
0.4054551181102362
11
0.0604375196850394
21
0.4053529921259842
0
LINE
8
BLACK
6
CONTINUOUS
10
0.0604375196850394
20
0.4053529921259842
11
0.0604959448818898
21
0.4052403937007874
0
LINE
8
BLACK
6
CONTINUOUS
10
0.0604959448818898
20
0.4052403937007874
11
0.0606824803149606
21
0.4050131496062992
0
LINE
8
BLACK
6
CONTINUOUS
10
0.0606824803149606
20
0.4050131496062992
11
0.0609527559055118
21
0.4043606299212598
0
LINE
8
BLACK
6
CONTINUOUS
10
0.0609527559055118
20
0.4043606299212598
11
0.0638663779527559
21
0.398748937007874
0
LINE
8
BLACK
6
CONTINUOUS
10
0.0638663779527559
20
0.398748937007874
11
0.064280157480315
21
0.397667716535433
0
LINE
8
BLACK
6
CONTINUOUS
10
0.064280157480315
20
0.397667716535433
11
0.064295157480315
21
0.397456062992126
0
LINE
8
BLACK
6
CONTINUOUS
10
0.064295157480315
20
0.397456062992126
11
0.0643763779527559
21
0.3972600787401575
0
LINE
8
BLACK
6
CONTINUOUS
10
0.0643763779527559
20
0.3972600787401575
11
0.0643812204724409
21
0.3962449212598425
0
LINE
8
BLACK
6
CONTINUOUS
10
0.0643812204724409
20
0.3962449212598425
11
0.0644434645669291
21
0.3953692913385827
0
LINE
8
BLACK
6
CONTINUOUS
10
0.0644434645669291
20
0.3953692913385827
11
0.0643862598425197
21
0.3951977165354331
0
LINE
8
BLACK
6
CONTINUOUS
10
0.0643862598425197
20
0.3951977165354331
11
0.0644616929133858
21
0.3794743307086614
0
LINE
8
BLACK
6
CONTINUOUS
10
0.0644616929133858
20
0.3794743307086614
11
0.0867058267716535
21
0.3795162598425197
0
LINE
8
BLACK
6
CONTINUOUS
10
0.0867058267716535
20
0.3795162598425197
11
0.0878579527559055
21
0.3794027952755906
0
LINE
8
BLACK
6
CONTINUOUS
10
0.0878579527559055
20
0.3794027952755906
11
0.0899867716535433
21
0.3785209842519685
0
LINE
8
BLACK
6
CONTINUOUS
10
0.0899867716535433
20
0.3785209842519685
11
0.091616062992126
21
0.3768916929133858
0
LINE
8
BLACK
6
CONTINUOUS
10
0.091616062992126
20
0.3768916929133858
11
0.092497874015748
21
0.374762874015748
0
LINE
8
BLACK
6
CONTINUOUS
10
0.092497874015748
20
0.374762874015748
11
0.092497874015748
21
0.3724586220472441
0
LINE
8
BLACK
6
CONTINUOUS
10
0.092497874015748
20
0.3724586220472441
11
0.091616062992126
21
0.3703298031496063
0
LINE
8
BLACK
6
CONTINUOUS
10
0.091616062992126
20
0.3703298031496063
11
0.0899867716535433
21
0.3687005118110236
0
LINE
8
BLACK
6
CONTINUOUS
10
0.0899867716535433
20
0.3687005118110236
11
0.0878579527559055
21
0.3678187007874016
0
LINE
8
BLACK
6
CONTINUOUS
10
0.0878579527559055
20
0.3678187007874016
11
0.0276507086614173
21
0.3677052362204724
0
LINE
8
BLACK
6
CONTINUOUS
10
0.0276507086614173
20
0.3677052362204724
11
0.0264985826771654
21
0.3678187007874016
0
LINE
8
BLACK
6
CONTINUOUS
10
0.0264985826771654
20
0.3678187007874016
11
0.0243697637795276
21
0.3687005118110236
0
LINE
8
BLACK
6
CONTINUOUS
10
0.0243697637795276
20
0.3687005118110236
11
0.0227404724409449
21
0.3703298031496063
0
LINE
8
BLACK
6
CONTINUOUS
10
0.0227404724409449
20
0.3703298031496063
11
0.0218586614173228
21
0.3724586220472441
0
LINE
8
BLACK
6
CONTINUOUS
10
0.0218586614173228
20
0.3724586220472441
11
0.0217451968503937
21
0.3961079527559055
0
LINE
8
BLACK
6
CONTINUOUS
10
0.0217451968503937
20
0.3961079527559055
11
0.0218586614173228
21
0.3972600787401575
0
LINE
8
BLACK
6
CONTINUOUS
10
0.0218586614173228
20
0.3972600787401575
11
0.0219398818897638
21
0.3974561417322834
0
LINE
8
BLACK
6
CONTINUOUS
10
0.0219398818897638
20
0.3974561417322834
11
0.0219549212598425
21
0.3976677559055118
0
LINE
8
BLACK
6
CONTINUOUS
10
0.0219549212598425
20
0.3976677559055118
11
0.0224774015748032
21
0.398753779527559
0
LINE
8
BLACK
6
CONTINUOUS
10
0.0224774015748032
20
0.398753779527559
11
0.0227404724409449
21
0.3993888976377953
0
LINE
8
BLACK
6
CONTINUOUS
10
0.0227404724409449
20
0.3993888976377953
11
0.0228222834645669
21
0.3994707086614173
0
LINE
8
BLACK
6
CONTINUOUS
10
0.0228222834645669
20
0.3994707086614173
11
0.0251808267716535
21
0.4043732677165354
0
LINE
8
BLACK
6
CONTINUOUS
10
0.0251808267716535
20
0.4043732677165354
11
0.0254929527559055
21
0.4048691338582677
0
LINE
8
BLACK
6
CONTINUOUS
10
0.0254929527559055
20
0.4048691338582677
11
0.0255525984251968
21
0.4050131102362204
0
LINE
8
BLACK
6
CONTINUOUS
10
0.0255525984251968
20
0.4050131102362204
11
0.025643188976378
21
0.4051077952755905
0
LINE
8
BLACK
6
CONTINUOUS
10
0.025643188976378
20
0.4051077952755905
11
0.0257975590551181
21
0.405353031496063
0
LINE
8
BLACK
6
CONTINUOUS
10
0.0257975590551181
20
0.405353031496063
11
0.0262687007874016
21
0.4057616535433071
0
LINE
8
BLACK
6
CONTINUOUS
10
0.0262687007874016
20
0.4057616535433071
11
0.0290991338582677
21
0.4087201968503937
0
LINE
8
BLACK
6
CONTINUOUS
10
0.0290991338582677
20
0.4087201968503937
11
0.0295520866141732
21
0.4090919291338583
0
LINE
8
BLACK
6
CONTINUOUS
10
0.0295520866141732
20
0.4090919291338583
11
0.0296542519685039
21
0.4092097244094488
0
LINE
8
BLACK
6
CONTINUOUS
10
0.0296542519685039
20
0.4092097244094488
11
0.0297668503937008
21
0.409268188976378
0
LINE
8
BLACK
6
CONTINUOUS
10
0.0297668503937008
20
0.409268188976378
11
0.0299940551181102
21
0.4094546456692914
0
LINE
8
BLACK
6
CONTINUOUS
10
0.0299940551181102
20
0.4094546456692914
11
0.0306463779527559
21
0.4097248425196851
0
LINE
8
BLACK
6
CONTINUOUS
10
0.0306463779527559
20
0.4097248425196851
11
0.0362583070866142
21
0.4126385826771654
0
LINE
8
BLACK
6
CONTINUOUS
10
0.0362583070866142
20
0.4126385826771654
11
0.0373395275590551
21
0.4130523622047244
0
LINE
8
BLACK
6
CONTINUOUS
10
0.0373395275590551
20
0.4130523622047244
11
0.0375511417322835
21
0.4130673622047244
0
LINE
8
BLACK
6
CONTINUOUS
10
0.0375511417322835
20
0.4130673622047244
11
0.0377471653543307
21
0.4131485826771654
0
LINE
8
BLACK
6
CONTINUOUS
10
0.0377471653543307
20
0.4131485826771654
11
0.038882874015748
21
0.4131620078740157
0
LINE
8
BLACK
6
CONTINUOUS
10
0.038882874015748
20
0.4131620078740157
11
0.0396379527559055
21
0.4132156692913386
0
LINE
8
BLACK
6
CONTINUOUS
10
0.0396379527559055
20
0.4132156692913386
11
0.0397674803149606
21
0.4131724803149606
0
LINE
8
BLACK
6
CONTINUOUS
10
0.0397674803149606
20
0.4131724803149606
11
0.0473357480314961
21
0.4132620472440945
0
LINE
8
BLACK
6
CONTINUOUS
10
0.0473357480314961
20
0.4132620472440945
11
0.048487874015748
21
0.4131485826771654
0
LINE
8
BLACK
6
CONTINUOUS
10
0.040160157480315
20
0.401465905511811
11
0.036620905511811
21
0.3996283464566929
0
LINE
8
BLACK
6
CONTINUOUS
10
0.036620905511811
20
0.3996283464566929
11
0.0351645669291339
21
0.398106062992126
0
LINE
8
BLACK
6
CONTINUOUS
10
0.0351645669291339
20
0.398106062992126
11
0.0334557086614173
21
0.3945540157480315
0
LINE
8
BLACK
6
CONTINUOUS
10
0.0334557086614173
20
0.3945540157480315
11
0.0335283464566929
21
0.3794160236220472
0
LINE
8
BLACK
6
CONTINUOUS
10
0.0335283464566929
20
0.3794160236220472
11
0.0527587007874016
21
0.3794522834645669
0
LINE
8
BLACK
6
CONTINUOUS
10
0.0527587007874016
20
0.3794522834645669
11
0.0526847637795276
21
0.3948642913385827
0
LINE
8
BLACK
6
CONTINUOUS
10
0.0526847637795276
20
0.3948642913385827
11
0.0508561023622047
21
0.3983863385826771
0
LINE
8
BLACK
6
CONTINUOUS
10
0.0508561023622047
20
0.3983863385826771
11
0.0493338976377953
21
0.3998426377952756
0
LINE
8
BLACK
6
CONTINUOUS
10
0.0493338976377953
20
0.3998426377952756
11
0.0458204330708661
21
0.4015329133858268
0
LINE
8
BLACK
6
CONTINUOUS
10
0.0458204330708661
20
0.4015329133858268
11
0.040160157480315
21
0.401465905511811
0
LINE
8
BLACK
6
CONTINUOUS
10
1.0078579527559055
20
0.445027125984252
11
1.0099867716535433
21
0.4441453149606299
0
LINE
8
BLACK
6
CONTINUOUS
10
1.0099867716535433
20
0.4441453149606299
11
1.011616062992126
21
0.4425160236220472
0
LINE
8
BLACK
6
CONTINUOUS
10
1.011616062992126
20
0.4425160236220472
11
1.012497874015748
21
0.4403872047244095
0
LINE
8
BLACK
6
CONTINUOUS
10
1.012497874015748
20
0.4403872047244095
11
1.012497874015748
21
0.4380829527559055
0
LINE
8
BLACK
6
CONTINUOUS
10
1.012497874015748
20
0.4380829527559055
11
1.011616062992126
21
0.4359541338582677
0
LINE
8
BLACK
6
CONTINUOUS
10
1.011616062992126
20
0.4359541338582677
11
1.0099867716535433
21
0.434324842519685
0
LINE
8
BLACK
6
CONTINUOUS
10
1.0099867716535433
20
0.434324842519685
11
1.0078579527559055
21
0.433443031496063
0
LINE
8
BLACK
6
CONTINUOUS
10
1.0078579527559055
20
0.433443031496063
11
0.9740501968503936
21
0.4333792913385827
0
LINE
8
BLACK
6
CONTINUOUS
10
0.9740501968503936
20
0.4333792913385827
11
0.9923303149606298
21
0.4249014960629921
0
LINE
8
BLACK
6
CONTINUOUS
10
0.9923303149606298
20
0.4249014960629921
11
0.9927520866141732
21
0.4246516141732283
0
LINE
8
BLACK
6
CONTINUOUS
10
0.9927520866141732
20
0.4246516141732283
11
0.9928950787401575
21
0.4245996456692913
0
LINE
8
BLACK
6
CONTINUOUS
10
0.9928950787401575
20
0.4245996456692913
11
0.9929961811023622
21
0.4245070472440945
0
LINE
8
BLACK
6
CONTINUOUS
10
0.9929961811023622
20
0.4245070472440945
11
0.9933263779527559
21
0.4243114566929134
0
LINE
8
BLACK
6
CONTINUOUS
10
0.9933263779527559
20
0.4243114566929134
11
0.9939322834645669
21
0.4236498031496063
0
LINE
8
BLACK
6
CONTINUOUS
10
0.9939322834645669
20
0.4236498031496063
11
0.9945944094488188
21
0.4230434645669292
0
LINE
8
BLACK
6
CONTINUOUS
10
0.9945944094488188
20
0.4230434645669292
11
0.9947054330708661
21
0.4228055118110236
0
LINE
8
BLACK
6
CONTINUOUS
10
0.9947054330708661
20
0.4228055118110236
11
0.9948825590551181
21
0.422612125984252
0
LINE
8
BLACK
6
CONTINUOUS
10
0.9948825590551181
20
0.422612125984252
11
0.9951890944881889
21
0.4217691338582677
0
LINE
8
BLACK
6
CONTINUOUS
10
0.9951890944881889
20
0.4217691338582677
11
0.9955688582677165
21
0.4209553937007874
0
LINE
8
BLACK
6
CONTINUOUS
10
0.9955688582677165
20
0.4209553937007874
11
0.9955803543307087
21
0.4206931102362205
0
LINE
8
BLACK
6
CONTINUOUS
10
0.9955803543307087
20
0.4206931102362205
11
0.9956699999999999
21
0.4204466929133858
0
LINE
8
BLACK
6
CONTINUOUS
10
0.9956699999999999
20
0.4204466929133858
11
0.9956305905511811
21
0.4195500393700787
0
LINE
8
BLACK
6
CONTINUOUS
10
0.9956305905511811
20
0.4195500393700787
11
0.9956699999999999
21
0.4186533858267716
0
LINE
8
BLACK
6
CONTINUOUS
10
0.9956699999999999
20
0.4186533858267716
11
0.9955803543307087
21
0.4184069291338582
0
LINE
8
BLACK
6
CONTINUOUS
10
0.9955803543307087
20
0.4184069291338582
11
0.9955688582677165
21
0.4181446850393701
0
LINE
8
BLACK
6
CONTINUOUS
10
0.9955688582677165
20
0.4181446850393701
11
0.9951890944881889
21
0.417330905511811
0
LINE
8
BLACK
6
CONTINUOUS
10
0.9951890944881889
20
0.417330905511811
11
0.9948825590551181
21
0.4164879527559055
0
LINE
8
BLACK
6
CONTINUOUS
10
0.9948825590551181
20
0.4164879527559055
11
0.9947054330708661
21
0.4162945275590551
0
LINE
8
BLACK
6
CONTINUOUS
10
0.9947054330708661
20
0.4162945275590551
11
0.9945944094488188
21
0.4160566141732283
0
LINE
8
BLACK
6
CONTINUOUS
10
0.9945944094488188
20
0.4160566141732283
11
0.9939322834645669
21
0.4154502362204724
0
LINE
8
BLACK
6
CONTINUOUS
10
0.9939322834645669
20
0.4154502362204724
11
0.9933263779527559
21
0.4147886220472441
0
LINE
8
BLACK
6
CONTINUOUS
10
0.9933263779527559
20
0.4147886220472441
11
0.9930870472440945
21
0.414676220472441
0
LINE
8
BLACK
6
CONTINUOUS
10
0.9930870472440945
20
0.414676220472441
11
0.9928950787401575
21
0.4145004330708661
0
LINE
8
BLACK
6
CONTINUOUS
10
0.9928950787401575
20
0.4145004330708661
11
0.9920863385826771
21
0.4142063385826771
0
LINE
8
BLACK
6
CONTINUOUS
10
0.9920863385826771
20
0.4142063385826771
11
0.9739898818897638
21
0.4057088188976378
0
LINE
8
BLACK
6
CONTINUOUS
10
0.9739898818897638
20
0.4057088188976378
11
1.0067058267716535
21
0.4057705118110236
0
LINE
8
BLACK
6
CONTINUOUS
10
1.0067058267716535
20
0.4057705118110236
11
1.0078579527559055
21
0.4056570472440945
0
LINE
8
BLACK
6
CONTINUOUS
10
1.0078579527559055
20
0.4056570472440945
11
1.0099867716535433
21
0.4047752362204725
0
LINE
8
BLACK
6
CONTINUOUS
10
1.0099867716535433
20
0.4047752362204725
11
1.011616062992126
21
0.4031459448818898
0
LINE
8
BLACK
6
CONTINUOUS
10
1.011616062992126
20
0.4031459448818898
11
1.012497874015748
21
0.4010171259842519
0
LINE
8
BLACK
6
CONTINUOUS
10
1.012497874015748
20
0.4010171259842519
11
1.012497874015748
21
0.398712874015748
0
LINE
8
BLACK
6
CONTINUOUS
10
1.012497874015748
20
0.398712874015748
11
1.011616062992126
21
0.3965840551181102
0
LINE
8
BLACK
6
CONTINUOUS
10
1.011616062992126
20
0.3965840551181102
11
1.0099867716535433
21
0.3949547637795275
0
LINE
8
BLACK
6
CONTINUOUS
10
1.0099867716535433
20
0.3949547637795275
11
1.0078579527559055
21
0.3940729527559055
0
LINE
8
BLACK
6
CONTINUOUS
10
1.0078579527559055
20
0.3940729527559055
11
0.9476507086614173
21
0.3939594881889764
0
LINE
8
BLACK
6
CONTINUOUS
10
0.9476507086614173
20
0.3939594881889764
11
0.9468933464566929
21
0.3940340551181102
0
LINE
8
BLACK
6
CONTINUOUS
10
0.9468933464566929
20
0.3940340551181102
11
0.9467540551181102
21
0.3940279527559055
0
LINE
8
BLACK
6
CONTINUOUS
10
0.9467540551181102
20
0.3940279527559055
11
0.9466792125984251
21
0.3940551574803149
0
LINE
8
BLACK
6
CONTINUOUS
10
0.9466792125984251
20
0.3940551574803149
11
0.9464985826771654
21
0.3940729527559055
0
LINE
8
BLACK
6
CONTINUOUS
10
0.9464985826771654
20
0.3940729527559055
11
0.9455517716535433
21
0.3944651181102362
0
LINE
8
BLACK
6
CONTINUOUS
10
0.9455517716535433
20
0.3944651181102362
11
0.9445885826771653
21
0.3948153937007874
0
LINE
8
BLACK
6
CONTINUOUS
10
0.9445885826771653
20
0.3948153937007874
11
0.9444914173228346
21
0.3949043307086614
0
LINE
8
BLACK
6
CONTINUOUS
10
0.9444914173228346
20
0.3949043307086614
11
0.9443697637795275
21
0.3949547637795275
0
LINE
8
BLACK
6
CONTINUOUS
10
0.9443697637795275
20
0.3949547637795275
11
0.9436454330708661
21
0.3956790551181102
0
LINE
8
BLACK
6
CONTINUOUS
10
0.9436454330708661
20
0.3956790551181102
11
0.9428892519685039
21
0.3963715748031496
0
LINE
8
BLACK
6
CONTINUOUS
10
0.9428892519685039
20
0.3963715748031496
11
0.9428335039370078
21
0.3964909842519685
0
LINE
8
BLACK
6
CONTINUOUS
10
0.9428335039370078
20
0.3964909842519685
11
0.9427404724409448
21
0.3965840551181102
0
LINE
8
BLACK
6
CONTINUOUS
10
0.9427404724409448
20
0.3965840551181102
11
0.9423483070866141
21
0.3975307086614173
0
LINE
8
BLACK
6
CONTINUOUS
10
0.9423483070866141
20
0.3975307086614173
11
0.941914842519685
21
0.3984596850393701
0
LINE
8
BLACK
6
CONTINUOUS
10
0.941914842519685
20
0.3984596850393701
11
0.9419090551181102
21
0.3985911811023622
0
LINE
8
BLACK
6
CONTINUOUS
10
0.9419090551181102
20
0.3985911811023622
11
0.9418586614173228
21
0.398712874015748
0
LINE
8
BLACK
6
CONTINUOUS
10
0.9418586614173228
20
0.398712874015748
11
0.9418586614173228
21
0.3997378346456693
0
LINE
8
BLACK
6
CONTINUOUS
10
0.9418586614173228
20
0.3997378346456693
11
0.9418136614173228
21
0.4007616535433071
0
LINE
8
BLACK
6
CONTINUOUS
10
0.9418136614173228
20
0.4007616535433071
11
0.9418586614173228
21
0.4008853937007874
0
LINE
8
BLACK
6
CONTINUOUS
10
0.9418586614173228
20
0.4008853937007874
11
0.9418586614173228
21
0.4010171259842519
0
LINE
8
BLACK
6
CONTINUOUS
10
0.9418586614173228
20
0.4010171259842519
11
0.9422508267716535
21
0.4019638976377953
0
LINE
8
BLACK
6
CONTINUOUS
10
0.9422508267716535
20
0.4019638976377953
11
0.9426011023622047
21
0.402927125984252
0
LINE
8
BLACK
6
CONTINUOUS
10
0.9426011023622047
20
0.402927125984252
11
0.9426900393700787
21
0.4030242519685039
0
LINE
8
BLACK
6
CONTINUOUS
10
0.9426900393700787
20
0.4030242519685039
11
0.9427404724409448
21
0.4031459448818898
0
LINE
8
BLACK
6
CONTINUOUS
10
0.9427404724409448
20
0.4031459448818898
11
0.9434647637795275
21
0.4038702362204724
0
LINE
8
BLACK
6
CONTINUOUS
10
0.9434647637795275
20
0.4038702362204724
11
0.944157283464567
21
0.4046264566929134
0
LINE
8
BLACK
6
CONTINUOUS
10
0.944157283464567
20
0.4046264566929134
11
0.9442773622047244
21
0.4046828346456693
0
LINE
8
BLACK
6
CONTINUOUS
10
0.9442773622047244
20
0.4046828346456693
11
0.9443697637795275
21
0.4047752362204725
0
LINE
8
BLACK
6
CONTINUOUS
10
0.9443697637795275
20
0.4047752362204725
11
0.9452552755905511
21
0.4051420472440945
0
LINE
8
BLACK
6
CONTINUOUS
10
0.9452552755905511
20
0.4051420472440945
11
0.9759989763779527
21
0.4195782283464567
0
LINE
8
BLACK
6
CONTINUOUS
10
0.9759989763779527
20
0.4195782283464567
11
0.9451533464566929
21
0.4338836220472441
0
LINE
8
BLACK
6
CONTINUOUS
10
0.9451533464566929
20
0.4338836220472441
11
0.9444984251968503
21
0.4342715354330708
0
LINE
8
BLACK
6
CONTINUOUS
10
0.9444984251968503
20
0.4342715354330708
11
0.9443697637795275
21
0.434324842519685
0
LINE
8
BLACK
6
CONTINUOUS
10
0.9443697637795275
20
0.434324842519685
11
0.9443135039370079
21
0.434381062992126
0
LINE
8
BLACK
6
CONTINUOUS
10
0.9443135039370079
20
0.434381062992126
11
0.944157283464567
21
0.4344736220472441
0
LINE
8
BLACK
6
CONTINUOUS
10
0.944157283464567
20
0.4344736220472441
11
0.9434647637795275
21
0.4352298031496063
0
LINE
8
BLACK
6
CONTINUOUS
10
0.9434647637795275
20
0.4352298031496063
11
0.9427404724409448
21
0.4359541338582677
0
LINE
8
BLACK
6
CONTINUOUS
10
0.9427404724409448
20
0.4359541338582677
11
0.9426900393700787
21
0.4360757874015748
0
LINE
8
BLACK
6
CONTINUOUS
10
0.9426900393700787
20
0.4360757874015748
11
0.9426011023622047
21
0.4361729527559055
0
LINE
8
BLACK
6
CONTINUOUS
10
0.9426011023622047
20
0.4361729527559055
11
0.9422508267716535
21
0.4371361417322834
0
LINE
8
BLACK
6
CONTINUOUS
10
0.9422508267716535
20
0.4371361417322834
11
0.9418586614173228
21
0.4380829527559055
0
LINE
8
BLACK
6
CONTINUOUS
10
0.9418586614173228
20
0.4380829527559055
11
0.9418586614173228
21
0.4382146456692913
0
LINE
8
BLACK
6
CONTINUOUS
10
0.9418586614173228
20
0.4382146456692913
11
0.9418136614173228
21
0.4383384251968504
0
LINE
8
BLACK
6
CONTINUOUS
10
0.9418136614173228
20
0.4383384251968504
11
0.9418586614173228
21
0.4393622047244095
0
LINE
8
BLACK
6
CONTINUOUS
10
0.9418586614173228
20
0.4393622047244095
11
0.9418586614173228
21
0.4403872047244095
0
LINE
8
BLACK
6
CONTINUOUS
10
0.9418586614173228
20
0.4403872047244095
11
0.9419090551181102
21
0.4405088582677165
0
LINE
8
BLACK
6
CONTINUOUS
10
0.9419090551181102
20
0.4405088582677165
11
0.941914842519685
21
0.4406403937007874
0
LINE
8
BLACK
6
CONTINUOUS
10
0.941914842519685
20
0.4406403937007874
11
0.9423483070866141
21
0.4415693307086614
0
LINE
8
BLACK
6
CONTINUOUS
10
0.9423483070866141
20
0.4415693307086614
11
0.9427404724409448
21
0.4425160236220472
0
LINE
8
BLACK
6
CONTINUOUS
10
0.9427404724409448
20
0.4425160236220472
11
0.9428335039370078
21
0.4426090551181102
0
LINE
8
BLACK
6
CONTINUOUS
10
0.9428335039370078
20
0.4426090551181102
11
0.9428892519685039
21
0.4427285039370079
0
LINE
8
BLACK
6
CONTINUOUS
10
0.9428892519685039
20
0.4427285039370079
11
0.9436454330708661
21
0.4434209842519685
0
LINE
8
BLACK
6
CONTINUOUS
10
0.9436454330708661
20
0.4434209842519685
11
0.9443697637795275
21
0.4441453149606299
0
LINE
8
BLACK
6
CONTINUOUS
10
0.9443697637795275
20
0.4441453149606299
11
0.9444914173228346
21
0.4441957086614173
0
LINE
8
BLACK
6
CONTINUOUS
10
0.9444914173228346
20
0.4441957086614173
11
0.9445885826771653
21
0.4442846850393701
0
LINE
8
BLACK
6
CONTINUOUS
10
0.9445885826771653
20
0.4442846850393701
11
0.9455517716535433
21
0.4446349212598425
0
LINE
8
BLACK
6
CONTINUOUS
10
0.9455517716535433
20
0.4446349212598425
11
0.9464985826771654
21
0.445027125984252
0
LINE
8
BLACK
6
CONTINUOUS
10
0.9464985826771654
20
0.445027125984252
11
0.9466309842519685
21
0.4450273622047244
0
LINE
8
BLACK
6
CONTINUOUS
10
0.9466309842519685
20
0.4450273622047244
11
0.9467540551181102
21
0.4450721259842519
0
LINE
8
BLACK
6
CONTINUOUS
10
0.9467540551181102
20
0.4450721259842519
11
0.9477252362204724
21
0.4450294094488189
0
LINE
8
BLACK
6
CONTINUOUS
10
0.9477252362204724
20
0.4450294094488189
11
1.0067058267716535
21
0.4451405905511811
0
LINE
8
BLACK
6
CONTINUOUS
10
1.0067058267716535
20
0.4451405905511811
11
1.0078579527559055
21
0.445027125984252
0
LINE
8
BLACK
6
CONTINUOUS
10
1.094362401574803
20
0.4694547244094488
11
1.0980694881889763
21
0.4659081889763779
0
LINE
8
BLACK
6
CONTINUOUS
10
1.0980694881889763
20
0.4659081889763779
11
1.0988039370078739
21
0.4650132677165355
0
LINE
8
BLACK
6
CONTINUOUS
10
1.0988039370078739
20
0.4650132677165355
11
1.0988850787401574
21
0.4648173228346457
0
LINE
8
BLACK
6
CONTINUOUS
10
1.0988850787401574
20
0.4648173228346457
11
1.0990242125984251
21
0.4646569291338583
0
LINE
8
BLACK
6
CONTINUOUS
10
1.0990242125984251
20
0.4646569291338583
11
1.0993924015748031
21
0.4635924803149606
0
LINE
8
BLACK
6
CONTINUOUS
10
1.0993924015748031
20
0.4635924803149606
11
1.0996857086614173
21
0.4628844488188976
0
LINE
8
BLACK
6
CONTINUOUS
10
1.0996857086614173
20
0.4628844488188976
11
1.0996857086614173
21
0.4627446850393701
0
LINE
8
BLACK
6
CONTINUOUS
10
1.0996857086614173
20
0.4627446850393701
11
1.1023083070866142
21
0.4551633464566929
0
LINE
8
BLACK
6
CONTINUOUS
10
1.1023083070866142
20
0.4551633464566929
11
1.1024381889763779
21
0.454591968503937
0
LINE
8
BLACK
6
CONTINUOUS
10
1.1024381889763779
20
0.454591968503937
11
1.1024978740157481
21
0.4544479921259842
0
LINE
8
BLACK
6
CONTINUOUS
10
1.1024978740157481
20
0.4544479921259842
11
1.1025
21
0.4543202362204724
0
LINE
8
BLACK
6
CONTINUOUS
10
1.1025
20
0.4543202362204724
11
1.102565
21
0.4540344488188977
0
LINE
8
BLACK
6
CONTINUOUS
10
1.102565
20
0.4540344488188977
11
1.1025162598425196
21
0.4533490157480315
0
LINE
8
BLACK
6
CONTINUOUS
10
1.1025162598425196
20
0.4533490157480315
11
1.1026113385826772
21
0.4476715748031496
0
LINE
8
BLACK
6
CONTINUOUS
10
1.1026113385826772
20
0.4476715748031496
11
1.1025538976377953
21
0.4470886614173228
0
LINE
8
BLACK
6
CONTINUOUS
10
1.1025538976377953
20
0.4470886614173228
11
1.102565
21
0.4469329921259843
0
LINE
8
BLACK
6
CONTINUOUS
10
1.102565
20
0.4469329921259843
11
1.1025268897637794
21
0.4468142519685039
0
LINE
8
BLACK
6
CONTINUOUS
10
1.1025268897637794
20
0.4468142519685039
11
1.1024978740157481
21
0.4465194488188976
0
LINE
8
BLACK
6
CONTINUOUS
10
1.1024978740157481
20
0.4465194488188976
11
1.1022071259842519
21
0.4458175984251969
0
LINE
8
BLACK
6
CONTINUOUS
10
1.1022071259842519
20
0.4458175984251969
11
1.0994961811023622
21
0.4373676377952756
0
LINE
8
BLACK
6
CONTINUOUS
10
1.0994961811023622
20
0.4373676377952756
11
1.0990242125984251
21
0.4363105118110236
0
LINE
8
BLACK
6
CONTINUOUS
10
1.0990242125984251
20
0.4363105118110236
11
1.0988851574803149
21
0.4361501968503937
0
LINE
8
BLACK
6
CONTINUOUS
10
1.0988851574803149
20
0.4361501968503937
11
1.0988039763779527
21
0.4359541732283465
0
LINE
8
BLACK
6
CONTINUOUS
10
1.0988039763779527
20
0.4359541732283465
11
1.0980022440944881
21
0.4351322047244094
0
LINE
8
BLACK
6
CONTINUOUS
10
1.0980022440944881
20
0.4351322047244094
11
1.0975144488188977
21
0.4345698031496063
0
LINE
8
BLACK
6
CONTINUOUS
10
1.0975144488188977
20
0.4345698031496063
11
1.0973957874015747
21
0.4345104724409449
0
LINE
8
BLACK
6
CONTINUOUS
10
1.0973957874015747
20
0.4345104724409449
11
1.0924451968503937
21
0.429435
0
LINE
8
BLACK
6
CONTINUOUS
10
1.0924451968503937
20
0.429435
11
1.0919923622047243
21
0.4290633464566929
0
LINE
8
BLACK
6
CONTINUOUS
10
1.0919923622047243
20
0.4290633464566929
11
1.091890157480315
21
0.4289455118110236
0
LINE
8
BLACK
6
CONTINUOUS
10
1.091890157480315
20
0.4289455118110236
11
1.0917774409448819
21
0.428886968503937
0
LINE
8
BLACK
6
CONTINUOUS
10
1.0917774409448819
20
0.428886968503937
11
1.0915502755905511
21
0.4287005511811023
0
LINE
8
BLACK
6
CONTINUOUS
10
1.0915502755905511
20
0.4287005511811023
11
1.090898031496063
21
0.4284303937007874
0
LINE
8
BLACK
6
CONTINUOUS
10
1.090898031496063
20
0.4284303937007874
11
1.0852861023622047
21
0.4255166141732283
0
LINE
8
BLACK
6
CONTINUOUS
10
1.0852861023622047
20
0.4255166141732283
11
1.0852018110236221
21
0.4254843307086614
0
LINE
8
BLACK
6
CONTINUOUS
10
1.0852018110236221
20
0.4254843307086614
11
1.0851675590551182
21
0.4254589763779528
0
LINE
8
BLACK
6
CONTINUOUS
10
1.0851675590551182
20
0.4254589763779528
11
1.085067874015748
21
0.4254331102362204
0
LINE
8
BLACK
6
CONTINUOUS
10
1.085067874015748
20
0.4254331102362204
11
1.0842048818897638
21
0.425102874015748
0
LINE
8
BLACK
6
CONTINUOUS
10
1.0842048818897638
20
0.425102874015748
11
1.083640590551181
21
0.4250627559055118
0
LINE
8
BLACK
6
CONTINUOUS
10
1.083640590551181
20
0.4250627559055118
11
1.0728287795275591
21
0.4222573622047244
0
LINE
8
BLACK
6
CONTINUOUS
10
1.0728287795275591
20
0.4222573622047244
11
1.0726290944881889
21
0.4222278346456693
0
LINE
8
BLACK
6
CONTINUOUS
10
1.0726290944881889
20
0.4222278346456693
11
1.072548622047244
21
0.4221944881889764
0
LINE
8
BLACK
6
CONTINUOUS
10
1.072548622047244
20
0.4221944881889764
11
1.0723910236220473
21
0.4221925984251969
0
LINE
8
BLACK
6
CONTINUOUS
10
1.0723910236220473
20
0.4221925984251969
11
1.0716835433070866
21
0.4220879921259842
0
LINE
8
BLACK
6
CONTINUOUS
10
1.0716835433070866
20
0.4220879921259842
11
1.0710843307086615
21
0.4221771259842519
0
LINE
8
BLACK
6
CONTINUOUS
10
1.0710843307086615
20
0.4221771259842519
11
1.0629600393700787
21
0.4220810236220472
0
LINE
8
BLACK
6
CONTINUOUS
10
1.0629600393700787
20
0.4220810236220472
11
1.0627590944881891
21
0.4221007874015748
0
LINE
8
BLACK
6
CONTINUOUS
10
1.0627590944881891
20
0.4221007874015748
11
1.0626729921259843
21
0.4220879921259842
0
LINE
8
BLACK
6
CONTINUOUS
10
1.0626729921259843
20
0.4220879921259842
11
1.0625230708661417
21
0.4221240551181102
0
LINE
8
BLACK
6
CONTINUOUS
10
1.0625230708661417
20
0.4221240551181102
11
1.0618079133858267
21
0.4221944881889764
0
LINE
8
BLACK
6
CONTINUOUS
10
1.0618079133858267
20
0.4221944881889764
11
1.0612227952755906
21
0.4224368503937008
0
LINE
8
BLACK
6
CONTINUOUS
10
1.0612227952755906
20
0.4224368503937008
11
1.0502791732283465
21
0.4250694881889764
0
LINE
8
BLACK
6
CONTINUOUS
10
1.0502791732283465
20
0.4250694881889764
11
1.0501941732283464
21
0.425099842519685
0
LINE
8
BLACK
6
CONTINUOUS
10
1.0501941732283464
20
0.425099842519685
11
1.0501516535433071
21
0.425102874015748
0
LINE
8
BLACK
6
CONTINUOUS
10
1.0501516535433071
20
0.425102874015748
11
1.050053307086614
21
0.4251501574803149
0
LINE
8
BLACK
6
CONTINUOUS
10
1.050053307086614
20
0.4251501574803149
11
1.0491889763779527
21
0.4254589763779528
0
LINE
8
BLACK
6
CONTINUOUS
10
1.0491889763779527
20
0.4254589763779528
11
1.048777125984252
21
0.425764094488189
0
LINE
8
BLACK
6
CONTINUOUS
10
1.048777125984252
20
0.425764094488189
11
1.0434461417322833
21
0.428328779527559
0
LINE
8
BLACK
6
CONTINUOUS
10
1.0434461417322833
20
0.428328779527559
11
1.0429503937007873
21
0.4286408267716535
0
LINE
8
BLACK
6
CONTINUOUS
10
1.0429503937007873
20
0.4286408267716535
11
1.0428062204724409
21
0.4287005511811023
0
LINE
8
BLACK
6
CONTINUOUS
10
1.0428062204724409
20
0.4287005511811023
11
1.0427164566929135
21
0.4287880708661417
0
LINE
8
BLACK
6
CONTINUOUS
10
1.0427164566929135
20
0.4287880708661417
11
1.0424663779527559
21
0.4289455118110236
0
LINE
8
BLACK
6
CONTINUOUS
10
1.0424663779527559
20
0.4289455118110236
11
1.0419792913385826
21
0.4295070866141732
0
LINE
8
BLACK
6
CONTINUOUS
10
1.0419792913385826
20
0.4295070866141732
11
1.0362870472440944
21
0.4350592913385827
0
LINE
8
BLACK
6
CONTINUOUS
10
1.0362870472440944
20
0.4350592913385827
11
1.0355525984251968
21
0.4359542125984252
0
LINE
8
BLACK
6
CONTINUOUS
10
1.0355525984251968
20
0.4359542125984252
11
1.0354713779527558
21
0.4361502362204724
0
LINE
8
BLACK
6
CONTINUOUS
10
1.0354713779527558
20
0.4361502362204724
11
1.0353324015748031
21
0.4363105118110236
0
LINE
8
BLACK
6
CONTINUOUS
10
1.0353324015748031
20
0.4363105118110236
11
1.0349644488188976
21
0.4373740551181102
0
LINE
8
BLACK
6
CONTINUOUS
10
1.0349644488188976
20
0.4373740551181102
11
1.0346708267716536
21
0.438083031496063
0
LINE
8
BLACK
6
CONTINUOUS
10
1.0346708267716536
20
0.438083031496063
11
1.0346708267716536
21
0.4382229527559055
0
LINE
8
BLACK
6
CONTINUOUS
10
1.0346708267716536
20
0.4382229527559055
11
1.0320482677165355
21
0.445804094488189
0
LINE
8
BLACK
6
CONTINUOUS
10
1.0320482677165355
20
0.445804094488189
11
1.0319183858267715
21
0.4463752362204724
0
LINE
8
BLACK
6
CONTINUOUS
10
1.0319183858267715
20
0.4463752362204724
11
1.0318586614173229
21
0.4465194488188976
0
LINE
8
BLACK
6
CONTINUOUS
10
1.0318586614173229
20
0.4465194488188976
11
1.0318564960629921
21
0.4466473228346456
0
LINE
8
BLACK
6
CONTINUOUS
10
1.0318564960629921
20
0.4466473228346456
11
1.0317915748031496
21
0.4469329527559055
0
LINE
8
BLACK
6
CONTINUOUS
10
1.0317915748031496
20
0.4469329527559055
11
1.0318402362204724
21
0.4476180708661417
0
LINE
8
BLACK
6
CONTINUOUS
10
1.0318402362204724
20
0.4476180708661417
11
1.0317451968503937
21
0.4532958661417323
0
LINE
8
BLACK
6
CONTINUOUS
10
1.0317451968503937
20
0.4532958661417323
11
1.0318025984251968
21
0.4538789763779528
0
LINE
8
BLACK
6
CONTINUOUS
10
1.0318025984251968
20
0.4538789763779528
11
1.0317915748031496
21
0.4540344881889763
0
LINE
8
BLACK
6
CONTINUOUS
10
1.0317915748031496
20
0.4540344881889763
11
1.0318296062992125
21
0.454153031496063
0
LINE
8
BLACK
6
CONTINUOUS
10
1.0318296062992125
20
0.454153031496063
11
1.0318586614173229
21
0.4544479921259842
0
LINE
8
BLACK
6
CONTINUOUS
10
1.0318586614173229
20
0.4544479921259842
11
1.0321494881889763
21
0.4551501181102362
0
LINE
8
BLACK
6
CONTINUOUS
10
1.0321494881889763
20
0.4551501181102362
11
1.0348603937007874
21
0.4635998031496063
0
LINE
8
BLACK
6
CONTINUOUS
10
1.0348603937007874
20
0.4635998031496063
11
1.0353324015748031
21
0.4646569291338583
0
LINE
8
BLACK
6
CONTINUOUS
10
1.0353324015748031
20
0.4646569291338583
11
1.0354713779527558
21
0.4648171653543307
0
LINE
8
BLACK
6
CONTINUOUS
10
1.0354713779527558
20
0.4648171653543307
11
1.0355525984251968
21
0.4650132283464567
0
LINE
8
BLACK
6
CONTINUOUS
10
1.0355525984251968
20
0.4650132283464567
11
1.036503031496063
21
0.4660066929133858
0
LINE
8
BLACK
6
CONTINUOUS
10
1.036503031496063
20
0.4660066929133858
11
1.036842125984252
21
0.4663976377952756
0
LINE
8
BLACK
6
CONTINUOUS
10
1.036842125984252
20
0.4663976377952756
11
1.0369090944881889
21
0.4664311023622047
0
LINE
8
BLACK
6
CONTINUOUS
10
1.0369090944881889
20
0.4664311023622047
11
1.0390991732283463
21
0.4687202755905512
0
LINE
8
BLACK
6
CONTINUOUS
10
1.0390991732283463
20
0.4687202755905512
11
1.0399940551181102
21
0.4694547244094488
0
LINE
8
BLACK
6
CONTINUOUS
10
1.0399940551181102
20
0.4694547244094488
11
1.0421229133858267
21
0.4703364566929134
0
LINE
8
BLACK
6
CONTINUOUS
10
1.0421229133858267
20
0.4703364566929134
11
1.0444270866141732
21
0.4703364566929134
0
LINE
8
BLACK
6
CONTINUOUS
10
1.0444270866141732
20
0.4703364566929134
11
1.046555905511811
21
0.4694547244094488
0
LINE
8
BLACK
6
CONTINUOUS
10
1.046555905511811
20
0.4694547244094488
11
1.0481852755905512
21
0.4678253543307087
0
LINE
8
BLACK
6
CONTINUOUS
10
1.0481852755905512
20
0.4678253543307087
11
1.0490670078740156
21
0.4656965354330709
0
LINE
8
BLACK
6
CONTINUOUS
10
1.0490670078740156
20
0.4656965354330709
11
1.0490670078740156
21
0.4633923622047244
0
LINE
8
BLACK
6
CONTINUOUS
10
1.0490670078740156
20
0.4633923622047244
11
1.0481852755905512
21
0.4612635039370079
0
LINE
8
BLACK
6
CONTINUOUS
10
1.0481852755905512
20
0.4612635039370079
11
1.0455121259842519
21
0.4584694488188976
0
LINE
8
BLACK
6
CONTINUOUS
10
1.0455121259842519
20
0.4584694488188976
11
1.0434813779527559
21
0.4521398031496063
0
LINE
8
BLACK
6
CONTINUOUS
10
1.0434813779527559
20
0.4521398031496063
11
1.0435441732283464
21
0.4483905511811023
0
LINE
8
BLACK
6
CONTINUOUS
10
1.0435441732283464
20
0.4483905511811023
11
1.0456588976377952
21
0.4422773622047244
0
LINE
8
BLACK
6
CONTINUOUS
10
1.0456588976377952
20
0.4422773622047244
11
1.0497340551181102
21
0.4383025196850394
0
LINE
8
BLACK
6
CONTINUOUS
10
1.0497340551181102
20
0.4383025196850394
11
1.0541436614173227
21
0.4361811417322835
0
LINE
8
BLACK
6
CONTINUOUS
10
1.0541436614173227
20
0.4361811417322835
11
1.0640220472440944
21
0.4338047637795275
0
LINE
8
BLACK
6
CONTINUOUS
10
1.0640220472440944
20
0.4338047637795275
11
1.0710383070866141
21
0.4338877952755905
0
LINE
8
BLACK
6
CONTINUOUS
10
1.0710383070866141
20
0.4338877952755905
11
1.0809338582677166
21
0.4364554330708662
0
LINE
8
BLACK
6
CONTINUOUS
10
1.0809338582677166
20
0.4364554330708662
11
1.0849853149606299
21
0.4385590157480315
0
LINE
8
BLACK
6
CONTINUOUS
10
1.0849853149606299
20
0.4385590157480315
11
1.0888527165354331
21
0.442523937007874
0
LINE
8
BLACK
6
CONTINUOUS
10
1.0888527165354331
20
0.442523937007874
11
1.0908751181102363
21
0.4488276771653543
0
LINE
8
BLACK
6
CONTINUOUS
10
1.0908751181102363
20
0.4488276771653543
11
1.0908123228346456
21
0.4525767716535433
0
LINE
8
BLACK
6
CONTINUOUS
10
1.0908123228346456
20
0.4525767716535433
11
1.088716062992126
21
0.4586366141732283
0
LINE
8
BLACK
6
CONTINUOUS
10
1.088716062992126
20
0.4586366141732283
11
1.0869057480314961
21
0.4603685826771653
0
LINE
8
BLACK
6
CONTINUOUS
10
1.0869057480314961
20
0.4603685826771653
11
1.0861712992125985
21
0.4612635039370079
0
LINE
8
BLACK
6
CONTINUOUS
10
1.0861712992125985
20
0.4612635039370079
11
1.0852894881889763
21
0.4633923228346457
0
LINE
8
BLACK
6
CONTINUOUS
10
1.0852894881889763
20
0.4633923228346457
11
1.0852894881889763
21
0.4656964960629921
0
LINE
8
BLACK
6
CONTINUOUS
10
1.0852894881889763
20
0.4656964960629921
11
1.0861712598425197
21
0.4678253149606299
0
LINE
8
BLACK
6
CONTINUOUS
10
1.0861712598425197
20
0.4678253149606299
11
1.0878005905511812
21
0.46945468503937
0
LINE
8
BLACK
6
CONTINUOUS
10
1.0878005905511812
20
0.46945468503937
11
1.0899294094488188
21
0.4703364960629921
0
LINE
8
BLACK
6
CONTINUOUS
10
1.0899294094488188
20
0.4703364960629921
11
1.0922335826771654
21
0.4703364960629921
0
LINE
8
BLACK
6
CONTINUOUS
10
1.0922335826771654
20
0.4703364960629921
11
1.094362401574803
21
0.4694547244094488
0
LINE
8
BLACK
6
CONTINUOUS
10
0.0672216929133858
20
0.4751095275590551
11
0.0673078346456693
21
0.4751223622047244
0
LINE
8
BLACK
6
CONTINUOUS
10
0.0673078346456693
20
0.4751223622047244
11
0.0674577165354331
21
0.4750862598425197
0
LINE
8
BLACK
6
CONTINUOUS
10
0.0674577165354331
20
0.4750862598425197
11
0.0681729133858268
21
0.4750158661417322
0
LINE
8
BLACK
6
CONTINUOUS
10
0.0681729133858268
20
0.4750158661417322
11
0.068758031496063
21
0.4747734645669291
0
LINE
8
BLACK
6
CONTINUOUS
10
0.068758031496063
20
0.4747734645669291
11
0.0797016535433071
21
0.4721408267716535
0
LINE
8
BLACK
6
CONTINUOUS
10
0.0797016535433071
20
0.4721408267716535
11
0.0807918503937008
21
0.4717513385826771
0
LINE
8
BLACK
6
CONTINUOUS
10
0.0807918503937008
20
0.4717513385826771
11
0.0811446062992126
21
0.4714899212598425
0
LINE
8
BLACK
6
CONTINUOUS
10
0.0811446062992126
20
0.4714899212598425
11
0.0815502755905512
21
0.4713219291338582
0
LINE
8
BLACK
6
CONTINUOUS
10
0.0815502755905512
20
0.4713219291338582
11
0.0821156692913386
21
0.4707704330708661
0
LINE
8
BLACK
6
CONTINUOUS
10
0.0821156692913386
20
0.4707704330708661
11
0.0826432677165354
21
0.4703795275590551
0
LINE
8
BLACK
6
CONTINUOUS
10
0.0826432677165354
20
0.4703795275590551
11
0.0828221653543307
21
0.4700813385826771
0
LINE
8
BLACK
6
CONTINUOUS
10
0.0828221653543307
20
0.4700813385826771
11
0.0880695275590551
21
0.464963188976378
0
LINE
8
BLACK
6
CONTINUOUS
10
0.0880695275590551
20
0.464963188976378
11
0.0884412992125984
21
0.4645101574803149
0
LINE
8
BLACK
6
CONTINUOUS
10
0.0884412992125984
20
0.4645101574803149
11
0.0885590157480315
21
0.4644081102362205
0
LINE
8
BLACK
6
CONTINUOUS
10
0.0885590157480315
20
0.4644081102362205
11
0.0886174015748031
21
0.4642955905511811
0
LINE
8
BLACK
6
CONTINUOUS
10
0.0886174015748031
20
0.4642955905511811
11
0.0888039763779528
21
0.4640683070866142
0
LINE
8
BLACK
6
CONTINUOUS
10
0.0888039763779528
20
0.4640683070866142
11
0.0890742913385827
21
0.4634156299212598
0
LINE
8
BLACK
6
CONTINUOUS
10
0.0890742913385827
20
0.4634156299212598
11
0.091987874015748
21
0.4578040551181102
0
LINE
8
BLACK
6
CONTINUOUS
10
0.091987874015748
20
0.4578040551181102
11
0.0924016535433071
21
0.4567228346456693
0
LINE
8
BLACK
6
CONTINUOUS
10
0.0924016535433071
20
0.4567228346456693
11
0.0924166535433071
21
0.4565111811023622
0
LINE
8
BLACK
6
CONTINUOUS
10
0.0924166535433071
20
0.4565111811023622
11
0.092497874015748
21
0.4563151968503937
0
LINE
8
BLACK
6
CONTINUOUS
10
0.092497874015748
20
0.4563151968503937
11
0.0925077952755906
21
0.4552286614173228
0
LINE
8
BLACK
6
CONTINUOUS
10
0.0925077952755906
20
0.4552286614173228
11
0.0925649606299213
21
0.4544244094488189
0
LINE
8
BLACK
6
CONTINUOUS
10
0.0925649606299213
20
0.4544244094488189
11
0.0925164960629921
21
0.4542790157480315
0
LINE
8
BLACK
6
CONTINUOUS
10
0.0925164960629921
20
0.4542790157480315
11
0.0926113385826772
21
0.4439144881889764
0
LINE
8
BLACK
6
CONTINUOUS
10
0.0926113385826772
20
0.4439144881889764
11
0.092497874015748
21
0.4427623622047244
0
LINE
8
BLACK
6
CONTINUOUS
10
0.092497874015748
20
0.4427623622047244
11
0.0924166535433071
21
0.4425663385826771
0
LINE
8
BLACK
6
CONTINUOUS
10
0.0924166535433071
20
0.4425663385826771
11
0.0924016535433071
21
0.4423547244094488
0
LINE
8
BLACK
6
CONTINUOUS
10
0.0924016535433071
20
0.4423547244094488
11
0.0918789763779528
21
0.4412682677165354
0
LINE
8
BLACK
6
CONTINUOUS
10
0.0918789763779528
20
0.4412682677165354
11
0.091616062992126
21
0.4406335433070866
0
LINE
8
BLACK
6
CONTINUOUS
10
0.091616062992126
20
0.4406335433070866
11
0.0915342519685039
21
0.4405517322834646
0
LINE
8
BLACK
6
CONTINUOUS
10
0.0915342519685039
20
0.4405517322834646
11
0.0891757480314961
21
0.4356491732283465
0
LINE
8
BLACK
6
CONTINUOUS
10
0.0891757480314961
20
0.4356491732283465
11
0.0888636614173228
21
0.4351534251968504
0
LINE
8
BLACK
6
CONTINUOUS
10
0.0888636614173228
20
0.4351534251968504
11
0.0888039763779528
21
0.4350092913385827
0
LINE
8
BLACK
6
CONTINUOUS
10
0.0888039763779528
20
0.4350092913385827
11
0.0887164566929134
21
0.4349195669291339
0
LINE
8
BLACK
6
CONTINUOUS
10
0.0887164566929134
20
0.4349195669291339
11
0.0885590157480315
21
0.4346694488188976
0
LINE
8
BLACK
6
CONTINUOUS
10
0.0885590157480315
20
0.4346694488188976
11
0.0879974409448819
21
0.4341824015748031
0
LINE
8
BLACK
6
CONTINUOUS
10
0.0879974409448819
20
0.4341824015748031
11
0.0824451968503937
21
0.4284900393700787
0
LINE
8
BLACK
6
CONTINUOUS
10
0.0824451968503937
20
0.4284900393700787
11
0.0815502755905512
21
0.4277555905511811
0
LINE
8
BLACK
6
CONTINUOUS
10
0.0815502755905512
20
0.4277555905511811
11
0.0811446062992126
21
0.4275875590551181
0
LINE
8
BLACK
6
CONTINUOUS
10
0.0811446062992126
20
0.4275875590551181
11
0.0807918503937008
21
0.4273261811023622
0
LINE
8
BLACK
6
CONTINUOUS
10
0.0807918503937008
20
0.4273261811023622
11
0.0800468897637795
21
0.427132874015748
0
LINE
8
BLACK
6
CONTINUOUS
10
0.0800468897637795
20
0.427132874015748
11
0.0794214566929134
21
0.4268738188976378
0
LINE
8
BLACK
6
CONTINUOUS
10
0.0794214566929134
20
0.4268738188976378
11
0.0790484645669291
21
0.4268738188976378
0
LINE
8
BLACK
6
CONTINUOUS
10
0.0790484645669291
20
0.4268738188976378
11
0.0684530708661417
21
0.4241245669291339
0
LINE
8
BLACK
6
CONTINUOUS
10
0.0684530708661417
20
0.4241245669291339
11
0.0682533858267717
21
0.4240950393700788
0
LINE
8
BLACK
6
CONTINUOUS
10
0.0682533858267717
20
0.4240950393700788
11
0.0681729133858268
21
0.4240616929133858
0
LINE
8
BLACK
6
CONTINUOUS
10
0.0681729133858268
20
0.4240616929133858
11
0.0680223622047244
21
0.4240608661417323
0
LINE
8
BLACK
6
CONTINUOUS
10
0.0680223622047244
20
0.4240608661417323
11
0.0673078346456693
21
0.4239551968503937
0
LINE
8
BLACK
6
CONTINUOUS
10
0.0673078346456693
20
0.4239551968503937
11
0.0666479921259843
21
0.4240533858267717
0
LINE
8
BLACK
6
CONTINUOUS
10
0.0666479921259843
20
0.4240533858267717
11
0.0473357480314961
21
0.4239482283464567
0
LINE
8
BLACK
6
CONTINUOUS
10
0.0473357480314961
20
0.4239482283464567
11
0.0471348031496063
21
0.4239679921259842
0
LINE
8
BLACK
6
CONTINUOUS
10
0.0471348031496063
20
0.4239679921259842
11
0.0470487007874016
21
0.4239551968503937
0
LINE
8
BLACK
6
CONTINUOUS
10
0.0470487007874016
20
0.4239551968503937
11
0.0468987795275591
21
0.4239912598425197
0
LINE
8
BLACK
6
CONTINUOUS
10
0.0468987795275591
20
0.4239912598425197
11
0.0461836220472441
21
0.4240616929133858
0
LINE
8
BLACK
6
CONTINUOUS
10
0.0461836220472441
20
0.4240616929133858
11
0.0455985039370079
21
0.4243040551181102
0
LINE
8
BLACK
6
CONTINUOUS
10
0.0455985039370079
20
0.4243040551181102
11
0.0346548818897638
21
0.4269366929133858
0
LINE
8
BLACK
6
CONTINUOUS
10
0.0346548818897638
20
0.4269366929133858
11
0.0335646850393701
21
0.4273261811023622
0
LINE
8
BLACK
6
CONTINUOUS
10
0.0335646850393701
20
0.4273261811023622
11
0.0332119291338583
21
0.4275875196850394
0
LINE
8
BLACK
6
CONTINUOUS
10
0.0332119291338583
20
0.4275875196850394
11
0.0328062204724409
21
0.4277555905511811
0
LINE
8
BLACK
6
CONTINUOUS
10
0.0328062204724409
20
0.4277555905511811
11
0.0322407086614173
21
0.4283071653543307
0
LINE
8
BLACK
6
CONTINUOUS
10
0.0322407086614173
20
0.4283071653543307
11
0.0317132677165354
21
0.4286979921259843
0
LINE
8
BLACK
6
CONTINUOUS
10
0.0317132677165354
20
0.4286979921259843
11
0.0315343700787402
21
0.4289961023622047
0
LINE
8
BLACK
6
CONTINUOUS
10
0.0315343700787402
20
0.4289961023622047
11
0.0262870472440945
21
0.4341143700787402
0
LINE
8
BLACK
6
CONTINUOUS
10
0.0262870472440945
20
0.4341143700787402
11
0.0259153937007874
21
0.4345671653543307
0
LINE
8
BLACK
6
CONTINUOUS
10
0.0259153937007874
20
0.4345671653543307
11
0.0257975590551181
21
0.4346694094488189
0
LINE
8
BLACK
6
CONTINUOUS
10
0.0257975590551181
20
0.4346694094488189
11
0.0257390157480315
21
0.4347820866141732
0
LINE
8
BLACK
6
CONTINUOUS
10
0.0257390157480315
20
0.4347820866141732
11
0.0255525984251968
21
0.4350092913385827
0
LINE
8
BLACK
6
CONTINUOUS
10
0.0255525984251968
20
0.4350092913385827
11
0.0252824409448819
21
0.4356614960629921
0
LINE
8
BLACK
6
CONTINUOUS
10
0.0252824409448819
20
0.4356614960629921
11
0.0223686614173228
21
0.4412734645669291
0
LINE
8
BLACK
6
CONTINUOUS
10
0.0223686614173228
20
0.4412734645669291
11
0.0219549212598425
21
0.4423546850393701
0
LINE
8
BLACK
6
CONTINUOUS
10
0.0219549212598425
20
0.4423546850393701
11
0.0219398818897638
21
0.4425662598425197
0
LINE
8
BLACK
6
CONTINUOUS
10
0.0219398818897638
20
0.4425662598425197
11
0.0218586614173228
21
0.4427623622047244
0
LINE
8
BLACK
6
CONTINUOUS
10
0.0218586614173228
20
0.4427623622047244
11
0.0218487007874016
21
0.4438490157480315
0
LINE
8
BLACK
6
CONTINUOUS
10
0.0218487007874016
20
0.4438490157480315
11
0.0217915748031496
21
0.4446531102362205
0
LINE
8
BLACK
6
CONTINUOUS
10
0.0217915748031496
20
0.4446531102362205
11
0.02184
21
0.4447984645669291
0
LINE
8
BLACK
6
CONTINUOUS
10
0.02184
20
0.4447984645669291
11
0.0217451968503937
21
0.4551630708661417
0
LINE
8
BLACK
6
CONTINUOUS
10
0.0217451968503937
20
0.4551630708661417
11
0.0218586614173228
21
0.4563151968503937
0
LINE
8
BLACK
6
CONTINUOUS
10
0.0218586614173228
20
0.4563151968503937
11
0.0219398818897638
21
0.4565112598425197
0
LINE
8
BLACK
6
CONTINUOUS
10
0.0219398818897638
20
0.4565112598425197
11
0.0219549212598425
21
0.456722874015748
0
LINE
8
BLACK
6
CONTINUOUS
10
0.0219549212598425
20
0.456722874015748
11
0.0224774015748032
21
0.4578088976377953
0
LINE
8
BLACK
6
CONTINUOUS
10
0.0224774015748032
20
0.4578088976377953
11
0.0227404724409449
21
0.4584440157480315
0
LINE
8
BLACK
6
CONTINUOUS
10
0.0227404724409449
20
0.4584440157480315
11
0.0228222834645669
21
0.4585258267716535
0
LINE
8
BLACK
6
CONTINUOUS
10
0.0228222834645669
20
0.4585258267716535
11
0.0251808267716535
21
0.4634283858267716
0
LINE
8
BLACK
6
CONTINUOUS
10
0.0251808267716535
20
0.4634283858267716
11
0.0254929133858268
21
0.4639241732283464
0
LINE
8
BLACK
6
CONTINUOUS
10
0.0254929133858268
20
0.4639241732283464
11
0.0255525984251968
21
0.4640682677165354
0
LINE
8
BLACK
6
CONTINUOUS
10
0.0255525984251968
20
0.4640682677165354
11
0.0256400393700787
21
0.4641579133858267
0
LINE
8
BLACK
6
CONTINUOUS
10
0.0256400393700787
20
0.4641579133858267
11
0.0257975590551181
21
0.4644081496062992
0
LINE
8
BLACK
6
CONTINUOUS
10
0.0257975590551181
20
0.4644081496062992
11
0.0263592913385827
21
0.4648953149606299
0
LINE
8
BLACK
6
CONTINUOUS
10
0.0263592913385827
20
0.4648953149606299
11
0.0319113385826772
21
0.4705874803149606
0
LINE
8
BLACK
6
CONTINUOUS
10
0.0319113385826772
20
0.4705874803149606
11
0.0328062204724409
21
0.4713219291338582
0
LINE
8
BLACK
6
CONTINUOUS
10
0.0328062204724409
20
0.4713219291338582
11
0.0332118503937008
21
0.4714899212598425
0
LINE
8
BLACK
6
CONTINUOUS
10
0.0332118503937008
20
0.4714899212598425
11
0.0335646456692913
21
0.4717513385826771
0
LINE
8
BLACK
6
CONTINUOUS
10
0.0335646456692913
20
0.4717513385826771
11
0.0343096456692913
21
0.4719446456692913
0
LINE
8
BLACK
6
CONTINUOUS
10
0.0343096456692913
20
0.4719446456692913
11
0.0349350787401575
21
0.4722037007874015
0
LINE
8
BLACK
6
CONTINUOUS
10
0.0349350787401575
20
0.4722037007874015
11
0.0353079921259843
21
0.4722037007874015
0
LINE
8
BLACK
6
CONTINUOUS
10
0.0353079921259843
20
0.4722037007874015
11
0.0459034251968504
21
0.4749529921259842
0
LINE
8
BLACK
6
CONTINUOUS
10
0.0459034251968504
20
0.4749529921259842
11
0.0461031102362205
21
0.4749825196850394
0
LINE
8
BLACK
6
CONTINUOUS
10
0.0461031102362205
20
0.4749825196850394
11
0.0461836220472441
21
0.4750158661417322
0
LINE
8
BLACK
6
CONTINUOUS
10
0.0461836220472441
20
0.4750158661417322
11
0.046334094488189
21
0.4750166535433071
0
LINE
8
BLACK
6
CONTINUOUS
10
0.046334094488189
20
0.4750166535433071
11
0.0470486614173228
21
0.4751223622047244
0
LINE
8
BLACK
6
CONTINUOUS
10
0.0470486614173228
20
0.4751223622047244
11
0.0477084645669291
21
0.4750241338582677
0
LINE
8
BLACK
6
CONTINUOUS
10
0.0477084645669291
20
0.4750241338582677
11
0.0670207874015748
21
0.4751293307086614
0
LINE
8
BLACK
6
CONTINUOUS
10
0.0670207874015748
20
0.4751293307086614
11
0.0672216929133858
21
0.4751095275590551
0
LINE
8
BLACK
6
CONTINUOUS
10
0.0476849212598425
20
0.4633201968503937
11
0.0389787795275591
21
0.4610611417322835
0
LINE
8
BLACK
6
CONTINUOUS
10
0.0389787795275591
20
0.4610611417322835
11
0.0351545669291339
21
0.4571403937007874
0
LINE
8
BLACK
6
CONTINUOUS
10
0.0351545669291339
20
0.4571403937007874
11
0.0334672834645669
21
0.4536331496062992
0
LINE
8
BLACK
6
CONTINUOUS
10
0.0334672834645669
20
0.4536331496062992
11
0.0335447244094488
21
0.4451687401574803
0
LINE
8
BLACK
6
CONTINUOUS
10
0.0335447244094488
20
0.4451687401574803
11
0.035411062992126
21
0.4415742125984252
0
LINE
8
BLACK
6
CONTINUOUS
10
0.035411062992126
20
0.4415742125984252
11
0.0391916929133858
21
0.4378866141732283
0
LINE
8
BLACK
6
CONTINUOUS
10
0.0391916929133858
20
0.4378866141732283
11
0.0484552362204724
21
0.4356581496062992
0
LINE
8
BLACK
6
CONTINUOUS
10
0.0484552362204724
20
0.4356581496062992
11
0.0666716141732283
21
0.4357573228346456
0
LINE
8
BLACK
6
CONTINUOUS
10
0.0666716141732283
20
0.4357573228346456
11
0.0753777559055118
21
0.4380163779527559
0
LINE
8
BLACK
6
CONTINUOUS
10
0.0753777559055118
20
0.4380163779527559
11
0.0792019291338583
21
0.4419370472440945
0
LINE
8
BLACK
6
CONTINUOUS
10
0.0792019291338583
20
0.4419370472440945
11
0.0808892125984252
21
0.4454443700787402
0
LINE
8
BLACK
6
CONTINUOUS
10
0.0808892125984252
20
0.4454443700787402
11
0.0808117716535433
21
0.4539088188976378
0
LINE
8
BLACK
6
CONTINUOUS
10
0.0808117716535433
20
0.4539088188976378
11
0.0789455118110236
21
0.4575033070866142
0
LINE
8
BLACK
6
CONTINUOUS
10
0.0789455118110236
20
0.4575033070866142
11
0.075164842519685
21
0.4611908661417323
0
LINE
8
BLACK
6
CONTINUOUS
10
0.075164842519685
20
0.4611908661417323
11
0.0659012204724409
21
0.4634193700787401
0
LINE
8
BLACK
6
CONTINUOUS
10
0.0659012204724409
20
0.4634193700787401
11
0.0476849212598425
21
0.4633201968503937
0
LINE
8
BLACK
6
CONTINUOUS
10
0.3774896062992126
20
0.4817245275590551
11
0.3791188976377953
21
0.4800952362204725
0
LINE
8
BLACK
6
CONTINUOUS
10
0.3791188976377953
20
0.4800952362204725
11
0.3800007086614173
21
0.4779664173228346
0
LINE
8
BLACK
6
CONTINUOUS
10
0.3800007086614173
20
0.4779664173228346
11
0.3801141732283465
21
0.4318198818897638
0
LINE
8
BLACK
6
CONTINUOUS
10
0.3801141732283465
20
0.4318198818897638
11
0.3800007086614173
21
0.4306677559055118
0
LINE
8
BLACK
6
CONTINUOUS
10
0.3800007086614173
20
0.4306677559055118
11
0.3791188976377953
21
0.428538937007874
0
LINE
8
BLACK
6
CONTINUOUS
10
0.3791188976377953
20
0.428538937007874
11
0.3774896062992126
21
0.4269096456692913
0
LINE
8
BLACK
6
CONTINUOUS
10
0.3774896062992126
20
0.4269096456692913
11
0.3753607874015748
21
0.4260278346456693
0
LINE
8
BLACK
6
CONTINUOUS
10
0.3753607874015748
20
0.4260278346456693
11
0.3730565354330709
21
0.4260278346456693
0
LINE
8
BLACK
6
CONTINUOUS
10
0.3730565354330709
20
0.4260278346456693
11
0.370927716535433
21
0.4269096456692913
0
LINE
8
BLACK
6
CONTINUOUS
10
0.370927716535433
20
0.4269096456692913
11
0.3692984251968504
21
0.428538937007874
0
LINE
8
BLACK
6
CONTINUOUS
10
0.3692984251968504
20
0.428538937007874
11
0.3684166141732284
21
0.4306677559055118
0
LINE
8
BLACK
6
CONTINUOUS
10
0.3684166141732284
20
0.4306677559055118
11
0.3683031496062992
21
0.4768142913385827
0
LINE
8
BLACK
6
CONTINUOUS
10
0.3683031496062992
20
0.4768142913385827
11
0.3684166141732284
21
0.4779664173228346
0
LINE
8
BLACK
6
CONTINUOUS
10
0.3684166141732284
20
0.4779664173228346
11
0.3692984251968504
21
0.4800952362204725
0
LINE
8
BLACK
6
CONTINUOUS
10
0.3692984251968504
20
0.4800952362204725
11
0.370927716535433
21
0.4817245275590551
0
LINE
8
BLACK
6
CONTINUOUS
10
0.370927716535433
20
0.4817245275590551
11
0.3730565354330709
21
0.4826063385826772
0
LINE
8
BLACK
6
CONTINUOUS
10
0.3730565354330709
20
0.4826063385826772
11
0.3753607874015748
21
0.4826063385826772
0
LINE
8
BLACK
6
CONTINUOUS
10
0.3753607874015748
20
0.4826063385826772
11
0.3774896062992126
21
0.4817245275590551
0
LINE
8
BLACK
6
CONTINUOUS
10
0.8774896062992126
20
0.4817245275590551
11
0.8791188976377953
21
0.4800952362204725
0
LINE
8
BLACK
6
CONTINUOUS
10
0.8791188976377953
20
0.4800952362204725
11
0.8800007086614173
21
0.4779664173228346
0
LINE
8
BLACK
6
CONTINUOUS
10
0.8800007086614173
20
0.4779664173228346
11
0.8800444094488189
21
0.4601816141732283
0
LINE
8
BLACK
6
CONTINUOUS
10
0.8800444094488189
20
0.4601816141732283
11
0.8967058267716536
21
0.4602225984251969
0
LINE
8
BLACK
6
CONTINUOUS
10
0.8967058267716536
20
0.4602225984251969
11
0.8978579527559055
21
0.4601091338582677
0
LINE
8
BLACK
6
CONTINUOUS
10
0.8978579527559055
20
0.4601091338582677
11
0.8999867716535432
21
0.4592273228346457
0
LINE
8
BLACK
6
CONTINUOUS
10
0.8999867716535432
20
0.4592273228346457
11
0.9016160629921259
21
0.457598031496063
0
LINE
8
BLACK
6
CONTINUOUS
10
0.9016160629921259
20
0.457598031496063
11
0.902497874015748
21
0.4554692125984252
0
LINE
8
BLACK
6
CONTINUOUS
10
0.902497874015748
20
0.4554692125984252
11
0.902497874015748
21
0.4531649606299212
0
LINE
8
BLACK
6
CONTINUOUS
10
0.902497874015748
20
0.4531649606299212
11
0.9016160629921259
21
0.4510361417322835
0
LINE
8
BLACK
6
CONTINUOUS
10
0.9016160629921259
20
0.4510361417322835
11
0.8999867716535432
21
0.4494068503937008
0
LINE
8
BLACK
6
CONTINUOUS
10
0.8999867716535432
20
0.4494068503937008
11
0.8978579527559055
21
0.4485250393700787
0
LINE
8
BLACK
6
CONTINUOUS
10
0.8978579527559055
20
0.4485250393700787
11
0.880073188976378
21
0.4484812992125984
0
LINE
8
BLACK
6
CONTINUOUS
10
0.880073188976378
20
0.4484812992125984
11
0.8801141732283464
21
0.4318198818897638
0
LINE
8
BLACK
6
CONTINUOUS
10
0.8801141732283464
20
0.4318198818897638
11
0.8800007086614173
21
0.4306677559055118
0
LINE
8
BLACK
6
CONTINUOUS
10
0.8800007086614173
20
0.4306677559055118
11
0.8791188976377953
21
0.428538937007874
0
LINE
8
BLACK
6
CONTINUOUS
10
0.8791188976377953
20
0.428538937007874
11
0.8774896062992126
21
0.4269096456692913
0
LINE
8
BLACK
6
CONTINUOUS
10
0.8774896062992126
20
0.4269096456692913
11
0.8753607874015747
21
0.4260278346456693
0
LINE
8
BLACK
6
CONTINUOUS
10
0.8753607874015747
20
0.4260278346456693
11
0.8730565354330708
21
0.4260278346456693
0
LINE
8
BLACK
6
CONTINUOUS
10
0.8730565354330708
20
0.4260278346456693
11
0.8709277165354331
21
0.4269096456692913
0
LINE
8
BLACK
6
CONTINUOUS
10
0.8709277165354331
20
0.4269096456692913
11
0.8692984251968504
21
0.428538937007874
0
LINE
8
BLACK
6
CONTINUOUS
10
0.8692984251968504
20
0.428538937007874
11
0.8684166141732284
21
0.4306677559055118
0
LINE
8
BLACK
6
CONTINUOUS
10
0.8684166141732284
20
0.4306677559055118
11
0.868372874015748
21
0.4484525196850394
0
LINE
8
BLACK
6
CONTINUOUS
10
0.868372874015748
20
0.4484525196850394
11
0.8517114566929134
21
0.4484115748031496
0
LINE
8
BLACK
6
CONTINUOUS
10
0.8517114566929134
20
0.4484115748031496
11
0.8505593307086614
21
0.4485250393700787
0
LINE
8
BLACK
6
CONTINUOUS
10
0.8505593307086614
20
0.4485250393700787
11
0.8484305118110236
21
0.4494068503937008
0
LINE
8
BLACK
6
CONTINUOUS
10
0.8484305118110236
20
0.4494068503937008
11
0.8468012204724409
21
0.4510361417322835
0
LINE
8
BLACK
6
CONTINUOUS
10
0.8468012204724409
20
0.4510361417322835
11
0.8459194094488188
21
0.4531649606299212
0
LINE
8
BLACK
6
CONTINUOUS
10
0.8459194094488188
20
0.4531649606299212
11
0.8459194094488188
21
0.4554692125984252
0
LINE
8
BLACK
6
CONTINUOUS
10
0.8459194094488188
20
0.4554692125984252
11
0.8468012204724409
21
0.457598031496063
0
LINE
8
BLACK
6
CONTINUOUS
10
0.8468012204724409
20
0.457598031496063
11
0.8484305118110236
21
0.4592273228346457
0
LINE
8
BLACK
6
CONTINUOUS
10
0.8484305118110236
20
0.4592273228346457
11
0.8505593307086614
21
0.4601091338582677
0
LINE
8
BLACK
6
CONTINUOUS
10
0.8505593307086614
20
0.4601091338582677
11
0.8683440944881889
21
0.4601528346456693
0
LINE
8
BLACK
6
CONTINUOUS
10
0.8683440944881889
20
0.4601528346456693
11
0.8683031496062992
21
0.4768142913385827
0
LINE
8
BLACK
6
CONTINUOUS
10
0.8683031496062992
20
0.4768142913385827
11
0.8684166141732284
21
0.4779664173228346
0
LINE
8
BLACK
6
CONTINUOUS
10
0.8684166141732284
20
0.4779664173228346
11
0.8692984251968504
21
0.4800952362204725
0
LINE
8
BLACK
6
CONTINUOUS
10
0.8692984251968504
20
0.4800952362204725
11
0.8709277165354331
21
0.4817245275590551
0
LINE
8
BLACK
6
CONTINUOUS
10
0.8709277165354331
20
0.4817245275590551
11
0.8730565354330708
21
0.4826063385826772
0
LINE
8
BLACK
6
CONTINUOUS
10
0.8730565354330708
20
0.4826063385826772
11
0.8753607874015747
21
0.4826063385826772
0
LINE
8
BLACK
6
CONTINUOUS
10
0.8753607874015747
20
0.4826063385826772
11
0.8774896062992126
21
0.4817245275590551
0
LINE
8
BLACK
6
CONTINUOUS
10
1.0082656692913385
20
0.5517925590551181
11
1.0103265748031496
21
0.5507620866141733
0
LINE
8
BLACK
6
CONTINUOUS
10
1.0103265748031496
20
0.5507620866141733
11
1.0118362992125984
21
0.5490213779527559
0
LINE
8
BLACK
6
CONTINUOUS
10
1.0118362992125984
20
0.5490213779527559
11
1.0125649999999999
21
0.5468353937007874
0
LINE
8
BLACK
6
CONTINUOUS
10
1.0125649999999999
20
0.5468353937007874
11
1.0124016141732284
21
0.544536968503937
0
LINE
8
BLACK
6
CONTINUOUS
10
1.0124016141732284
20
0.544536968503937
11
1.0113711811023622
21
0.5424760236220473
0
LINE
8
BLACK
6
CONTINUOUS
10
1.0113711811023622
20
0.5424760236220473
11
1.0096304330708661
21
0.5409662992125984
0
LINE
8
BLACK
6
CONTINUOUS
10
1.0096304330708661
20
0.5409662992125984
11
0.9956457086614173
21
0.5362768897637795
0
LINE
8
BLACK
6
CONTINUOUS
10
0.9956457086614173
20
0.5362768897637795
11
0.9957220078740158
21
0.5165873228346457
0
LINE
8
BLACK
6
CONTINUOUS
10
0.9957220078740158
20
0.5165873228346457
11
1.0085733070866141
21
0.5123291338582677
0
LINE
8
BLACK
6
CONTINUOUS
10
1.0085733070866141
20
0.5123291338582677
11
1.0096304330708661
21
0.5118571653543307
0
LINE
8
BLACK
6
CONTINUOUS
10
1.0096304330708661
20
0.5118571653543307
11
1.0113711811023622
21
0.5103474409448818
0
LINE
8
BLACK
6
CONTINUOUS
10
1.0113711811023622
20
0.5103474409448818
11
1.0124016141732284
21
0.5082864960629921
0
LINE
8
BLACK
6
CONTINUOUS
10
1.0124016141732284
20
0.5082864960629921
11
1.0125649999999999
21
0.5059880708661417
0
LINE
8
BLACK
6
CONTINUOUS
10
1.0125649999999999
20
0.5059880708661417
11
1.0118362992125984
21
0.5038020866141733
0
LINE
8
BLACK
6
CONTINUOUS
10
1.0118362992125984
20
0.5038020866141733
11
1.0103265748031496
21
0.5020613779527558
0
LINE
8
BLACK
6
CONTINUOUS
10
1.0103265748031496
20
0.5020613779527558
11
1.008342559055118
21
0.5010693307086614
0
LINE
8
BLACK
6
CONTINUOUS
10
1.008342559055118
20
0.5010693307086614
11
1.0099867716535433
21
0.5003883070866142
0
LINE
8
BLACK
6
CONTINUOUS
10
1.0099867716535433
20
0.5003883070866142
11
1.011616062992126
21
0.4987590157480315
0
LINE
8
BLACK
6
CONTINUOUS
10
1.011616062992126
20
0.4987590157480315
11
1.012497874015748
21
0.4966301968503937
0
LINE
8
BLACK
6
CONTINUOUS
10
1.012497874015748
20
0.4966301968503937
11
1.0126113385826772
21
0.4673565748031496
0
LINE
8
BLACK
6
CONTINUOUS
10
1.0126113385826772
20
0.4673565748031496
11
1.012497874015748
21
0.4662044488188976
0
LINE
8
BLACK
6
CONTINUOUS
10
1.012497874015748
20
0.4662044488188976
11
1.011616062992126
21
0.4640756299212598
0
LINE
8
BLACK
6
CONTINUOUS
10
1.011616062992126
20
0.4640756299212598
11
1.0099867716535433
21
0.4624463385826771
0
LINE
8
BLACK
6
CONTINUOUS
10
1.0099867716535433
20
0.4624463385826771
11
1.0078579527559055
21
0.4615645275590551
0
LINE
8
BLACK
6
CONTINUOUS
10
1.0078579527559055
20
0.4615645275590551
11
0.9476507086614173
21
0.461451062992126
0
LINE
8
BLACK
6
CONTINUOUS
10
0.9476507086614173
20
0.461451062992126
11
0.9464985826771654
21
0.4615645275590551
0
LINE
8
BLACK
6
CONTINUOUS
10
0.9464985826771654
20
0.4615645275590551
11
0.9443697637795275
21
0.4624463385826771
0
LINE
8
BLACK
6
CONTINUOUS
10
0.9443697637795275
20
0.4624463385826771
11
0.9427404724409448
21
0.4640756299212598
0
LINE
8
BLACK
6
CONTINUOUS
10
0.9427404724409448
20
0.4640756299212598
11
0.9418586614173228
21
0.4662044488188976
0
LINE
8
BLACK
6
CONTINUOUS
10
0.9418586614173228
20
0.4662044488188976
11
0.9418586614173228
21
0.4685087007874016
0
LINE
8
BLACK
6
CONTINUOUS
10
0.9418586614173228
20
0.4685087007874016
11
0.9427404724409448
21
0.4706375196850394
0
LINE
8
BLACK
6
CONTINUOUS
10
0.9427404724409448
20
0.4706375196850394
11
0.9443697637795275
21
0.4722668110236221
0
LINE
8
BLACK
6
CONTINUOUS
10
0.9443697637795275
20
0.4722668110236221
11
0.9464985826771654
21
0.4731486220472441
0
LINE
8
BLACK
6
CONTINUOUS
10
0.9464985826771654
20
0.4731486220472441
11
1.0008864566929134
21
0.4732511023622047
0
LINE
8
BLACK
6
CONTINUOUS
10
1.0008864566929134
20
0.4732511023622047
11
1.0008003149606299
21
0.4954780708661417
0
LINE
8
BLACK
6
CONTINUOUS
10
1.0008003149606299
20
0.4954780708661417
11
1.0009137795275591
21
0.4966301968503937
0
LINE
8
BLACK
6
CONTINUOUS
10
1.0009137795275591
20
0.4966301968503937
11
1.0017955905511811
21
0.4987590157480315
0
LINE
8
BLACK
6
CONTINUOUS
10
1.0017955905511811
20
0.4987590157480315
11
1.0034248818897638
21
0.5003883070866142
0
LINE
8
BLACK
6
CONTINUOUS
10
1.0034248818897638
20
0.5003883070866142
11
1.0051974803149606
21
0.501122559055118
0
LINE
8
BLACK
6
CONTINUOUS
10
1.0051974803149606
20
0.501122559055118
11
0.9887906299212598
21
0.506558937007874
0
LINE
8
BLACK
6
CONTINUOUS
10
0.9887906299212598
20
0.506558937007874
11
0.9886808267716535
21
0.506558937007874
0
LINE
8
BLACK
6
CONTINUOUS
10
0.9886808267716535
20
0.506558937007874
11
0.9882418503937007
21
0.506740748031496
0
LINE
8
BLACK
6
CONTINUOUS
10
0.9882418503937007
20
0.506740748031496
11
0.9457832283464567
21
0.5208092913385827
0
LINE
8
BLACK
6
CONTINUOUS
10
0.9457832283464567
20
0.5208092913385827
11
0.9447261023622047
21
0.5212812598425197
0
LINE
8
BLACK
6
CONTINUOUS
10
0.9447261023622047
20
0.5212812598425197
11
0.9444073228346457
21
0.521557716535433
0
LINE
8
BLACK
6
CONTINUOUS
10
0.9444073228346457
20
0.521557716535433
11
0.9440299606299213
21
0.5217464173228347
0
LINE
8
BLACK
6
CONTINUOUS
10
0.9440299606299213
20
0.5217464173228347
11
0.9435447637795276
21
0.5223057874015747
0
LINE
8
BLACK
6
CONTINUOUS
10
0.9435447637795276
20
0.5223057874015747
11
0.9429853937007874
21
0.5227909842519685
0
LINE
8
BLACK
6
CONTINUOUS
10
0.9429853937007874
20
0.5227909842519685
11
0.9427966929133859
21
0.5231683464566929
0
LINE
8
BLACK
6
CONTINUOUS
10
0.9427966929133859
20
0.5231683464566929
11
0.9425202362204724
21
0.523487125984252
0
LINE
8
BLACK
6
CONTINUOUS
10
0.9425202362204724
20
0.523487125984252
11
0.9422860629921259
21
0.5241895275590551
0
LINE
8
BLACK
6
CONTINUOUS
10
0.9422860629921259
20
0.5241895275590551
11
0.9419549212598425
21
0.5248518897637795
0
LINE
8
BLACK
6
CONTINUOUS
10
0.9419549212598425
20
0.5248518897637795
11
0.941925
21
0.5252727952755906
0
LINE
8
BLACK
6
CONTINUOUS
10
0.941925
20
0.5252727952755906
11
0.9417915748031496
21
0.5256731102362204
0
LINE
8
BLACK
6
CONTINUOUS
10
0.9417915748031496
20
0.5256731102362204
11
0.9418440551181102
21
0.5264117322834646
0
LINE
8
BLACK
6
CONTINUOUS
10
0.9418440551181102
20
0.5264117322834646
11
0.9417915748031496
21
0.5271503543307087
0
LINE
8
BLACK
6
CONTINUOUS
10
0.9417915748031496
20
0.5271503543307087
11
0.941925
21
0.5275506299212598
0
LINE
8
BLACK
6
CONTINUOUS
10
0.941925
20
0.5275506299212598
11
0.9419549212598425
21
0.5279715748031496
0
LINE
8
BLACK
6
CONTINUOUS
10
0.9419549212598425
20
0.5279715748031496
11
0.9422860629921259
21
0.5286338976377952
0
LINE
8
BLACK
6
CONTINUOUS
10
0.9422860629921259
20
0.5286338976377952
11
0.9425202362204724
21
0.5293363385826771
0
LINE
8
BLACK
6
CONTINUOUS
10
0.9425202362204724
20
0.5293363385826771
11
0.9427966929133859
21
0.5296550787401575
0
LINE
8
BLACK
6
CONTINUOUS
10
0.9427966929133859
20
0.5296550787401575
11
0.9429853937007874
21
0.5300324803149606
0
LINE
8
BLACK
6
CONTINUOUS
10
0.9429853937007874
20
0.5300324803149606
11
0.9435447637795276
21
0.5305176377952756
0
LINE
8
BLACK
6
CONTINUOUS
10
0.9435447637795276
20
0.5305176377952756
11
0.9440299606299213
21
0.5310770472440944
0
LINE
8
BLACK
6
CONTINUOUS
10
0.9440299606299213
20
0.5310770472440944
11
0.9444073228346457
21
0.5312657086614173
0
LINE
8
BLACK
6
CONTINUOUS
10
0.9444073228346457
20
0.5312657086614173
11
0.9447261023622047
21
0.5315422047244094
0
LINE
8
BLACK
6
CONTINUOUS
10
0.9447261023622047
20
0.5315422047244094
11
0.9454370078740157
21
0.5317805905511811
0
LINE
8
BLACK
6
CONTINUOUS
10
0.9454370078740157
20
0.5317805905511811
11
0.9460908661417322
21
0.5321075196850393
0
LINE
8
BLACK
6
CONTINUOUS
10
0.9460908661417322
20
0.5321075196850393
11
0.9464983070866142
21
0.5321364566929134
0
LINE
8
BLACK
6
CONTINUOUS
10
0.9464983070866142
20
0.5321364566929134
11
1.0048383464566928
21
0.5516992519685039
0
LINE
8
BLACK
6
CONTINUOUS
10
1.0048383464566928
20
0.5516992519685039
11
1.0059672440944882
21
0.5519559448818897
0
LINE
8
BLACK
6
CONTINUOUS
10
1.0059672440944882
20
0.5519559448818897
11
1.0082656692913385
21
0.5517925590551181
0
LINE
8
BLACK
6
CONTINUOUS
10
0.9661494094488189
20
0.5263861023622047
11
0.9840049606299213
21
0.5204697244094488
0
LINE
8
BLACK
6
CONTINUOUS
10
0.9840049606299213
20
0.5204697244094488
11
0.9839588582677166
21
0.532358031496063
0
LINE
8
BLACK
6
CONTINUOUS
10
0.9839588582677166
20
0.532358031496063
11
0.9661494094488189
21
0.5263861023622047
0
LINE
8
BLACK
6
CONTINUOUS
10
1.0982656692913386
20
0.5264832283464567
11
1.1003265748031497
21
0.5254527559055118
0
LINE
8
BLACK
6
CONTINUOUS
10
1.1003265748031497
20
0.5254527559055118
11
1.1018362992125983
21
0.5237120472440945
0
LINE
8
BLACK
6
CONTINUOUS
10
1.1018362992125983
20
0.5237120472440945
11
1.102565
21
0.521526062992126
0
LINE
8
BLACK
6
CONTINUOUS
10
1.102565
20
0.521526062992126
11
1.1024016141732282
21
0.5192276377952756
0
LINE
8
BLACK
6
CONTINUOUS
10
1.1024016141732282
20
0.5192276377952756
11
1.1013711811023621
21
0.5171666929133858
0
LINE
8
BLACK
6
CONTINUOUS
10
1.1013711811023621
20
0.5171666929133858
11
1.0996304330708662
21
0.5156569685039369
0
LINE
8
BLACK
6
CONTINUOUS
10
1.0996304330708662
20
0.5156569685039369
11
1.0856457086614173
21
0.5109675590551181
0
LINE
8
BLACK
6
CONTINUOUS
10
1.0856457086614173
20
0.5109675590551181
11
1.0857220078740157
21
0.4912779921259842
0
LINE
8
BLACK
6
CONTINUOUS
10
1.0857220078740157
20
0.4912779921259842
11
1.0985733070866142
21
0.4870198031496063
0
LINE
8
BLACK
6
CONTINUOUS
10
1.0985733070866142
20
0.4870198031496063
11
1.0996304330708662
21
0.4865478346456693
0
LINE
8
BLACK
6
CONTINUOUS
10
1.0996304330708662
20
0.4865478346456693
11
1.1013711811023621
21
0.4850381102362205
0
LINE
8
BLACK
6
CONTINUOUS
10
1.1013711811023621
20
0.4850381102362205
11
1.1024016141732282
21
0.4829771653543307
0
LINE
8
BLACK
6
CONTINUOUS
10
1.1024016141732282
20
0.4829771653543307
11
1.102565
21
0.4806787401574803
0
LINE
8
BLACK
6
CONTINUOUS
10
1.102565
20
0.4806787401574803
11
1.1018362992125983
21
0.4784927559055118
0
LINE
8
BLACK
6
CONTINUOUS
10
1.1018362992125983
20
0.4784927559055118
11
1.1003265748031497
21
0.4767520472440945
0
LINE
8
BLACK
6
CONTINUOUS
10
1.1003265748031497
20
0.4767520472440945
11
1.0982656692913386
21
0.4757215748031496
0
LINE
8
BLACK
6
CONTINUOUS
10
1.0982656692913386
20
0.4757215748031496
11
1.0959672440944881
21
0.4755581889763779
0
LINE
8
BLACK
6
CONTINUOUS
10
1.0959672440944881
20
0.4755581889763779
11
1.0787906299212597
21
0.4812496062992126
0
LINE
8
BLACK
6
CONTINUOUS
10
1.0787906299212597
20
0.4812496062992126
11
1.0786808267716534
21
0.4812496062992126
0
LINE
8
BLACK
6
CONTINUOUS
10
1.0786808267716534
20
0.4812496062992126
11
1.0782418503937008
21
0.4814314173228346
0
LINE
8
BLACK
6
CONTINUOUS
10
1.0782418503937008
20
0.4814314173228346
11
1.0357832283464568
21
0.4954999606299212
0
LINE
8
BLACK
6
CONTINUOUS
10
1.0357832283464568
20
0.4954999606299212
11
1.0347261023622047
21
0.4959719291338582
0
LINE
8
BLACK
6
CONTINUOUS
10
1.0347261023622047
20
0.4959719291338582
11
1.0344073228346455
21
0.4962483858267717
0
LINE
8
BLACK
6
CONTINUOUS
10
1.0344073228346455
20
0.4962483858267717
11
1.0340299606299213
21
0.4964370866141732
0
LINE
8
BLACK
6
CONTINUOUS
10
1.0340299606299213
20
0.4964370866141732
11
1.0335447637795276
21
0.4969964566929134
0
LINE
8
BLACK
6
CONTINUOUS
10
1.0335447637795276
20
0.4969964566929134
11
1.0329853937007873
21
0.4974816535433071
0
LINE
8
BLACK
6
CONTINUOUS
10
1.0329853937007873
20
0.4974816535433071
11
1.0327966929133858
21
0.4978590157480315
0
LINE
8
BLACK
6
CONTINUOUS
10
1.0327966929133858
20
0.4978590157480315
11
1.0325202362204724
21
0.4981777952755905
0
LINE
8
BLACK
6
CONTINUOUS
10
1.0325202362204724
20
0.4981777952755905
11
1.032286062992126
21
0.4988801968503937
0
LINE
8
BLACK
6
CONTINUOUS
10
1.032286062992126
20
0.4988801968503937
11
1.0319549212598425
21
0.4995425590551181
0
LINE
8
BLACK
6
CONTINUOUS
10
1.0319549212598425
20
0.4995425590551181
11
1.031925
21
0.4999634645669291
0
LINE
8
BLACK
6
CONTINUOUS
10
1.031925
20
0.4999634645669291
11
1.0317915748031496
21
0.5003637795275591
0
LINE
8
BLACK
6
CONTINUOUS
10
1.0317915748031496
20
0.5003637795275591
11
1.0318440551181103
21
0.5011024015748031
0
LINE
8
BLACK
6
CONTINUOUS
10
1.0318440551181103
20
0.5011024015748031
11
1.0317915748031496
21
0.5018410236220472
0
LINE
8
BLACK
6
CONTINUOUS
10
1.0317915748031496
20
0.5018410236220472
11
1.031925
21
0.5022412992125984
0
LINE
8
BLACK
6
CONTINUOUS
10
1.031925
20
0.5022412992125984
11
1.0319549212598425
21
0.5026622440944882
0
LINE
8
BLACK
6
CONTINUOUS
10
1.0319549212598425
20
0.5026622440944882
11
1.032286062992126
21
0.5033245669291339
0
LINE
8
BLACK
6
CONTINUOUS
10
1.032286062992126
20
0.5033245669291339
11
1.0325202362204724
21
0.5040270078740158
0
LINE
8
BLACK
6
CONTINUOUS
10
1.0325202362204724
20
0.5040270078740158
11
1.0327966929133858
21
0.504345748031496
0
LINE
8
BLACK
6
CONTINUOUS
10
1.0327966929133858
20
0.504345748031496
11
1.0329853937007873
21
0.5047231496062992
0
LINE
8
BLACK
6
CONTINUOUS
10
1.0329853937007873
20
0.5047231496062992
11
1.0335447637795276
21
0.5052083070866141
0
LINE
8
BLACK
6
CONTINUOUS
10
1.0335447637795276
20
0.5052083070866141
11
1.0340299606299213
21
0.5057677165354331
0
LINE
8
BLACK
6
CONTINUOUS
10
1.0340299606299213
20
0.5057677165354331
11
1.0344073228346455
21
0.5059563779527559
0
LINE
8
BLACK
6
CONTINUOUS
10
1.0344073228346455
20
0.5059563779527559
11
1.0347261023622047
21
0.506232874015748
0
LINE
8
BLACK
6
CONTINUOUS
10
1.0347261023622047
20
0.506232874015748
11
1.0354370078740158
21
0.5064712598425197
0
LINE
8
BLACK
6
CONTINUOUS
10
1.0354370078740158
20
0.5064712598425197
11
1.0360908661417323
21
0.506798188976378
0
LINE
8
BLACK
6
CONTINUOUS
10
1.0360908661417323
20
0.506798188976378
11
1.0364983070866141
21
0.5068271259842519
0
LINE
8
BLACK
6
CONTINUOUS
10
1.0364983070866141
20
0.5068271259842519
11
1.0948383464566929
21
0.5263899212598425
0
LINE
8
BLACK
6
CONTINUOUS
10
1.0948383464566929
20
0.5263899212598425
11
1.0959672440944881
21
0.5266466141732283
0
LINE
8
BLACK
6
CONTINUOUS
10
1.0959672440944881
20
0.5266466141732283
11
1.0982656692913386
21
0.5264832283464567
0
LINE
8
BLACK
6
CONTINUOUS
10
1.0561494094488189
20
0.5010767716535433
11
1.0740049606299213
21
0.4951603937007874
0
LINE
8
BLACK
6
CONTINUOUS
10
1.0740049606299213
20
0.4951603937007874
11
1.0739588582677164
21
0.5070487007874016
0
LINE
8
BLACK
6
CONTINUOUS
10
1.0739588582677164
20
0.5070487007874016
11
1.0561494094488189
21
0.5010767716535433
0
LINE
8
BLACK
6
CONTINUOUS
10
0.0880736614173228
20
0.5312117322834645
11
0.0884690551181102
21
0.5310754330708661
0
LINE
8
BLACK
6
CONTINUOUS
10
0.0884690551181102
20
0.5310754330708661
11
0.0886107874015748
21
0.5310566141732284
0
LINE
8
BLACK
6
CONTINUOUS
10
0.0886107874015748
20
0.5310566141732284
11
0.0887388582677165
21
0.5309824409448819
0
LINE
8
BLACK
6
CONTINUOUS
10
0.0887388582677165
20
0.5309824409448819
11
0.0891681889763779
21
0.5308344881889764
0
LINE
8
BLACK
6
CONTINUOUS
10
0.0891681889763779
20
0.5308344881889764
11
0.0898629527559055
21
0.530331653543307
0
LINE
8
BLACK
6
CONTINUOUS
10
0.0898629527559055
20
0.530331653543307
11
0.0906048818897638
21
0.5299021653543307
0
LINE
8
BLACK
6
CONTINUOUS
10
0.0906048818897638
20
0.5299021653543307
11
0.0907891732283465
21
0.5296613779527559
0
LINE
8
BLACK
6
CONTINUOUS
10
0.0907891732283465
20
0.5296613779527559
11
0.0910348818897638
21
0.5294835826771653
0
LINE
8
BLACK
6
CONTINUOUS
10
0.0910348818897638
20
0.5294835826771653
11
0.0914842913385827
21
0.5287532283464567
0
LINE
8
BLACK
6
CONTINUOUS
10
0.0914842913385827
20
0.5287532283464567
11
0.0920054330708661
21
0.5280724409448819
0
LINE
8
BLACK
6
CONTINUOUS
10
0.0920054330708661
20
0.5280724409448819
11
0.0920835433070866
21
0.5277794488188976
0
LINE
8
BLACK
6
CONTINUOUS
10
0.0920835433070866
20
0.5277794488188976
11
0.0922424803149606
21
0.527521220472441
0
LINE
8
BLACK
6
CONTINUOUS
10
0.0922424803149606
20
0.527521220472441
11
0.092378188976378
21
0.5266746062992126
0
LINE
8
BLACK
6
CONTINUOUS
10
0.092378188976378
20
0.5266746062992126
11
0.0925991732283465
21
0.5258459842519685
0
LINE
8
BLACK
6
CONTINUOUS
10
0.0925991732283465
20
0.5258459842519685
11
0.0925592125984252
21
0.5255453543307087
0
LINE
8
BLACK
6
CONTINUOUS
10
0.0925592125984252
20
0.5255453543307087
11
0.0926072047244094
21
0.525246062992126
0
LINE
8
BLACK
6
CONTINUOUS
10
0.0926072047244094
20
0.525246062992126
11
0.0924085826771654
21
0.524411811023622
0
LINE
8
BLACK
6
CONTINUOUS
10
0.0924085826771654
20
0.524411811023622
11
0.0922956299212598
21
0.5235618503937007
0
LINE
8
BLACK
6
CONTINUOUS
10
0.0922956299212598
20
0.5235618503937007
11
0.0921437401574803
21
0.5232994881889763
0
LINE
8
BLACK
6
CONTINUOUS
10
0.0921437401574803
20
0.5232994881889763
11
0.0920735039370079
21
0.5230044488188976
0
LINE
8
BLACK
6
CONTINUOUS
10
0.0920735039370079
20
0.5230044488188976
11
0.0915706692913386
21
0.5223096456692913
0
LINE
8
BLACK
6
CONTINUOUS
10
0.0915706692913386
20
0.5223096456692913
11
0.0911411811023622
21
0.5215677559055119
0
LINE
8
BLACK
6
CONTINUOUS
10
0.0911411811023622
20
0.5215677559055119
11
0.0909003937007874
21
0.5213834251968504
0
LINE
8
BLACK
6
CONTINUOUS
10
0.0909003937007874
20
0.5213834251968504
11
0.0907225984251969
21
0.5211377559055118
0
LINE
8
BLACK
6
CONTINUOUS
10
0.0907225984251969
20
0.5211377559055118
11
0.0899922440944882
21
0.5206883070866142
0
LINE
8
BLACK
6
CONTINUOUS
10
0.0899922440944882
20
0.5206883070866142
11
0.0893114566929134
21
0.5201672047244095
0
LINE
8
BLACK
6
CONTINUOUS
10
0.0893114566929134
20
0.5201672047244095
11
0.0890161811023622
21
0.5200876377952756
0
LINE
8
BLACK
6
CONTINUOUS
10
0.0890161811023622
20
0.5200876377952756
11
0.0887602362204724
21
0.5199301574803149
0
LINE
8
BLACK
6
CONTINUOUS
10
0.0887602362204724
20
0.5199301574803149
11
0.0879483070866142
21
0.5198
0
LINE
8
BLACK
6
CONTINUOUS
10
0.0879483070866142
20
0.5198
11
0.0672285826771653
21
0.5142184645669291
0
LINE
8
BLACK
6
CONTINUOUS
10
0.0672285826771653
20
0.5142184645669291
11
0.0882274409448819
21
0.5086757086614173
0
LINE
8
BLACK
6
CONTINUOUS
10
0.0882274409448819
20
0.5086757086614173
11
0.0886188582677165
21
0.5085288976377953
0
LINE
8
BLACK
6
CONTINUOUS
10
0.0886188582677165
20
0.5085288976377953
11
0.0887602362204724
21
0.5085062598425196
0
LINE
8
BLACK
6
CONTINUOUS
10
0.0887602362204724
20
0.5085062598425196
11
0.0888864566929134
21
0.5084285433070866
0
LINE
8
BLACK
6
CONTINUOUS
10
0.0888864566929134
20
0.5084285433070866
11
0.0893114566929134
21
0.5082692125984252
0
LINE
8
BLACK
6
CONTINUOUS
10
0.0893114566929134
20
0.5082692125984252
11
0.0899922440944882
21
0.5077480708661417
0
LINE
8
BLACK
6
CONTINUOUS
10
0.0899922440944882
20
0.5077480708661417
11
0.0907225984251969
21
0.5072986614173228
0
LINE
8
BLACK
6
CONTINUOUS
10
0.0907225984251969
20
0.5072986614173228
11
0.0909003937007874
21
0.5070529527559055
0
LINE
8
BLACK
6
CONTINUOUS
10
0.0909003937007874
20
0.5070529527559055
11
0.0911411811023622
21
0.5068686614173228
0
LINE
8
BLACK
6
CONTINUOUS
10
0.0911411811023622
20
0.5068686614173228
11
0.0915706692913386
21
0.5061267322834646
0
LINE
8
BLACK
6
CONTINUOUS
10
0.0915706692913386
20
0.5061267322834646
11
0.0920735039370079
21
0.505431968503937
0
LINE
8
BLACK
6
CONTINUOUS
10
0.0920735039370079
20
0.505431968503937
11
0.0921437401574803
21
0.5051368897637795
0
LINE
8
BLACK
6
CONTINUOUS
10
0.0921437401574803
20
0.5051368897637795
11
0.0922956299212598
21
0.5048745669291338
0
LINE
8
BLACK
6
CONTINUOUS
10
0.0922956299212598
20
0.5048745669291338
11
0.0924085826771654
21
0.5040245669291339
0
LINE
8
BLACK
6
CONTINUOUS
10
0.0924085826771654
20
0.5040245669291339
11
0.0926072047244094
21
0.5031903543307087
0
LINE
8
BLACK
6
CONTINUOUS
10
0.0926072047244094
20
0.5031903543307087
11
0.0925592125984252
21
0.5028910236220472
0
LINE
8
BLACK
6
CONTINUOUS
10
0.0925592125984252
20
0.5028910236220472
11
0.0925991732283465
21
0.5025904330708661
0
LINE
8
BLACK
6
CONTINUOUS
10
0.0925991732283465
20
0.5025904330708661
11
0.092378188976378
21
0.5017617716535433
0
LINE
8
BLACK
6
CONTINUOUS
10
0.092378188976378
20
0.5017617716535433
11
0.0922424803149606
21
0.5009151968503937
0
LINE
8
BLACK
6
CONTINUOUS
10
0.0922424803149606
20
0.5009151968503937
11
0.0920835433070866
21
0.5006569291338583
0
LINE
8
BLACK
6
CONTINUOUS
10
0.0920835433070866
20
0.5006569291338583
11
0.0920054330708661
21
0.5003639763779527
0
LINE
8
BLACK
6
CONTINUOUS
10
0.0920054330708661
20
0.5003639763779527
11
0.0914842913385827
21
0.4996831496062992
0
LINE
8
BLACK
6
CONTINUOUS
10
0.0914842913385827
20
0.4996831496062992
11
0.0910348818897638
21
0.4989528346456693
0
LINE
8
BLACK
6
CONTINUOUS
10
0.0910348818897638
20
0.4989528346456693
11
0.0907891732283465
21
0.498775
0
LINE
8
BLACK
6
CONTINUOUS
10
0.0907891732283465
20
0.498775
11
0.0906048818897638
21
0.4985342519685039
0
LINE
8
BLACK
6
CONTINUOUS
10
0.0906048818897638
20
0.4985342519685039
11
0.0898629527559055
21
0.4981047244094488
0
LINE
8
BLACK
6
CONTINUOUS
10
0.0898629527559055
20
0.4981047244094488
11
0.0891681889763779
21
0.4976019291338583
0
LINE
8
BLACK
6
CONTINUOUS
10
0.0891681889763779
20
0.4976019291338583
11
0.0888714173228346
21
0.4975306692913385
0
LINE
8
BLACK
6
CONTINUOUS
10
0.0888714173228346
20
0.4975306692913385
11
0.0886107874015748
21
0.4973798031496063
0
LINE
8
BLACK
6
CONTINUOUS
10
0.0886107874015748
20
0.4973798031496063
11
0.0877863385826772
21
0.4972702362204725
0
LINE
8
BLACK
6
CONTINUOUS
10
0.0877863385826772
20
0.4972702362204725
11
0.0290185433070866
21
0.483163937007874
0
LINE
8
BLACK
6
CONTINUOUS
10
0.0290185433070866
20
0.483163937007874
11
0.0278714566929134
21
0.4830074803149606
0
LINE
8
BLACK
6
CONTINUOUS
10
0.0278714566929134
20
0.4830074803149606
11
0.0255962992125984
21
0.4833722047244094
0
LINE
8
BLACK
6
CONTINUOUS
10
0.0255962992125984
20
0.4833722047244094
11
0.023633937007874
21
0.4845798031496063
0
LINE
8
BLACK
6
CONTINUOUS
10
0.023633937007874
20
0.4845798031496063
11
0.022283031496063
21
0.4864464960629921
0
LINE
8
BLACK
6
CONTINUOUS
10
0.022283031496063
20
0.4864464960629921
11
0.0217493307086614
21
0.4886881102362204
0
LINE
8
BLACK
6
CONTINUOUS
10
0.0217493307086614
20
0.4886881102362204
11
0.0221140551181102
21
0.4909632677165354
0
LINE
8
BLACK
6
CONTINUOUS
10
0.0221140551181102
20
0.4909632677165354
11
0.0233216535433071
21
0.4929256299212598
0
LINE
8
BLACK
6
CONTINUOUS
10
0.0233216535433071
20
0.4929256299212598
11
0.0251883464566929
21
0.4942765354330709
0
LINE
8
BLACK
6
CONTINUOUS
10
0.0251883464566929
20
0.4942765354330709
11
0.0627635433070866
21
0.5032958661417323
0
LINE
8
BLACK
6
CONTINUOUS
10
0.0627635433070866
20
0.5032958661417323
11
0.0430020078740158
21
0.5085120866141732
0
LINE
8
BLACK
6
CONTINUOUS
10
0.0430020078740158
20
0.5085120866141732
11
0.0427320472440945
21
0.5086133070866141
0
LINE
8
BLACK
6
CONTINUOUS
10
0.0427320472440945
20
0.5086133070866141
11
0.0426186614173228
21
0.5086283858267716
0
LINE
8
BLACK
6
CONTINUOUS
10
0.0426186614173228
20
0.5086283858267716
11
0.0424840157480315
21
0.5087062992125985
0
LINE
8
BLACK
6
CONTINUOUS
10
0.0424840157480315
20
0.5087062992125985
11
0.0419179921259843
21
0.5089185826771654
0
LINE
8
BLACK
6
CONTINUOUS
10
0.0419179921259843
20
0.5089185826771654
11
0.0412990157480315
21
0.5093923622047244
0
LINE
8
BLACK
6
CONTINUOUS
10
0.0412990157480315
20
0.5093923622047244
11
0.0406245669291339
21
0.5097828346456693
0
LINE
8
BLACK
6
CONTINUOUS
10
0.0406245669291339
20
0.5097828346456693
11
0.0403920078740157
21
0.5100865748031496
0
LINE
8
BLACK
6
CONTINUOUS
10
0.0403920078740157
20
0.5100865748031496
11
0.0400882677165354
21
0.5103191338582677
0
LINE
8
BLACK
6
CONTINUOUS
10
0.0400882677165354
20
0.5103191338582677
11
0.0396977952755906
21
0.5109935826771653
0
LINE
8
BLACK
6
CONTINUOUS
10
0.0396977952755906
20
0.5109935826771653
11
0.0392240157480315
21
0.511612559055118
0
LINE
8
BLACK
6
CONTINUOUS
10
0.0392240157480315
20
0.511612559055118
11
0.0391253937007874
21
0.5119822440944882
0
LINE
8
BLACK
6
CONTINUOUS
10
0.0391253937007874
20
0.5119822440944882
11
0.0389338188976378
21
0.5123132283464567
0
LINE
8
BLACK
6
CONTINUOUS
10
0.0389338188976378
20
0.5123132283464567
11
0.0388311417322835
21
0.5130857086614173
0
LINE
8
BLACK
6
CONTINUOUS
10
0.0388311417322835
20
0.5130857086614173
11
0.0386302755905512
21
0.5138390157480315
0
LINE
8
BLACK
6
CONTINUOUS
10
0.0386302755905512
20
0.5138390157480315
11
0.0386806299212598
21
0.5142181889763779
0
LINE
8
BLACK
6
CONTINUOUS
10
0.0386806299212598
20
0.5142181889763779
11
0.0386302755905512
21
0.5145973622047244
0
LINE
8
BLACK
6
CONTINUOUS
10
0.0386302755905512
20
0.5145973622047244
11
0.0388311417322835
21
0.5153506299212598
0
LINE
8
BLACK
6
CONTINUOUS
10
0.0388311417322835
20
0.5153506299212598
11
0.0389338188976378
21
0.5161231496062992
0
LINE
8
BLACK
6
CONTINUOUS
10
0.0389338188976378
20
0.5161231496062992
11
0.0391253937007874
21
0.516454094488189
0
LINE
8
BLACK
6
CONTINUOUS
10
0.0391253937007874
20
0.516454094488189
11
0.0392240157480315
21
0.5168238188976377
0
LINE
8
BLACK
6
CONTINUOUS
10
0.0392240157480315
20
0.5168238188976377
11
0.0396977952755906
21
0.5174427559055118
0
LINE
8
BLACK
6
CONTINUOUS
10
0.0396977952755906
20
0.5174427559055118
11
0.0400882677165354
21
0.5181172440944882
0
LINE
8
BLACK
6
CONTINUOUS
10
0.0400882677165354
20
0.5181172440944882
11
0.0403920078740157
21
0.5183497637795276
0
LINE
8
BLACK
6
CONTINUOUS
10
0.0403920078740157
20
0.5183497637795276
11
0.0406245669291339
21
0.5186535433070866
0
LINE
8
BLACK
6
CONTINUOUS
10
0.0406245669291339
20
0.5186535433070866
11
0.0412990157480315
21
0.5190439763779527
0
LINE
8
BLACK
6
CONTINUOUS
10
0.0412990157480315
20
0.5190439763779527
11
0.0419179921259843
21
0.5195177952755905
0
LINE
8
BLACK
6
CONTINUOUS
10
0.0419179921259843
20
0.5195177952755905
11
0.042290905511811
21
0.5196182283464567
0
LINE
8
BLACK
6
CONTINUOUS
10
0.042290905511811
20
0.5196182283464567
11
0.0426186614173228
21
0.5198079921259843
0
LINE
8
BLACK
6
CONTINUOUS
10
0.0426186614173228
20
0.5198079921259843
11
0.0433619291338583
21
0.5199067322834645
0
LINE
8
BLACK
6
CONTINUOUS
10
0.0433619291338583
20
0.5199067322834645
11
0.0628312598425197
21
0.5251514173228347
0
LINE
8
BLACK
6
CONTINUOUS
10
0.0628312598425197
20
0.5251514173228347
11
0.026282874015748
21
0.5337826377952756
0
LINE
8
BLACK
6
CONTINUOUS
10
0.026282874015748
20
0.5337826377952756
11
0.0251883464566929
21
0.5341598818897638
0
LINE
8
BLACK
6
CONTINUOUS
10
0.0251883464566929
20
0.5341598818897638
11
0.0233216535433071
21
0.5355107874015748
0
LINE
8
BLACK
6
CONTINUOUS
10
0.0233216535433071
20
0.5355107874015748
11
0.0221140551181102
21
0.5374731496062992
0
LINE
8
BLACK
6
CONTINUOUS
10
0.0221140551181102
20
0.5374731496062992
11
0.0217493307086614
21
0.5397483070866141
0
LINE
8
BLACK
6
CONTINUOUS
10
0.0217493307086614
20
0.5397483070866141
11
0.022283031496063
21
0.5419899212598425
0
LINE
8
BLACK
6
CONTINUOUS
10
0.022283031496063
20
0.5419899212598425
11
0.023633937007874
21
0.5438566141732283
0
LINE
8
BLACK
6
CONTINUOUS
10
0.023633937007874
20
0.5438566141732283
11
0.0255962992125984
21
0.5450642125984252
0
LINE
8
BLACK
6
CONTINUOUS
10
0.0255962992125984
20
0.5450642125984252
11
0.0278714566929134
21
0.545428937007874
0
LINE
8
BLACK
6
CONTINUOUS
10
0.0278714566929134
20
0.545428937007874
11
0.0880736614173228
21
0.5312117322834645
0
LINE
8
BLACK
6
CONTINUOUS
10
1.0715974015748031
20
0.580103937007874
11
1.0716835433070866
21
0.5801167716535433
0
LINE
8
BLACK
6
CONTINUOUS
10
1.0716835433070866
20
0.5801167716535433
11
1.0718334251968504
21
0.5800806692913386
0
LINE
8
BLACK
6
CONTINUOUS
10
1.0718334251968504
20
0.5800806692913386
11
1.072548622047244
21
0.5800102755905512
0
LINE
8
BLACK
6
CONTINUOUS
10
1.072548622047244
20
0.5800102755905512
11
1.0731337007874016
21
0.579767874015748
0
LINE
8
BLACK
6
CONTINUOUS
10
1.0731337007874016
20
0.579767874015748
11
1.0840773622047244
21
0.5771352755905512
0
LINE
8
BLACK
6
CONTINUOUS
10
1.0840773622047244
20
0.5771352755905512
11
1.0841623228346458
21
0.5771048818897637
0
LINE
8
BLACK
6
CONTINUOUS
10
1.0841623228346458
20
0.5771048818897637
11
1.0842048818897638
21
0.5771018897637795
0
LINE
8
BLACK
6
CONTINUOUS
10
1.0842048818897638
20
0.5771018897637795
11
1.0843031889763779
21
0.5770545669291338
0
LINE
8
BLACK
6
CONTINUOUS
10
1.0843031889763779
20
0.5770545669291338
11
1.0851675590551182
21
0.5767457874015748
0
LINE
8
BLACK
6
CONTINUOUS
10
1.0851675590551182
20
0.5767457874015748
11
1.0855793700787402
21
0.5764406299212599
0
LINE
8
BLACK
6
CONTINUOUS
10
1.0855793700787402
20
0.5764406299212599
11
1.0909103937007874
21
0.5738759842519685
0
LINE
8
BLACK
6
CONTINUOUS
10
1.0909103937007874
20
0.5738759842519685
11
1.0914061811023621
21
0.5735638582677165
0
LINE
8
BLACK
6
CONTINUOUS
10
1.0914061811023621
20
0.5735638582677165
11
1.0915502755905511
21
0.5735042125984252
0
LINE
8
BLACK
6
CONTINUOUS
10
1.0915502755905511
20
0.5735042125984252
11
1.0916399212598424
21
0.5734167322834646
0
LINE
8
BLACK
6
CONTINUOUS
10
1.0916399212598424
20
0.5734167322834646
11
1.091890157480315
21
0.5732592519685039
0
LINE
8
BLACK
6
CONTINUOUS
10
1.091890157480315
20
0.5732592519685039
11
1.0923772834645669
21
0.5726975196850393
0
LINE
8
BLACK
6
CONTINUOUS
10
1.0923772834645669
20
0.5726975196850393
11
1.0980695275590551
21
0.5671454724409448
0
LINE
8
BLACK
6
CONTINUOUS
10
1.0980695275590551
20
0.5671454724409448
11
1.0988039763779527
21
0.5662505905511811
0
LINE
8
BLACK
6
CONTINUOUS
10
1.0988039763779527
20
0.5662505905511811
11
1.0988851574803149
21
0.5660545275590551
0
LINE
8
BLACK
6
CONTINUOUS
10
1.0988851574803149
20
0.5660545275590551
11
1.0990242125984251
21
0.565894251968504
0
LINE
8
BLACK
6
CONTINUOUS
10
1.0990242125984251
20
0.565894251968504
11
1.0993922440944881
21
0.5648302362204725
0
LINE
8
BLACK
6
CONTINUOUS
10
1.0993922440944881
20
0.5648302362204725
11
1.0996857480314961
21
0.5641217322834645
0
LINE
8
BLACK
6
CONTINUOUS
10
1.0996857480314961
20
0.5641217322834645
11
1.0996857480314961
21
0.5639818897637795
0
LINE
8
BLACK
6
CONTINUOUS
10
1.0996857480314961
20
0.5639818897637795
11
1.1023083070866142
21
0.5564006692913386
0
LINE
8
BLACK
6
CONTINUOUS
10
1.1023083070866142
20
0.5564006692913386
11
1.1024381889763779
21
0.5558292913385826
0
LINE
8
BLACK
6
CONTINUOUS
10
1.1024381889763779
20
0.5558292913385826
11
1.1024978740157481
21
0.5556853149606299
0
LINE
8
BLACK
6
CONTINUOUS
10
1.1024978740157481
20
0.5556853149606299
11
1.1024987795275589
21
0.5555629527559055
0
LINE
8
BLACK
6
CONTINUOUS
10
1.1024987795275589
20
0.5555629527559055
11
1.102565
21
0.5552717716535432
0
LINE
8
BLACK
6
CONTINUOUS
10
1.102565
20
0.5552717716535432
11
1.1025070078740158
21
0.5544563779527559
0
LINE
8
BLACK
6
CONTINUOUS
10
1.1025070078740158
20
0.5544563779527559
11
1.1026113385826772
21
0.5404724409448819
0
LINE
8
BLACK
6
CONTINUOUS
10
1.1026113385826772
20
0.5404724409448819
11
1.1024978740157481
21
0.5393203149606299
0
LINE
8
BLACK
6
CONTINUOUS
10
1.1024978740157481
20
0.5393203149606299
11
1.1016160629921259
21
0.5371914960629921
0
LINE
8
BLACK
6
CONTINUOUS
10
1.1016160629921259
20
0.5371914960629921
11
1.0999867716535432
21
0.5355622047244094
0
LINE
8
BLACK
6
CONTINUOUS
10
1.0999867716535432
20
0.5355622047244094
11
1.0978579527559056
21
0.5346803937007873
0
LINE
8
BLACK
6
CONTINUOUS
10
1.0978579527559056
20
0.5346803937007873
11
1.0376507086614173
21
0.5345669291338583
0
LINE
8
BLACK
6
CONTINUOUS
10
1.0376507086614173
20
0.5345669291338583
11
1.0364985826771653
21
0.5346803937007873
0
LINE
8
BLACK
6
CONTINUOUS
10
1.0364985826771653
20
0.5346803937007873
11
1.0343697637795275
21
0.5355622047244094
0
LINE
8
BLACK
6
CONTINUOUS
10
1.0343697637795275
20
0.5355622047244094
11
1.0327404724409448
21
0.5371914960629921
0
LINE
8
BLACK
6
CONTINUOUS
10
1.0327404724409448
20
0.5371914960629921
11
1.0318586614173229
21
0.5393203149606299
0
LINE
8
BLACK
6
CONTINUOUS
10
1.0318586614173229
20
0.5393203149606299
11
1.0317451968503937
21
0.5545331889763779
0
LINE
8
BLACK
6
CONTINUOUS
10
1.0317451968503937
20
0.5545331889763779
11
1.0318025984251968
21
0.5551162992125984
0
LINE
8
BLACK
6
CONTINUOUS
10
1.0318025984251968
20
0.5551162992125984
11
1.0317915748031496
21
0.555271811023622
0
LINE
8
BLACK
6
CONTINUOUS
10
1.0317915748031496
20
0.555271811023622
11
1.0318296062992125
21
0.5553903543307086
0
LINE
8
BLACK
6
CONTINUOUS
10
1.0318296062992125
20
0.5553903543307086
11
1.0318586614173229
21
0.5556853149606299
0
LINE
8
BLACK
6
CONTINUOUS
10
1.0318586614173229
20
0.5556853149606299
11
1.0321494881889763
21
0.5563874409448819
0
LINE
8
BLACK
6
CONTINUOUS
10
1.0321494881889763
20
0.5563874409448819
11
1.0348603937007874
21
0.564837125984252
0
LINE
8
BLACK
6
CONTINUOUS
10
1.0348603937007874
20
0.564837125984252
11
1.0353324015748031
21
0.565894251968504
0
LINE
8
BLACK
6
CONTINUOUS
10
1.0353324015748031
20
0.565894251968504
11
1.0354713779527558
21
0.5660544881889764
0
LINE
8
BLACK
6
CONTINUOUS
10
1.0354713779527558
20
0.5660544881889764
11
1.0355525984251968
21
0.5662505511811023
0
LINE
8
BLACK
6
CONTINUOUS
10
1.0355525984251968
20
0.5662505511811023
11
1.0363541732283463
21
0.5670723622047243
0
LINE
8
BLACK
6
CONTINUOUS
10
1.0363541732283463
20
0.5670723622047243
11
1.036842125984252
21
0.5676349606299212
0
LINE
8
BLACK
6
CONTINUOUS
10
1.036842125984252
20
0.5676349606299212
11
1.0369607874015747
21
0.5676942913385826
0
LINE
8
BLACK
6
CONTINUOUS
10
1.0369607874015747
20
0.5676942913385826
11
1.041911338582677
21
0.5727697637795276
0
LINE
8
BLACK
6
CONTINUOUS
10
1.041911338582677
20
0.5727697637795276
11
1.0423641732283464
21
0.5731414173228346
0
LINE
8
BLACK
6
CONTINUOUS
10
1.0423641732283464
20
0.5731414173228346
11
1.0424663779527559
21
0.5732592519685039
0
LINE
8
BLACK
6
CONTINUOUS
10
1.0424663779527559
20
0.5732592519685039
11
1.0425789763779527
21
0.5733177165354331
0
LINE
8
BLACK
6
CONTINUOUS
10
1.0425789763779527
20
0.5733177165354331
11
1.0428062204724409
21
0.5735042125984252
0
LINE
8
BLACK
6
CONTINUOUS
10
1.0428062204724409
20
0.5735042125984252
11
1.0434585826771654
21
0.5737744094488189
0
LINE
8
BLACK
6
CONTINUOUS
10
1.0434585826771654
20
0.5737744094488189
11
1.0490703937007875
21
0.5766881496062992
0
LINE
8
BLACK
6
CONTINUOUS
10
1.0490703937007875
20
0.5766881496062992
11
1.0491547244094488
21
0.5767203937007874
0
LINE
8
BLACK
6
CONTINUOUS
10
1.0491547244094488
20
0.5767203937007874
11
1.0491889763779527
21
0.5767457874015748
0
LINE
8
BLACK
6
CONTINUOUS
10
1.0491889763779527
20
0.5767457874015748
11
1.0492885039370079
21
0.5767716141732283
0
LINE
8
BLACK
6
CONTINUOUS
10
1.0492885039370079
20
0.5767716141732283
11
1.0501516535433071
21
0.5771018897637795
0
LINE
8
BLACK
6
CONTINUOUS
10
1.0501516535433071
20
0.5771018897637795
11
1.0507159055118109
21
0.577141968503937
0
LINE
8
BLACK
6
CONTINUOUS
10
1.0507159055118109
20
0.577141968503937
11
1.0615277559055118
21
0.5799474015748032
0
LINE
8
BLACK
6
CONTINUOUS
10
1.0615277559055118
20
0.5799474015748032
11
1.0617274015748031
21
0.5799768897637795
0
LINE
8
BLACK
6
CONTINUOUS
10
1.0617274015748031
20
0.5799768897637795
11
1.0618079133858267
21
0.5800102755905512
0
LINE
8
BLACK
6
CONTINUOUS
10
1.0618079133858267
20
0.5800102755905512
11
1.0619654724409449
21
0.580012125984252
0
LINE
8
BLACK
6
CONTINUOUS
10
1.0619654724409449
20
0.580012125984252
11
1.0626729921259843
21
0.5801167716535433
0
LINE
8
BLACK
6
CONTINUOUS
10
1.0626729921259843
20
0.5801167716535433
11
1.0632721653543307
21
0.5800275984251968
0
LINE
8
BLACK
6
CONTINUOUS
10
1.0632721653543307
20
0.5800275984251968
11
1.071396496062992
21
0.5801237401574802
0
LINE
8
BLACK
6
CONTINUOUS
10
1.071396496062992
20
0.5801237401574802
11
1.0715974015748031
21
0.580103937007874
0
LINE
8
BLACK
6
CONTINUOUS
10
1.0633181889763779
20
0.5683169291338582
11
1.0534225984251968
21
0.5657492913385826
0
LINE
8
BLACK
6
CONTINUOUS
10
1.0534225984251968
20
0.5657492913385826
11
1.049371220472441
21
0.563645748031496
0
LINE
8
BLACK
6
CONTINUOUS
10
1.049371220472441
20
0.563645748031496
11
1.045503779527559
21
0.5596807086614173
0
LINE
8
BLACK
6
CONTINUOUS
10
1.045503779527559
20
0.5596807086614173
11
1.0434604330708661
21
0.5533118503937008
0
LINE
8
BLACK
6
CONTINUOUS
10
1.0434604330708661
20
0.5533118503937008
11
1.0435129133858267
21
0.5462776771653544
0
LINE
8
BLACK
6
CONTINUOUS
10
1.0435129133858267
20
0.5462776771653544
11
1.0908612204724408
21
0.5463669291338582
0
LINE
8
BLACK
6
CONTINUOUS
10
1.0908612204724408
20
0.5463669291338582
11
1.0908055118110236
21
0.5538338188976378
0
LINE
8
BLACK
6
CONTINUOUS
10
1.0908055118110236
20
0.5538338188976378
11
1.0886975984251968
21
0.5599274015748031
0
LINE
8
BLACK
6
CONTINUOUS
10
1.0886975984251968
20
0.5599274015748031
11
1.0846224409448819
21
0.5639022047244094
0
LINE
8
BLACK
6
CONTINUOUS
10
1.0846224409448819
20
0.5639022047244094
11
1.0802128346456692
21
0.5660235826771653
0
LINE
8
BLACK
6
CONTINUOUS
10
1.0802128346456692
20
0.5660235826771653
11
1.0703344488188977
21
0.5683999606299213
0
LINE
8
BLACK
6
CONTINUOUS
10
1.0703344488188977
20
0.5683999606299213
11
1.0633181889763779
21
0.5683169291338582
0
LINE
8
BLACK
6
CONTINUOUS
10
0.0309316535433071
20
0.5950564566929134
11
0.0325609448818898
21
0.5934271653543307
0
LINE
8
BLACK
6
CONTINUOUS
10
0.0325609448818898
20
0.5934271653543307
11
0.0334427559055118
21
0.5912983464566929
0
LINE
8
BLACK
6
CONTINUOUS
10
0.0334427559055118
20
0.5912983464566929
11
0.0335337007874016
21
0.5678299999999999
0
LINE
8
BLACK
6
CONTINUOUS
10
0.0335337007874016
20
0.5678299999999999
11
0.0499420866141732
21
0.5678609448818898
0
LINE
8
BLACK
6
CONTINUOUS
10
0.0499420866141732
20
0.5678609448818898
11
0.0498666929133858
21
0.5817097637795275
0
LINE
8
BLACK
6
CONTINUOUS
10
0.0498666929133858
20
0.5817097637795275
11
0.049980157480315
21
0.5828618897637795
0
LINE
8
BLACK
6
CONTINUOUS
10
0.049980157480315
20
0.5828618897637795
11
0.050861968503937
21
0.5849907086614173
0
LINE
8
BLACK
6
CONTINUOUS
10
0.050861968503937
20
0.5849907086614173
11
0.0524912598425197
21
0.58662
0
LINE
8
BLACK
6
CONTINUOUS
10
0.0524912598425197
20
0.58662
11
0.0546200787401575
21
0.5875018110236221
0
LINE
8
BLACK
6
CONTINUOUS
10
0.0546200787401575
20
0.5875018110236221
11
0.0569243307086614
21
0.5875018110236221
0
LINE
8
BLACK
6
CONTINUOUS
10
0.0569243307086614
20
0.5875018110236221
11
0.0590531496062992
21
0.58662
0
LINE
8
BLACK
6
CONTINUOUS
10
0.0590531496062992
20
0.58662
11
0.0606824409448819
21
0.5849907086614173
0
LINE
8
BLACK
6
CONTINUOUS
10
0.0606824409448819
20
0.5849907086614173
11
0.0615642519685039
21
0.5828618897637795
0
LINE
8
BLACK
6
CONTINUOUS
10
0.0615642519685039
20
0.5828618897637795
11
0.0616457874015748
21
0.5678829921259843
0
LINE
8
BLACK
6
CONTINUOUS
10
0.0616457874015748
20
0.5678829921259843
11
0.0808864566929134
21
0.5679192519685039
0
LINE
8
BLACK
6
CONTINUOUS
10
0.0808864566929134
20
0.5679192519685039
11
0.0808003149606299
21
0.5901462204724409
0
LINE
8
BLACK
6
CONTINUOUS
10
0.0808003149606299
20
0.5901462204724409
11
0.0809137795275591
21
0.5912983464566929
0
LINE
8
BLACK
6
CONTINUOUS
10
0.0809137795275591
20
0.5912983464566929
11
0.0817955905511811
21
0.5934271653543307
0
LINE
8
BLACK
6
CONTINUOUS
10
0.0817955905511811
20
0.5934271653543307
11
0.0834248818897638
21
0.5950564566929134
0
LINE
8
BLACK
6
CONTINUOUS
10
0.0834248818897638
20
0.5950564566929134
11
0.0855537007874016
21
0.5959382677165355
0
LINE
8
BLACK
6
CONTINUOUS
10
0.0855537007874016
20
0.5959382677165355
11
0.0878579527559055
21
0.5959382677165355
0
LINE
8
BLACK
6
CONTINUOUS
10
0.0878579527559055
20
0.5959382677165355
11
0.0899867716535433
21
0.5950564566929134
0
LINE
8
BLACK
6
CONTINUOUS
10
0.0899867716535433
20
0.5950564566929134
11
0.091616062992126
21
0.5934271653543307
0
LINE
8
BLACK
6
CONTINUOUS
10
0.091616062992126
20
0.5934271653543307
11
0.092497874015748
21
0.5912983464566929
0
LINE
8
BLACK
6
CONTINUOUS
10
0.092497874015748
20
0.5912983464566929
11
0.0926113385826772
21
0.5620247244094488
0
LINE
8
BLACK
6
CONTINUOUS
10
0.0926113385826772
20
0.5620247244094488
11
0.092497874015748
21
0.5608725984251969
0
LINE
8
BLACK
6
CONTINUOUS
10
0.092497874015748
20
0.5608725984251969
11
0.091616062992126
21
0.558743779527559
0
LINE
8
BLACK
6
CONTINUOUS
10
0.091616062992126
20
0.558743779527559
11
0.0899867716535433
21
0.5571144881889764
0
LINE
8
BLACK
6
CONTINUOUS
10
0.0899867716535433
20
0.5571144881889764
11
0.0878579527559055
21
0.5562326771653543
0
LINE
8
BLACK
6
CONTINUOUS
10
0.0878579527559055
20
0.5562326771653543
11
0.0276507086614173
21
0.5561192125984252
0
LINE
8
BLACK
6
CONTINUOUS
10
0.0276507086614173
20
0.5561192125984252
11
0.0264985826771654
21
0.5562326771653543
0
LINE
8
BLACK
6
CONTINUOUS
10
0.0264985826771654
20
0.5562326771653543
11
0.0243697637795276
21
0.5571144881889764
0
LINE
8
BLACK
6
CONTINUOUS
10
0.0243697637795276
20
0.5571144881889764
11
0.0227404724409449
21
0.558743779527559
0
LINE
8
BLACK
6
CONTINUOUS
10
0.0227404724409449
20
0.558743779527559
11
0.0218586614173228
21
0.5608725984251969
0
LINE
8
BLACK
6
CONTINUOUS
10
0.0218586614173228
20
0.5608725984251969
11
0.0217451968503937
21
0.5901462204724409
0
LINE
8
BLACK
6
CONTINUOUS
10
0.0217451968503937
20
0.5901462204724409
11
0.0218586614173228
21
0.5912983464566929
0
LINE
8
BLACK
6
CONTINUOUS
10
0.0218586614173228
20
0.5912983464566929
11
0.0227404724409449
21
0.5934271653543307
0
LINE
8
BLACK
6
CONTINUOUS
10
0.0227404724409449
20
0.5934271653543307
11
0.0243697637795276
21
0.5950564566929134
0
LINE
8
BLACK
6
CONTINUOUS
10
0.0243697637795276
20
0.5950564566929134
11
0.0264985826771654
21
0.5959382677165355
0
LINE
8
BLACK
6
CONTINUOUS
10
0.0264985826771654
20
0.5959382677165355
11
0.0288028346456693
21
0.5959382677165355
0
LINE
8
BLACK
6
CONTINUOUS
10
0.0288028346456693
20
0.5959382677165355
11
0.0309316535433071
21
0.5950564566929134
0
LINE
8
BLACK
6
CONTINUOUS
10
0.9966093700787402
20
0.6053196062992126
11
0.9968053543307086
21
0.6052383858267716
0
LINE
8
BLACK
6
CONTINUOUS
10
0.9968053543307086
20
0.6052383858267716
11
0.9970170078740157
21
0.6052233858267716
0
LINE
8
BLACK
6
CONTINUOUS
10
0.9970170078740157
20
0.6052233858267716
11
0.9981034251968504
21
0.6047007086614173
0
LINE
8
BLACK
6
CONTINUOUS
10
0.9981034251968504
20
0.6047007086614173
11
0.9987381889763779
21
0.6044377952755905
0
LINE
8
BLACK
6
CONTINUOUS
10
0.9987381889763779
20
0.6044377952755905
11
0.9988199606299213
21
0.6043559842519685
0
LINE
8
BLACK
6
CONTINUOUS
10
0.9988199606299213
20
0.6043559842519685
11
1.003722559055118
21
0.6019974803149606
0
LINE
8
BLACK
6
CONTINUOUS
10
1.003722559055118
20
0.6019974803149606
11
1.0042183464566929
21
0.6016853543307087
0
LINE
8
BLACK
6
CONTINUOUS
10
1.0042183464566929
20
0.6016853543307087
11
1.0043624409448819
21
0.6016257086614173
0
LINE
8
BLACK
6
CONTINUOUS
10
1.0043624409448819
20
0.6016257086614173
11
1.0044572047244094
21
0.6015349999999999
0
LINE
8
BLACK
6
CONTINUOUS
10
1.0044572047244094
20
0.6015349999999999
11
1.0047023228346457
21
0.6013807480314961
0
LINE
8
BLACK
6
CONTINUOUS
10
1.0047023228346457
20
0.6013807480314961
11
1.0051108267716535
21
0.60090968503937
0
LINE
8
BLACK
6
CONTINUOUS
10
1.0051108267716535
20
0.60090968503937
11
1.008069527559055
21
0.598079094488189
0
LINE
8
BLACK
6
CONTINUOUS
10
1.008069527559055
20
0.598079094488189
11
1.0084412204724409
21
0.5976261417322835
0
LINE
8
BLACK
6
CONTINUOUS
10
1.0084412204724409
20
0.5976261417322835
11
1.0085590157480315
21
0.5975240157480315
0
LINE
8
BLACK
6
CONTINUOUS
10
1.0085590157480315
20
0.5975240157480315
11
1.0086174409448818
21
0.5974114173228346
0
LINE
8
BLACK
6
CONTINUOUS
10
1.0086174409448818
20
0.5974114173228346
11
1.0088039763779528
21
0.5971841732283465
0
LINE
8
BLACK
6
CONTINUOUS
10
1.0088039763779528
20
0.5971841732283465
11
1.0090742519685039
21
0.5965316535433071
0
LINE
8
BLACK
6
CONTINUOUS
10
1.0090742519685039
20
0.5965316535433071
11
1.011987874015748
21
0.5909199606299212
0
LINE
8
BLACK
6
CONTINUOUS
10
1.011987874015748
20
0.5909199606299212
11
1.0124016535433071
21
0.5898387401574803
0
LINE
8
BLACK
6
CONTINUOUS
10
1.0124016535433071
20
0.5898387401574803
11
1.012416653543307
21
0.5896270866141732
0
LINE
8
BLACK
6
CONTINUOUS
10
1.012416653543307
20
0.5896270866141732
11
1.012497874015748
21
0.5894311023622048
0
LINE
8
BLACK
6
CONTINUOUS
10
1.012497874015748
20
0.5894311023622048
11
1.012502716535433
21
0.5884159448818898
0
LINE
8
BLACK
6
CONTINUOUS
10
1.012502716535433
20
0.5884159448818898
11
1.0125649606299212
21
0.5875403149606299
0
LINE
8
BLACK
6
CONTINUOUS
10
1.0125649606299212
20
0.5875403149606299
11
1.0125077559055118
21
0.5873687401574803
0
LINE
8
BLACK
6
CONTINUOUS
10
1.0125077559055118
20
0.5873687401574803
11
1.0126113385826772
21
0.5657817716535433
0
LINE
8
BLACK
6
CONTINUOUS
10
1.0126113385826772
20
0.5657817716535433
11
1.012497874015748
21
0.5646296456692913
0
LINE
8
BLACK
6
CONTINUOUS
10
1.012497874015748
20
0.5646296456692913
11
1.011616062992126
21
0.5625008267716536
0
LINE
8
BLACK
6
CONTINUOUS
10
1.011616062992126
20
0.5625008267716536
11
1.0099867716535433
21
0.5608715354330709
0
LINE
8
BLACK
6
CONTINUOUS
10
1.0099867716535433
20
0.5608715354330709
11
1.0078579527559055
21
0.5599897244094488
0
LINE
8
BLACK
6
CONTINUOUS
10
1.0078579527559055
20
0.5599897244094488
11
0.9476507086614173
21
0.5598762598425197
0
LINE
8
BLACK
6
CONTINUOUS
10
0.9476507086614173
20
0.5598762598425197
11
0.9464985826771654
21
0.5599897244094488
0
LINE
8
BLACK
6
CONTINUOUS
10
0.9464985826771654
20
0.5599897244094488
11
0.9443697637795275
21
0.5608715354330709
0
LINE
8
BLACK
6
CONTINUOUS
10
0.9443697637795275
20
0.5608715354330709
11
0.9427404724409448
21
0.5625008267716536
0
LINE
8
BLACK
6
CONTINUOUS
10
0.9427404724409448
20
0.5625008267716536
11
0.9418586614173228
21
0.5646296456692913
0
LINE
8
BLACK
6
CONTINUOUS
10
0.9418586614173228
20
0.5646296456692913
11
0.9417451968503937
21
0.5854668110236221
0
LINE
8
BLACK
6
CONTINUOUS
10
0.9417451968503937
20
0.5854668110236221
11
0.9418586614173228
21
0.586618937007874
0
LINE
8
BLACK
6
CONTINUOUS
10
0.9418586614173228
20
0.586618937007874
11
0.9419398031496062
21
0.5868148818897637
0
LINE
8
BLACK
6
CONTINUOUS
10
0.9419398031496062
20
0.5868148818897637
11
0.9419548818897637
21
0.5870266141732283
0
LINE
8
BLACK
6
CONTINUOUS
10
0.9419548818897637
20
0.5870266141732283
11
0.9424775984251968
21
0.588113188976378
0
LINE
8
BLACK
6
CONTINUOUS
10
0.9424775984251968
20
0.588113188976378
11
0.9427404724409448
21
0.5887477559055118
0
LINE
8
BLACK
6
CONTINUOUS
10
0.9427404724409448
20
0.5887477559055118
11
0.9428222047244095
21
0.5888294881889764
0
LINE
8
BLACK
6
CONTINUOUS
10
0.9428222047244095
20
0.5888294881889764
11
0.9451808267716535
21
0.5937321653543307
0
LINE
8
BLACK
6
CONTINUOUS
10
0.9451808267716535
20
0.5937321653543307
11
0.9454929133858267
21
0.5942279527559055
0
LINE
8
BLACK
6
CONTINUOUS
10
0.9454929133858267
20
0.5942279527559055
11
0.9455525984251968
21
0.5943720472440944
0
LINE
8
BLACK
6
CONTINUOUS
10
0.9455525984251968
20
0.5943720472440944
11
0.9456432677165354
21
0.5944668110236221
0
LINE
8
BLACK
6
CONTINUOUS
10
0.9456432677165354
20
0.5944668110236221
11
0.9457975590551181
21
0.5947119291338583
0
LINE
8
BLACK
6
CONTINUOUS
10
0.9457975590551181
20
0.5947119291338583
11
0.9462685826771653
21
0.5951204330708662
0
LINE
8
BLACK
6
CONTINUOUS
10
0.9462685826771653
20
0.5951204330708662
11
0.9490991732283465
21
0.598079094488189
0
LINE
8
BLACK
6
CONTINUOUS
10
0.9490991732283465
20
0.598079094488189
11
0.9495520078740157
21
0.598450748031496
0
LINE
8
BLACK
6
CONTINUOUS
10
0.9495520078740157
20
0.598450748031496
11
0.9496542125984252
21
0.5985685826771654
0
LINE
8
BLACK
6
CONTINUOUS
10
0.9496542125984252
20
0.5985685826771654
11
0.949766811023622
21
0.5986270472440944
0
LINE
8
BLACK
6
CONTINUOUS
10
0.949766811023622
20
0.5986270472440944
11
0.9499940551181102
21
0.5988135433070866
0
LINE
8
BLACK
6
CONTINUOUS
10
0.9499940551181102
20
0.5988135433070866
11
0.9506462992125984
21
0.5990836614173228
0
LINE
8
BLACK
6
CONTINUOUS
10
0.9506462992125984
20
0.5990836614173228
11
0.9562582283464567
21
0.6019974803149606
0
LINE
8
BLACK
6
CONTINUOUS
10
0.9562582283464567
20
0.6019974803149606
11
0.9573394881889764
21
0.6024112204724409
0
LINE
8
BLACK
6
CONTINUOUS
10
0.9573394881889764
20
0.6024112204724409
11
0.957551062992126
21
0.6024262204724409
0
LINE
8
BLACK
6
CONTINUOUS
10
0.957551062992126
20
0.6024262204724409
11
0.9577471653543307
21
0.6025074803149606
0
LINE
8
BLACK
6
CONTINUOUS
10
0.9577471653543307
20
0.6025074803149606
11
0.9589857480314961
21
0.6025281889763779
0
LINE
8
BLACK
6
CONTINUOUS
10
0.9589857480314961
20
0.6025281889763779
11
0.9596379133858267
21
0.6025745669291338
0
LINE
8
BLACK
6
CONTINUOUS
10
0.9596379133858267
20
0.6025745669291338
11
0.9597390944881889
21
0.6025408267716535
0
LINE
8
BLACK
6
CONTINUOUS
10
0.9597390944881889
20
0.6025408267716535
11
0.9645236220472441
21
0.6026209448818898
0
LINE
8
BLACK
6
CONTINUOUS
10
0.9645236220472441
20
0.6026209448818898
11
0.965675748031496
21
0.6025074803149606
0
LINE
8
BLACK
6
CONTINUOUS
10
0.965675748031496
20
0.6025074803149606
11
0.9658718110236221
21
0.6024262204724409
0
LINE
8
BLACK
6
CONTINUOUS
10
0.9658718110236221
20
0.6024262204724409
11
0.9660834251968504
21
0.6024112204724409
0
LINE
8
BLACK
6
CONTINUOUS
10
0.9660834251968504
20
0.6024112204724409
11
0.9671694488188977
21
0.6018887007874015
0
LINE
8
BLACK
6
CONTINUOUS
10
0.9671694488188977
20
0.6018887007874015
11
0.9678045669291339
21
0.6016256692913385
0
LINE
8
BLACK
6
CONTINUOUS
10
0.9678045669291339
20
0.6016256692913385
11
0.9678863779527559
21
0.6015438188976377
0
LINE
8
BLACK
6
CONTINUOUS
10
0.9678863779527559
20
0.6015438188976377
11
0.9727889370078739
21
0.5991853149606299
0
LINE
8
BLACK
6
CONTINUOUS
10
0.9727889370078739
20
0.5991853149606299
11
0.9732847244094488
21
0.598873188976378
0
LINE
8
BLACK
6
CONTINUOUS
10
0.9732847244094488
20
0.598873188976378
11
0.9734288188976378
21
0.5988135433070866
0
LINE
8
BLACK
6
CONTINUOUS
10
0.9734288188976378
20
0.5988135433070866
11
0.9735235826771653
21
0.5987228346456693
0
LINE
8
BLACK
6
CONTINUOUS
10
0.9735235826771653
20
0.5987228346456693
11
0.9737687007874015
21
0.5985685826771654
0
LINE
8
BLACK
6
CONTINUOUS
10
0.9737687007874015
20
0.5985685826771654
11
0.9741772047244094
21
0.5980975196850393
0
LINE
8
BLACK
6
CONTINUOUS
10
0.9741772047244094
20
0.5980975196850393
11
0.9743707086614173
21
0.5979123622047244
0
LINE
8
BLACK
6
CONTINUOUS
10
0.9743707086614173
20
0.5979123622047244
11
0.9746244094488189
21
0.5981775196850394
0
LINE
8
BLACK
6
CONTINUOUS
10
0.9746244094488189
20
0.5981775196850394
11
0.9749635826771653
21
0.5985685826771654
0
LINE
8
BLACK
6
CONTINUOUS
10
0.9749635826771653
20
0.5985685826771654
11
0.9750305511811024
21
0.5986020866141732
0
LINE
8
BLACK
6
CONTINUOUS
10
0.9750305511811024
20
0.5986020866141732
11
0.9772206692913386
21
0.6008912598425197
0
LINE
8
BLACK
6
CONTINUOUS
10
0.9772206692913386
20
0.6008912598425197
11
0.9776735826771653
21
0.6012629527559055
0
LINE
8
BLACK
6
CONTINUOUS
10
0.9776735826771653
20
0.6012629527559055
11
0.977775748031496
21
0.6013807480314961
0
LINE
8
BLACK
6
CONTINUOUS
10
0.977775748031496
20
0.6013807480314961
11
0.9778883070866141
21
0.6014391732283464
0
LINE
8
BLACK
6
CONTINUOUS
10
0.9778883070866141
20
0.6014391732283464
11
0.9781155905511811
21
0.6016257086614173
0
LINE
8
BLACK
6
CONTINUOUS
10
0.9781155905511811
20
0.6016257086614173
11
0.9787680708661417
21
0.6018959842519684
0
LINE
8
BLACK
6
CONTINUOUS
10
0.9787680708661417
20
0.6018959842519684
11
0.9843798031496063
21
0.6048096062992125
0
LINE
8
BLACK
6
CONTINUOUS
10
0.9843798031496063
20
0.6048096062992125
11
0.9854610236220472
21
0.6052233858267716
0
LINE
8
BLACK
6
CONTINUOUS
10
0.9854610236220472
20
0.6052233858267716
11
0.9856726377952756
21
0.6052383858267716
0
LINE
8
BLACK
6
CONTINUOUS
10
0.9856726377952756
20
0.6052383858267716
11
0.9858686614173228
21
0.6053196062992126
0
LINE
8
BLACK
6
CONTINUOUS
10
0.9858686614173228
20
0.6053196062992126
11
0.9870043700787401
21
0.605333031496063
0
LINE
8
BLACK
6
CONTINUOUS
10
0.9870043700787401
20
0.605333031496063
11
0.9877594488188977
21
0.6053866929133858
0
LINE
8
BLACK
6
CONTINUOUS
10
0.9877594488188977
20
0.6053866929133858
11
0.9878889763779527
21
0.6053435039370079
0
LINE
8
BLACK
6
CONTINUOUS
10
0.9878889763779527
20
0.6053435039370079
11
0.9954572440944882
21
0.6054330708661417
0
LINE
8
BLACK
6
CONTINUOUS
10
0.9954572440944882
20
0.6054330708661417
11
0.9966093700787402
21
0.6053196062992126
0
LINE
8
BLACK
6
CONTINUOUS
10
0.9601725196850394
20
0.590831220472441
11
0.956620905511811
21
0.5889872047244095
0
LINE
8
BLACK
6
CONTINUOUS
10
0.956620905511811
20
0.5889872047244095
11
0.9551646062992126
21
0.587465
0
LINE
8
BLACK
6
CONTINUOUS
10
0.9551646062992126
20
0.587465
11
0.9534574409448818
21
0.5839164566929134
0
LINE
8
BLACK
6
CONTINUOUS
10
0.9534574409448818
20
0.5839164566929134
11
0.9535246062992125
21
0.5715870472440945
0
LINE
8
BLACK
6
CONTINUOUS
10
0.9535246062992125
20
0.5715870472440945
11
0.9699420866141732
21
0.5716179921259842
0
LINE
8
BLACK
6
CONTINUOUS
10
0.9699420866141732
20
0.5716179921259842
11
0.9698734645669291
21
0.5842215748031496
0
LINE
8
BLACK
6
CONTINUOUS
10
0.9698734645669291
20
0.5842215748031496
11
0.9680439763779527
21
0.5877451968503937
0
LINE
8
BLACK
6
CONTINUOUS
10
0.9680439763779527
20
0.5877451968503937
11
0.9665217322834645
21
0.5892015748031496
0
LINE
8
BLACK
6
CONTINUOUS
10
0.9665217322834645
20
0.5892015748031496
11
0.9630346062992126
21
0.5908791338582677
0
LINE
8
BLACK
6
CONTINUOUS
10
0.9630346062992126
20
0.5908791338582677
11
0.9601725196850394
21
0.590831220472441
0
LINE
8
BLACK
6
CONTINUOUS
10
0.9882816535433071
20
0.5936369291338582
11
0.9847423622047244
21
0.5917993307086614
0
LINE
8
BLACK
6
CONTINUOUS
10
0.9847423622047244
20
0.5917993307086614
11
0.9836336614173228
21
0.5906404724409449
0
LINE
8
BLACK
6
CONTINUOUS
10
0.9836336614173228
20
0.5906404724409449
11
0.9815772440944882
21
0.5842307086614174
0
LINE
8
BLACK
6
CONTINUOUS
10
0.9815772440944882
20
0.5842307086614174
11
0.9816457874015748
21
0.5716400393700787
0
LINE
8
BLACK
6
CONTINUOUS
10
0.9816457874015748
20
0.5716400393700787
11
1.0008799606299212
21
0.5716762992125984
0
LINE
8
BLACK
6
CONTINUOUS
10
1.0008799606299212
20
0.5716762992125984
11
1.0008062598425196
21
0.5870353149606299
0
LINE
8
BLACK
6
CONTINUOUS
10
1.0008062598425196
20
0.5870353149606299
11
0.9989775984251968
21
0.5905573622047244
0
LINE
8
BLACK
6
CONTINUOUS
10
0.9989775984251968
20
0.5905573622047244
11
0.9974553937007874
21
0.5920136614173228
0
LINE
8
BLACK
6
CONTINUOUS
10
0.9974553937007874
20
0.5920136614173228
11
0.9939419291338583
21
0.593703937007874
0
LINE
8
BLACK
6
CONTINUOUS
10
0.9939419291338583
20
0.593703937007874
11
0.9882816535433071
21
0.5936369291338582
0
LINE
8
BLACK
6
CONTINUOUS
10
1.094362401574803
20
0.6381836220472441
11
1.0980694881889763
21
0.6346370866141732
0
LINE
8
BLACK
6
CONTINUOUS
10
1.0980694881889763
20
0.6346370866141732
11
1.0988039370078739
21
0.6337421653543307
0
LINE
8
BLACK
6
CONTINUOUS
10
1.0988039370078739
20
0.6337421653543307
11
1.0988850787401574
21
0.6335462204724409
0
LINE
8
BLACK
6
CONTINUOUS
10
1.0988850787401574
20
0.6335462204724409
11
1.0990242125984251
21
0.6333858267716536
0
LINE
8
BLACK
6
CONTINUOUS
10
1.0990242125984251
20
0.6333858267716536
11
1.0993924015748031
21
0.6323213779527559
0
LINE
8
BLACK
6
CONTINUOUS
10
1.0993924015748031
20
0.6323213779527559
11
1.0996857086614173
21
0.6316133464566929
0
LINE
8
BLACK
6
CONTINUOUS
10
1.0996857086614173
20
0.6316133464566929
11
1.0996857086614173
21
0.6314735826771654
0
LINE
8
BLACK
6
CONTINUOUS
10
1.0996857086614173
20
0.6314735826771654
11
1.1023083070866142
21
0.6238922440944882
0
LINE
8
BLACK
6
CONTINUOUS
10
1.1023083070866142
20
0.6238922440944882
11
1.1024381889763779
21
0.6233208661417323
0
LINE
8
BLACK
6
CONTINUOUS
10
1.1024381889763779
20
0.6233208661417323
11
1.1024978740157481
21
0.6231768897637795
0
LINE
8
BLACK
6
CONTINUOUS
10
1.1024978740157481
20
0.6231768897637795
11
1.1025
21
0.6230491338582677
0
LINE
8
BLACK
6
CONTINUOUS
10
1.1025
20
0.6230491338582677
11
1.102565
21
0.6227633464566928
0
LINE
8
BLACK
6
CONTINUOUS
10
1.102565
20
0.6227633464566928
11
1.1025162598425196
21
0.6220779133858267
0
LINE
8
BLACK
6
CONTINUOUS
10
1.1025162598425196
20
0.6220779133858267
11
1.1026113385826772
21
0.6164004724409449
0
LINE
8
BLACK
6
CONTINUOUS
10
1.1026113385826772
20
0.6164004724409449
11
1.1025538976377953
21
0.6158175590551181
0
LINE
8
BLACK
6
CONTINUOUS
10
1.1025538976377953
20
0.6158175590551181
11
1.102565
21
0.6156618897637796
0
LINE
8
BLACK
6
CONTINUOUS
10
1.102565
20
0.6156618897637796
11
1.1025268897637794
21
0.6155431496062992
0
LINE
8
BLACK
6
CONTINUOUS
10
1.1025268897637794
20
0.6155431496062992
11
1.1024978740157481
21
0.6152483464566929
0
LINE
8
BLACK
6
CONTINUOUS
10
1.1024978740157481
20
0.6152483464566929
11
1.1022071259842519
21
0.6145464960629922
0
LINE
8
BLACK
6
CONTINUOUS
10
1.1022071259842519
20
0.6145464960629922
11
1.0994961811023622
21
0.6060965354330708
0
LINE
8
BLACK
6
CONTINUOUS
10
1.0994961811023622
20
0.6060965354330708
11
1.0990242125984251
21
0.6050394094488188
0
LINE
8
BLACK
6
CONTINUOUS
10
1.0990242125984251
20
0.6050394094488188
11
1.0988851574803149
21
0.604879094488189
0
LINE
8
BLACK
6
CONTINUOUS
10
1.0988851574803149
20
0.604879094488189
11
1.0988039763779527
21
0.6046830708661417
0
LINE
8
BLACK
6
CONTINUOUS
10
1.0988039763779527
20
0.6046830708661417
11
1.0980022440944881
21
0.6038611023622047
0
LINE
8
BLACK
6
CONTINUOUS
10
1.0980022440944881
20
0.6038611023622047
11
1.0975144488188977
21
0.6032987007874016
0
LINE
8
BLACK
6
CONTINUOUS
10
1.0975144488188977
20
0.6032987007874016
11
1.0973957874015747
21
0.6032393700787402
0
LINE
8
BLACK
6
CONTINUOUS
10
1.0973957874015747
20
0.6032393700787402
11
1.0924451968503937
21
0.5981638976377953
0
LINE
8
BLACK
6
CONTINUOUS
10
1.0924451968503937
20
0.5981638976377953
11
1.0919923622047243
21
0.5977922440944882
0
LINE
8
BLACK
6
CONTINUOUS
10
1.0919923622047243
20
0.5977922440944882
11
1.091890157480315
21
0.5976744094488189
0
LINE
8
BLACK
6
CONTINUOUS
10
1.091890157480315
20
0.5976744094488189
11
1.0917774409448819
21
0.5976158661417322
0
LINE
8
BLACK
6
CONTINUOUS
10
1.0917774409448819
20
0.5976158661417322
11
1.0915502755905511
21
0.5974294488188976
0
LINE
8
BLACK
6
CONTINUOUS
10
1.0915502755905511
20
0.5974294488188976
11
1.090898031496063
21
0.5971592913385827
0
LINE
8
BLACK
6
CONTINUOUS
10
1.090898031496063
20
0.5971592913385827
11
1.0852861023622047
21
0.5942455118110236
0
LINE
8
BLACK
6
CONTINUOUS
10
1.0852861023622047
20
0.5942455118110236
11
1.0852018110236221
21
0.5942132283464567
0
LINE
8
BLACK
6
CONTINUOUS
10
1.0852018110236221
20
0.5942132283464567
11
1.0851675590551182
21
0.594187874015748
0
LINE
8
BLACK
6
CONTINUOUS
10
1.0851675590551182
20
0.594187874015748
11
1.085067874015748
21
0.5941620078740157
0
LINE
8
BLACK
6
CONTINUOUS
10
1.085067874015748
20
0.5941620078740157
11
1.0842048818897638
21
0.5938317716535433
0
LINE
8
BLACK
6
CONTINUOUS
10
1.0842048818897638
20
0.5938317716535433
11
1.083640590551181
21
0.5937916535433071
0
LINE
8
BLACK
6
CONTINUOUS
10
1.083640590551181
20
0.5937916535433071
11
1.0728287795275591
21
0.5909862598425196
0
LINE
8
BLACK
6
CONTINUOUS
10
1.0728287795275591
20
0.5909862598425196
11
1.0726290944881889
21
0.5909567322834646
0
LINE
8
BLACK
6
CONTINUOUS
10
1.0726290944881889
20
0.5909567322834646
11
1.072548622047244
21
0.5909233858267716
0
LINE
8
BLACK
6
CONTINUOUS
10
1.072548622047244
20
0.5909233858267716
11
1.0723910236220473
21
0.5909214960629922
0
LINE
8
BLACK
6
CONTINUOUS
10
1.0723910236220473
20
0.5909214960629922
11
1.0716835433070866
21
0.5908168897637796
0
LINE
8
BLACK
6
CONTINUOUS
10
1.0716835433070866
20
0.5908168897637796
11
1.0710843307086615
21
0.5909060236220472
0
LINE
8
BLACK
6
CONTINUOUS
10
1.0710843307086615
20
0.5909060236220472
11
1.0629600393700787
21
0.5908099212598426
0
LINE
8
BLACK
6
CONTINUOUS
10
1.0629600393700787
20
0.5908099212598426
11
1.0627590944881891
21
0.5908296850393701
0
LINE
8
BLACK
6
CONTINUOUS
10
1.0627590944881891
20
0.5908296850393701
11
1.0626729921259843
21
0.5908168897637796
0
LINE
8
BLACK
6
CONTINUOUS
10
1.0626729921259843
20
0.5908168897637796
11
1.0625230708661417
21
0.5908529527559055
0
LINE
8
BLACK
6
CONTINUOUS
10
1.0625230708661417
20
0.5908529527559055
11
1.0618079133858267
21
0.5909233858267716
0
LINE
8
BLACK
6
CONTINUOUS
10
1.0618079133858267
20
0.5909233858267716
11
1.0612227952755906
21
0.591165748031496
0
LINE
8
BLACK
6
CONTINUOUS
10
1.0612227952755906
20
0.591165748031496
11
1.0502791732283465
21
0.5937983858267717
0
LINE
8
BLACK
6
CONTINUOUS
10
1.0502791732283465
20
0.5937983858267717
11
1.0501941732283464
21
0.5938287401574803
0
LINE
8
BLACK
6
CONTINUOUS
10
1.0501941732283464
20
0.5938287401574803
11
1.0501516535433071
21
0.5938317716535433
0
LINE
8
BLACK
6
CONTINUOUS
10
1.0501516535433071
20
0.5938317716535433
11
1.050053307086614
21
0.5938790551181102
0
LINE
8
BLACK
6
CONTINUOUS
10
1.050053307086614
20
0.5938790551181102
11
1.0491889763779527
21
0.594187874015748
0
LINE
8
BLACK
6
CONTINUOUS
10
1.0491889763779527
20
0.594187874015748
11
1.048777125984252
21
0.5944929921259843
0
LINE
8
BLACK
6
CONTINUOUS
10
1.048777125984252
20
0.5944929921259843
11
1.0434461417322833
21
0.5970576771653543
0
LINE
8
BLACK
6
CONTINUOUS
10
1.0434461417322833
20
0.5970576771653543
11
1.0429503937007873
21
0.5973697244094488
0
LINE
8
BLACK
6
CONTINUOUS
10
1.0429503937007873
20
0.5973697244094488
11
1.0428062204724409
21
0.5974294488188976
0
LINE
8
BLACK
6
CONTINUOUS
10
1.0428062204724409
20
0.5974294488188976
11
1.0427164566929135
21
0.597516968503937
0
LINE
8
BLACK
6
CONTINUOUS
10
1.0427164566929135
20
0.597516968503937
11
1.0424663779527559
21
0.5976744094488189
0
LINE
8
BLACK
6
CONTINUOUS
10
1.0424663779527559
20
0.5976744094488189
11
1.0419792913385826
21
0.5982359842519684
0
LINE
8
BLACK
6
CONTINUOUS
10
1.0419792913385826
20
0.5982359842519684
11
1.0362870472440944
21
0.603788188976378
0
LINE
8
BLACK
6
CONTINUOUS
10
1.0362870472440944
20
0.603788188976378
11
1.0355525984251968
21
0.6046831102362205
0
LINE
8
BLACK
6
CONTINUOUS
10
1.0355525984251968
20
0.6046831102362205
11
1.0354713779527558
21
0.6048791338582677
0
LINE
8
BLACK
6
CONTINUOUS
10
1.0354713779527558
20
0.6048791338582677
11
1.0353324015748031
21
0.6050394094488188
0
LINE
8
BLACK
6
CONTINUOUS
10
1.0353324015748031
20
0.6050394094488188
11
1.0349644488188976
21
0.6061029527559055
0
LINE
8
BLACK
6
CONTINUOUS
10
1.0349644488188976
20
0.6061029527559055
11
1.0346708267716536
21
0.6068119291338583
0
LINE
8
BLACK
6
CONTINUOUS
10
1.0346708267716536
20
0.6068119291338583
11
1.0346708267716536
21
0.6069518503937008
0
LINE
8
BLACK
6
CONTINUOUS
10
1.0346708267716536
20
0.6069518503937008
11
1.0320482677165355
21
0.6145329921259842
0
LINE
8
BLACK
6
CONTINUOUS
10
1.0320482677165355
20
0.6145329921259842
11
1.0319183858267715
21
0.6151041338582677
0
LINE
8
BLACK
6
CONTINUOUS
10
1.0319183858267715
20
0.6151041338582677
11
1.0318586614173229
21
0.6152483464566929
0
LINE
8
BLACK
6
CONTINUOUS
10
1.0318586614173229
20
0.6152483464566929
11
1.0318564960629921
21
0.6153762204724409
0
LINE
8
BLACK
6
CONTINUOUS
10
1.0318564960629921
20
0.6153762204724409
11
1.0317915748031496
21
0.6156618503937008
0
LINE
8
BLACK
6
CONTINUOUS
10
1.0317915748031496
20
0.6156618503937008
11
1.0318402362204724
21
0.616346968503937
0
LINE
8
BLACK
6
CONTINUOUS
10
1.0318402362204724
20
0.616346968503937
11
1.0317451968503937
21
0.6220247637795275
0
LINE
8
BLACK
6
CONTINUOUS
10
1.0317451968503937
20
0.6220247637795275
11
1.0318025984251968
21
0.622607874015748
0
LINE
8
BLACK
6
CONTINUOUS
10
1.0318025984251968
20
0.622607874015748
11
1.0317915748031496
21
0.6227633858267716
0
LINE
8
BLACK
6
CONTINUOUS
10
1.0317915748031496
20
0.6227633858267716
11
1.0318296062992125
21
0.6228819291338582
0
LINE
8
BLACK
6
CONTINUOUS
10
1.0318296062992125
20
0.6228819291338582
11
1.0318586614173229
21
0.6231768897637795
0
LINE
8
BLACK
6
CONTINUOUS
10
1.0318586614173229
20
0.6231768897637795
11
1.0321494881889763
21
0.6238790157480315
0
LINE
8
BLACK
6
CONTINUOUS
10
1.0321494881889763
20
0.6238790157480315
11
1.0348603937007874
21
0.6323287007874016
0
LINE
8
BLACK
6
CONTINUOUS
10
1.0348603937007874
20
0.6323287007874016
11
1.0353324015748031
21
0.6333858267716536
0
LINE
8
BLACK
6
CONTINUOUS
10
1.0353324015748031
20
0.6333858267716536
11
1.0354713779527558
21
0.633546062992126
0
LINE
8
BLACK
6
CONTINUOUS
10
1.0354713779527558
20
0.633546062992126
11
1.0355525984251968
21
0.6337421259842519
0
LINE
8
BLACK
6
CONTINUOUS
10
1.0355525984251968
20
0.6337421259842519
11
1.036503031496063
21
0.6347355905511811
0
LINE
8
BLACK
6
CONTINUOUS
10
1.036503031496063
20
0.6347355905511811
11
1.036842125984252
21
0.6351265354330708
0
LINE
8
BLACK
6
CONTINUOUS
10
1.036842125984252
20
0.6351265354330708
11
1.0369090944881889
21
0.6351599999999999
0
LINE
8
BLACK
6
CONTINUOUS
10
1.0369090944881889
20
0.6351599999999999
11
1.0390991732283463
21
0.6374491732283465
0
LINE
8
BLACK
6
CONTINUOUS
10
1.0390991732283463
20
0.6374491732283465
11
1.0399940551181102
21
0.6381836220472441
0
LINE
8
BLACK
6
CONTINUOUS
10
1.0399940551181102
20
0.6381836220472441
11
1.0421229133858267
21
0.6390653543307087
0
LINE
8
BLACK
6
CONTINUOUS
10
1.0421229133858267
20
0.6390653543307087
11
1.0444270866141732
21
0.6390653543307087
0
LINE
8
BLACK
6
CONTINUOUS
10
1.0444270866141732
20
0.6390653543307087
11
1.046555905511811
21
0.6381836220472441
0
LINE
8
BLACK
6
CONTINUOUS
10
1.046555905511811
20
0.6381836220472441
11
1.0481852755905512
21
0.6365542519685039
0
LINE
8
BLACK
6
CONTINUOUS
10
1.0481852755905512
20
0.6365542519685039
11
1.0490670078740156
21
0.6344254330708661
0
LINE
8
BLACK
6
CONTINUOUS
10
1.0490670078740156
20
0.6344254330708661
11
1.0490670078740156
21
0.6321212598425197
0
LINE
8
BLACK
6
CONTINUOUS
10
1.0490670078740156
20
0.6321212598425197
11
1.0481852755905512
21
0.6299924015748032
0
LINE
8
BLACK
6
CONTINUOUS
10
1.0481852755905512
20
0.6299924015748032
11
1.0455121259842519
21
0.6271983464566929
0
LINE
8
BLACK
6
CONTINUOUS
10
1.0455121259842519
20
0.6271983464566929
11
1.0434813779527559
21
0.6208687007874015
0
LINE
8
BLACK
6
CONTINUOUS
10
1.0434813779527559
20
0.6208687007874015
11
1.0435441732283464
21
0.6171194488188976
0
LINE
8
BLACK
6
CONTINUOUS
10
1.0435441732283464
20
0.6171194488188976
11
1.0456588976377952
21
0.6110062598425197
0
LINE
8
BLACK
6
CONTINUOUS
10
1.0456588976377952
20
0.6110062598425197
11
1.0497340551181102
21
0.6070314173228346
0
LINE
8
BLACK
6
CONTINUOUS
10
1.0497340551181102
20
0.6070314173228346
11
1.0541436614173227
21
0.6049100393700787
0
LINE
8
BLACK
6
CONTINUOUS
10
1.0541436614173227
20
0.6049100393700787
11
1.0640220472440944
21
0.6025336614173228
0
LINE
8
BLACK
6
CONTINUOUS
10
1.0640220472440944
20
0.6025336614173228
11
1.0710383070866141
21
0.6026166929133858
0
LINE
8
BLACK
6
CONTINUOUS
10
1.0710383070866141
20
0.6026166929133858
11
1.0809338582677166
21
0.6051843307086614
0
LINE
8
BLACK
6
CONTINUOUS
10
1.0809338582677166
20
0.6051843307086614
11
1.0849853149606299
21
0.6072879133858268
0
LINE
8
BLACK
6
CONTINUOUS
10
1.0849853149606299
20
0.6072879133858268
11
1.0888527165354331
21
0.6112528346456693
0
LINE
8
BLACK
6
CONTINUOUS
10
1.0888527165354331
20
0.6112528346456693
11
1.0908751181102363
21
0.6175565748031496
0
LINE
8
BLACK
6
CONTINUOUS
10
1.0908751181102363
20
0.6175565748031496
11
1.0908123228346456
21
0.6213056692913386
0
LINE
8
BLACK
6
CONTINUOUS
10
1.0908123228346456
20
0.6213056692913386
11
1.088716062992126
21
0.6273655118110236
0
LINE
8
BLACK
6
CONTINUOUS
10
1.088716062992126
20
0.6273655118110236
11
1.0869057480314961
21
0.6290974803149606
0
LINE
8
BLACK
6
CONTINUOUS
10
1.0869057480314961
20
0.6290974803149606
11
1.0861712992125985
21
0.6299924015748032
0
LINE
8
BLACK
6
CONTINUOUS
10
1.0861712992125985
20
0.6299924015748032
11
1.0852894881889763
21
0.6321212204724409
0
LINE
8
BLACK
6
CONTINUOUS
10
1.0852894881889763
20
0.6321212204724409
11
1.0852894881889763
21
0.6344253937007874
0
LINE
8
BLACK
6
CONTINUOUS
10
1.0852894881889763
20
0.6344253937007874
11
1.0861712598425197
21
0.6365542125984252
0
LINE
8
BLACK
6
CONTINUOUS
10
1.0861712598425197
20
0.6365542125984252
11
1.0878005905511812
21
0.6381835826771654
0
LINE
8
BLACK
6
CONTINUOUS
10
1.0878005905511812
20
0.6381835826771654
11
1.0899294094488188
21
0.6390653937007874
0
LINE
8
BLACK
6
CONTINUOUS
10
1.0899294094488188
20
0.6390653937007874
11
1.0922335826771654
21
0.6390653937007874
0
LINE
8
BLACK
6
CONTINUOUS
10
1.0922335826771654
20
0.6390653937007874
11
1.094362401574803
21
0.6381836220472441
0
LINE
8
BLACK
6
CONTINUOUS
10
0.048487874015748
20
0.6549933858267717
11
0.0486838582677165
21
0.6549121653543307
0
LINE
8
BLACK
6
CONTINUOUS
10
0.0486838582677165
20
0.6549121653543307
11
0.0488955118110236
21
0.6548971653543307
0
LINE
8
BLACK
6
CONTINUOUS
10
0.0488955118110236
20
0.6548971653543307
11
0.0499819291338583
21
0.6543744881889764
0
LINE
8
BLACK
6
CONTINUOUS
10
0.0499819291338583
20
0.6543744881889764
11
0.0506166929133858
21
0.6541115748031496
0
LINE
8
BLACK
6
CONTINUOUS
10
0.0506166929133858
20
0.6541115748031496
11
0.0506984645669291
21
0.6540297637795276
0
LINE
8
BLACK
6
CONTINUOUS
10
0.0506984645669291
20
0.6540297637795276
11
0.055601062992126
21
0.6516712598425197
0
LINE
8
BLACK
6
CONTINUOUS
10
0.055601062992126
20
0.6516712598425197
11
0.0560968503937008
21
0.6513591338582677
0
LINE
8
BLACK
6
CONTINUOUS
10
0.0560968503937008
20
0.6513591338582677
11
0.0562409448818898
21
0.6512994881889763
0
LINE
8
BLACK
6
CONTINUOUS
10
0.0562409448818898
20
0.6512994881889763
11
0.0563357086614173
21
0.6512087795275591
0
LINE
8
BLACK
6
CONTINUOUS
10
0.0563357086614173
20
0.6512087795275591
11
0.0565808267716535
21
0.6510545275590551
0
LINE
8
BLACK
6
CONTINUOUS
10
0.0565808267716535
20
0.6510545275590551
11
0.0569893307086614
21
0.6505834645669292
0
LINE
8
BLACK
6
CONTINUOUS
10
0.0569893307086614
20
0.6505834645669292
11
0.059948031496063
21
0.647752874015748
0
LINE
8
BLACK
6
CONTINUOUS
10
0.059948031496063
20
0.647752874015748
11
0.0603197244094488
21
0.6472999212598425
0
LINE
8
BLACK
6
CONTINUOUS
10
0.0603197244094488
20
0.6472999212598425
11
0.0604375196850394
21
0.6471977952755905
0
LINE
8
BLACK
6
CONTINUOUS
10
0.0604375196850394
20
0.6471977952755905
11
0.0604959448818898
21
0.6470851968503937
0
LINE
8
BLACK
6
CONTINUOUS
10
0.0604959448818898
20
0.6470851968503937
11
0.0606824803149606
21
0.6468579527559055
0
LINE
8
BLACK
6
CONTINUOUS
10
0.0606824803149606
20
0.6468579527559055
11
0.0609527559055118
21
0.6462054330708661
0
LINE
8
BLACK
6
CONTINUOUS
10
0.0609527559055118
20
0.6462054330708661
11
0.0638663779527559
21
0.6405937401574803
0
LINE
8
BLACK
6
CONTINUOUS
10
0.0638663779527559
20
0.6405937401574803
11
0.0639460236220472
21
0.6403855511811023
0
LINE
8
BLACK
6
CONTINUOUS
10
0.0639460236220472
20
0.6403855511811023
11
0.0833192519685039
21
0.6540393307086614
0
LINE
8
BLACK
6
CONTINUOUS
10
0.0833192519685039
20
0.6540393307086614
11
0.0843281496062992
21
0.6546070866141732
0
LINE
8
BLACK
6
CONTINUOUS
10
0.0843281496062992
20
0.6546070866141732
11
0.0865778346456693
21
0.6551054724409449
0
LINE
8
BLACK
6
CONTINUOUS
10
0.0865778346456693
20
0.6551054724409449
11
0.088846968503937
21
0.6547050393700787
0
LINE
8
BLACK
6
CONTINUOUS
10
0.088846968503937
20
0.6547050393700787
11
0.090790157480315
21
0.6534667322834645
0
LINE
8
BLACK
6
CONTINUOUS
10
0.090790157480315
20
0.6534667322834645
11
0.0921115748031496
21
0.6515790157480315
0
LINE
8
BLACK
6
CONTINUOUS
10
0.0921115748031496
20
0.6515790157480315
11
0.0926099606299213
21
0.6493293307086614
0
LINE
8
BLACK
6
CONTINUOUS
10
0.0926099606299213
20
0.6493293307086614
11
0.0922095275590551
21
0.6470601968503937
0
LINE
8
BLACK
6
CONTINUOUS
10
0.0922095275590551
20
0.6470601968503937
11
0.0909712204724409
21
0.6451170078740157
0
LINE
8
BLACK
6
CONTINUOUS
10
0.0909712204724409
20
0.6451170078740157
11
0.0644372440944882
21
0.6264164960629921
0
LINE
8
BLACK
6
CONTINUOUS
10
0.0644372440944882
20
0.6264164960629921
11
0.0644616929133858
21
0.6213191338582676
0
LINE
8
BLACK
6
CONTINUOUS
10
0.0644616929133858
20
0.6213191338582676
11
0.0843106299212598
21
0.6213565354330709
0
LINE
8
BLACK
6
CONTINUOUS
10
0.0843106299212598
20
0.6213565354330709
11
0.0844523228346457
21
0.6214985039370079
0
LINE
8
BLACK
6
CONTINUOUS
10
0.0844523228346457
20
0.6214985039370079
11
0.0845516535433071
21
0.6215183464566929
0
LINE
8
BLACK
6
CONTINUOUS
10
0.0845516535433071
20
0.6215183464566929
11
0.0846233464566929
21
0.6215900393700787
0
LINE
8
BLACK
6
CONTINUOUS
10
0.0846233464566929
20
0.6215900393700787
11
0.0849099606299213
21
0.6215900393700787
0
LINE
8
BLACK
6
CONTINUOUS
10
0.0849099606299213
20
0.6215900393700787
11
0.0851910236220472
21
0.6216462598425196
0
LINE
8
BLACK
6
CONTINUOUS
10
0.0851910236220472
20
0.6216462598425196
11
0.0852753543307087
21
0.6215900393700787
0
LINE
8
BLACK
6
CONTINUOUS
10
0.0852753543307087
20
0.6215900393700787
11
0.0853766535433071
21
0.6215900393700787
0
LINE
8
BLACK
6
CONTINUOUS
10
0.0853766535433071
20
0.6215900393700787
11
0.0855792913385827
21
0.6213873622047243
0
LINE
8
BLACK
6
CONTINUOUS
10
0.0855792913385827
20
0.6213873622047243
11
0.085621811023622
21
0.6213590157480314
0
LINE
8
BLACK
6
CONTINUOUS
10
0.085621811023622
20
0.6213590157480314
11
0.0867058267716535
21
0.621361062992126
0
LINE
8
BLACK
6
CONTINUOUS
10
0.0867058267716535
20
0.621361062992126
11
0.0878579527559055
21
0.6212475984251968
0
LINE
8
BLACK
6
CONTINUOUS
10
0.0878579527559055
20
0.6212475984251968
11
0.0899867716535433
21
0.6203657874015748
0
LINE
8
BLACK
6
CONTINUOUS
10
0.0899867716535433
20
0.6203657874015748
11
0.091616062992126
21
0.6187364960629921
0
LINE
8
BLACK
6
CONTINUOUS
10
0.091616062992126
20
0.6187364960629921
11
0.092497874015748
21
0.6166076771653544
0
LINE
8
BLACK
6
CONTINUOUS
10
0.092497874015748
20
0.6166076771653544
11
0.092497874015748
21
0.6143034251968503
0
LINE
8
BLACK
6
CONTINUOUS
10
0.092497874015748
20
0.6143034251968503
11
0.091616062992126
21
0.6121746062992126
0
LINE
8
BLACK
6
CONTINUOUS
10
0.091616062992126
20
0.6121746062992126
11
0.0899867716535433
21
0.6105453149606299
0
LINE
8
BLACK
6
CONTINUOUS
10
0.0899867716535433
20
0.6105453149606299
11
0.0878579527559055
21
0.6096635039370079
0
LINE
8
BLACK
6
CONTINUOUS
10
0.0878579527559055
20
0.6096635039370079
11
0.0859518503937008
21
0.6096598818897637
0
LINE
8
BLACK
6
CONTINUOUS
10
0.0859518503937008
20
0.6096598818897637
11
0.0859806692913386
21
0.6019499606299212
0
LINE
8
BLACK
6
CONTINUOUS
10
0.0859806692913386
20
0.6019499606299212
11
0.0906242913385827
21
0.6019799212598425
0
LINE
8
BLACK
6
CONTINUOUS
10
0.0906242913385827
20
0.6019799212598425
11
0.0910009448818898
21
0.601905
0
LINE
8
BLACK
6
CONTINUOUS
10
0.0910009448818898
20
0.601905
11
0.0915336220472441
21
0.6013723228346457
0
LINE
8
BLACK
6
CONTINUOUS
10
0.0915336220472441
20
0.6013723228346457
11
0.0915336220472441
21
0.6006190157480314
0
LINE
8
BLACK
6
CONTINUOUS
10
0.0915336220472441
20
0.6006190157480314
11
0.0910009448818898
21
0.6000863385826771
0
LINE
8
BLACK
6
CONTINUOUS
10
0.0910009448818898
20
0.6000863385826771
11
0.0793757086614173
21
0.6000114173228346
0
LINE
8
BLACK
6
CONTINUOUS
10
0.0793757086614173
20
0.6000114173228346
11
0.0789990551181102
21
0.6000863385826771
0
LINE
8
BLACK
6
CONTINUOUS
10
0.0789990551181102
20
0.6000863385826771
11
0.0784663779527559
21
0.6006190157480314
0
LINE
8
BLACK
6
CONTINUOUS
10
0.0784663779527559
20
0.6006190157480314
11
0.0784663779527559
21
0.6013723228346457
0
LINE
8
BLACK
6
CONTINUOUS
10
0.0784663779527559
20
0.6013723228346457
11
0.0789990551181102
21
0.601905
0
LINE
8
BLACK
6
CONTINUOUS
10
0.0789990551181102
20
0.601905
11
0.0840857086614173
21
0.6019377559055118
0
LINE
8
BLACK
6
CONTINUOUS
10
0.0840857086614173
20
0.6019377559055118
11
0.0840568897637795
21
0.6096563385826772
0
LINE
8
BLACK
6
CONTINUOUS
10
0.0840568897637795
20
0.6096563385826772
11
0.0276507086614173
21
0.6095500393700787
0
LINE
8
BLACK
6
CONTINUOUS
10
0.0276507086614173
20
0.6095500393700787
11
0.0264985826771654
21
0.6096635039370079
0
LINE
8
BLACK
6
CONTINUOUS
10
0.0264985826771654
20
0.6096635039370079
11
0.0243697637795276
21
0.6105453149606299
0
LINE
8
BLACK
6
CONTINUOUS
10
0.0243697637795276
20
0.6105453149606299
11
0.0227404724409449
21
0.6121746062992126
0
LINE
8
BLACK
6
CONTINUOUS
10
0.0227404724409449
20
0.6121746062992126
11
0.0218586614173228
21
0.6143034251968503
0
LINE
8
BLACK
6
CONTINUOUS
10
0.0218586614173228
20
0.6143034251968503
11
0.0217451968503937
21
0.6379527559055118
0
LINE
8
BLACK
6
CONTINUOUS
10
0.0217451968503937
20
0.6379527559055118
11
0.0218586614173228
21
0.6391048818897638
0
LINE
8
BLACK
6
CONTINUOUS
10
0.0218586614173228
20
0.6391048818897638
11
0.0219398818897638
21
0.6393009448818897
0
LINE
8
BLACK
6
CONTINUOUS
10
0.0219398818897638
20
0.6393009448818897
11
0.0219549212598425
21
0.6395125590551181
0
LINE
8
BLACK
6
CONTINUOUS
10
0.0219549212598425
20
0.6395125590551181
11
0.0224774015748032
21
0.6405985826771653
0
LINE
8
BLACK
6
CONTINUOUS
10
0.0224774015748032
20
0.6405985826771653
11
0.0227404724409449
21
0.6412337007874016
0
LINE
8
BLACK
6
CONTINUOUS
10
0.0227404724409449
20
0.6412337007874016
11
0.0228222834645669
21
0.6413155118110236
0
LINE
8
BLACK
6
CONTINUOUS
10
0.0228222834645669
20
0.6413155118110236
11
0.0251808267716535
21
0.6462180708661417
0
LINE
8
BLACK
6
CONTINUOUS
10
0.0251808267716535
20
0.6462180708661417
11
0.0254929527559055
21
0.6467139370078741
0
LINE
8
BLACK
6
CONTINUOUS
10
0.0254929527559055
20
0.6467139370078741
11
0.0255525984251968
21
0.6468579133858268
0
LINE
8
BLACK
6
CONTINUOUS
10
0.0255525984251968
20
0.6468579133858268
11
0.025643188976378
21
0.6469525984251968
0
LINE
8
BLACK
6
CONTINUOUS
10
0.025643188976378
20
0.6469525984251968
11
0.0257975590551181
21
0.6471978346456693
0
LINE
8
BLACK
6
CONTINUOUS
10
0.0257975590551181
20
0.6471978346456693
11
0.0262687007874016
21
0.6476064566929134
0
LINE
8
BLACK
6
CONTINUOUS
10
0.0262687007874016
20
0.6476064566929134
11
0.0290991338582677
21
0.6505649999999999
0
LINE
8
BLACK
6
CONTINUOUS
10
0.0290991338582677
20
0.6505649999999999
11
0.0295520866141732
21
0.6509367322834646
0
LINE
8
BLACK
6
CONTINUOUS
10
0.0295520866141732
20
0.6509367322834646
11
0.0296542519685039
21
0.6510545275590551
0
LINE
8
BLACK
6
CONTINUOUS
10
0.0296542519685039
20
0.6510545275590551
11
0.0297668503937008
21
0.6511129921259843
0
LINE
8
BLACK
6
CONTINUOUS
10
0.0297668503937008
20
0.6511129921259843
11
0.0299940551181102
21
0.6512994488188977
0
LINE
8
BLACK
6
CONTINUOUS
10
0.0299940551181102
20
0.6512994488188977
11
0.0306463779527559
21
0.6515696456692913
0
LINE
8
BLACK
6
CONTINUOUS
10
0.0306463779527559
20
0.6515696456692913
11
0.0362583070866142
21
0.6544833858267717
0
LINE
8
BLACK
6
CONTINUOUS
10
0.0362583070866142
20
0.6544833858267717
11
0.0373395275590551
21
0.6548971653543307
0
LINE
8
BLACK
6
CONTINUOUS
10
0.0373395275590551
20
0.6548971653543307
11
0.0375511417322835
21
0.6549121653543307
0
LINE
8
BLACK
6
CONTINUOUS
10
0.0375511417322835
20
0.6549121653543307
11
0.0377471653543307
21
0.6549933858267717
0
LINE
8
BLACK
6
CONTINUOUS
10
0.0377471653543307
20
0.6549933858267717
11
0.038882874015748
21
0.655006811023622
0
LINE
8
BLACK
6
CONTINUOUS
10
0.038882874015748
20
0.655006811023622
11
0.0396379527559055
21
0.6550604724409449
0
LINE
8
BLACK
6
CONTINUOUS
10
0.0396379527559055
20
0.6550604724409449
11
0.0397674803149606
21
0.6550172834645669
0
LINE
8
BLACK
6
CONTINUOUS
10
0.0397674803149606
20
0.6550172834645669
11
0.0473357480314961
21
0.6551068503937008
0
LINE
8
BLACK
6
CONTINUOUS
10
0.0473357480314961
20
0.6551068503937008
11
0.048487874015748
21
0.6549933858267717
0
LINE
8
BLACK
6
CONTINUOUS
10
0.040160157480315
20
0.6433107086614173
11
0.036620905511811
21
0.6414731496062992
0
LINE
8
BLACK
6
CONTINUOUS
10
0.036620905511811
20
0.6414731496062992
11
0.0351645669291339
21
0.6399508661417322
0
LINE
8
BLACK
6
CONTINUOUS
10
0.0351645669291339
20
0.6399508661417322
11
0.0334557086614173
21
0.6363988188976378
0
LINE
8
BLACK
6
CONTINUOUS
10
0.0334557086614173
20
0.6363988188976378
11
0.0335283464566929
21
0.6212608267716535
0
LINE
8
BLACK
6
CONTINUOUS
10
0.0335283464566929
20
0.6212608267716535
11
0.0527587007874016
21
0.6212970866141733
0
LINE
8
BLACK
6
CONTINUOUS
10
0.0527587007874016
20
0.6212970866141733
11
0.0527207874015748
21
0.6292050787401575
0
LINE
8
BLACK
6
CONTINUOUS
10
0.0527207874015748
20
0.6292050787401575
11
0.0526801968503937
21
0.6293883070866142
0
LINE
8
BLACK
6
CONTINUOUS
10
0.0526801968503937
20
0.6293883070866142
11
0.0527188188976378
21
0.6296073622047244
0
LINE
8
BLACK
6
CONTINUOUS
10
0.0527188188976378
20
0.6296073622047244
11
0.0526847637795276
21
0.6367090944881889
0
LINE
8
BLACK
6
CONTINUOUS
10
0.0526847637795276
20
0.6367090944881889
11
0.0508561023622047
21
0.6402311417322835
0
LINE
8
BLACK
6
CONTINUOUS
10
0.0508561023622047
20
0.6402311417322835
11
0.0493338976377953
21
0.6416874409448818
0
LINE
8
BLACK
6
CONTINUOUS
10
0.0493338976377953
20
0.6416874409448818
11
0.0458204330708661
21
0.6433777165354331
0
LINE
8
BLACK
6
CONTINUOUS
10
0.0458204330708661
20
0.6433777165354331
11
0.040160157480315
21
0.6433107086614173
0
LINE
8
BLACK
6
CONTINUOUS
10
1.0059275984251967
20
0.6330758267716535
11
1.0071746062992126
21
0.6325593307086614
0
LINE
8
BLACK
6
CONTINUOUS
10
1.0071746062992126
20
0.6325593307086614
11
1.0071746456692914
21
0.6325592913385827
0
LINE
8
BLACK
6
CONTINUOUS
10
1.0071746456692914
20
0.6325592913385827
11
1.0108816929133857
21
0.6290126771653544
0
LINE
8
BLACK
6
CONTINUOUS
10
1.0108816929133857
20
0.6290126771653544
11
1.0116161023622048
21
0.6281177952755905
0
LINE
8
BLACK
6
CONTINUOUS
10
1.0116161023622048
20
0.6281177952755905
11
1.0116161023622048
21
0.6281177559055118
0
LINE
8
BLACK
6
CONTINUOUS
10
1.0116161023622048
20
0.6281177559055118
11
1.012497874015748
21
0.6259890157480315
0
LINE
8
BLACK
6
CONTINUOUS
10
1.012497874015748
20
0.6259890157480315
11
1.012497874015748
21
0.6236847637795275
0
LINE
8
BLACK
6
CONTINUOUS
10
1.012497874015748
20
0.6236847637795275
11
1.0119812992125985
21
0.622437716535433
0
LINE
8
BLACK
6
CONTINUOUS
10
1.0119812992125985
20
0.622437716535433
11
1.0116161023622048
21
0.6215559448818897
0
LINE
8
BLACK
6
CONTINUOUS
10
1.0116161023622048
20
0.6215559448818897
11
1.008069527559055
21
0.617848937007874
0
LINE
8
BLACK
6
CONTINUOUS
10
1.008069527559055
20
0.617848937007874
11
1.0071746062992126
21
0.6171144881889764
0
LINE
8
BLACK
6
CONTINUOUS
10
1.0071746062992126
20
0.6171144881889764
11
1.0050457874015748
21
0.6162327165354331
0
LINE
8
BLACK
6
CONTINUOUS
10
1.0050457874015748
20
0.6162327165354331
11
1.0027416535433071
21
0.6162327165354331
0
LINE
8
BLACK
6
CONTINUOUS
10
1.0027416535433071
20
0.6162327165354331
11
1.0027416141732284
21
0.6162327165354331
0
LINE
8
BLACK
6
CONTINUOUS
10
1.0027416141732284
20
0.6162327165354331
11
1.0006127952755905
21
0.6171144881889764
0
LINE
8
BLACK
6
CONTINUOUS
10
1.0006127952755905
20
0.6171144881889764
11
1.0006127559055118
21
0.6171145275590552
0
LINE
8
BLACK
6
CONTINUOUS
10
1.0006127559055118
20
0.6171145275590552
11
0.996905748031496
21
0.6206610236220472
0
LINE
8
BLACK
6
CONTINUOUS
10
0.996905748031496
20
0.6206610236220472
11
0.9961712992125984
21
0.6215559448818897
0
LINE
8
BLACK
6
CONTINUOUS
10
0.9961712992125984
20
0.6215559448818897
11
0.9961712598425196
21
0.6215559842519685
0
LINE
8
BLACK
6
CONTINUOUS
10
0.9961712598425196
20
0.6215559842519685
11
0.9954998818897638
21
0.6231768897637795
0
LINE
8
BLACK
6
CONTINUOUS
10
0.9954998818897638
20
0.6231768897637795
11
0.9952894881889763
21
0.6236847637795275
0
LINE
8
BLACK
6
CONTINUOUS
10
0.9952894881889763
20
0.6236847637795275
11
0.9952894881889763
21
0.6259889370078739
0
LINE
8
BLACK
6
CONTINUOUS
10
0.9952894881889763
20
0.6259889370078739
11
0.9952894881889763
21
0.6259889763779527
0
LINE
8
BLACK
6
CONTINUOUS
10
0.9952894881889763
20
0.6259889763779527
11
0.9952894881889763
21
0.6259890157480315
0
LINE
8
BLACK
6
CONTINUOUS
10
0.9952894881889763
20
0.6259890157480315
11
0.9961712598425196
21
0.6281177559055118
0
LINE
8
BLACK
6
CONTINUOUS
10
0.9961712598425196
20
0.6281177559055118
11
0.9961712598425196
21
0.6281177952755905
0
LINE
8
BLACK
6
CONTINUOUS
10
0.9961712598425196
20
0.6281177952755905
11
0.999717874015748
21
0.6318248818897637
0
LINE
8
BLACK
6
CONTINUOUS
10
0.999717874015748
20
0.6318248818897637
11
1.0006127952755905
21
0.6325593307086614
0
LINE
8
BLACK
6
CONTINUOUS
10
1.0006127952755905
20
0.6325593307086614
11
1.0027416141732284
21
0.6334411023622047
0
LINE
8
BLACK
6
CONTINUOUS
10
1.0027416141732284
20
0.6334411023622047
11
1.0050457874015748
21
0.6334411023622047
0
LINE
8
BLACK
6
CONTINUOUS
10
1.0050457874015748
20
0.6334411023622047
11
1.0050458267716535
21
0.6334411023622047
0
LINE
8
BLACK
6
CONTINUOUS
10
1.0050458267716535
20
0.6334411023622047
11
1.0059275984251967
21
0.6330758267716535
0
LINE
8
BLACK
6
CONTINUOUS
10
1.0043624015748032
20
0.6916144488188977
11
1.0080694881889765
21
0.6880679133858267
0
LINE
8
BLACK
6
CONTINUOUS
10
1.0080694881889765
20
0.6880679133858267
11
1.0088039370078741
21
0.6871729921259843
0
LINE
8
BLACK
6
CONTINUOUS
10
1.0088039370078741
20
0.6871729921259843
11
1.0088850787401575
21
0.6869770472440945
0
LINE
8
BLACK
6
CONTINUOUS
10
1.0088850787401575
20
0.6869770472440945
11
1.0090242125984252
21
0.6868166535433071
0
LINE
8
BLACK
6
CONTINUOUS
10
1.0090242125984252
20
0.6868166535433071
11
1.009392401574803
21
0.6857522047244095
0
LINE
8
BLACK
6
CONTINUOUS
10
1.009392401574803
20
0.6857522047244095
11
1.0096857086614173
21
0.6850441732283464
0
LINE
8
BLACK
6
CONTINUOUS
10
1.0096857086614173
20
0.6850441732283464
11
1.0096857086614173
21
0.6849044094488189
0
LINE
8
BLACK
6
CONTINUOUS
10
1.0096857086614173
20
0.6849044094488189
11
1.0123083070866141
21
0.6773230708661417
0
LINE
8
BLACK
6
CONTINUOUS
10
1.0123083070866141
20
0.6773230708661417
11
1.0124381889763778
21
0.6767516929133858
0
LINE
8
BLACK
6
CONTINUOUS
10
1.0124381889763778
20
0.6767516929133858
11
1.012497874015748
21
0.6766077165354331
0
LINE
8
BLACK
6
CONTINUOUS
10
1.012497874015748
20
0.6766077165354331
11
1.0125
21
0.6764799606299212
0
LINE
8
BLACK
6
CONTINUOUS
10
1.0125
20
0.6764799606299212
11
1.0125649999999999
21
0.6761941732283464
0
LINE
8
BLACK
6
CONTINUOUS
10
1.0125649999999999
20
0.6761941732283464
11
1.0125162598425197
21
0.6755087401574803
0
LINE
8
BLACK
6
CONTINUOUS
10
1.0125162598425197
20
0.6755087401574803
11
1.0126113385826772
21
0.6698312992125984
0
LINE
8
BLACK
6
CONTINUOUS
10
1.0126113385826772
20
0.6698312992125984
11
1.0125538976377952
21
0.6692483858267716
0
LINE
8
BLACK
6
CONTINUOUS
10
1.0125538976377952
20
0.6692483858267716
11
1.0125649999999999
21
0.669092716535433
0
LINE
8
BLACK
6
CONTINUOUS
10
1.0125649999999999
20
0.669092716535433
11
1.0125268897637796
21
0.6689739763779528
0
LINE
8
BLACK
6
CONTINUOUS
10
1.0125268897637796
20
0.6689739763779528
11
1.012497874015748
21
0.6686791732283465
0
LINE
8
BLACK
6
CONTINUOUS
10
1.012497874015748
20
0.6686791732283465
11
1.012207125984252
21
0.6679773228346456
0
LINE
8
BLACK
6
CONTINUOUS
10
1.012207125984252
20
0.6679773228346456
11
1.0094961811023622
21
0.6595273622047244
0
LINE
8
BLACK
6
CONTINUOUS
10
1.0094961811023622
20
0.6595273622047244
11
1.0090242125984252
21
0.6584702362204724
0
LINE
8
BLACK
6
CONTINUOUS
10
1.0090242125984252
20
0.6584702362204724
11
1.008885157480315
21
0.6583099212598426
0
LINE
8
BLACK
6
CONTINUOUS
10
1.008885157480315
20
0.6583099212598426
11
1.0088039763779528
21
0.6581138976377953
0
LINE
8
BLACK
6
CONTINUOUS
10
1.0088039763779528
20
0.6581138976377953
11
1.0080022440944882
21
0.6572919291338583
0
LINE
8
BLACK
6
CONTINUOUS
10
1.0080022440944882
20
0.6572919291338583
11
1.0075144488188976
21
0.6567295275590551
0
LINE
8
BLACK
6
CONTINUOUS
10
1.0075144488188976
20
0.6567295275590551
11
1.0073957874015749
21
0.6566701968503937
0
LINE
8
BLACK
6
CONTINUOUS
10
1.0073957874015749
20
0.6566701968503937
11
1.0024451968503936
21
0.6515947244094488
0
LINE
8
BLACK
6
CONTINUOUS
10
1.0024451968503936
20
0.6515947244094488
11
1.0019923622047244
21
0.6512230708661417
0
LINE
8
BLACK
6
CONTINUOUS
10
1.0019923622047244
20
0.6512230708661417
11
1.001890157480315
21
0.6511052362204724
0
LINE
8
BLACK
6
CONTINUOUS
10
1.001890157480315
20
0.6511052362204724
11
1.0017774409448819
21
0.6510466929133858
0
LINE
8
BLACK
6
CONTINUOUS
10
1.0017774409448819
20
0.6510466929133858
11
1.0015502755905512
21
0.6508602755905512
0
LINE
8
BLACK
6
CONTINUOUS
10
1.0015502755905512
20
0.6508602755905512
11
1.0008980314960629
21
0.6505901181102363
0
LINE
8
BLACK
6
CONTINUOUS
10
1.0008980314960629
20
0.6505901181102363
11
0.9952861023622047
21
0.6476763385826771
0
LINE
8
BLACK
6
CONTINUOUS
10
0.9952861023622047
20
0.6476763385826771
11
0.995201811023622
21
0.6476440551181102
0
LINE
8
BLACK
6
CONTINUOUS
10
0.995201811023622
20
0.6476440551181102
11
0.9951675590551181
21
0.6476187007874016
0
LINE
8
BLACK
6
CONTINUOUS
10
0.9951675590551181
20
0.6476187007874016
11
0.995067874015748
21
0.6475928346456693
0
LINE
8
BLACK
6
CONTINUOUS
10
0.995067874015748
20
0.6475928346456693
11
0.9942048818897637
21
0.6472625984251968
0
LINE
8
BLACK
6
CONTINUOUS
10
0.9942048818897637
20
0.6472625984251968
11
0.993640590551181
21
0.6472224803149607
0
LINE
8
BLACK
6
CONTINUOUS
10
0.993640590551181
20
0.6472224803149607
11
0.982828779527559
21
0.6444170866141732
0
LINE
8
BLACK
6
CONTINUOUS
10
0.982828779527559
20
0.6444170866141732
11
0.9826290944881889
21
0.6443875590551181
0
LINE
8
BLACK
6
CONTINUOUS
10
0.9826290944881889
20
0.6443875590551181
11
0.982548622047244
21
0.6443542125984252
0
LINE
8
BLACK
6
CONTINUOUS
10
0.982548622047244
20
0.6443542125984252
11
0.9823910236220472
21
0.6443523228346456
0
LINE
8
BLACK
6
CONTINUOUS
10
0.9823910236220472
20
0.6443523228346456
11
0.9816835433070866
21
0.644247716535433
0
LINE
8
BLACK
6
CONTINUOUS
10
0.9816835433070866
20
0.644247716535433
11
0.9810843307086614
21
0.6443368503937008
0
LINE
8
BLACK
6
CONTINUOUS
10
0.9810843307086614
20
0.6443368503937008
11
0.9729600393700787
21
0.644240748031496
0
LINE
8
BLACK
6
CONTINUOUS
10
0.9729600393700787
20
0.644240748031496
11
0.972759094488189
21
0.6442605118110236
0
LINE
8
BLACK
6
CONTINUOUS
10
0.972759094488189
20
0.6442605118110236
11
0.9726729921259842
21
0.644247716535433
0
LINE
8
BLACK
6
CONTINUOUS
10
0.9726729921259842
20
0.644247716535433
11
0.9725230708661418
21
0.644283779527559
0
LINE
8
BLACK
6
CONTINUOUS
10
0.9725230708661418
20
0.644283779527559
11
0.9718079133858267
21
0.6443542125984252
0
LINE
8
BLACK
6
CONTINUOUS
10
0.9718079133858267
20
0.6443542125984252
11
0.9712227952755905
21
0.6445965748031496
0
LINE
8
BLACK
6
CONTINUOUS
10
0.9712227952755905
20
0.6445965748031496
11
0.9602791732283464
21
0.6472292125984251
0
LINE
8
BLACK
6
CONTINUOUS
10
0.9602791732283464
20
0.6472292125984251
11
0.9601941732283464
21
0.6472595669291339
0
LINE
8
BLACK
6
CONTINUOUS
10
0.9601941732283464
20
0.6472595669291339
11
0.9601516535433071
21
0.6472625984251968
0
LINE
8
BLACK
6
CONTINUOUS
10
0.9601516535433071
20
0.6472625984251968
11
0.9600533070866142
21
0.6473098818897638
0
LINE
8
BLACK
6
CONTINUOUS
10
0.9600533070866142
20
0.6473098818897638
11
0.9591889763779528
21
0.6476187007874016
0
LINE
8
BLACK
6
CONTINUOUS
10
0.9591889763779528
20
0.6476187007874016
11
0.9587771259842519
21
0.6479238188976377
0
LINE
8
BLACK
6
CONTINUOUS
10
0.9587771259842519
20
0.6479238188976377
11
0.9534461417322835
21
0.6504885039370079
0
LINE
8
BLACK
6
CONTINUOUS
10
0.9534461417322835
20
0.6504885039370079
11
0.9529503937007874
21
0.6508005511811024
0
LINE
8
BLACK
6
CONTINUOUS
10
0.9529503937007874
20
0.6508005511811024
11
0.9528062204724409
21
0.6508602755905512
0
LINE
8
BLACK
6
CONTINUOUS
10
0.9528062204724409
20
0.6508602755905512
11
0.9527164566929134
21
0.6509477952755905
0
LINE
8
BLACK
6
CONTINUOUS
10
0.9527164566929134
20
0.6509477952755905
11
0.9524663779527559
21
0.6511052362204724
0
LINE
8
BLACK
6
CONTINUOUS
10
0.9524663779527559
20
0.6511052362204724
11
0.9519792913385826
21
0.651666811023622
0
LINE
8
BLACK
6
CONTINUOUS
10
0.9519792913385826
20
0.651666811023622
11
0.9462870472440945
21
0.6572190157480314
0
LINE
8
BLACK
6
CONTINUOUS
10
0.9462870472440945
20
0.6572190157480314
11
0.9455525984251968
21
0.658113937007874
0
LINE
8
BLACK
6
CONTINUOUS
10
0.9455525984251968
20
0.658113937007874
11
0.9454713779527559
21
0.6583099606299212
0
LINE
8
BLACK
6
CONTINUOUS
10
0.9454713779527559
20
0.6583099606299212
11
0.9453324015748031
21
0.6584702362204724
0
LINE
8
BLACK
6
CONTINUOUS
10
0.9453324015748031
20
0.6584702362204724
11
0.9449644488188976
21
0.6595337795275591
0
LINE
8
BLACK
6
CONTINUOUS
10
0.9449644488188976
20
0.6595337795275591
11
0.9446708267716535
21
0.6602427559055118
0
LINE
8
BLACK
6
CONTINUOUS
10
0.9446708267716535
20
0.6602427559055118
11
0.9446708267716535
21
0.6603826771653544
0
LINE
8
BLACK
6
CONTINUOUS
10
0.9446708267716535
20
0.6603826771653544
11
0.9420482677165354
21
0.6679638188976378
0
LINE
8
BLACK
6
CONTINUOUS
10
0.9420482677165354
20
0.6679638188976378
11
0.9419183858267717
21
0.6685349606299212
0
LINE
8
BLACK
6
CONTINUOUS
10
0.9419183858267717
20
0.6685349606299212
11
0.9418586614173228
21
0.6686791732283465
0
LINE
8
BLACK
6
CONTINUOUS
10
0.9418586614173228
20
0.6686791732283465
11
0.9418564960629922
21
0.6688070472440945
0
LINE
8
BLACK
6
CONTINUOUS
10
0.9418564960629922
20
0.6688070472440945
11
0.9417915748031496
21
0.6690926771653544
0
LINE
8
BLACK
6
CONTINUOUS
10
0.9417915748031496
20
0.6690926771653544
11
0.9418402362204724
21
0.6697777952755906
0
LINE
8
BLACK
6
CONTINUOUS
10
0.9418402362204724
20
0.6697777952755906
11
0.9417451968503937
21
0.6754555905511811
0
LINE
8
BLACK
6
CONTINUOUS
10
0.9417451968503937
20
0.6754555905511811
11
0.9418025984251969
21
0.6760387007874016
0
LINE
8
BLACK
6
CONTINUOUS
10
0.9418025984251969
20
0.6760387007874016
11
0.9417915748031496
21
0.6761942125984252
0
LINE
8
BLACK
6
CONTINUOUS
10
0.9417915748031496
20
0.6761942125984252
11
0.9418296062992125
21
0.6763127559055118
0
LINE
8
BLACK
6
CONTINUOUS
10
0.9418296062992125
20
0.6763127559055118
11
0.9418586614173228
21
0.6766077165354331
0
LINE
8
BLACK
6
CONTINUOUS
10
0.9418586614173228
20
0.6766077165354331
11
0.9421494881889764
21
0.6773098425196851
0
LINE
8
BLACK
6
CONTINUOUS
10
0.9421494881889764
20
0.6773098425196851
11
0.9448603937007873
21
0.6857595275590551
0
LINE
8
BLACK
6
CONTINUOUS
10
0.9448603937007873
20
0.6857595275590551
11
0.9453324015748031
21
0.6868166535433071
0
LINE
8
BLACK
6
CONTINUOUS
10
0.9453324015748031
20
0.6868166535433071
11
0.9454713779527559
21
0.6869768897637795
0
LINE
8
BLACK
6
CONTINUOUS
10
0.9454713779527559
20
0.6869768897637795
11
0.9455525984251968
21
0.6871729527559055
0
LINE
8
BLACK
6
CONTINUOUS
10
0.9455525984251968
20
0.6871729527559055
11
0.946503031496063
21
0.6881664173228347
0
LINE
8
BLACK
6
CONTINUOUS
10
0.946503031496063
20
0.6881664173228347
11
0.946842125984252
21
0.6885573622047244
0
LINE
8
BLACK
6
CONTINUOUS
10
0.946842125984252
20
0.6885573622047244
11
0.9469090944881889
21
0.6885908267716535
0
LINE
8
BLACK
6
CONTINUOUS
10
0.9469090944881889
20
0.6885908267716535
11
0.9490991732283465
21
0.6908799999999999
0
LINE
8
BLACK
6
CONTINUOUS
10
0.9490991732283465
20
0.6908799999999999
11
0.9499940551181102
21
0.6916144488188977
0
LINE
8
BLACK
6
CONTINUOUS
10
0.9499940551181102
20
0.6916144488188977
11
0.9521229133858268
21
0.6924961811023622
0
LINE
8
BLACK
6
CONTINUOUS
10
0.9521229133858268
20
0.6924961811023622
11
0.9544270866141732
21
0.6924961811023622
0
LINE
8
BLACK
6
CONTINUOUS
10
0.9544270866141732
20
0.6924961811023622
11
0.956555905511811
21
0.6916144488188977
0
LINE
8
BLACK
6
CONTINUOUS
10
0.956555905511811
20
0.6916144488188977
11
0.9581852755905511
21
0.6899850787401575
0
LINE
8
BLACK
6
CONTINUOUS
10
0.9581852755905511
20
0.6899850787401575
11
0.9590670078740158
21
0.6878562598425196
0
LINE
8
BLACK
6
CONTINUOUS
10
0.9590670078740158
20
0.6878562598425196
11
0.9590670078740158
21
0.6855520866141732
0
LINE
8
BLACK
6
CONTINUOUS
10
0.9590670078740158
20
0.6855520866141732
11
0.9581852755905511
21
0.6834232283464566
0
LINE
8
BLACK
6
CONTINUOUS
10
0.9581852755905511
20
0.6834232283464566
11
0.9555121259842519
21
0.6806291732283465
0
LINE
8
BLACK
6
CONTINUOUS
10
0.9555121259842519
20
0.6806291732283465
11
0.9534813779527559
21
0.6742995275590551
0
LINE
8
BLACK
6
CONTINUOUS
10
0.9534813779527559
20
0.6742995275590551
11
0.9535441732283464
21
0.6705502755905511
0
LINE
8
BLACK
6
CONTINUOUS
10
0.9535441732283464
20
0.6705502755905511
11
0.9556588976377952
21
0.6644370866141732
0
LINE
8
BLACK
6
CONTINUOUS
10
0.9556588976377952
20
0.6644370866141732
11
0.9597340551181102
21
0.6604622440944882
0
LINE
8
BLACK
6
CONTINUOUS
10
0.9597340551181102
20
0.6604622440944882
11
0.9641436614173228
21
0.6583408661417323
0
LINE
8
BLACK
6
CONTINUOUS
10
0.9641436614173228
20
0.6583408661417323
11
0.9740220472440945
21
0.6559644881889763
0
LINE
8
BLACK
6
CONTINUOUS
10
0.9740220472440945
20
0.6559644881889763
11
0.9810383070866141
21
0.6560475196850394
0
LINE
8
BLACK
6
CONTINUOUS
10
0.9810383070866141
20
0.6560475196850394
11
0.9909338582677165
21
0.658615157480315
0
LINE
8
BLACK
6
CONTINUOUS
10
0.9909338582677165
20
0.658615157480315
11
0.9949853149606299
21
0.6607187401574803
0
LINE
8
BLACK
6
CONTINUOUS
10
0.9949853149606299
20
0.6607187401574803
11
0.9988527165354331
21
0.6646836614173228
0
LINE
8
BLACK
6
CONTINUOUS
10
0.9988527165354331
20
0.6646836614173228
11
1.0008751181102362
21
0.6709874015748032
0
LINE
8
BLACK
6
CONTINUOUS
10
1.0008751181102362
20
0.6709874015748032
11
1.0008123228346457
21
0.6747364960629921
0
LINE
8
BLACK
6
CONTINUOUS
10
1.0008123228346457
20
0.6747364960629921
11
0.998716062992126
21
0.6807963385826772
0
LINE
8
BLACK
6
CONTINUOUS
10
0.998716062992126
20
0.6807963385826772
11
0.996905748031496
21
0.6825283070866142
0
LINE
8
BLACK
6
CONTINUOUS
10
0.996905748031496
20
0.6825283070866142
11
0.9961712992125984
21
0.6834232283464566
0
LINE
8
BLACK
6
CONTINUOUS
10
0.9961712992125984
20
0.6834232283464566
11
0.9952894881889763
21
0.6855520472440945
0
LINE
8
BLACK
6
CONTINUOUS
10
0.9952894881889763
20
0.6855520472440945
11
0.9952894881889763
21
0.6878562204724409
0
LINE
8
BLACK
6
CONTINUOUS
10
0.9952894881889763
20
0.6878562204724409
11
0.9961712598425196
21
0.6899850393700787
0
LINE
8
BLACK
6
CONTINUOUS
10
0.9961712598425196
20
0.6899850393700787
11
0.9978005905511811
21
0.6916144094488189
0
LINE
8
BLACK
6
CONTINUOUS
10
0.9978005905511811
20
0.6916144094488189
11
0.9999294094488189
21
0.692496220472441
0
LINE
8
BLACK
6
CONTINUOUS
10
0.9999294094488189
20
0.692496220472441
11
1.0022335826771653
21
0.692496220472441
0
LINE
8
BLACK
6
CONTINUOUS
10
1.0022335826771653
20
0.692496220472441
11
1.0043624015748032
21
0.6916144488188977
0
LINE
8
BLACK
6
CONTINUOUS
10
1.0744095669291338
20
0.6954020472440945
11
1.0744957086614173
21
0.6954148818897637
0
LINE
8
BLACK
6
CONTINUOUS
10
1.0744957086614173
20
0.6954148818897637
11
1.0746455905511811
21
0.695378779527559
0
LINE
8
BLACK
6
CONTINUOUS
10
1.0746455905511811
20
0.695378779527559
11
1.0753607874015747
21
0.6953083858267717
0
LINE
8
BLACK
6
CONTINUOUS
10
1.0753607874015747
20
0.6953083858267717
11
1.075945905511811
21
0.6950659842519685
0
LINE
8
BLACK
6
CONTINUOUS
10
1.075945905511811
20
0.6950659842519685
11
1.0868895275590551
21
0.6924333464566929
0
LINE
8
BLACK
6
CONTINUOUS
10
1.0868895275590551
20
0.6924333464566929
11
1.0869743700787402
21
0.6924029921259842
0
LINE
8
BLACK
6
CONTINUOUS
10
1.0869743700787402
20
0.6924029921259842
11
1.0870170078740158
21
0.6924
0
LINE
8
BLACK
6
CONTINUOUS
10
1.0870170078740158
20
0.6924
11
1.0871155118110236
21
0.6923525984251968
0
LINE
8
BLACK
6
CONTINUOUS
10
1.0871155118110236
20
0.6923525984251968
11
1.0879797244094489
21
0.6920438582677165
0
LINE
8
BLACK
6
CONTINUOUS
10
1.0879797244094489
20
0.6920438582677165
11
1.0883914566929134
21
0.6917387401574803
0
LINE
8
BLACK
6
CONTINUOUS
10
1.0883914566929134
20
0.6917387401574803
11
1.0937225590551181
21
0.689174094488189
0
LINE
8
BLACK
6
CONTINUOUS
10
1.0937225590551181
20
0.689174094488189
11
1.0942183464566928
21
0.688861968503937
0
LINE
8
BLACK
6
CONTINUOUS
10
1.0942183464566928
20
0.688861968503937
11
1.0943624409448818
21
0.6888023228346457
0
LINE
8
BLACK
6
CONTINUOUS
10
1.0943624409448818
20
0.6888023228346457
11
1.0944572047244094
21
0.6887116141732283
0
LINE
8
BLACK
6
CONTINUOUS
10
1.0944572047244094
20
0.6887116141732283
11
1.0947023228346457
21
0.6885573622047244
0
LINE
8
BLACK
6
CONTINUOUS
10
1.0947023228346457
20
0.6885573622047244
11
1.0951108267716536
21
0.6880862992125985
0
LINE
8
BLACK
6
CONTINUOUS
10
1.0951108267716536
20
0.6880862992125985
11
1.0980695275590551
21
0.6852557086614173
0
LINE
8
BLACK
6
CONTINUOUS
10
1.0980695275590551
20
0.6852557086614173
11
1.098441220472441
21
0.6848027559055118
0
LINE
8
BLACK
6
CONTINUOUS
10
1.098441220472441
20
0.6848027559055118
11
1.0985590157480314
21
0.6847006299212598
0
LINE
8
BLACK
6
CONTINUOUS
10
1.0985590157480314
20
0.6847006299212598
11
1.0986174409448819
21
0.684588031496063
0
LINE
8
BLACK
6
CONTINUOUS
10
1.0986174409448819
20
0.684588031496063
11
1.0988039763779527
21
0.6843607874015748
0
LINE
8
BLACK
6
CONTINUOUS
10
1.0988039763779527
20
0.6843607874015748
11
1.0990742519685039
21
0.6837082677165354
0
LINE
8
BLACK
6
CONTINUOUS
10
1.0990742519685039
20
0.6837082677165354
11
1.101987874015748
21
0.6780965748031496
0
LINE
8
BLACK
6
CONTINUOUS
10
1.101987874015748
20
0.6780965748031496
11
1.102401653543307
21
0.6770153543307087
0
LINE
8
BLACK
6
CONTINUOUS
10
1.102401653543307
20
0.6770153543307087
11
1.1024166535433071
21
0.6768037007874016
0
LINE
8
BLACK
6
CONTINUOUS
10
1.1024166535433071
20
0.6768037007874016
11
1.1024978740157481
21
0.6766077165354331
0
LINE
8
BLACK
6
CONTINUOUS
10
1.1024978740157481
20
0.6766077165354331
11
1.1025185826771653
21
0.6753692519685039
0
LINE
8
BLACK
6
CONTINUOUS
10
1.1025185826771653
20
0.6753692519685039
11
1.1025649606299213
21
0.6747169291338583
0
LINE
8
BLACK
6
CONTINUOUS
10
1.1025649606299213
20
0.6747169291338583
11
1.1025312204724409
21
0.6746157086614173
0
LINE
8
BLACK
6
CONTINUOUS
10
1.1025312204724409
20
0.6746157086614173
11
1.1026113385826772
21
0.6698312992125984
0
LINE
8
BLACK
6
CONTINUOUS
10
1.1026113385826772
20
0.6698312992125984
11
1.1024978740157481
21
0.6686791732283465
0
LINE
8
BLACK
6
CONTINUOUS
10
1.1024978740157481
20
0.6686791732283465
11
1.1024166535433071
21
0.6684831496062992
0
LINE
8
BLACK
6
CONTINUOUS
10
1.1024166535433071
20
0.6684831496062992
11
1.102401653543307
21
0.6682715354330708
0
LINE
8
BLACK
6
CONTINUOUS
10
1.102401653543307
20
0.6682715354330708
11
1.1018789763779526
21
0.6671850787401574
0
LINE
8
BLACK
6
CONTINUOUS
10
1.1018789763779526
20
0.6671850787401574
11
1.1016160629921259
21
0.6665503543307086
0
LINE
8
BLACK
6
CONTINUOUS
10
1.1016160629921259
20
0.6665503543307086
11
1.1015342519685039
21
0.6664685433070866
0
LINE
8
BLACK
6
CONTINUOUS
10
1.1015342519685039
20
0.6664685433070866
11
1.0991757480314961
21
0.6615659842519684
0
LINE
8
BLACK
6
CONTINUOUS
10
1.0991757480314961
20
0.6615659842519684
11
1.0988636614173228
21
0.6610702362204725
0
LINE
8
BLACK
6
CONTINUOUS
10
1.0988636614173228
20
0.6610702362204725
11
1.0988039763779527
21
0.6609261023622047
0
LINE
8
BLACK
6
CONTINUOUS
10
1.0988039763779527
20
0.6609261023622047
11
1.0987132283464567
21
0.6608312598425197
0
LINE
8
BLACK
6
CONTINUOUS
10
1.0987132283464567
20
0.6608312598425197
11
1.0985590157480314
21
0.6605862598425196
0
LINE
8
BLACK
6
CONTINUOUS
10
1.0985590157480314
20
0.6605862598425196
11
1.0980881102362205
21
0.660177874015748
0
LINE
8
BLACK
6
CONTINUOUS
10
1.0980881102362205
20
0.660177874015748
11
1.0952573622047244
21
0.6572190157480314
0
LINE
8
BLACK
6
CONTINUOUS
10
1.0952573622047244
20
0.6572190157480314
11
1.094804527559055
21
0.6568473622047244
0
LINE
8
BLACK
6
CONTINUOUS
10
1.094804527559055
20
0.6568473622047244
11
1.0947023228346457
21
0.6567295275590551
0
LINE
8
BLACK
6
CONTINUOUS
10
1.0947023228346457
20
0.6567295275590551
11
1.0945896062992126
21
0.6566709842519685
0
LINE
8
BLACK
6
CONTINUOUS
10
1.0945896062992126
20
0.6566709842519685
11
1.0943624409448818
21
0.6564845669291338
0
LINE
8
BLACK
6
CONTINUOUS
10
1.0943624409448818
20
0.6564845669291338
11
1.093710157480315
21
0.6562143700787402
0
LINE
8
BLACK
6
CONTINUOUS
10
1.093710157480315
20
0.6562143700787402
11
1.0880982677165354
21
0.6533006299212598
0
LINE
8
BLACK
6
CONTINUOUS
10
1.0880982677165354
20
0.6533006299212598
11
1.0880139763779528
21
0.6532683464566928
0
LINE
8
BLACK
6
CONTINUOUS
10
1.0880139763779528
20
0.6532683464566928
11
1.0879797244094489
21
0.6532429921259842
0
LINE
8
BLACK
6
CONTINUOUS
10
1.0879797244094489
20
0.6532429921259842
11
1.0878800393700787
21
0.653217125984252
0
LINE
8
BLACK
6
CONTINUOUS
10
1.0878800393700787
20
0.653217125984252
11
1.0870170472440945
21
0.6528868897637795
0
LINE
8
BLACK
6
CONTINUOUS
10
1.0870170472440945
20
0.6528868897637795
11
1.0864527559055117
21
0.6528467716535433
0
LINE
8
BLACK
6
CONTINUOUS
10
1.0864527559055117
20
0.6528467716535433
11
1.0756409448818898
21
0.6500413779527558
0
LINE
8
BLACK
6
CONTINUOUS
10
1.0756409448818898
20
0.6500413779527558
11
1.0754412598425196
21
0.6500118503937008
0
LINE
8
BLACK
6
CONTINUOUS
10
1.0754412598425196
20
0.6500118503937008
11
1.0753607874015747
21
0.6499785039370078
0
LINE
8
BLACK
6
CONTINUOUS
10
1.0753607874015747
20
0.6499785039370078
11
1.0752080708661418
21
0.6499773622047244
0
LINE
8
BLACK
6
CONTINUOUS
10
1.0752080708661418
20
0.6499773622047244
11
1.0744957086614173
21
0.6498720078740158
0
LINE
8
BLACK
6
CONTINUOUS
10
1.0744957086614173
20
0.6498720078740158
11
1.0738555118110236
21
0.6499672440944881
0
LINE
8
BLACK
6
CONTINUOUS
10
1.0738555118110236
20
0.6499672440944881
11
1.0601479133858267
21
0.6498650393700788
0
LINE
8
BLACK
6
CONTINUOUS
10
1.0601479133858267
20
0.6498650393700788
11
1.0599469685039369
21
0.6498848031496063
0
LINE
8
BLACK
6
CONTINUOUS
10
1.0599469685039369
20
0.6498848031496063
11
1.0598608661417324
21
0.6498720078740158
0
LINE
8
BLACK
6
CONTINUOUS
10
1.0598608661417324
20
0.6498720078740158
11
1.0597109448818898
21
0.6499080708661417
0
LINE
8
BLACK
6
CONTINUOUS
10
1.0597109448818898
20
0.6499080708661417
11
1.0589957874015747
21
0.6499785039370078
0
LINE
8
BLACK
6
CONTINUOUS
10
1.0589957874015747
20
0.6499785039370078
11
1.0584106692913386
21
0.6502208267716535
0
LINE
8
BLACK
6
CONTINUOUS
10
1.0584106692913386
20
0.6502208267716535
11
1.0474670078740158
21
0.6528535039370078
0
LINE
8
BLACK
6
CONTINUOUS
10
1.0474670078740158
20
0.6528535039370078
11
1.0473820078740157
21
0.6528838582677166
0
LINE
8
BLACK
6
CONTINUOUS
10
1.0473820078740157
20
0.6528838582677166
11
1.0473394881889764
21
0.6528868897637795
0
LINE
8
BLACK
6
CONTINUOUS
10
1.0473394881889764
20
0.6528868897637795
11
1.0472411417322833
21
0.6529341732283465
0
LINE
8
BLACK
6
CONTINUOUS
10
1.0472411417322833
20
0.6529341732283465
11
1.046376811023622
21
0.6532429921259842
0
LINE
8
BLACK
6
CONTINUOUS
10
1.046376811023622
20
0.6532429921259842
11
1.0459649606299213
21
0.6535481102362205
0
LINE
8
BLACK
6
CONTINUOUS
10
1.0459649606299213
20
0.6535481102362205
11
1.0406339763779526
21
0.6561127952755905
0
LINE
8
BLACK
6
CONTINUOUS
10
1.0406339763779526
20
0.6561127952755905
11
1.0401380314960629
21
0.6564249212598425
0
LINE
8
BLACK
6
CONTINUOUS
10
1.0401380314960629
20
0.6564249212598425
11
1.0399940551181102
21
0.6564846062992126
0
LINE
8
BLACK
6
CONTINUOUS
10
1.0399940551181102
20
0.6564846062992126
11
1.0398992913385827
21
0.6565752362204724
0
LINE
8
BLACK
6
CONTINUOUS
10
1.0398992913385827
20
0.6565752362204724
11
1.0396542125984252
21
0.6567295275590551
0
LINE
8
BLACK
6
CONTINUOUS
10
1.0396542125984252
20
0.6567295275590551
11
1.0392455511811023
21
0.6572006692913386
0
LINE
8
BLACK
6
CONTINUOUS
10
1.0392455511811023
20
0.6572006692913386
11
1.0362870078740156
21
0.6600312204724409
0
LINE
8
BLACK
6
CONTINUOUS
10
1.0362870078740156
20
0.6600312204724409
11
1.0359154330708662
21
0.660483937007874
0
LINE
8
BLACK
6
CONTINUOUS
10
1.0359154330708662
20
0.660483937007874
11
1.0357975590551181
21
0.660586220472441
0
LINE
8
BLACK
6
CONTINUOUS
10
1.0357975590551181
20
0.660586220472441
11
1.0357389763779528
21
0.6606989763779527
0
LINE
8
BLACK
6
CONTINUOUS
10
1.0357389763779528
20
0.6606989763779527
11
1.0355525984251968
21
0.6609261417322835
0
LINE
8
BLACK
6
CONTINUOUS
10
1.0355525984251968
20
0.6609261417322835
11
1.0352824803149605
21
0.661578188976378
0
LINE
8
BLACK
6
CONTINUOUS
10
1.0352824803149605
20
0.661578188976378
11
1.0323686614173229
21
0.6671902755905512
0
LINE
8
BLACK
6
CONTINUOUS
10
1.0323686614173229
20
0.6671902755905512
11
1.0319549212598425
21
0.6682714960629921
0
LINE
8
BLACK
6
CONTINUOUS
10
1.0319549212598425
20
0.6682714960629921
11
1.0319398818897638
21
0.6684830708661417
0
LINE
8
BLACK
6
CONTINUOUS
10
1.0319398818897638
20
0.6684830708661417
11
1.0318586614173229
21
0.6686791732283465
0
LINE
8
BLACK
6
CONTINUOUS
10
1.0318586614173229
20
0.6686791732283465
11
1.0318379133858266
21
0.6699177559055118
0
LINE
8
BLACK
6
CONTINUOUS
10
1.0318379133858266
20
0.6699177559055118
11
1.0317915748031496
21
0.6705699212598425
0
LINE
8
BLACK
6
CONTINUOUS
10
1.0317915748031496
20
0.6705699212598425
11
1.0318252755905513
21
0.6706711023622047
0
LINE
8
BLACK
6
CONTINUOUS
10
1.0318252755905513
20
0.6706711023622047
11
1.0317451968503937
21
0.6754555905511811
0
LINE
8
BLACK
6
CONTINUOUS
10
1.0317451968503937
20
0.6754555905511811
11
1.0318586614173229
21
0.6766077165354331
0
LINE
8
BLACK
6
CONTINUOUS
10
1.0318586614173229
20
0.6766077165354331
11
1.0319398818897638
21
0.676803779527559
0
LINE
8
BLACK
6
CONTINUOUS
10
1.0319398818897638
20
0.676803779527559
11
1.0319549212598425
21
0.6770153937007873
0
LINE
8
BLACK
6
CONTINUOUS
10
1.0319549212598425
20
0.6770153937007873
11
1.0324774015748031
21
0.6781014173228346
0
LINE
8
BLACK
6
CONTINUOUS
10
1.0324774015748031
20
0.6781014173228346
11
1.0327404724409448
21
0.6787365354330709
0
LINE
8
BLACK
6
CONTINUOUS
10
1.0327404724409448
20
0.6787365354330709
11
1.0328222834645668
21
0.6788183464566929
0
LINE
8
BLACK
6
CONTINUOUS
10
1.0328222834645668
20
0.6788183464566929
11
1.0351808267716536
21
0.683720905511811
0
LINE
8
BLACK
6
CONTINUOUS
10
1.0351808267716536
20
0.683720905511811
11
1.0354929527559056
21
0.6842167716535433
0
LINE
8
BLACK
6
CONTINUOUS
10
1.0354929527559056
20
0.6842167716535433
11
1.0355525984251968
21
0.684360748031496
0
LINE
8
BLACK
6
CONTINUOUS
10
1.0355525984251968
20
0.684360748031496
11
1.035643188976378
21
0.6844554330708661
0
LINE
8
BLACK
6
CONTINUOUS
10
1.035643188976378
20
0.6844554330708661
11
1.0357975590551181
21
0.6847006692913385
0
LINE
8
BLACK
6
CONTINUOUS
10
1.0357975590551181
20
0.6847006692913385
11
1.0362687007874016
21
0.6851092913385827
0
LINE
8
BLACK
6
CONTINUOUS
10
1.0362687007874016
20
0.6851092913385827
11
1.0390991338582678
21
0.6880678346456692
0
LINE
8
BLACK
6
CONTINUOUS
10
1.0390991338582678
20
0.6880678346456692
11
1.0395520866141732
21
0.6884395669291339
0
LINE
8
BLACK
6
CONTINUOUS
10
1.0395520866141732
20
0.6884395669291339
11
1.0396542519685039
21
0.6885573622047244
0
LINE
8
BLACK
6
CONTINUOUS
10
1.0396542519685039
20
0.6885573622047244
11
1.0397668503937008
21
0.6886158267716536
0
LINE
8
BLACK
6
CONTINUOUS
10
1.0397668503937008
20
0.6886158267716536
11
1.0399940551181102
21
0.688802283464567
0
LINE
8
BLACK
6
CONTINUOUS
10
1.0399940551181102
20
0.688802283464567
11
1.0406463779527559
21
0.6890724803149606
0
LINE
8
BLACK
6
CONTINUOUS
10
1.0406463779527559
20
0.6890724803149606
11
1.046258307086614
21
0.691986220472441
0
LINE
8
BLACK
6
CONTINUOUS
10
1.046258307086614
20
0.691986220472441
11
1.0463424015748031
21
0.6920183858267717
0
LINE
8
BLACK
6
CONTINUOUS
10
1.0463424015748031
20
0.6920183858267717
11
1.0463767716535433
21
0.6920438582677165
0
LINE
8
BLACK
6
CONTINUOUS
10
1.0463767716535433
20
0.6920438582677165
11
1.0464765748031495
21
0.6920697637795276
0
LINE
8
BLACK
6
CONTINUOUS
10
1.0464765748031495
20
0.6920697637795276
11
1.0473395275590551
21
0.6924
0
LINE
8
BLACK
6
CONTINUOUS
10
1.0473395275590551
20
0.6924
11
1.0479038188976377
21
0.6924400787401574
0
LINE
8
BLACK
6
CONTINUOUS
10
1.0479038188976377
20
0.6924400787401574
11
1.0587155905511811
21
0.6952455118110236
0
LINE
8
BLACK
6
CONTINUOUS
10
1.0587155905511811
20
0.6952455118110236
11
1.0589152755905511
21
0.6952750393700787
0
LINE
8
BLACK
6
CONTINUOUS
10
1.0589152755905511
20
0.6952750393700787
11
1.0589957874015747
21
0.6953083858267717
0
LINE
8
BLACK
6
CONTINUOUS
10
1.0589957874015747
20
0.6953083858267717
11
1.0591484251968504
21
0.6953094881889763
0
LINE
8
BLACK
6
CONTINUOUS
10
1.0591484251968504
20
0.6953094881889763
11
1.0598608267716536
21
0.6954148818897637
0
LINE
8
BLACK
6
CONTINUOUS
10
1.0598608267716536
20
0.6954148818897637
11
1.0605009842519684
21
0.6953196062992126
0
LINE
8
BLACK
6
CONTINUOUS
10
1.0605009842519684
20
0.6953196062992126
11
1.0742086614173227
21
0.6954218503937007
0
LINE
8
BLACK
6
CONTINUOUS
10
1.0742086614173227
20
0.6954218503937007
11
1.0744095669291338
21
0.6954020472440945
0
LINE
8
BLACK
6
CONTINUOUS
10
1.060499842519685
20
0.6836134251968504
11
1.0506103937007873
21
0.6810473228346456
0
LINE
8
BLACK
6
CONTINUOUS
10
1.0506103937007873
20
0.6810473228346456
11
1.046620905511811
21
0.6789759842519685
0
LINE
8
BLACK
6
CONTINUOUS
10
1.046620905511811
20
0.6789759842519685
11
1.0451645669291338
21
0.6774537007874015
0
LINE
8
BLACK
6
CONTINUOUS
10
1.0451645669291338
20
0.6774537007874015
11
1.043486968503937
21
0.6739665748031496
0
LINE
8
BLACK
6
CONTINUOUS
10
1.043486968503937
20
0.6739665748031496
11
1.0435348818897638
21
0.6711045275590551
0
LINE
8
BLACK
6
CONTINUOUS
10
1.0435348818897638
20
0.6711045275590551
11
1.0453789763779526
21
0.6675527952755905
0
LINE
8
BLACK
6
CONTINUOUS
10
1.0453789763779526
20
0.6675527952755905
11
1.0469011417322835
21
0.6660965354330709
0
LINE
8
BLACK
6
CONTINUOUS
10
1.0469011417322835
20
0.6660965354330709
11
1.051331496062992
21
0.6639651574803149
0
LINE
8
BLACK
6
CONTINUOUS
10
1.051331496062992
20
0.6639651574803149
11
1.0612489370078739
21
0.6615793700787401
0
LINE
8
BLACK
6
CONTINUOUS
10
1.0612489370078739
20
0.6615793700787401
11
1.0738566929133857
21
0.6616734251968504
0
LINE
8
BLACK
6
CONTINUOUS
10
1.0738566929133857
20
0.6616734251968504
11
1.0837460236220473
21
0.6642394488188976
0
LINE
8
BLACK
6
CONTINUOUS
10
1.0837460236220473
20
0.6642394488188976
11
1.0877356692913385
21
0.6663109448818898
0
LINE
8
BLACK
6
CONTINUOUS
10
1.0877356692913385
20
0.6663109448818898
11
1.0891919291338583
21
0.6678331102362205
0
LINE
8
BLACK
6
CONTINUOUS
10
1.0891919291338583
20
0.6678331102362205
11
1.0908695275590552
21
0.6713202755905512
0
LINE
8
BLACK
6
CONTINUOUS
10
1.0908695275590552
20
0.6713202755905512
11
1.0908216141732283
21
0.6741823622047244
0
LINE
8
BLACK
6
CONTINUOUS
10
1.0908216141732283
20
0.6741823622047244
11
1.0889775984251968
21
0.6777339763779527
0
LINE
8
BLACK
6
CONTINUOUS
10
1.0889775984251968
20
0.6777339763779527
11
1.0874553937007874
21
0.6791902755905511
0
LINE
8
BLACK
6
CONTINUOUS
10
1.0874553937007874
20
0.6791902755905511
11
1.0830249999999999
21
0.6813216535433071
0
LINE
8
BLACK
6
CONTINUOUS
10
1.0830249999999999
20
0.6813216535433071
11
1.0731075196850393
21
0.6837074803149606
0
LINE
8
BLACK
6
CONTINUOUS
10
1.0731075196850393
20
0.6837074803149606
11
1.060499842519685
21
0.6836134251968504
0
LINE
8
BLACK
6
CONTINUOUS
10
0.9482180708661417
20
0.7515513385826772
11
0.9488028346456693
21
0.7515513385826772
0
LINE
8
BLACK
6
CONTINUOUS
10
0.9488028346456693
20
0.7515513385826772
11
0.9493374015748032
21
0.7513298818897638
0
LINE
8
BLACK
6
CONTINUOUS
10
0.9493374015748032
20
0.7513298818897638
11
0.9499049212598425
21
0.7512176377952756
0
LINE
8
BLACK
6
CONTINUOUS
10
0.9499049212598425
20
0.7512176377952756
11
0.9503958267716536
21
0.7508914566929134
0
LINE
8
BLACK
6
CONTINUOUS
10
0.9503958267716536
20
0.7508914566929134
11
0.9509316535433071
21
0.7506695275590551
0
LINE
8
BLACK
6
CONTINUOUS
10
0.9509316535433071
20
0.7506695275590551
11
0.951331062992126
21
0.7502700787401575
0
LINE
8
BLACK
6
CONTINUOUS
10
0.951331062992126
20
0.7502700787401575
11
1.000879842519685
21
0.7173500393700787
0
LINE
8
BLACK
6
CONTINUOUS
10
1.000879842519685
20
0.7173500393700787
11
1.0008003149606299
21
0.7457592913385827
0
LINE
8
BLACK
6
CONTINUOUS
10
1.0008003149606299
20
0.7457592913385827
11
1.0009137795275591
21
0.7469114173228346
0
LINE
8
BLACK
6
CONTINUOUS
10
1.0009137795275591
20
0.7469114173228346
11
1.0017955905511811
21
0.7490402362204724
0
LINE
8
BLACK
6
CONTINUOUS
10
1.0017955905511811
20
0.7490402362204724
11
1.0034248818897638
21
0.7506695275590551
0
LINE
8
BLACK
6
CONTINUOUS
10
1.0034248818897638
20
0.7506695275590551
11
1.0055537007874016
21
0.7515513385826772
0
LINE
8
BLACK
6
CONTINUOUS
10
1.0055537007874016
20
0.7515513385826772
11
1.0078579527559055
21
0.7515513385826772
0
LINE
8
BLACK
6
CONTINUOUS
10
1.0078579527559055
20
0.7515513385826772
11
1.0099867716535433
21
0.7506695275590551
0
LINE
8
BLACK
6
CONTINUOUS
10
1.0099867716535433
20
0.7506695275590551
11
1.011616062992126
21
0.7490402362204724
0
LINE
8
BLACK
6
CONTINUOUS
10
1.011616062992126
20
0.7490402362204724
11
1.012497874015748
21
0.7469114173228346
0
LINE
8
BLACK
6
CONTINUOUS
10
1.012497874015748
20
0.7469114173228346
11
1.0126113385826772
21
0.7063892125984251
0
LINE
8
BLACK
6
CONTINUOUS
10
1.0126113385826772
20
0.7063892125984251
11
1.012497874015748
21
0.7052370866141732
0
LINE
8
BLACK
6
CONTINUOUS
10
1.012497874015748
20
0.7052370866141732
11
1.0122764960629922
21
0.7047026377952755
0
LINE
8
BLACK
6
CONTINUOUS
10
1.0122764960629922
20
0.7047026377952755
11
1.0121642125984252
21
0.704135
0
LINE
8
BLACK
6
CONTINUOUS
10
1.0121642125984252
20
0.704135
11
1.0118397637795276
21
0.7036483464566929
0
LINE
8
BLACK
6
CONTINUOUS
10
1.0118397637795276
20
0.7036483464566929
11
1.011616062992126
21
0.7031082677165355
0
LINE
8
BLACK
6
CONTINUOUS
10
1.011616062992126
20
0.7031082677165355
11
1.0112070472440944
21
0.7026992519685039
0
LINE
8
BLACK
6
CONTINUOUS
10
1.0112070472440944
20
0.7026992519685039
11
1.0108860236220472
21
0.7022177165354331
0
LINE
8
BLACK
6
CONTINUOUS
10
1.0108860236220472
20
0.7022177165354331
11
1.0104000787401575
21
0.7018922834645669
0
LINE
8
BLACK
6
CONTINUOUS
10
1.0104000787401575
20
0.7018922834645669
11
1.0099867716535433
21
0.7014789763779528
0
LINE
8
BLACK
6
CONTINUOUS
10
1.0099867716535433
20
0.7014789763779528
11
1.0094522440944882
21
0.7012575590551181
0
LINE
8
BLACK
6
CONTINUOUS
10
1.0094522440944882
20
0.7012575590551181
11
1.0089714566929133
21
0.700935590551181
0
LINE
8
BLACK
6
CONTINUOUS
10
1.0089714566929133
20
0.700935590551181
11
1.0083981102362205
21
0.700820905511811
0
LINE
8
BLACK
6
CONTINUOUS
10
1.0083981102362205
20
0.700820905511811
11
1.0078579527559055
21
0.7005971653543307
0
LINE
8
BLACK
6
CONTINUOUS
10
1.0078579527559055
20
0.7005971653543307
11
1.0072793700787401
21
0.7005971653543307
0
LINE
8
BLACK
6
CONTINUOUS
10
1.0072793700787401
20
0.7005971653543307
11
1.0067120472440945
21
0.7004837007874015
0
LINE
8
BLACK
6
CONTINUOUS
10
1.0067120472440945
20
0.7004837007874015
11
1.0061384251968504
21
0.7005971653543307
0
LINE
8
BLACK
6
CONTINUOUS
10
1.0061384251968504
20
0.7005971653543307
11
1.0055537007874016
21
0.7005971653543307
0
LINE
8
BLACK
6
CONTINUOUS
10
1.0055537007874016
20
0.7005971653543307
11
1.0050192519685039
21
0.7008185039370078
0
LINE
8
BLACK
6
CONTINUOUS
10
1.0050192519685039
20
0.7008185039370078
11
1.0044516141732283
21
0.7009308267716535
0
LINE
8
BLACK
6
CONTINUOUS
10
1.0044516141732283
20
0.7009308267716535
11
1.0039605118110235
21
0.7012570866141732
0
LINE
8
BLACK
6
CONTINUOUS
10
1.0039605118110235
20
0.7012570866141732
11
1.0034248818897638
21
0.7014789763779528
0
LINE
8
BLACK
6
CONTINUOUS
10
1.0034248818897638
20
0.7014789763779528
11
1.0030255511811024
21
0.7018782677165354
0
LINE
8
BLACK
6
CONTINUOUS
10
1.0030255511811024
20
0.7018782677165354
11
0.953476653543307
21
0.7347983858267716
0
LINE
8
BLACK
6
CONTINUOUS
10
0.953476653543307
20
0.7347983858267716
11
0.9535562204724409
21
0.7063892125984251
0
LINE
8
BLACK
6
CONTINUOUS
10
0.9535562204724409
20
0.7063892125984251
11
0.9534427559055118
21
0.7052370866141732
0
LINE
8
BLACK
6
CONTINUOUS
10
0.9534427559055118
20
0.7052370866141732
11
0.9525609448818897
21
0.7031082677165355
0
LINE
8
BLACK
6
CONTINUOUS
10
0.9525609448818897
20
0.7031082677165355
11
0.9509316535433071
21
0.7014789763779528
0
LINE
8
BLACK
6
CONTINUOUS
10
0.9509316535433071
20
0.7014789763779528
11
0.9488028346456693
21
0.7005971653543307
0
LINE
8
BLACK
6
CONTINUOUS
10
0.9488028346456693
20
0.7005971653543307
11
0.9464985826771654
21
0.7005971653543307
0
LINE
8
BLACK
6
CONTINUOUS
10
0.9464985826771654
20
0.7005971653543307
11
0.9443697637795275
21
0.7014789763779528
0
LINE
8
BLACK
6
CONTINUOUS
10
0.9443697637795275
20
0.7014789763779528
11
0.9427404724409448
21
0.7031082677165355
0
LINE
8
BLACK
6
CONTINUOUS
10
0.9427404724409448
20
0.7031082677165355
11
0.9418586614173228
21
0.7052370866141732
0
LINE
8
BLACK
6
CONTINUOUS
10
0.9418586614173228
20
0.7052370866141732
11
0.9417451968503937
21
0.7457592913385827
0
LINE
8
BLACK
6
CONTINUOUS
10
0.9417451968503937
20
0.7457592913385827
11
0.9418586614173228
21
0.7469114173228346
0
LINE
8
BLACK
6
CONTINUOUS
10
0.9418586614173228
20
0.7469114173228346
11
0.9420800787401574
21
0.7474459842519685
0
LINE
8
BLACK
6
CONTINUOUS
10
0.9420800787401574
20
0.7474459842519685
11
0.9421923622047244
21
0.7480135039370078
0
LINE
8
BLACK
6
CONTINUOUS
10
0.9421923622047244
20
0.7480135039370078
11
0.9425166929133858
21
0.7484999999999999
0
LINE
8
BLACK
6
CONTINUOUS
10
0.9425166929133858
20
0.7484999999999999
11
0.9427404724409448
21
0.7490402362204724
0
LINE
8
BLACK
6
CONTINUOUS
10
0.9427404724409448
20
0.7490402362204724
11
0.9431494881889764
21
0.7494492519685039
0
LINE
8
BLACK
6
CONTINUOUS
10
0.9431494881889764
20
0.7494492519685039
11
0.9434705118110236
21
0.7499307874015748
0
LINE
8
BLACK
6
CONTINUOUS
10
0.9434705118110236
20
0.7499307874015748
11
0.9439564173228346
21
0.7502561811023621
0
LINE
8
BLACK
6
CONTINUOUS
10
0.9439564173228346
20
0.7502561811023621
11
0.9443697637795275
21
0.7506695275590551
0
LINE
8
BLACK
6
CONTINUOUS
10
0.9443697637795275
20
0.7506695275590551
11
0.9449042519685039
21
0.750890905511811
0
LINE
8
BLACK
6
CONTINUOUS
10
0.9449042519685039
20
0.750890905511811
11
0.9453850787401574
21
0.7512129133858267
0
LINE
8
BLACK
6
CONTINUOUS
10
0.9453850787401574
20
0.7512129133858267
11
0.9459583858267716
21
0.7513275590551181
0
LINE
8
BLACK
6
CONTINUOUS
10
0.9459583858267716
20
0.7513275590551181
11
0.9464985826771654
21
0.7515513385826772
0
LINE
8
BLACK
6
CONTINUOUS
10
0.9464985826771654
20
0.7515513385826772
11
0.9470771653543307
21
0.7515513385826772
0
LINE
8
BLACK
6
CONTINUOUS
10
0.9470771653543307
20
0.7515513385826772
11
0.9476444881889764
21
0.7516648031496063
0
LINE
8
BLACK
6
CONTINUOUS
10
0.9476444881889764
20
0.7516648031496063
11
0.9482180708661417
21
0.7515513385826772
0
LINE
8
BLACK
6
CONTINUOUS
10
1.0999867716535432
20
0.7506695275590551
11
1.1016160629921259
21
0.7490402362204724
0
LINE
8
BLACK
6
CONTINUOUS
10
1.1016160629921259
20
0.7490402362204724
11
1.1024978740157481
21
0.7469114173228346
0
LINE
8
BLACK
6
CONTINUOUS
10
1.1024978740157481
20
0.7469114173228346
11
1.1026113385826772
21
0.7120135039370079
0
LINE
8
BLACK
6
CONTINUOUS
10
1.1026113385826772
20
0.7120135039370079
11
1.1024978740157481
21
0.7108613779527558
0
LINE
8
BLACK
6
CONTINUOUS
10
1.1024978740157481
20
0.7108613779527558
11
1.1016160629921259
21
0.7087325590551181
0
LINE
8
BLACK
6
CONTINUOUS
10
1.1016160629921259
20
0.7087325590551181
11
1.0999867716535432
21
0.7071032677165354
0
LINE
8
BLACK
6
CONTINUOUS
10
1.0999867716535432
20
0.7071032677165354
11
1.0978579527559056
21
0.7062214566929134
0
LINE
8
BLACK
6
CONTINUOUS
10
1.0978579527559056
20
0.7062214566929134
11
1.0955537007874014
21
0.7062214566929134
0
LINE
8
BLACK
6
CONTINUOUS
10
1.0955537007874014
20
0.7062214566929134
11
1.0934248818897638
21
0.7071032677165354
0
LINE
8
BLACK
6
CONTINUOUS
10
1.0934248818897638
20
0.7071032677165354
11
1.0917955905511811
21
0.7087325590551181
0
LINE
8
BLACK
6
CONTINUOUS
10
1.0917955905511811
20
0.7087325590551181
11
1.090913779527559
21
0.7108613779527558
0
LINE
8
BLACK
6
CONTINUOUS
10
1.090913779527559
20
0.7108613779527558
11
1.0908740157480314
21
0.7230811417322834
0
LINE
8
BLACK
6
CONTINUOUS
10
1.0908740157480314
20
0.7230811417322834
11
1.0546577165354329
21
0.7230129133858267
0
LINE
8
BLACK
6
CONTINUOUS
10
1.0546577165354329
20
0.7230129133858267
11
1.055887283464567
21
0.7218136220472441
0
LINE
8
BLACK
6
CONTINUOUS
10
1.055887283464567
20
0.7218136220472441
11
1.0562589370078741
21
0.7213607480314961
0
LINE
8
BLACK
6
CONTINUOUS
10
1.0562589370078741
20
0.7213607480314961
11
1.0563767716535433
21
0.7212585826771654
0
LINE
8
BLACK
6
CONTINUOUS
10
1.0563767716535433
20
0.7212585826771654
11
1.0564352362204723
21
0.7211459448818898
0
LINE
8
BLACK
6
CONTINUOUS
10
1.0564352362204723
20
0.7211459448818898
11
1.0566217322834646
21
0.7209187401574803
0
LINE
8
BLACK
6
CONTINUOUS
10
1.0566217322834646
20
0.7209187401574803
11
1.0568919291338583
21
0.7202663385826772
0
LINE
8
BLACK
6
CONTINUOUS
10
1.0568919291338583
20
0.7202663385826772
11
1.0598056692913385
21
0.7146545669291339
0
LINE
8
BLACK
6
CONTINUOUS
10
1.0598056692913385
20
0.7146545669291339
11
1.0602194094488189
21
0.7135733070866142
0
LINE
8
BLACK
6
CONTINUOUS
10
1.0602194094488189
20
0.7135733070866142
11
1.0603827559055119
21
0.7112748818897637
0
LINE
8
BLACK
6
CONTINUOUS
10
1.0603827559055119
20
0.7112748818897637
11
1.0596541338582677
21
0.7090889763779528
0
LINE
8
BLACK
6
CONTINUOUS
10
1.0596541338582677
20
0.7090889763779528
11
1.0581444094488188
21
0.707348188976378
0
LINE
8
BLACK
6
CONTINUOUS
10
1.0581444094488188
20
0.707348188976378
11
1.0560834251968503
21
0.7063177165354331
0
LINE
8
BLACK
6
CONTINUOUS
10
1.0560834251968503
20
0.7063177165354331
11
1.053785
21
0.7061543700787402
0
LINE
8
BLACK
6
CONTINUOUS
10
1.053785
20
0.7061543700787402
11
1.0515990551181102
21
0.706883031496063
0
LINE
8
BLACK
6
CONTINUOUS
10
1.0515990551181102
20
0.706883031496063
11
1.0498583070866141
21
0.708392716535433
0
LINE
8
BLACK
6
CONTINUOUS
10
1.0498583070866141
20
0.708392716535433
11
1.0467632677165355
21
0.7143537007874016
0
LINE
8
BLACK
6
CONTINUOUS
10
1.0467632677165355
20
0.7143537007874016
11
1.042001653543307
21
0.7189981102362205
0
LINE
8
BLACK
6
CONTINUOUS
10
1.042001653543307
20
0.7189981102362205
11
1.0343749212598425
21
0.7239726771653543
0
LINE
8
BLACK
6
CONTINUOUS
10
1.0343749212598425
20
0.7239726771653543
11
1.0343716141732284
21
0.7239753543307087
0
LINE
8
BLACK
6
CONTINUOUS
10
1.0343716141732284
20
0.7239753543307087
11
1.0343697637795275
21
0.7239761417322834
0
LINE
8
BLACK
6
CONTINUOUS
10
1.0343697637795275
20
0.7239761417322834
11
1.0343655511811023
21
0.7239803149606299
0
LINE
8
BLACK
6
CONTINUOUS
10
1.0343655511811023
20
0.7239803149606299
11
1.0334792519685039
21
0.7247061811023622
0
LINE
8
BLACK
6
CONTINUOUS
10
1.0334792519685039
20
0.7247061811023622
11
1.0331538976377952
21
0.725191968503937
0
LINE
8
BLACK
6
CONTINUOUS
10
1.0331538976377952
20
0.725191968503937
11
1.0327404724409448
21
0.7256054330708661
0
LINE
8
BLACK
6
CONTINUOUS
10
1.0327404724409448
20
0.7256054330708661
11
1.0325190157480315
21
0.7261399606299213
0
LINE
8
BLACK
6
CONTINUOUS
10
1.0325190157480315
20
0.7261399606299213
11
1.0321970866141732
21
0.726620748031496
0
LINE
8
BLACK
6
CONTINUOUS
10
1.0321970866141732
20
0.726620748031496
11
1.0320824015748031
21
0.7271940551181102
0
LINE
8
BLACK
6
CONTINUOUS
10
1.0320824015748031
20
0.7271940551181102
11
1.0318586614173229
21
0.7277342519685039
0
LINE
8
BLACK
6
CONTINUOUS
10
1.0318586614173229
20
0.7277342519685039
11
1.0318586614173229
21
0.7283128346456693
0
LINE
8
BLACK
6
CONTINUOUS
10
1.0318586614173229
20
0.7283128346456693
11
1.0317451968503937
21
0.728880157480315
0
LINE
8
BLACK
6
CONTINUOUS
10
1.0317451968503937
20
0.728880157480315
11
1.0318586614173229
21
0.7294537007874016
0
LINE
8
BLACK
6
CONTINUOUS
10
1.0318586614173229
20
0.7294537007874016
11
1.0318586614173229
21
0.7300385039370079
0
LINE
8
BLACK
6
CONTINUOUS
10
1.0318586614173229
20
0.7300385039370079
11
1.0320800787401574
21
0.7305730708661418
0
LINE
8
BLACK
6
CONTINUOUS
10
1.0320800787401574
20
0.7305730708661418
11
1.0321923622047244
21
0.7311405905511811
0
LINE
8
BLACK
6
CONTINUOUS
10
1.0321923622047244
20
0.7311405905511811
11
1.0325166929133858
21
0.7316270866141732
0
LINE
8
BLACK
6
CONTINUOUS
10
1.0325166929133858
20
0.7316270866141732
11
1.0327404724409448
21
0.7321673228346457
0
LINE
8
BLACK
6
CONTINUOUS
10
1.0327404724409448
20
0.7321673228346457
11
1.0331495669291337
21
0.7325764173228346
0
LINE
8
BLACK
6
CONTINUOUS
10
1.0331495669291337
20
0.7325764173228346
11
1.0334705118110237
21
0.7330578346456693
0
LINE
8
BLACK
6
CONTINUOUS
10
1.0334705118110237
20
0.7330578346456693
11
1.0339562992125984
21
0.7333831496062992
0
LINE
8
BLACK
6
CONTINUOUS
10
1.0339562992125984
20
0.7333831496062992
11
1.0343697637795275
21
0.7337966141732283
0
LINE
8
BLACK
6
CONTINUOUS
10
1.0343697637795275
20
0.7337966141732283
11
1.0349042913385826
21
0.7340180314960629
0
LINE
8
BLACK
6
CONTINUOUS
10
1.0349042913385826
20
0.7340180314960629
11
1.0353850787401575
21
0.73434
0
LINE
8
BLACK
6
CONTINUOUS
10
1.0353850787401575
20
0.73434
11
1.0359583858267716
21
0.7344546456692913
0
LINE
8
BLACK
6
CONTINUOUS
10
1.0359583858267716
20
0.7344546456692913
11
1.0364985826771653
21
0.7346784251968503
0
LINE
8
BLACK
6
CONTINUOUS
10
1.0364985826771653
20
0.7346784251968503
11
1.0370826771653543
21
0.7346794881889763
0
LINE
8
BLACK
6
CONTINUOUS
10
1.0370826771653543
20
0.7346794881889763
11
1.0376444881889764
21
0.7347918897637795
0
LINE
8
BLACK
6
CONTINUOUS
10
1.0376444881889764
20
0.7347918897637795
11
1.038201811023622
21
0.7346816141732283
0
LINE
8
BLACK
6
CONTINUOUS
10
1.038201811023622
20
0.7346816141732283
11
1.0908359842519684
21
0.7347808267716536
0
LINE
8
BLACK
6
CONTINUOUS
10
1.0908359842519684
20
0.7347808267716536
11
1.0908003149606298
21
0.7457592913385827
0
LINE
8
BLACK
6
CONTINUOUS
10
1.0908003149606298
20
0.7457592913385827
11
1.090913779527559
21
0.7469114173228346
0
LINE
8
BLACK
6
CONTINUOUS
10
1.090913779527559
20
0.7469114173228346
11
1.0917955905511811
21
0.7490402362204724
0
LINE
8
BLACK
6
CONTINUOUS
10
1.0917955905511811
20
0.7490402362204724
11
1.0934248818897638
21
0.7506695275590551
0
LINE
8
BLACK
6
CONTINUOUS
10
1.0934248818897638
20
0.7506695275590551
11
1.0955537007874014
21
0.7515513385826772
0
LINE
8
BLACK
6
CONTINUOUS
10
1.0955537007874014
20
0.7515513385826772
11
1.0978579527559056
21
0.7515513385826772
0
LINE
8
BLACK
6
CONTINUOUS
10
1.0978579527559056
20
0.7515513385826772
11
1.0999867716535432
21
0.7506695275590551
0
LINE
8
BLACK
6
CONTINUOUS
10
0.2651331496062992
20
0.7981973228346456
11
0.2652886614173228
21
0.7982083858267717
0
LINE
8
BLACK
6
CONTINUOUS
10
0.2652886614173228
20
0.7982083858267717
11
0.2654072047244094
21
0.79817031496063
0
LINE
8
BLACK
6
CONTINUOUS
10
0.2654072047244094
20
0.79817031496063
11
0.2657021653543307
21
0.7981412992125984
0
LINE
8
BLACK
6
CONTINUOUS
10
0.2657021653543307
20
0.7981412992125984
11
0.2664042913385827
21
0.7978504330708661
0
LINE
8
BLACK
6
CONTINUOUS
10
0.2664042913385827
20
0.7978504330708661
11
0.2748539763779527
21
0.7951395669291338
0
LINE
8
BLACK
6
CONTINUOUS
10
0.2748539763779527
20
0.7951395669291338
11
0.2759111023622047
21
0.7946675590551181
0
LINE
8
BLACK
6
CONTINUOUS
10
0.2759111023622047
20
0.7946675590551181
11
0.2760713385826772
21
0.7945285433070866
0
LINE
8
BLACK
6
CONTINUOUS
10
0.2760713385826772
20
0.7945285433070866
11
0.2762674015748031
21
0.7944473622047243
0
LINE
8
BLACK
6
CONTINUOUS
10
0.2762674015748031
20
0.7944473622047243
11
0.2770892125984252
21
0.793645748031496
0
LINE
8
BLACK
6
CONTINUOUS
10
0.2770892125984252
20
0.793645748031496
11
0.277651811023622
21
0.7931578346456692
0
LINE
8
BLACK
6
CONTINUOUS
10
0.277651811023622
20
0.7931578346456692
11
0.2777111417322835
21
0.7930391338582677
0
LINE
8
BLACK
6
CONTINUOUS
10
0.2777111417322835
20
0.7930391338582677
11
0.2827866141732283
21
0.7880886220472441
0
LINE
8
BLACK
6
CONTINUOUS
10
0.2827866141732283
20
0.7880886220472441
11
0.2831582677165354
21
0.7876357480314961
0
LINE
8
BLACK
6
CONTINUOUS
10
0.2831582677165354
20
0.7876357480314961
11
0.2832761023622047
21
0.7875335826771653
0
LINE
8
BLACK
6
CONTINUOUS
10
0.2832761023622047
20
0.7875335826771653
11
0.2833345669291338
21
0.7874209448818897
0
LINE
8
BLACK
6
CONTINUOUS
10
0.2833345669291338
20
0.7874209448818897
11
0.283521062992126
21
0.7871937401574803
0
LINE
8
BLACK
6
CONTINUOUS
10
0.283521062992126
20
0.7871937401574803
11
0.2837912598425197
21
0.7865413385826772
0
LINE
8
BLACK
6
CONTINUOUS
10
0.2837912598425197
20
0.7865413385826772
11
0.286705
21
0.7809295669291338
0
LINE
8
BLACK
6
CONTINUOUS
10
0.286705
20
0.7809295669291338
11
0.2867372440944882
21
0.7808451968503937
0
LINE
8
BLACK
6
CONTINUOUS
10
0.2867372440944882
20
0.7808451968503937
11
0.2867626377952756
21
0.7808109842519685
0
LINE
8
BLACK
6
CONTINUOUS
10
0.2867626377952756
20
0.7808109842519685
11
0.2867884645669291
21
0.7807114173228347
0
LINE
8
BLACK
6
CONTINUOUS
10
0.2867884645669291
20
0.7807114173228347
11
0.2871187401574803
21
0.7798483070866141
0
LINE
8
BLACK
6
CONTINUOUS
10
0.2871187401574803
20
0.7798483070866141
11
0.2871588188976378
21
0.7792840157480315
0
LINE
8
BLACK
6
CONTINUOUS
10
0.2871588188976378
20
0.7792840157480315
11
0.2899642519685039
21
0.7684722047244095
0
LINE
8
BLACK
6
CONTINUOUS
10
0.2899642519685039
20
0.7684722047244095
11
0.2899937401574803
21
0.7682725196850394
0
LINE
8
BLACK
6
CONTINUOUS
10
0.2899937401574803
20
0.7682725196850394
11
0.290027125984252
21
0.7681920472440945
0
LINE
8
BLACK
6
CONTINUOUS
10
0.290027125984252
20
0.7681920472440945
11
0.2900289763779528
21
0.7680344488188976
0
LINE
8
BLACK
6
CONTINUOUS
10
0.2900289763779528
20
0.7680344488188976
11
0.2901336220472441
21
0.767326968503937
0
LINE
8
BLACK
6
CONTINUOUS
10
0.2901336220472441
20
0.767326968503937
11
0.2900444488188976
21
0.7667277559055118
0
LINE
8
BLACK
6
CONTINUOUS
10
0.2900444488188976
20
0.7667277559055118
11
0.2901405905511811
21
0.7586034645669291
0
LINE
8
BLACK
6
CONTINUOUS
10
0.2901405905511811
20
0.7586034645669291
11
0.2901207874015748
21
0.7584025196850394
0
LINE
8
BLACK
6
CONTINUOUS
10
0.2901207874015748
20
0.7584025196850394
11
0.2901336220472441
21
0.7583164173228346
0
LINE
8
BLACK
6
CONTINUOUS
10
0.2901336220472441
20
0.7583164173228346
11
0.2900975196850394
21
0.7581664960629921
0
LINE
8
BLACK
6
CONTINUOUS
10
0.2900975196850394
20
0.7581664960629921
11
0.290027125984252
21
0.7574513385826771
0
LINE
8
BLACK
6
CONTINUOUS
10
0.290027125984252
20
0.7574513385826771
11
0.2897847244094488
21
0.7568662204724409
0
LINE
8
BLACK
6
CONTINUOUS
10
0.2897847244094488
20
0.7568662204724409
11
0.2871521259842519
21
0.7459225984251968
0
LINE
8
BLACK
6
CONTINUOUS
10
0.2871521259842519
20
0.7459225984251968
11
0.2871217322834645
21
0.7458375984251968
0
LINE
8
BLACK
6
CONTINUOUS
10
0.2871217322834645
20
0.7458375984251968
11
0.2871187401574803
21
0.7457950787401575
0
LINE
8
BLACK
6
CONTINUOUS
10
0.2871187401574803
20
0.7457950787401575
11
0.2870714173228346
21
0.7456967322834646
0
LINE
8
BLACK
6
CONTINUOUS
10
0.2870714173228346
20
0.7456967322834646
11
0.2867626377952756
21
0.7448324015748031
0
LINE
8
BLACK
6
CONTINUOUS
10
0.2867626377952756
20
0.7448324015748031
11
0.2864574803149606
21
0.7444205511811024
0
LINE
8
BLACK
6
CONTINUOUS
10
0.2864574803149606
20
0.7444205511811024
11
0.2838928346456693
21
0.7390895669291339
0
LINE
8
BLACK
6
CONTINUOUS
10
0.2838928346456693
20
0.7390895669291339
11
0.2835807480314961
21
0.7385938188976378
0
LINE
8
BLACK
6
CONTINUOUS
10
0.2835807480314961
20
0.7385938188976378
11
0.283521062992126
21
0.7384496456692913
0
LINE
8
BLACK
6
CONTINUOUS
10
0.283521062992126
20
0.7384496456692913
11
0.2834335039370079
21
0.7383598818897638
0
LINE
8
BLACK
6
CONTINUOUS
10
0.2834335039370079
20
0.7383598818897638
11
0.2832761023622047
21
0.7381098031496063
0
LINE
8
BLACK
6
CONTINUOUS
10
0.2832761023622047
20
0.7381098031496063
11
0.2827144881889764
21
0.7376227165354331
0
LINE
8
BLACK
6
CONTINUOUS
10
0.2827144881889764
20
0.7376227165354331
11
0.2771623228346456
21
0.7319304724409449
0
LINE
8
BLACK
6
CONTINUOUS
10
0.2771623228346456
20
0.7319304724409449
11
0.2762674015748031
21
0.7311960236220473
0
LINE
8
BLACK
6
CONTINUOUS
10
0.2762674015748031
20
0.7311960236220473
11
0.2760713385826772
21
0.7311148031496063
0
LINE
8
BLACK
6
CONTINUOUS
10
0.2760713385826772
20
0.7311148031496063
11
0.2759111023622047
21
0.7309758267716535
0
LINE
8
BLACK
6
CONTINUOUS
10
0.2759111023622047
20
0.7309758267716535
11
0.2748475196850393
21
0.730607874015748
0
LINE
8
BLACK
6
CONTINUOUS
10
0.2748475196850393
20
0.730607874015748
11
0.2741385826771653
21
0.730314251968504
0
LINE
8
BLACK
6
CONTINUOUS
10
0.2741385826771653
20
0.730314251968504
11
0.2739986614173228
21
0.730314251968504
0
LINE
8
BLACK
6
CONTINUOUS
10
0.2739986614173228
20
0.730314251968504
11
0.2664175196850394
21
0.7276916929133858
0
LINE
8
BLACK
6
CONTINUOUS
10
0.2664175196850394
20
0.7276916929133858
11
0.2658463385826771
21
0.7275618110236221
0
LINE
8
BLACK
6
CONTINUOUS
10
0.2658463385826771
20
0.7275618110236221
11
0.2657021653543307
21
0.7275020866141733
0
LINE
8
BLACK
6
CONTINUOUS
10
0.2657021653543307
20
0.7275020866141733
11
0.2655796456692913
21
0.7275011417322834
0
LINE
8
BLACK
6
CONTINUOUS
10
0.2655796456692913
20
0.7275011417322834
11
0.2652886614173228
21
0.7274349999999999
0
LINE
8
BLACK
6
CONTINUOUS
10
0.2652886614173228
20
0.7274349999999999
11
0.2644736220472441
21
0.7274929133858268
0
LINE
8
BLACK
6
CONTINUOUS
10
0.2644736220472441
20
0.7274929133858268
11
0.2504892913385827
21
0.7273886220472441
0
LINE
8
BLACK
6
CONTINUOUS
10
0.2504892913385827
20
0.7273886220472441
11
0.2493371653543307
21
0.7275020866141733
0
LINE
8
BLACK
6
CONTINUOUS
10
0.2493371653543307
20
0.7275020866141733
11
0.2472083464566929
21
0.7283838976377952
0
LINE
8
BLACK
6
CONTINUOUS
10
0.2472083464566929
20
0.7283838976377952
11
0.2455790551181102
21
0.7300131889763779
0
LINE
8
BLACK
6
CONTINUOUS
10
0.2455790551181102
20
0.7300131889763779
11
0.2446972440944882
21
0.7321420078740157
0
LINE
8
BLACK
6
CONTINUOUS
10
0.2446972440944882
20
0.7321420078740157
11
0.2446972440944882
21
0.7321420472440945
0
LINE
8
BLACK
6
CONTINUOUS
10
0.2446972440944882
20
0.7321420472440945
11
0.2445837795275591
21
0.7923492519685039
0
LINE
8
BLACK
6
CONTINUOUS
10
0.2445837795275591
20
0.7923492519685039
11
0.2446972440944882
21
0.7935013779527559
0
LINE
8
BLACK
6
CONTINUOUS
10
0.2446972440944882
20
0.7935013779527559
11
0.2455790551181102
21
0.7956301968503937
0
LINE
8
BLACK
6
CONTINUOUS
10
0.2455790551181102
20
0.7956301968503937
11
0.2472083464566929
21
0.7972594881889764
0
LINE
8
BLACK
6
CONTINUOUS
10
0.2472083464566929
20
0.7972594881889764
11
0.2493371653543307
21
0.7981412992125984
0
LINE
8
BLACK
6
CONTINUOUS
10
0.2493371653543307
20
0.7981412992125984
11
0.2645500393700788
21
0.7982547637795275
0
LINE
8
BLACK
6
CONTINUOUS
10
0.2645500393700788
20
0.7982547637795275
11
0.2651331496062992
21
0.7981973228346456
0
LINE
8
BLACK
6
CONTINUOUS
10
0.2562945275590551
20
0.7864870078740157
11
0.256383779527559
21
0.7391387007874015
0
LINE
8
BLACK
6
CONTINUOUS
10
0.256383779527559
20
0.7391387007874015
11
0.2638507480314961
21
0.7391944094488189
0
LINE
8
BLACK
6
CONTINUOUS
10
0.2638507480314961
20
0.7391944094488189
11
0.2699442125984252
21
0.7413023228346457
0
LINE
8
BLACK
6
CONTINUOUS
10
0.2699442125984252
20
0.7413023228346457
11
0.2739190551181102
21
0.7453774803149606
0
LINE
8
BLACK
6
CONTINUOUS
10
0.2739190551181102
20
0.7453774803149606
11
0.2760404330708661
21
0.7497870866141733
0
LINE
8
BLACK
6
CONTINUOUS
10
0.2760404330708661
20
0.7497870866141733
11
0.278416811023622
21
0.7596654724409448
0
LINE
8
BLACK
6
CONTINUOUS
10
0.278416811023622
20
0.7596654724409448
11
0.2783337795275591
21
0.7666817322834646
0
LINE
8
BLACK
6
CONTINUOUS
10
0.2783337795275591
20
0.7666817322834646
11
0.2757661417322835
21
0.7765773228346456
0
LINE
8
BLACK
6
CONTINUOUS
10
0.2757661417322835
20
0.7765773228346456
11
0.2736625984251969
21
0.7806287007874015
0
LINE
8
BLACK
6
CONTINUOUS
10
0.2736625984251969
20
0.7806287007874015
11
0.2696975590551181
21
0.7844961417322834
0
LINE
8
BLACK
6
CONTINUOUS
10
0.2696975590551181
20
0.7844961417322834
11
0.2633287007874016
21
0.7865394881889763
0
LINE
8
BLACK
6
CONTINUOUS
10
0.2633287007874016
20
0.7865394881889763
11
0.2562945275590551
21
0.7864870078740157
0
LINE
8
BLACK
6
CONTINUOUS
10
0.4597404330708662
20
0.7981412992125984
11
0.4599364960629921
21
0.7980600393700787
0
LINE
8
BLACK
6
CONTINUOUS
10
0.4599364960629921
20
0.7980600393700787
11
0.4601481102362205
21
0.7980450393700788
0
LINE
8
BLACK
6
CONTINUOUS
10
0.4601481102362205
20
0.7980450393700788
11
0.4612341338582677
21
0.7975225196850394
0
LINE
8
BLACK
6
CONTINUOUS
10
0.4612341338582677
20
0.7975225196850394
11
0.4618692519685039
21
0.7972594881889764
0
LINE
8
BLACK
6
CONTINUOUS
10
0.4618692519685039
20
0.7972594881889764
11
0.461951062992126
21
0.7971776377952756
0
LINE
8
BLACK
6
CONTINUOUS
10
0.461951062992126
20
0.7971776377952756
11
0.4668536220472441
21
0.7948191338582677
0
LINE
8
BLACK
6
CONTINUOUS
10
0.4668536220472441
20
0.7948191338582677
11
0.4673494881889764
21
0.794506968503937
0
LINE
8
BLACK
6
CONTINUOUS
10
0.4673494881889764
20
0.794506968503937
11
0.4674934645669291
21
0.7944473622047243
0
LINE
8
BLACK
6
CONTINUOUS
10
0.4674934645669291
20
0.7944473622047243
11
0.4675881496062992
21
0.7943567322834646
0
LINE
8
BLACK
6
CONTINUOUS
10
0.4675881496062992
20
0.7943567322834646
11
0.4678333858267716
21
0.7942024015748032
0
LINE
8
BLACK
6
CONTINUOUS
10
0.4678333858267716
20
0.7942024015748032
11
0.4682420078740158
21
0.7937312204724409
0
LINE
8
BLACK
6
CONTINUOUS
10
0.4682420078740158
20
0.7937312204724409
11
0.4712005511811024
21
0.7909008267716535
0
LINE
8
BLACK
6
CONTINUOUS
10
0.4712005511811024
20
0.7909008267716535
11
0.4715722834645669
21
0.7904478346456693
0
LINE
8
BLACK
6
CONTINUOUS
10
0.4715722834645669
20
0.7904478346456693
11
0.4716900787401574
21
0.7903457086614173
0
LINE
8
BLACK
6
CONTINUOUS
10
0.4716900787401574
20
0.7903457086614173
11
0.4717485433070866
21
0.7902330708661417
0
LINE
8
BLACK
6
CONTINUOUS
10
0.4717485433070866
20
0.7902330708661417
11
0.471935
21
0.790005905511811
0
LINE
8
BLACK
6
CONTINUOUS
10
0.471935
20
0.790005905511811
11
0.4722051968503937
21
0.7893535433070866
0
LINE
8
BLACK
6
CONTINUOUS
10
0.4722051968503937
20
0.7893535433070866
11
0.475118937007874
21
0.783741653543307
0
LINE
8
BLACK
6
CONTINUOUS
10
0.475118937007874
20
0.783741653543307
11
0.4751511023622047
21
0.7836575196850394
0
LINE
8
BLACK
6
CONTINUOUS
10
0.4751511023622047
20
0.7836575196850394
11
0.4751765748031496
21
0.7836231889763779
0
LINE
8
BLACK
6
CONTINUOUS
10
0.4751765748031496
20
0.7836231889763779
11
0.4752024803149606
21
0.7835233464566929
0
LINE
8
BLACK
6
CONTINUOUS
10
0.4752024803149606
20
0.7835233464566929
11
0.4755327165354331
21
0.7826604330708661
0
LINE
8
BLACK
6
CONTINUOUS
10
0.4755327165354331
20
0.7826604330708661
11
0.4755727952755905
21
0.7820961023622047
0
LINE
8
BLACK
6
CONTINUOUS
10
0.4755727952755905
20
0.7820961023622047
11
0.4783782283464567
21
0.7712843700787402
0
LINE
8
BLACK
6
CONTINUOUS
10
0.4783782283464567
20
0.7712843700787402
11
0.4784077559055118
21
0.7710846456692914
0
LINE
8
BLACK
6
CONTINUOUS
10
0.4784077559055118
20
0.7710846456692914
11
0.4784411023622047
21
0.7710041732283465
0
LINE
8
BLACK
6
CONTINUOUS
10
0.4784411023622047
20
0.7710041732283465
11
0.4784422047244095
21
0.7708514960629921
0
LINE
8
BLACK
6
CONTINUOUS
10
0.4784422047244095
20
0.7708514960629921
11
0.4785475984251968
21
0.7701391338582677
0
LINE
8
BLACK
6
CONTINUOUS
10
0.4785475984251968
20
0.7701391338582677
11
0.4784523228346457
21
0.769498937007874
0
LINE
8
BLACK
6
CONTINUOUS
10
0.4784523228346457
20
0.769498937007874
11
0.4785545669291338
21
0.7557913385826771
0
LINE
8
BLACK
6
CONTINUOUS
10
0.4785545669291338
20
0.7557913385826771
11
0.4785347637795275
21
0.7555903937007874
0
LINE
8
BLACK
6
CONTINUOUS
10
0.4785347637795275
20
0.7555903937007874
11
0.4785475984251968
21
0.7555042519685039
0
LINE
8
BLACK
6
CONTINUOUS
10
0.4785475984251968
20
0.7555042519685039
11
0.4785114960629921
21
0.7553542913385827
0
LINE
8
BLACK
6
CONTINUOUS
10
0.4785114960629921
20
0.7553542913385827
11
0.4784411023622047
21
0.7546392125984251
0
LINE
8
BLACK
6
CONTINUOUS
10
0.4784411023622047
20
0.7546392125984251
11
0.4781987401574803
21
0.7540541338582677
0
LINE
8
BLACK
6
CONTINUOUS
10
0.4781987401574803
20
0.7540541338582677
11
0.4755660629921259
21
0.7431104330708661
0
LINE
8
BLACK
6
CONTINUOUS
10
0.4755660629921259
20
0.7431104330708661
11
0.4755357086614173
21
0.7430255511811024
0
LINE
8
BLACK
6
CONTINUOUS
10
0.4755357086614173
20
0.7430255511811024
11
0.4755327165354331
21
0.7429829527559055
0
LINE
8
BLACK
6
CONTINUOUS
10
0.4755327165354331
20
0.7429829527559055
11
0.4754853149606299
21
0.7428844488188976
0
LINE
8
BLACK
6
CONTINUOUS
10
0.4754853149606299
20
0.7428844488188976
11
0.4751765748031496
21
0.7420201968503937
0
LINE
8
BLACK
6
CONTINUOUS
10
0.4751765748031496
20
0.7420201968503937
11
0.4748714173228346
21
0.7416083858267717
0
LINE
8
BLACK
6
CONTINUOUS
10
0.4748714173228346
20
0.7416083858267717
11
0.472306811023622
21
0.7362774015748031
0
LINE
8
BLACK
6
CONTINUOUS
10
0.472306811023622
20
0.7362774015748031
11
0.4719946456692913
21
0.7357815354330709
0
LINE
8
BLACK
6
CONTINUOUS
10
0.4719946456692913
20
0.7357815354330709
11
0.471935
21
0.7356374803149606
0
LINE
8
BLACK
6
CONTINUOUS
10
0.471935
20
0.7356374803149606
11
0.4718442913385827
21
0.7355426771653543
0
LINE
8
BLACK
6
CONTINUOUS
10
0.4718442913385827
20
0.7355426771653543
11
0.4716900787401574
21
0.7352976771653543
0
LINE
8
BLACK
6
CONTINUOUS
10
0.4716900787401574
20
0.7352976771653543
11
0.4712191338582677
21
0.7348892125984252
0
LINE
8
BLACK
6
CONTINUOUS
10
0.4712191338582677
20
0.7348892125984252
11
0.4683883858267717
21
0.7319304330708661
0
LINE
8
BLACK
6
CONTINUOUS
10
0.4683883858267717
20
0.7319304330708661
11
0.4679356299212598
21
0.7315588582677165
0
LINE
8
BLACK
6
CONTINUOUS
10
0.4679356299212598
20
0.7315588582677165
11
0.4678333858267716
21
0.7314409842519685
0
LINE
8
BLACK
6
CONTINUOUS
10
0.4678333858267716
20
0.7314409842519685
11
0.4677205905511811
21
0.7313824015748032
0
LINE
8
BLACK
6
CONTINUOUS
10
0.4677205905511811
20
0.7313824015748032
11
0.4674934645669291
21
0.7311960236220473
0
LINE
8
BLACK
6
CONTINUOUS
10
0.4674934645669291
20
0.7311960236220473
11
0.4668413779527559
21
0.730925905511811
0
LINE
8
BLACK
6
CONTINUOUS
10
0.4668413779527559
20
0.730925905511811
11
0.4612293307086614
21
0.7280120866141732
0
LINE
8
BLACK
6
CONTINUOUS
10
0.4612293307086614
20
0.7280120866141732
11
0.4601481102362205
21
0.7275983464566929
0
LINE
8
BLACK
6
CONTINUOUS
10
0.4601481102362205
20
0.7275983464566929
11
0.4599364960629921
21
0.7275833070866141
0
LINE
8
BLACK
6
CONTINUOUS
10
0.4599364960629921
20
0.7275833070866141
11
0.4597404330708662
21
0.7275020866141733
0
LINE
8
BLACK
6
CONTINUOUS
10
0.4597404330708662
20
0.7275020866141733
11
0.458501811023622
21
0.7274813385826772
0
LINE
8
BLACK
6
CONTINUOUS
10
0.458501811023622
20
0.7274813385826772
11
0.4578496850393701
21
0.7274349999999999
0
LINE
8
BLACK
6
CONTINUOUS
10
0.4578496850393701
20
0.7274349999999999
11
0.4577484645669291
21
0.7274687007874016
0
LINE
8
BLACK
6
CONTINUOUS
10
0.4577484645669291
20
0.7274687007874016
11
0.4529640157480315
21
0.7273886220472441
0
LINE
8
BLACK
6
CONTINUOUS
10
0.4529640157480315
20
0.7273886220472441
11
0.4518118897637795
21
0.7275020866141733
0
LINE
8
BLACK
6
CONTINUOUS
10
0.4518118897637795
20
0.7275020866141733
11
0.4516157874015748
21
0.7275833070866141
0
LINE
8
BLACK
6
CONTINUOUS
10
0.4516157874015748
20
0.7275833070866141
11
0.4514042125984252
21
0.7275983464566929
0
LINE
8
BLACK
6
CONTINUOUS
10
0.4514042125984252
20
0.7275983464566929
11
0.4503181496062992
21
0.7281208267716536
0
LINE
8
BLACK
6
CONTINUOUS
10
0.4503181496062992
20
0.7281208267716536
11
0.4496830708661417
21
0.7283838976377952
0
LINE
8
BLACK
6
CONTINUOUS
10
0.4496830708661417
20
0.7283838976377952
11
0.4496012204724409
21
0.7284657086614174
0
LINE
8
BLACK
6
CONTINUOUS
10
0.4496012204724409
20
0.7284657086614174
11
0.4446987007874016
21
0.7308242519685039
0
LINE
8
BLACK
6
CONTINUOUS
10
0.4446987007874016
20
0.7308242519685039
11
0.444202874015748
21
0.7311363385826771
0
LINE
8
BLACK
6
CONTINUOUS
10
0.444202874015748
20
0.7311363385826771
11
0.4440588188976378
21
0.7311960236220473
0
LINE
8
BLACK
6
CONTINUOUS
10
0.4440588188976378
20
0.7311960236220473
11
0.4439640157480315
21
0.7312866929133858
0
LINE
8
BLACK
6
CONTINUOUS
10
0.4439640157480315
20
0.7312866929133858
11
0.443718937007874
21
0.7314409842519685
0
LINE
8
BLACK
6
CONTINUOUS
10
0.443718937007874
20
0.7314409842519685
11
0.4433103937007874
21
0.7319120078740158
0
LINE
8
BLACK
6
CONTINUOUS
10
0.4433103937007874
20
0.7319120078740158
11
0.4403517716535433
21
0.7347425590551181
0
LINE
8
BLACK
6
CONTINUOUS
10
0.4403517716535433
20
0.7347425590551181
11
0.4399801181102362
21
0.7351953937007873
0
LINE
8
BLACK
6
CONTINUOUS
10
0.4399801181102362
20
0.7351953937007873
11
0.4398622440944882
21
0.7352976377952756
0
LINE
8
BLACK
6
CONTINUOUS
10
0.4398622440944882
20
0.7352976377952756
11
0.4398037007874016
21
0.7354103543307087
0
LINE
8
BLACK
6
CONTINUOUS
10
0.4398037007874016
20
0.7354103543307087
11
0.4396173228346457
21
0.7356374803149606
0
LINE
8
BLACK
6
CONTINUOUS
10
0.4396173228346457
20
0.7356374803149606
11
0.4393471653543307
21
0.7362896456692913
0
LINE
8
BLACK
6
CONTINUOUS
10
0.4393471653543307
20
0.7362896456692913
11
0.4364333464566929
21
0.7419016929133858
0
LINE
8
BLACK
6
CONTINUOUS
10
0.4364333464566929
20
0.7419016929133858
11
0.436401062992126
21
0.7419859448818897
0
LINE
8
BLACK
6
CONTINUOUS
10
0.436401062992126
20
0.7419859448818897
11
0.4363757086614173
21
0.7420202362204724
0
LINE
8
BLACK
6
CONTINUOUS
10
0.4363757086614173
20
0.7420202362204724
11
0.436349842519685
21
0.7421198818897637
0
LINE
8
BLACK
6
CONTINUOUS
10
0.436349842519685
20
0.7421198818897637
11
0.4360196062992126
21
0.7429829133858268
0
LINE
8
BLACK
6
CONTINUOUS
10
0.4360196062992126
20
0.7429829133858268
11
0.4359794881889764
21
0.7435471653543307
0
LINE
8
BLACK
6
CONTINUOUS
10
0.4359794881889764
20
0.7435471653543307
11
0.4331740944881889
21
0.7543590551181102
0
LINE
8
BLACK
6
CONTINUOUS
10
0.4331740944881889
20
0.7543590551181102
11
0.4331445669291338
21
0.7545587007874015
0
LINE
8
BLACK
6
CONTINUOUS
10
0.4331445669291338
20
0.7545587007874015
11
0.4331112204724409
21
0.7546392125984251
0
LINE
8
BLACK
6
CONTINUOUS
10
0.4331112204724409
20
0.7546392125984251
11
0.4331100787401574
21
0.7547918897637795
0
LINE
8
BLACK
6
CONTINUOUS
10
0.4331100787401574
20
0.7547918897637795
11
0.4330047244094488
21
0.7555042913385827
0
LINE
8
BLACK
6
CONTINUOUS
10
0.4330047244094488
20
0.7555042913385827
11
0.4330999606299212
21
0.7561444488188976
0
LINE
8
BLACK
6
CONTINUOUS
10
0.4330999606299212
20
0.7561444488188976
11
0.4329977559055118
21
0.7698520472440945
0
LINE
8
BLACK
6
CONTINUOUS
10
0.4329977559055118
20
0.7698520472440945
11
0.4330175196850394
21
0.7700529527559055
0
LINE
8
BLACK
6
CONTINUOUS
10
0.4330175196850394
20
0.7700529527559055
11
0.4330047244094488
21
0.770139094488189
0
LINE
8
BLACK
6
CONTINUOUS
10
0.4330047244094488
20
0.770139094488189
11
0.4330407874015748
21
0.7702889763779527
0
LINE
8
BLACK
6
CONTINUOUS
10
0.4330407874015748
20
0.7702889763779527
11
0.4331112204724409
21
0.7710041732283465
0
LINE
8
BLACK
6
CONTINUOUS
10
0.4331112204724409
20
0.7710041732283465
11
0.4333535433070866
21
0.7715892519685039
0
LINE
8
BLACK
6
CONTINUOUS
10
0.4333535433070866
20
0.7715892519685039
11
0.435986220472441
21
0.7825329527559055
0
LINE
8
BLACK
6
CONTINUOUS
10
0.435986220472441
20
0.7825329527559055
11
0.4360165748031496
21
0.7826179133858268
0
LINE
8
BLACK
6
CONTINUOUS
10
0.4360165748031496
20
0.7826179133858268
11
0.4360196062992126
21
0.7826604724409448
0
LINE
8
BLACK
6
CONTINUOUS
10
0.4360196062992126
20
0.7826604724409448
11
0.4360668897637795
21
0.782758779527559
0
LINE
8
BLACK
6
CONTINUOUS
10
0.4360668897637795
20
0.782758779527559
11
0.4363757086614173
21
0.7836231496062992
0
LINE
8
BLACK
6
CONTINUOUS
10
0.4363757086614173
20
0.7836231496062992
11
0.4366808661417323
21
0.7840349606299213
0
LINE
8
BLACK
6
CONTINUOUS
10
0.4366808661417323
20
0.7840349606299213
11
0.4392455118110236
21
0.7893659842519685
0
LINE
8
BLACK
6
CONTINUOUS
10
0.4392455118110236
20
0.7893659842519685
11
0.4395576377952756
21
0.7898618503937007
0
LINE
8
BLACK
6
CONTINUOUS
10
0.4395576377952756
20
0.7898618503937007
11
0.4396173228346457
21
0.790005905511811
0
LINE
8
BLACK
6
CONTINUOUS
10
0.4396173228346457
20
0.790005905511811
11
0.4397079527559055
21
0.7901006299212598
0
LINE
8
BLACK
6
CONTINUOUS
10
0.4397079527559055
20
0.7901006299212598
11
0.4398622440944882
21
0.790345748031496
0
LINE
8
BLACK
6
CONTINUOUS
10
0.4398622440944882
20
0.790345748031496
11
0.4403333070866142
21
0.7907542913385827
0
LINE
8
BLACK
6
CONTINUOUS
10
0.4403333070866142
20
0.7907542913385827
11
0.443163937007874
21
0.7937129527559055
0
LINE
8
BLACK
6
CONTINUOUS
10
0.443163937007874
20
0.7937129527559055
11
0.4436166929133858
21
0.7940845275590551
0
LINE
8
BLACK
6
CONTINUOUS
10
0.4436166929133858
20
0.7940845275590551
11
0.443718937007874
21
0.7942024015748032
0
LINE
8
BLACK
6
CONTINUOUS
10
0.443718937007874
20
0.7942024015748032
11
0.4438316141732284
21
0.7942609055118111
0
LINE
8
BLACK
6
CONTINUOUS
10
0.4438316141732284
20
0.7942609055118111
11
0.4440588188976378
21
0.7944473622047243
0
LINE
8
BLACK
6
CONTINUOUS
10
0.4440588188976378
20
0.7944473622047243
11
0.4447109842519685
21
0.7947174803149606
0
LINE
8
BLACK
6
CONTINUOUS
10
0.4447109842519685
20
0.7947174803149606
11
0.4503229527559055
21
0.7976312992125985
0
LINE
8
BLACK
6
CONTINUOUS
10
0.4503229527559055
20
0.7976312992125985
11
0.4514042125984252
21
0.7980450393700788
0
LINE
8
BLACK
6
CONTINUOUS
10
0.4514042125984252
20
0.7980450393700788
11
0.4516157874015748
21
0.7980600393700787
0
LINE
8
BLACK
6
CONTINUOUS
10
0.4516157874015748
20
0.7980600393700787
11
0.4518118897637795
21
0.7981412992125984
0
LINE
8
BLACK
6
CONTINUOUS
10
0.4518118897637795
20
0.7981412992125984
11
0.4530504724409449
21
0.7981620078740157
0
LINE
8
BLACK
6
CONTINUOUS
10
0.4530504724409449
20
0.7981620078740157
11
0.4537026377952756
21
0.7982083858267717
0
LINE
8
BLACK
6
CONTINUOUS
10
0.4537026377952756
20
0.7982083858267717
11
0.4538038188976378
21
0.7981746456692913
0
LINE
8
BLACK
6
CONTINUOUS
10
0.4538038188976378
20
0.7981746456692913
11
0.4585883070866142
21
0.7982547637795275
0
LINE
8
BLACK
6
CONTINUOUS
10
0.4585883070866142
20
0.7982547637795275
11
0.4597404330708662
21
0.7981412992125984
0
LINE
8
BLACK
6
CONTINUOUS
10
0.4542372440944882
20
0.7864650393700787
11
0.4506855511811024
21
0.7846209842519685
0
LINE
8
BLACK
6
CONTINUOUS
10
0.4506855511811024
20
0.7846209842519685
11
0.4492292519685039
21
0.783098779527559
0
LINE
8
BLACK
6
CONTINUOUS
10
0.4492292519685039
20
0.783098779527559
11
0.447097874015748
21
0.7786684251968504
0
LINE
8
BLACK
6
CONTINUOUS
10
0.447097874015748
20
0.7786684251968504
11
0.4447120866141732
21
0.7687509842519685
0
LINE
8
BLACK
6
CONTINUOUS
10
0.4447120866141732
20
0.7687509842519685
11
0.4448061417322834
21
0.7561432677165354
0
LINE
8
BLACK
6
CONTINUOUS
10
0.4448061417322834
20
0.7561432677165354
11
0.4473721653543307
21
0.7462538976377953
0
LINE
8
BLACK
6
CONTINUOUS
10
0.4473721653543307
20
0.7462538976377953
11
0.4494436614173228
21
0.7422642519685039
0
LINE
8
BLACK
6
CONTINUOUS
10
0.4494436614173228
20
0.7422642519685039
11
0.4509658267716535
21
0.7408079921259842
0
LINE
8
BLACK
6
CONTINUOUS
10
0.4509658267716535
20
0.7408079921259842
11
0.4544529921259842
21
0.7391303937007874
0
LINE
8
BLACK
6
CONTINUOUS
10
0.4544529921259842
20
0.7391303937007874
11
0.4573150393700787
21
0.7391783070866141
0
LINE
8
BLACK
6
CONTINUOUS
10
0.4573150393700787
20
0.7391783070866141
11
0.4608667716535433
21
0.7410224015748031
0
LINE
8
BLACK
6
CONTINUOUS
10
0.4608667716535433
20
0.7410224015748031
11
0.4623229921259843
21
0.7425445275590551
0
LINE
8
BLACK
6
CONTINUOUS
10
0.4623229921259843
20
0.7425445275590551
11
0.4644544094488189
21
0.7469749606299212
0
LINE
8
BLACK
6
CONTINUOUS
10
0.4644544094488189
20
0.7469749606299212
11
0.4668401968503937
21
0.7568924015748031
0
LINE
8
BLACK
6
CONTINUOUS
10
0.4668401968503937
20
0.7568924015748031
11
0.4667461417322835
21
0.7695000787401575
0
LINE
8
BLACK
6
CONTINUOUS
10
0.4667461417322835
20
0.7695000787401575
11
0.4641800393700787
21
0.7793895275590551
0
LINE
8
BLACK
6
CONTINUOUS
10
0.4641800393700787
20
0.7793895275590551
11
0.4621087007874016
21
0.7833790157480315
0
LINE
8
BLACK
6
CONTINUOUS
10
0.4621087007874016
20
0.7833790157480315
11
0.4605864173228346
21
0.7848353543307086
0
LINE
8
BLACK
6
CONTINUOUS
10
0.4605864173228346
20
0.7848353543307086
11
0.4570992913385827
21
0.7865129527559055
0
LINE
8
BLACK
6
CONTINUOUS
10
0.4570992913385827
20
0.7865129527559055
11
0.4542372440944882
21
0.7864650393700787
0
LINE
8
BLACK
6
CONTINUOUS
10
0.5666020472440945
20
0.7981412992125984
11
0.5667979921259843
21
0.7980601181102362
0
LINE
8
BLACK
6
CONTINUOUS
10
0.5667979921259843
20
0.7980601181102362
11
0.5670097244094489
21
0.7980450787401575
0
LINE
8
BLACK
6
CONTINUOUS
10
0.5670097244094489
20
0.7980450787401575
11
0.5680962992125984
21
0.7975223228346456
0
LINE
8
BLACK
6
CONTINUOUS
10
0.5680962992125984
20
0.7975223228346456
11
0.5687308661417323
21
0.7972594881889764
0
LINE
8
BLACK
6
CONTINUOUS
10
0.5687308661417323
20
0.7972594881889764
11
0.5688125984251968
21
0.797177716535433
0
LINE
8
BLACK
6
CONTINUOUS
10
0.5688125984251968
20
0.797177716535433
11
0.5737152755905511
21
0.7948191338582677
0
LINE
8
BLACK
6
CONTINUOUS
10
0.5737152755905511
20
0.7948191338582677
11
0.574211062992126
21
0.7945070078740157
0
LINE
8
BLACK
6
CONTINUOUS
10
0.574211062992126
20
0.7945070078740157
11
0.574355157480315
21
0.7944473622047243
0
LINE
8
BLACK
6
CONTINUOUS
10
0.574355157480315
20
0.7944473622047243
11
0.5744499212598425
21
0.7943566535433071
0
LINE
8
BLACK
6
CONTINUOUS
10
0.5744499212598425
20
0.7943566535433071
11
0.5746950393700787
21
0.7942024015748032
0
LINE
8
BLACK
6
CONTINUOUS
10
0.5746950393700787
20
0.7942024015748032
11
0.5751035433070866
21
0.7937313385826772
0
LINE
8
BLACK
6
CONTINUOUS
10
0.5751035433070866
20
0.7937313385826772
11
0.5780622047244094
21
0.7909007874015748
0
LINE
8
BLACK
6
CONTINUOUS
10
0.5780622047244094
20
0.7909007874015748
11
0.5784338582677165
21
0.7904479133858268
0
LINE
8
BLACK
6
CONTINUOUS
10
0.5784338582677165
20
0.7904479133858268
11
0.5785516929133858
21
0.790345748031496
0
LINE
8
BLACK
6
CONTINUOUS
10
0.5785516929133858
20
0.790345748031496
11
0.578610157480315
21
0.7902331102362204
0
LINE
8
BLACK
6
CONTINUOUS
10
0.578610157480315
20
0.7902331102362204
11
0.5787966535433071
21
0.790005905511811
0
LINE
8
BLACK
6
CONTINUOUS
10
0.5787966535433071
20
0.790005905511811
11
0.5790667716535433
21
0.7893536220472441
0
LINE
8
BLACK
6
CONTINUOUS
10
0.5790667716535433
20
0.7893536220472441
11
0.5819805905511811
21
0.7837417322834646
0
LINE
8
BLACK
6
CONTINUOUS
10
0.5819805905511811
20
0.7837417322834646
11
0.5823943307086614
21
0.7826604724409448
0
LINE
8
BLACK
6
CONTINUOUS
10
0.5823943307086614
20
0.7826604724409448
11
0.5824093307086614
21
0.7824488582677165
0
LINE
8
BLACK
6
CONTINUOUS
10
0.5824093307086614
20
0.7824488582677165
11
0.5824905905511811
21
0.7822527952755906
0
LINE
8
BLACK
6
CONTINUOUS
10
0.5824905905511811
20
0.7822527952755906
11
0.5825112992125984
21
0.7810141732283464
0
LINE
8
BLACK
6
CONTINUOUS
10
0.5825112992125984
20
0.7810141732283464
11
0.5825576771653543
21
0.7803620472440945
0
LINE
8
BLACK
6
CONTINUOUS
10
0.5825576771653543
20
0.7803620472440945
11
0.582523937007874
21
0.7802608267716535
0
LINE
8
BLACK
6
CONTINUOUS
10
0.582523937007874
20
0.7802608267716535
11
0.5826040551181102
21
0.7754763779527559
0
LINE
8
BLACK
6
CONTINUOUS
10
0.5826040551181102
20
0.7754763779527559
11
0.5825466141732283
21
0.7748932283464567
0
LINE
8
BLACK
6
CONTINUOUS
10
0.5825466141732283
20
0.7748932283464567
11
0.5825576771653543
21
0.7747377559055117
0
LINE
8
BLACK
6
CONTINUOUS
10
0.5825576771653543
20
0.7747377559055117
11
0.5825196062992126
21
0.7746191732283464
0
LINE
8
BLACK
6
CONTINUOUS
10
0.5825196062992126
20
0.7746191732283464
11
0.5824905905511811
21
0.774324251968504
0
LINE
8
BLACK
6
CONTINUOUS
10
0.5824905905511811
20
0.774324251968504
11
0.5821997244094488
21
0.7736220472440944
0
LINE
8
BLACK
6
CONTINUOUS
10
0.5821997244094488
20
0.7736220472440944
11
0.5794888188976378
21
0.7651724409448819
0
LINE
8
BLACK
6
CONTINUOUS
10
0.5794888188976378
20
0.7651724409448819
11
0.5790168503937008
21
0.7641153149606299
0
LINE
8
BLACK
6
CONTINUOUS
10
0.5790168503937008
20
0.7641153149606299
11
0.578877874015748
21
0.7639550787401574
0
LINE
8
BLACK
6
CONTINUOUS
10
0.578877874015748
20
0.7639550787401574
11
0.5787966535433071
21
0.7637589763779528
0
LINE
8
BLACK
6
CONTINUOUS
10
0.5787966535433071
20
0.7637589763779528
11
0.5781059842519685
21
0.7630650787401575
0
LINE
8
BLACK
6
CONTINUOUS
10
0.5781059842519685
20
0.7630650787401575
11
0.5775070866141733
21
0.7623745669291339
0
LINE
8
BLACK
6
CONTINUOUS
10
0.5775070866141733
20
0.7623745669291339
11
0.5773310236220472
21
0.7622865354330709
0
LINE
8
BLACK
6
CONTINUOUS
10
0.5773310236220472
20
0.7622865354330709
11
0.5542838976377953
21
0.7391321653543307
0
LINE
8
BLACK
6
CONTINUOUS
10
0.5542838976377953
20
0.7391321653543307
11
0.5766985433070866
21
0.7391996456692913
0
LINE
8
BLACK
6
CONTINUOUS
10
0.5766985433070866
20
0.7391996456692913
11
0.5778506692913385
21
0.7390861811023622
0
LINE
8
BLACK
6
CONTINUOUS
10
0.5778506692913385
20
0.7390861811023622
11
0.5799794881889764
21
0.7382043700787402
0
LINE
8
BLACK
6
CONTINUOUS
10
0.5799794881889764
20
0.7382043700787402
11
0.5816087795275591
21
0.7365750787401575
0
LINE
8
BLACK
6
CONTINUOUS
10
0.5816087795275591
20
0.7365750787401575
11
0.5824905905511811
21
0.7344462598425197
0
LINE
8
BLACK
6
CONTINUOUS
10
0.5824905905511811
20
0.7344462598425197
11
0.5824905905511811
21
0.7321420078740157
0
LINE
8
BLACK
6
CONTINUOUS
10
0.5824905905511811
20
0.7321420078740157
11
0.5816087795275591
21
0.7300131889763779
0
LINE
8
BLACK
6
CONTINUOUS
10
0.5816087795275591
20
0.7300131889763779
11
0.5799794881889764
21
0.7283838976377952
0
LINE
8
BLACK
6
CONTINUOUS
10
0.5799794881889764
20
0.7283838976377952
11
0.5778506692913385
21
0.7275020866141733
0
LINE
8
BLACK
6
CONTINUOUS
10
0.5778506692913385
20
0.7275020866141733
11
0.5401405905511811
21
0.7273886220472441
0
LINE
8
BLACK
6
CONTINUOUS
10
0.5401405905511811
20
0.7273886220472441
11
0.5389884645669292
21
0.7275020866141733
0
LINE
8
BLACK
6
CONTINUOUS
10
0.5389884645669292
20
0.7275020866141733
11
0.537718937007874
21
0.7280279527559055
0
LINE
8
BLACK
6
CONTINUOUS
10
0.537718937007874
20
0.7280279527559055
11
0.5368596850393701
21
0.7283838582677166
0
LINE
8
BLACK
6
CONTINUOUS
10
0.5368596850393701
20
0.7283838582677166
11
0.5352303149606299
21
0.7300132283464567
0
LINE
8
BLACK
6
CONTINUOUS
10
0.5352303149606299
20
0.7300132283464567
11
0.5347137795275591
21
0.7312602362204724
0
LINE
8
BLACK
6
CONTINUOUS
10
0.5347137795275591
20
0.7312602362204724
11
0.5343485433070866
21
0.7321420078740157
0
LINE
8
BLACK
6
CONTINUOUS
10
0.5343485433070866
20
0.7321420078740157
11
0.5343485433070866
21
0.7344462598425197
0
LINE
8
BLACK
6
CONTINUOUS
10
0.5343485433070866
20
0.7344462598425197
11
0.5349388976377952
21
0.7358714566929133
0
LINE
8
BLACK
6
CONTINUOUS
10
0.5349388976377952
20
0.7358714566929133
11
0.5352303149606299
21
0.7365750393700787
0
LINE
8
BLACK
6
CONTINUOUS
10
0.5352303149606299
20
0.7365750393700787
11
0.5688538582677165
21
0.7703550393700788
0
LINE
8
BLACK
6
CONTINUOUS
10
0.5688538582677165
20
0.7703550393700788
11
0.5708678346456693
21
0.7766325196850393
0
LINE
8
BLACK
6
CONTINUOUS
10
0.5708678346456693
20
0.7766325196850393
11
0.5708143307086614
21
0.7798274015748031
0
LINE
8
BLACK
6
CONTINUOUS
10
0.5708143307086614
20
0.7798274015748031
11
0.5689703149606299
21
0.7833790157480315
0
LINE
8
BLACK
6
CONTINUOUS
10
0.5689703149606299
20
0.7833790157480315
11
0.5674481102362204
21
0.7848353149606299
0
LINE
8
BLACK
6
CONTINUOUS
10
0.5674481102362204
20
0.7848353149606299
11
0.5639107086614173
21
0.786537125984252
0
LINE
8
BLACK
6
CONTINUOUS
10
0.5639107086614173
20
0.786537125984252
11
0.5526392913385827
21
0.7864530314960629
0
LINE
8
BLACK
6
CONTINUOUS
10
0.5526392913385827
20
0.7864530314960629
11
0.5491107874015748
21
0.7846210236220472
0
LINE
8
BLACK
6
CONTINUOUS
10
0.5491107874015748
20
0.7846210236220472
11
0.5471285826771654
21
0.7825491338582677
0
LINE
8
BLACK
6
CONTINUOUS
10
0.5471285826771654
20
0.7825491338582677
11
0.5462336614173228
21
0.78181468503937
0
LINE
8
BLACK
6
CONTINUOUS
10
0.5462336614173228
20
0.78181468503937
11
0.5441048425196851
21
0.7809329133858267
0
LINE
8
BLACK
6
CONTINUOUS
10
0.5441048425196851
20
0.7809329133858267
11
0.5418006692913385
21
0.7809329133858267
0
LINE
8
BLACK
6
CONTINUOUS
10
0.5418006692913385
20
0.7809329133858267
11
0.5396718503937008
21
0.78181468503937
0
LINE
8
BLACK
6
CONTINUOUS
10
0.5396718503937008
20
0.78181468503937
11
0.5380424803149606
21
0.7834440551181102
0
LINE
8
BLACK
6
CONTINUOUS
10
0.5380424803149606
20
0.7834440551181102
11
0.5371607086614173
21
0.785572874015748
0
LINE
8
BLACK
6
CONTINUOUS
10
0.5371607086614173
20
0.785572874015748
11
0.5371607086614173
21
0.7878770472440945
0
LINE
8
BLACK
6
CONTINUOUS
10
0.5371607086614173
20
0.7878770472440945
11
0.5380424803149606
21
0.7900058661417323
0
LINE
8
BLACK
6
CONTINUOUS
10
0.5380424803149606
20
0.7900058661417323
11
0.5415890551181102
21
0.7937129133858267
0
LINE
8
BLACK
6
CONTINUOUS
10
0.5415890551181102
20
0.7937129133858267
11
0.5420418897637795
21
0.7940845669291339
0
LINE
8
BLACK
6
CONTINUOUS
10
0.5420418897637795
20
0.7940845669291339
11
0.542144094488189
21
0.7942024015748032
0
LINE
8
BLACK
6
CONTINUOUS
10
0.542144094488189
20
0.7942024015748032
11
0.5422566929133859
21
0.7942608661417323
0
LINE
8
BLACK
6
CONTINUOUS
10
0.5422566929133859
20
0.7942608661417323
11
0.542483937007874
21
0.7944473622047243
0
LINE
8
BLACK
6
CONTINUOUS
10
0.542483937007874
20
0.7944473622047243
11
0.5431362598425197
21
0.7947175196850393
0
LINE
8
BLACK
6
CONTINUOUS
10
0.5431362598425197
20
0.7947175196850393
11
0.5487481889763779
21
0.7976312992125985
0
LINE
8
BLACK
6
CONTINUOUS
10
0.5487481889763779
20
0.7976312992125985
11
0.5498294094488189
21
0.7980450787401575
0
LINE
8
BLACK
6
CONTINUOUS
10
0.5498294094488189
20
0.7980450787401575
11
0.5500411023622047
21
0.7980601181102362
0
LINE
8
BLACK
6
CONTINUOUS
10
0.5500411023622047
20
0.7980601181102362
11
0.5502370866141733
21
0.7981412992125984
0
LINE
8
BLACK
6
CONTINUOUS
10
0.5502370866141733
20
0.7981412992125984
11
0.5512946456692913
21
0.7981491732283464
0
LINE
8
BLACK
6
CONTINUOUS
10
0.5512946456692913
20
0.7981491732283464
11
0.5521278346456693
21
0.7982083858267717
0
LINE
8
BLACK
6
CONTINUOUS
10
0.5521278346456693
20
0.7982083858267717
11
0.5522832677165355
21
0.7981565354330709
0
LINE
8
BLACK
6
CONTINUOUS
10
0.5522832677165355
20
0.7981565354330709
11
0.5654499212598425
21
0.7982547637795275
0
LINE
8
BLACK
6
CONTINUOUS
10
0.5654499212598425
20
0.7982547637795275
11
0.5666020472440945
21
0.7981412992125984
0
LINE
8
BLACK
6
CONTINUOUS
10
0.3331937401574803
20
0.7981412992125984
11
0.3333898031496063
21
0.7980600393700787
0
LINE
8
BLACK
6
CONTINUOUS
10
0.3333898031496063
20
0.7980600393700787
11
0.3336014173228347
21
0.7980450393700788
0
LINE
8
BLACK
6
CONTINUOUS
10
0.3336014173228347
20
0.7980450393700788
11
0.3346874409448819
21
0.7975225196850394
0
LINE
8
BLACK
6
CONTINUOUS
10
0.3346874409448819
20
0.7975225196850394
11
0.3353225590551181
21
0.7972594881889764
0
LINE
8
BLACK
6
CONTINUOUS
10
0.3353225590551181
20
0.7972594881889764
11
0.3354043700787401
21
0.7971776377952756
0
LINE
8
BLACK
6
CONTINUOUS
10
0.3354043700787401
20
0.7971776377952756
11
0.3403069291338582
21
0.7948191338582677
0
LINE
8
BLACK
6
CONTINUOUS
10
0.3403069291338582
20
0.7948191338582677
11
0.3408027952755905
21
0.794506968503937
0
LINE
8
BLACK
6
CONTINUOUS
10
0.3408027952755905
20
0.794506968503937
11
0.3409467716535433
21
0.7944473622047243
0
LINE
8
BLACK
6
CONTINUOUS
10
0.3409467716535433
20
0.7944473622047243
11
0.3410414566929134
21
0.7943567322834646
0
LINE
8
BLACK
6
CONTINUOUS
10
0.3410414566929134
20
0.7943567322834646
11
0.3412866929133858
21
0.7942024015748032
0
LINE
8
BLACK
6
CONTINUOUS
10
0.3412866929133858
20
0.7942024015748032
11
0.3416953149606299
21
0.7937312204724409
0
LINE
8
BLACK
6
CONTINUOUS
10
0.3416953149606299
20
0.7937312204724409
11
0.3446538582677166
21
0.7909008267716535
0
LINE
8
BLACK
6
CONTINUOUS
10
0.3446538582677166
20
0.7909008267716535
11
0.3450255905511811
21
0.7904478346456693
0
LINE
8
BLACK
6
CONTINUOUS
10
0.3450255905511811
20
0.7904478346456693
11
0.3451433858267716
21
0.7903457086614173
0
LINE
8
BLACK
6
CONTINUOUS
10
0.3451433858267716
20
0.7903457086614173
11
0.3452018503937008
21
0.7902330708661417
0
LINE
8
BLACK
6
CONTINUOUS
10
0.3452018503937008
20
0.7902330708661417
11
0.3453883070866142
21
0.790005905511811
0
LINE
8
BLACK
6
CONTINUOUS
10
0.3453883070866142
20
0.790005905511811
11
0.3456585039370079
21
0.7893535433070866
0
LINE
8
BLACK
6
CONTINUOUS
10
0.3456585039370079
20
0.7893535433070866
11
0.3485722440944882
21
0.783741653543307
0
LINE
8
BLACK
6
CONTINUOUS
10
0.3485722440944882
20
0.783741653543307
11
0.3489860236220472
21
0.7826604330708661
0
LINE
8
BLACK
6
CONTINUOUS
10
0.3489860236220472
20
0.7826604330708661
11
0.3490010236220472
21
0.7824487795275591
0
LINE
8
BLACK
6
CONTINUOUS
10
0.3490010236220472
20
0.7824487795275591
11
0.3490822440944882
21
0.7822527952755906
0
LINE
8
BLACK
6
CONTINUOUS
10
0.3490822440944882
20
0.7822527952755906
11
0.3490956692913386
21
0.7811170472440945
0
LINE
8
BLACK
6
CONTINUOUS
10
0.3490956692913386
20
0.7811170472440945
11
0.3491493307086614
21
0.7803620078740158
0
LINE
8
BLACK
6
CONTINUOUS
10
0.3491493307086614
20
0.7803620078740158
11
0.3491061417322834
21
0.7802324409448819
0
LINE
8
BLACK
6
CONTINUOUS
10
0.3491061417322834
20
0.7802324409448819
11
0.3491957086614173
21
0.7726642125984252
0
LINE
8
BLACK
6
CONTINUOUS
10
0.3491957086614173
20
0.7726642125984252
11
0.3490822440944882
21
0.7715120866141733
0
LINE
8
BLACK
6
CONTINUOUS
10
0.3490822440944882
20
0.7715120866141733
11
0.3490010236220472
21
0.771316062992126
0
LINE
8
BLACK
6
CONTINUOUS
10
0.3490010236220472
20
0.771316062992126
11
0.3489860236220472
21
0.7711044488188976
0
LINE
8
BLACK
6
CONTINUOUS
10
0.3489860236220472
20
0.7711044488188976
11
0.3484633464566929
21
0.7700179921259842
0
LINE
8
BLACK
6
CONTINUOUS
10
0.3484633464566929
20
0.7700179921259842
11
0.3482004330708661
21
0.7693832677165354
0
LINE
8
BLACK
6
CONTINUOUS
10
0.3482004330708661
20
0.7693832677165354
11
0.3481186220472441
21
0.7693014566929134
0
LINE
8
BLACK
6
CONTINUOUS
10
0.3481186220472441
20
0.7693014566929134
11
0.3457601181102362
21
0.7643988976377952
0
LINE
8
BLACK
6
CONTINUOUS
10
0.3457601181102362
20
0.7643988976377952
11
0.345448031496063
21
0.7639031496062992
0
LINE
8
BLACK
6
CONTINUOUS
10
0.345448031496063
20
0.7639031496062992
11
0.3453883464566929
21
0.7637590157480315
0
LINE
8
BLACK
6
CONTINUOUS
10
0.3453883464566929
20
0.7637590157480315
11
0.3452975984251969
21
0.7636641732283465
0
LINE
8
BLACK
6
CONTINUOUS
10
0.3452975984251969
20
0.7636641732283465
11
0.3451433858267716
21
0.7634191732283464
0
LINE
8
BLACK
6
CONTINUOUS
10
0.3451433858267716
20
0.7634191732283464
11
0.3446724803149606
21
0.7630107874015748
0
LINE
8
BLACK
6
CONTINUOUS
10
0.3446724803149606
20
0.7630107874015748
11
0.3418417322834645
21
0.7600519291338582
0
LINE
8
BLACK
6
CONTINUOUS
10
0.3418417322834645
20
0.7600519291338582
11
0.3413888976377953
21
0.7596802755905512
0
LINE
8
BLACK
6
CONTINUOUS
10
0.3413888976377953
20
0.7596802755905512
11
0.3412866929133858
21
0.7595624409448819
0
LINE
8
BLACK
6
CONTINUOUS
10
0.3412866929133858
20
0.7595624409448819
11
0.3411739763779528
21
0.7595038976377952
0
LINE
8
BLACK
6
CONTINUOUS
10
0.3411739763779528
20
0.7595038976377952
11
0.3409468110236221
21
0.7593174803149606
0
LINE
8
BLACK
6
CONTINUOUS
10
0.3409468110236221
20
0.7593174803149606
11
0.3402944881889764
21
0.759047283464567
0
LINE
8
BLACK
6
CONTINUOUS
10
0.3402944881889764
20
0.759047283464567
11
0.3346826377952756
21
0.7561335826771654
0
LINE
8
BLACK
6
CONTINUOUS
10
0.3346826377952756
20
0.7561335826771654
11
0.3344744094488189
21
0.7560538976377953
0
LINE
8
BLACK
6
CONTINUOUS
10
0.3344744094488189
20
0.7560538976377953
11
0.3481281889763779
21
0.7366807086614173
0
LINE
8
BLACK
6
CONTINUOUS
10
0.3481281889763779
20
0.7366807086614173
11
0.3486959448818898
21
0.735671811023622
0
LINE
8
BLACK
6
CONTINUOUS
10
0.3486959448818898
20
0.735671811023622
11
0.3491943307086614
21
0.7334221259842519
0
LINE
8
BLACK
6
CONTINUOUS
10
0.3491943307086614
20
0.7334221259842519
11
0.3487938976377953
21
0.7311529921259843
0
LINE
8
BLACK
6
CONTINUOUS
10
0.3487938976377953
20
0.7311529921259843
11
0.3475555905511811
21
0.7292098031496063
0
LINE
8
BLACK
6
CONTINUOUS
10
0.3475555905511811
20
0.7292098031496063
11
0.345667874015748
21
0.7278883858267716
0
LINE
8
BLACK
6
CONTINUOUS
10
0.345667874015748
20
0.7278883858267716
11
0.3434181889763779
21
0.72739
0
LINE
8
BLACK
6
CONTINUOUS
10
0.3434181889763779
20
0.72739
11
0.3411490551181102
21
0.7277904330708661
0
LINE
8
BLACK
6
CONTINUOUS
10
0.3411490551181102
20
0.7277904330708661
11
0.3392058661417323
21
0.7290287401574803
0
LINE
8
BLACK
6
CONTINUOUS
10
0.3392058661417323
20
0.7290287401574803
11
0.3205053543307086
21
0.7555626771653543
0
LINE
8
BLACK
6
CONTINUOUS
10
0.3205053543307086
20
0.7555626771653543
11
0.3154079921259842
21
0.7555382283464567
0
LINE
8
BLACK
6
CONTINUOUS
10
0.3154079921259842
20
0.7555382283464567
11
0.3154499212598425
21
0.7332941338582677
0
LINE
8
BLACK
6
CONTINUOUS
10
0.3154499212598425
20
0.7332941338582677
11
0.3153364566929134
21
0.7321420078740157
0
LINE
8
BLACK
6
CONTINUOUS
10
0.3153364566929134
20
0.7321420078740157
11
0.3144546456692913
21
0.7300131889763779
0
LINE
8
BLACK
6
CONTINUOUS
10
0.3144546456692913
20
0.7300131889763779
11
0.3128253543307086
21
0.7283838976377952
0
LINE
8
BLACK
6
CONTINUOUS
10
0.3128253543307086
20
0.7283838976377952
11
0.3106965354330709
21
0.7275020866141733
0
LINE
8
BLACK
6
CONTINUOUS
10
0.3106965354330709
20
0.7275020866141733
11
0.3083922834645669
21
0.7275020866141733
0
LINE
8
BLACK
6
CONTINUOUS
10
0.3083922834645669
20
0.7275020866141733
11
0.3062634645669291
21
0.7283838976377952
0
LINE
8
BLACK
6
CONTINUOUS
10
0.3062634645669291
20
0.7283838976377952
11
0.3046341732283465
21
0.7300131889763779
0
LINE
8
BLACK
6
CONTINUOUS
10
0.3046341732283465
20
0.7300131889763779
11
0.3037523622047244
21
0.7321420078740157
0
LINE
8
BLACK
6
CONTINUOUS
10
0.3037523622047244
20
0.7321420078740157
11
0.3036388976377953
21
0.7923492519685039
0
LINE
8
BLACK
6
CONTINUOUS
10
0.3036388976377953
20
0.7923492519685039
11
0.3037523622047244
21
0.7935013779527559
0
LINE
8
BLACK
6
CONTINUOUS
10
0.3037523622047244
20
0.7935013779527559
11
0.3046341732283465
21
0.7956301968503937
0
LINE
8
BLACK
6
CONTINUOUS
10
0.3046341732283465
20
0.7956301968503937
11
0.3062634645669291
21
0.7972594881889764
0
LINE
8
BLACK
6
CONTINUOUS
10
0.3062634645669291
20
0.7972594881889764
11
0.3083922834645669
21
0.7981412992125984
0
LINE
8
BLACK
6
CONTINUOUS
10
0.3083922834645669
20
0.7981412992125984
11
0.3320416141732284
21
0.7982547637795275
0
LINE
8
BLACK
6
CONTINUOUS
10
0.3320416141732284
20
0.7982547637795275
11
0.3331937401574803
21
0.7981412992125984
0
LINE
8
BLACK
6
CONTINUOUS
10
0.3153496850393701
20
0.7864715748031496
11
0.3153859448818898
21
0.7672412204724409
0
LINE
8
BLACK
6
CONTINUOUS
10
0.3153859448818898
20
0.7672412204724409
11
0.323293937007874
21
0.7672791338582677
0
LINE
8
BLACK
6
CONTINUOUS
10
0.323293937007874
20
0.7672791338582677
11
0.3234771653543307
21
0.7673197637795275
0
LINE
8
BLACK
6
CONTINUOUS
10
0.3234771653543307
20
0.7673197637795275
11
0.323696220472441
21
0.7672811023622047
0
LINE
8
BLACK
6
CONTINUOUS
10
0.323696220472441
20
0.7672811023622047
11
0.3307979921259843
21
0.767315157480315
0
LINE
8
BLACK
6
CONTINUOUS
10
0.3307979921259843
20
0.767315157480315
11
0.3343199606299213
21
0.7691437795275591
0
LINE
8
BLACK
6
CONTINUOUS
10
0.3343199606299213
20
0.7691437795275591
11
0.3357762992125984
21
0.7706660236220473
0
LINE
8
BLACK
6
CONTINUOUS
10
0.3357762992125984
20
0.7706660236220473
11
0.3374665748031496
21
0.7741794881889763
0
LINE
8
BLACK
6
CONTINUOUS
10
0.3374665748031496
20
0.7741794881889763
11
0.3373995669291339
21
0.7798397637795276
0
LINE
8
BLACK
6
CONTINUOUS
10
0.3373995669291339
20
0.7798397637795276
11
0.3355620078740157
21
0.7833790157480315
0
LINE
8
BLACK
6
CONTINUOUS
10
0.3355620078740157
20
0.7833790157480315
11
0.3340397244094488
21
0.7848353543307086
0
LINE
8
BLACK
6
CONTINUOUS
10
0.3340397244094488
20
0.7848353543307086
11
0.3304876771653543
21
0.7865442125984252
0
LINE
8
BLACK
6
CONTINUOUS
10
0.3304876771653543
20
0.7865442125984252
11
0.3153496850393701
21
0.7864715748031496
0
LINE
8
BLACK
6
CONTINUOUS
10
0.5259402362204725
20
0.7779303937007874
11
0.5277521259842519
21
0.7765068110236221
0
LINE
8
BLACK
6
CONTINUOUS
10
0.5277521259842519
20
0.7765068110236221
11
0.5288812204724409
21
0.7744981889763779
0
LINE
8
BLACK
6
CONTINUOUS
10
0.5288812204724409
20
0.7744981889763779
11
0.529155748031496
21
0.7722104330708661
0
LINE
8
BLACK
6
CONTINUOUS
10
0.529155748031496
20
0.7722104330708661
11
0.5285338976377952
21
0.7699916929133858
0
LINE
8
BLACK
6
CONTINUOUS
10
0.5285338976377952
20
0.7699916929133858
11
0.5152406299212599
21
0.7529956299212598
0
LINE
8
BLACK
6
CONTINUOUS
10
0.5152406299212599
20
0.7529956299212598
11
0.5279113385826771
21
0.7369426771653543
0
LINE
8
BLACK
6
CONTINUOUS
10
0.5279113385826771
20
0.7369426771653543
11
0.5285338976377952
21
0.735966653543307
0
LINE
8
BLACK
6
CONTINUOUS
10
0.5285338976377952
20
0.735966653543307
11
0.529155748031496
21
0.7337479133858268
0
LINE
8
BLACK
6
CONTINUOUS
10
0.529155748031496
20
0.7337479133858268
11
0.5288812204724409
21
0.7314601574803149
0
LINE
8
BLACK
6
CONTINUOUS
10
0.5288812204724409
20
0.7314601574803149
11
0.5277521259842519
21
0.7294515354330708
0
LINE
8
BLACK
6
CONTINUOUS
10
0.5277521259842519
20
0.7294515354330708
11
0.5259402362204725
21
0.7280279527559055
0
LINE
8
BLACK
6
CONTINUOUS
10
0.5259402362204725
20
0.7280279527559055
11
0.5237214960629921
21
0.7274061023622047
0
LINE
8
BLACK
6
CONTINUOUS
10
0.5237214960629921
20
0.7274061023622047
11
0.5214337401574803
21
0.7276806299212598
0
LINE
8
BLACK
6
CONTINUOUS
10
0.5214337401574803
20
0.7276806299212598
11
0.5194251181102362
21
0.7288097244094488
0
LINE
8
BLACK
6
CONTINUOUS
10
0.5194251181102362
20
0.7288097244094488
11
0.507821811023622
21
0.7435103543307087
0
LINE
8
BLACK
6
CONTINUOUS
10
0.507821811023622
20
0.7435103543307087
11
0.4969776771653543
21
0.7296455905511811
0
LINE
8
BLACK
6
CONTINUOUS
10
0.4969776771653543
20
0.7296455905511811
11
0.4961766535433071
21
0.7288097244094488
0
LINE
8
BLACK
6
CONTINUOUS
10
0.4961766535433071
20
0.7288097244094488
11
0.494168031496063
21
0.7276806299212598
0
LINE
8
BLACK
6
CONTINUOUS
10
0.494168031496063
20
0.7276806299212598
11
0.4918802755905512
21
0.7274061023622047
0
LINE
8
BLACK
6
CONTINUOUS
10
0.4918802755905512
20
0.7274061023622047
11
0.4896615354330708
21
0.7280279527559055
0
LINE
8
BLACK
6
CONTINUOUS
10
0.4896615354330708
20
0.7280279527559055
11
0.4878496456692913
21
0.7294515354330708
0
LINE
8
BLACK
6
CONTINUOUS
10
0.4878496456692913
20
0.7294515354330708
11
0.4867205511811024
21
0.7314601574803149
0
LINE
8
BLACK
6
CONTINUOUS
10
0.4867205511811024
20
0.7314601574803149
11
0.4864460236220473
21
0.7337479133858268
0
LINE
8
BLACK
6
CONTINUOUS
10
0.4864460236220473
20
0.7337479133858268
11
0.487067874015748
21
0.735966653543307
0
LINE
8
BLACK
6
CONTINUOUS
10
0.487067874015748
20
0.735966653543307
11
0.5003611023622048
21
0.7529626771653544
0
LINE
8
BLACK
6
CONTINUOUS
10
0.5003611023622048
20
0.7529626771653544
11
0.4876904330708661
21
0.7690156692913386
0
LINE
8
BLACK
6
CONTINUOUS
10
0.4876904330708661
20
0.7690156692913386
11
0.487067874015748
21
0.7699916929133858
0
LINE
8
BLACK
6
CONTINUOUS
10
0.487067874015748
20
0.7699916929133858
11
0.4864460236220473
21
0.7722104330708661
0
LINE
8
BLACK
6
CONTINUOUS
10
0.4864460236220473
20
0.7722104330708661
11
0.4867205511811024
21
0.7744981889763779
0
LINE
8
BLACK
6
CONTINUOUS
10
0.4867205511811024
20
0.7744981889763779
11
0.4878496456692913
21
0.7765068110236221
0
LINE
8
BLACK
6
CONTINUOUS
10
0.4878496456692913
20
0.7765068110236221
11
0.4896615354330708
21
0.7779303937007874
0
LINE
8
BLACK
6
CONTINUOUS
10
0.4896615354330708
20
0.7779303937007874
11
0.4918802755905512
21
0.7785522440944882
0
LINE
8
BLACK
6
CONTINUOUS
10
0.4918802755905512
20
0.7785522440944882
11
0.494168031496063
21
0.7782777165354331
0
LINE
8
BLACK
6
CONTINUOUS
10
0.494168031496063
20
0.7782777165354331
11
0.4961766535433071
21
0.7771486220472441
0
LINE
8
BLACK
6
CONTINUOUS
10
0.4961766535433071
20
0.7771486220472441
11
0.5077799212598425
21
0.7624479527559055
0
LINE
8
BLACK
6
CONTINUOUS
10
0.5077799212598425
20
0.7624479527559055
11
0.5186240944881889
21
0.7763127559055117
0
LINE
8
BLACK
6
CONTINUOUS
10
0.5186240944881889
20
0.7763127559055117
11
0.5194251181102362
21
0.7771486220472441
0
LINE
8
BLACK
6
CONTINUOUS
10
0.5194251181102362
20
0.7771486220472441
11
0.5214337401574803
21
0.7782777165354331
0
LINE
8
BLACK
6
CONTINUOUS
10
0.5214337401574803
20
0.7782777165354331
11
0.5237214960629921
21
0.7785522440944882
0
LINE
8
BLACK
6
CONTINUOUS
10
0.5237214960629921
20
0.7785522440944882
11
0.5259402362204725
21
0.7779303937007874
0
LINE
8
BLACK
6
CONTINUOUS
10
0.2122582677165354
20
0.7980749212598425
11
0.212679094488189
21
0.7980450393700788
0
LINE
8
BLACK
6
CONTINUOUS
10
0.212679094488189
20
0.7980450393700788
11
0.2133413385826771
21
0.7977138976377952
0
LINE
8
BLACK
6
CONTINUOUS
10
0.2133413385826771
20
0.7977138976377952
11
0.2140438582677165
21
0.7974797244094488
0
LINE
8
BLACK
6
CONTINUOUS
10
0.2140438582677165
20
0.7974797244094488
11
0.2143625984251968
21
0.7972032283464566
0
LINE
8
BLACK
6
CONTINUOUS
10
0.2143625984251968
20
0.7972032283464566
11
0.21474
21
0.7970145669291339
0
LINE
8
BLACK
6
CONTINUOUS
10
0.21474
20
0.7970145669291339
11
0.215225157480315
21
0.7964551574803149
0
LINE
8
BLACK
6
CONTINUOUS
10
0.215225157480315
20
0.7964551574803149
11
0.2157845669291339
21
0.79597
0
LINE
8
BLACK
6
CONTINUOUS
10
0.2157845669291339
20
0.79597
11
0.2159732283464567
21
0.7955925984251968
0
LINE
8
BLACK
6
CONTINUOUS
10
0.2159732283464567
20
0.7955925984251968
11
0.2162497244094488
21
0.7952738582677166
0
LINE
8
BLACK
6
CONTINUOUS
10
0.2162497244094488
20
0.7952738582677166
11
0.2164881102362205
21
0.7945629133858267
0
LINE
8
BLACK
6
CONTINUOUS
10
0.2164881102362205
20
0.7945629133858267
11
0.2168150393700787
21
0.7939090944881889
0
LINE
8
BLACK
6
CONTINUOUS
10
0.2168150393700787
20
0.7939090944881889
11
0.2168439763779527
21
0.7935015748031495
0
LINE
8
BLACK
6
CONTINUOUS
10
0.2168439763779527
20
0.7935015748031495
11
0.2364067716535433
21
0.7351616141732283
0
LINE
8
BLACK
6
CONTINUOUS
10
0.2364067716535433
20
0.7351616141732283
11
0.2366634645669291
21
0.734032716535433
0
LINE
8
BLACK
6
CONTINUOUS
10
0.2366634645669291
20
0.734032716535433
11
0.2365000787401575
21
0.7317342913385827
0
LINE
8
BLACK
6
CONTINUOUS
10
0.2365000787401575
20
0.7317342913385827
11
0.2354696062992126
21
0.7296733858267717
0
LINE
8
BLACK
6
CONTINUOUS
10
0.2354696062992126
20
0.7296733858267717
11
0.2337288976377953
21
0.7281636614173228
0
LINE
8
BLACK
6
CONTINUOUS
10
0.2337288976377953
20
0.7281636614173228
11
0.2315429133858268
21
0.7274349606299212
0
LINE
8
BLACK
6
CONTINUOUS
10
0.2315429133858268
20
0.7274349606299212
11
0.2292444881889764
21
0.7275983464566929
0
LINE
8
BLACK
6
CONTINUOUS
10
0.2292444881889764
20
0.7275983464566929
11
0.2271835433070866
21
0.728628779527559
0
LINE
8
BLACK
6
CONTINUOUS
10
0.2271835433070866
20
0.728628779527559
11
0.2256738188976378
21
0.7303695275590552
0
LINE
8
BLACK
6
CONTINUOUS
10
0.2256738188976378
20
0.7303695275590552
11
0.2209844094488189
21
0.7443542125984252
0
LINE
8
BLACK
6
CONTINUOUS
10
0.2209844094488189
20
0.7443542125984252
11
0.201294842519685
21
0.7442779133858267
0
LINE
8
BLACK
6
CONTINUOUS
10
0.201294842519685
20
0.7442779133858267
11
0.1970366535433071
21
0.731426653543307
0
LINE
8
BLACK
6
CONTINUOUS
10
0.1970366535433071
20
0.731426653543307
11
0.1965646850393701
21
0.7303695275590552
0
LINE
8
BLACK
6
CONTINUOUS
10
0.1965646850393701
20
0.7303695275590552
11
0.1950549606299213
21
0.7286288188976378
0
LINE
8
BLACK
6
CONTINUOUS
10
0.1950549606299213
20
0.7286288188976378
11
0.1929940551181102
21
0.7275983464566929
0
LINE
8
BLACK
6
CONTINUOUS
10
0.1929940551181102
20
0.7275983464566929
11
0.1906955905511811
21
0.7274349999999999
0
LINE
8
BLACK
6
CONTINUOUS
10
0.1906955905511811
20
0.7274349999999999
11
0.1885096062992126
21
0.7281636614173228
0
LINE
8
BLACK
6
CONTINUOUS
10
0.1885096062992126
20
0.7281636614173228
11
0.1867688976377953
21
0.7296733858267717
0
LINE
8
BLACK
6
CONTINUOUS
10
0.1867688976377953
20
0.7296733858267717
11
0.1857384251968504
21
0.7317342913385827
0
LINE
8
BLACK
6
CONTINUOUS
10
0.1857384251968504
20
0.7317342913385827
11
0.1855750787401575
21
0.7340327559055118
0
LINE
8
BLACK
6
CONTINUOUS
10
0.1855750787401575
20
0.7340327559055118
11
0.1912664566929134
21
0.751209251968504
0
LINE
8
BLACK
6
CONTINUOUS
10
0.1912664566929134
20
0.751209251968504
11
0.1912664566929134
21
0.7513191338582677
0
LINE
8
BLACK
6
CONTINUOUS
10
0.1912664566929134
20
0.7513191338582677
11
0.1914483464566929
21
0.7517582677165354
0
LINE
8
BLACK
6
CONTINUOUS
10
0.1914483464566929
20
0.7517582677165354
11
0.205516811023622
21
0.7942167322834646
0
LINE
8
BLACK
6
CONTINUOUS
10
0.205516811023622
20
0.7942167322834646
11
0.2059887795275591
21
0.7952738582677166
0
LINE
8
BLACK
6
CONTINUOUS
10
0.2059887795275591
20
0.7952738582677166
11
0.2062652362204724
21
0.7955926377952756
0
LINE
8
BLACK
6
CONTINUOUS
10
0.2062652362204724
20
0.7955926377952756
11
0.206453937007874
21
0.79597
0
LINE
8
BLACK
6
CONTINUOUS
10
0.206453937007874
20
0.79597
11
0.2070132283464567
21
0.7964550787401574
0
LINE
8
BLACK
6
CONTINUOUS
10
0.2070132283464567
20
0.7964550787401574
11
0.2074985039370079
21
0.7970146062992126
0
LINE
8
BLACK
6
CONTINUOUS
10
0.2074985039370079
20
0.7970146062992126
11
0.2078759448818898
21
0.7972033070866141
0
LINE
8
BLACK
6
CONTINUOUS
10
0.2078759448818898
20
0.7972033070866141
11
0.2081946456692913
21
0.7974797244094488
0
LINE
8
BLACK
6
CONTINUOUS
10
0.2081946456692913
20
0.7974797244094488
11
0.2088970866141732
21
0.7977138582677166
0
LINE
8
BLACK
6
CONTINUOUS
10
0.2088970866141732
20
0.7977138582677166
11
0.2095594488188976
21
0.7980450393700788
0
LINE
8
BLACK
6
CONTINUOUS
10
0.2095594488188976
20
0.7980450393700788
11
0.2099803149606299
21
0.7980749212598425
0
LINE
8
BLACK
6
CONTINUOUS
10
0.2099803149606299
20
0.7980749212598425
11
0.2103806299212598
21
0.7982083858267717
0
LINE
8
BLACK
6
CONTINUOUS
10
0.2103806299212598
20
0.7982083858267717
11
0.2111190551181102
21
0.798155905511811
0
LINE
8
BLACK
6
CONTINUOUS
10
0.2111190551181102
20
0.798155905511811
11
0.211857874015748
21
0.7982084251968504
0
LINE
8
BLACK
6
CONTINUOUS
10
0.211857874015748
20
0.7982084251968504
11
0.2122582677165354
21
0.7980749212598425
0
LINE
8
BLACK
6
CONTINUOUS
10
0.2051772834645669
20
0.7559949606299212
11
0.2170655511811024
21
0.7560410629921259
0
LINE
8
BLACK
6
CONTINUOUS
10
0.2170655511811024
20
0.7560410629921259
11
0.2110936220472441
21
0.7738504724409448
0
LINE
8
BLACK
6
CONTINUOUS
10
0.2110936220472441
20
0.7738504724409448
11
0.2051772834645669
21
0.7559949606299212
0
LINE
8
BLACK
6
CONTINUOUS
10
0.3712569291338583
20
0.7440869291338582
11
0.3718804330708662
21
0.7438287007874016
0
LINE
8
BLACK
6
CONTINUOUS
10
0.3718804330708662
20
0.7438287007874016
11
0.3718812992125984
21
0.7438277952755905
0
LINE
8
BLACK
6
CONTINUOUS
10
0.3718812992125984
20
0.7438277952755905
11
0.3755874803149606
21
0.7402821653543307
0
LINE
8
BLACK
6
CONTINUOUS
10
0.3755874803149606
20
0.7402821653543307
11
0.3763219291338583
21
0.7393872440944882
0
LINE
8
BLACK
6
CONTINUOUS
10
0.3763219291338583
20
0.7393872440944882
11
0.376321968503937
21
0.7393872047244094
0
LINE
8
BLACK
6
CONTINUOUS
10
0.376321968503937
20
0.7393872047244094
11
0.3772037401574803
21
0.7372583858267716
0
LINE
8
BLACK
6
CONTINUOUS
10
0.3772037401574803
20
0.7372583858267716
11
0.3772037401574803
21
0.7349542125984252
0
LINE
8
BLACK
6
CONTINUOUS
10
0.3772037401574803
20
0.7349542125984252
11
0.376321968503937
21
0.7328253937007874
0
LINE
8
BLACK
6
CONTINUOUS
10
0.376321968503937
20
0.7328253937007874
11
0.3727753543307086
21
0.7291183070866142
0
LINE
8
BLACK
6
CONTINUOUS
10
0.3727753543307086
20
0.7291183070866142
11
0.3718804330708662
21
0.7283838582677166
0
LINE
8
BLACK
6
CONTINUOUS
10
0.3718804330708662
20
0.7283838582677166
11
0.3710211811023622
21
0.7280279527559055
0
LINE
8
BLACK
6
CONTINUOUS
10
0.3710211811023622
20
0.7280279527559055
11
0.3697516535433071
21
0.7275020866141733
0
LINE
8
BLACK
6
CONTINUOUS
10
0.3697516535433071
20
0.7275020866141733
11
0.3697516141732283
21
0.7275020866141733
0
LINE
8
BLACK
6
CONTINUOUS
10
0.3697516141732283
20
0.7275020866141733
11
0.3697515748031496
21
0.7275020866141733
0
LINE
8
BLACK
6
CONTINUOUS
10
0.3697515748031496
20
0.7275020866141733
11
0.3674474409448819
21
0.7275020866141733
0
LINE
8
BLACK
6
CONTINUOUS
10
0.3674474409448819
20
0.7275020866141733
11
0.3674474015748032
21
0.7275020866141733
0
LINE
8
BLACK
6
CONTINUOUS
10
0.3674474015748032
20
0.7275020866141733
11
0.366177874015748
21
0.7280279527559055
0
LINE
8
BLACK
6
CONTINUOUS
10
0.366177874015748
20
0.7280279527559055
11
0.3653186220472441
21
0.7283838582677166
0
LINE
8
BLACK
6
CONTINUOUS
10
0.3653186220472441
20
0.7283838582677166
11
0.3653185826771653
21
0.7283838976377952
0
LINE
8
BLACK
6
CONTINUOUS
10
0.3653185826771653
20
0.7283838976377952
11
0.3616115354330708
21
0.7319305118110236
0
LINE
8
BLACK
6
CONTINUOUS
10
0.3616115354330708
20
0.7319305118110236
11
0.3608772834645669
21
0.7328251968503937
0
LINE
8
BLACK
6
CONTINUOUS
10
0.3608772834645669
20
0.7328251968503937
11
0.360877125984252
21
0.7328253937007874
0
LINE
8
BLACK
6
CONTINUOUS
10
0.360877125984252
20
0.7328253937007874
11
0.3599953543307087
21
0.7349542125984252
0
LINE
8
BLACK
6
CONTINUOUS
10
0.3599953543307087
20
0.7349542125984252
11
0.3599953543307087
21
0.7372583858267716
0
LINE
8
BLACK
6
CONTINUOUS
10
0.3599953543307087
20
0.7372583858267716
11
0.3600829921259843
21
0.7374699212598425
0
LINE
8
BLACK
6
CONTINUOUS
10
0.3600829921259843
20
0.7374699212598425
11
0.360488779527559
21
0.7384496456692913
0
LINE
8
BLACK
6
CONTINUOUS
10
0.360488779527559
20
0.7384496456692913
11
0.360877125984252
21
0.7393872047244094
0
LINE
8
BLACK
6
CONTINUOUS
10
0.360877125984252
20
0.7393872047244094
11
0.3644237007874015
21
0.7430942519685039
0
LINE
8
BLACK
6
CONTINUOUS
10
0.3644237007874015
20
0.7430942519685039
11
0.3653185826771653
21
0.7438287007874016
0
LINE
8
BLACK
6
CONTINUOUS
10
0.3653185826771653
20
0.7438287007874016
11
0.3662003543307086
21
0.7441938976377953
0
LINE
8
BLACK
6
CONTINUOUS
10
0.3662003543307086
20
0.7441938976377953
11
0.3674474015748032
21
0.7447104724409449
0
LINE
8
BLACK
6
CONTINUOUS
10
0.3674474015748032
20
0.7447104724409449
11
0.3697516535433071
21
0.7447104724409449
0
LINE
8
BLACK
6
CONTINUOUS
10
0.3697516535433071
20
0.7447104724409449
11
0.3712569291338583
21
0.7440869291338582
0
LINE
8
BLACK
6
CONTINUOUS
10
0.6161810629921259
20
0.8002918897637795
11
0.6179217716535433
21
0.7987821259842519
0
LINE
8
BLACK
6
CONTINUOUS
10
0.6179217716535433
20
0.7987821259842519
11
0.6189522440944881
21
0.7967212204724409
0
LINE
8
BLACK
6
CONTINUOUS
10
0.6189522440944881
20
0.7967212204724409
11
0.619115590551181
21
0.7944227952755906
0
LINE
8
BLACK
6
CONTINUOUS
10
0.619115590551181
20
0.7944227952755906
11
0.6073394094488189
21
0.7587991732283464
0
LINE
8
BLACK
6
CONTINUOUS
10
0.6073394094488189
20
0.7587991732283464
11
0.6214503937007874
21
0.7588416141732284
0
LINE
8
BLACK
6
CONTINUOUS
10
0.6214503937007874
20
0.7588416141732284
11
0.6214116929133858
21
0.7726642125984252
0
LINE
8
BLACK
6
CONTINUOUS
10
0.6214116929133858
20
0.7726642125984252
11
0.6215251574803149
21
0.7738163385826772
0
LINE
8
BLACK
6
CONTINUOUS
10
0.6215251574803149
20
0.7738163385826772
11
0.622406968503937
21
0.7759451574803149
0
LINE
8
BLACK
6
CONTINUOUS
10
0.622406968503937
20
0.7759451574803149
11
0.6240362598425196
21
0.7775744488188976
0
LINE
8
BLACK
6
CONTINUOUS
10
0.6240362598425196
20
0.7775744488188976
11
0.6261650787401575
21
0.7784562598425196
0
LINE
8
BLACK
6
CONTINUOUS
10
0.6261650787401575
20
0.7784562598425196
11
0.6284693307086614
21
0.7784562598425196
0
LINE
8
BLACK
6
CONTINUOUS
10
0.6284693307086614
20
0.7784562598425196
11
0.6305981496062992
21
0.7775744488188976
0
LINE
8
BLACK
6
CONTINUOUS
10
0.6305981496062992
20
0.7775744488188976
11
0.6322274409448819
21
0.7759451574803149
0
LINE
8
BLACK
6
CONTINUOUS
10
0.6322274409448819
20
0.7759451574803149
11
0.6331092519685039
21
0.7738163385826772
0
LINE
8
BLACK
6
CONTINUOUS
10
0.6331092519685039
20
0.7738163385826772
11
0.633151062992126
21
0.7588768503937008
0
LINE
8
BLACK
6
CONTINUOUS
10
0.633151062992126
20
0.7588768503937008
11
0.6357536220472441
21
0.75888468503937
0
LINE
8
BLACK
6
CONTINUOUS
10
0.6357536220472441
20
0.75888468503937
11
0.636905748031496
21
0.7587712204724409
0
LINE
8
BLACK
6
CONTINUOUS
10
0.636905748031496
20
0.7587712204724409
11
0.6390345669291339
21
0.7578894094488189
0
LINE
8
BLACK
6
CONTINUOUS
10
0.6390345669291339
20
0.7578894094488189
11
0.6406638582677165
21
0.7562601181102362
0
LINE
8
BLACK
6
CONTINUOUS
10
0.6406638582677165
20
0.7562601181102362
11
0.6415456692913386
21
0.7541312992125984
0
LINE
8
BLACK
6
CONTINUOUS
10
0.6415456692913386
20
0.7541312992125984
11
0.6415456692913386
21
0.7518270472440944
0
LINE
8
BLACK
6
CONTINUOUS
10
0.6415456692913386
20
0.7518270472440944
11
0.6406638582677165
21
0.7496982283464567
0
LINE
8
BLACK
6
CONTINUOUS
10
0.6406638582677165
20
0.7496982283464567
11
0.6390345669291339
21
0.748068937007874
0
LINE
8
BLACK
6
CONTINUOUS
10
0.6390345669291339
20
0.748068937007874
11
0.636905748031496
21
0.747187125984252
0
LINE
8
BLACK
6
CONTINUOUS
10
0.636905748031496
20
0.747187125984252
11
0.6331838188976378
21
0.747175905511811
0
LINE
8
BLACK
6
CONTINUOUS
10
0.6331838188976378
20
0.747175905511811
11
0.6332227165354331
21
0.7332941338582677
0
LINE
8
BLACK
6
CONTINUOUS
10
0.6332227165354331
20
0.7332941338582677
11
0.6331092519685039
21
0.7321420078740157
0
LINE
8
BLACK
6
CONTINUOUS
10
0.6331092519685039
20
0.7321420078740157
11
0.6322274409448819
21
0.7300131889763779
0
LINE
8
BLACK
6
CONTINUOUS
10
0.6322274409448819
20
0.7300131889763779
11
0.6305981496062992
21
0.7283838976377952
0
LINE
8
BLACK
6
CONTINUOUS
10
0.6305981496062992
20
0.7283838976377952
11
0.6284693307086614
21
0.7275020866141733
0
LINE
8
BLACK
6
CONTINUOUS
10
0.6284693307086614
20
0.7275020866141733
11
0.6261650787401575
21
0.7275020866141733
0
LINE
8
BLACK
6
CONTINUOUS
10
0.6261650787401575
20
0.7275020866141733
11
0.6240362598425196
21
0.7283838976377952
0
LINE
8
BLACK
6
CONTINUOUS
10
0.6240362598425196
20
0.7283838976377952
11
0.622406968503937
21
0.7300131889763779
0
LINE
8
BLACK
6
CONTINUOUS
10
0.622406968503937
20
0.7300131889763779
11
0.6215251574803149
21
0.7321420078740157
0
LINE
8
BLACK
6
CONTINUOUS
10
0.6215251574803149
20
0.7321420078740157
11
0.6214831496062992
21
0.7471407086614174
0
LINE
8
BLACK
6
CONTINUOUS
10
0.6214831496062992
20
0.7471407086614174
11
0.5991957086614174
21
0.7470736614173228
0
LINE
8
BLACK
6
CONTINUOUS
10
0.5991957086614174
20
0.7470736614173228
11
0.5986125590551181
21
0.7471310629921259
0
LINE
8
BLACK
6
CONTINUOUS
10
0.5986125590551181
20
0.7471310629921259
11
0.5984570866141732
21
0.7471200393700788
0
LINE
8
BLACK
6
CONTINUOUS
10
0.5984570866141732
20
0.7471200393700788
11
0.5983448031496063
21
0.7471574409448819
0
LINE
8
BLACK
6
CONTINUOUS
10
0.5983448031496063
20
0.7471574409448819
11
0.5980435826771653
21
0.747187125984252
0
LINE
8
BLACK
6
CONTINUOUS
10
0.5980435826771653
20
0.747187125984252
11
0.5971689763779527
21
0.7475493700787401
0
LINE
8
BLACK
6
CONTINUOUS
10
0.5971689763779527
20
0.7475493700787401
11
0.5962711023622047
21
0.7478487007874015
0
LINE
8
BLACK
6
CONTINUOUS
10
0.5962711023622047
20
0.7478487007874015
11
0.5961107874015747
21
0.7479877165354331
0
LINE
8
BLACK
6
CONTINUOUS
10
0.5961107874015747
20
0.7479877165354331
11
0.5959147637795276
21
0.748068937007874
0
LINE
8
BLACK
6
CONTINUOUS
10
0.5959147637795276
20
0.748068937007874
11
0.5952453937007874
21
0.7487382677165354
0
LINE
8
BLACK
6
CONTINUOUS
10
0.5952453937007874
20
0.7487382677165354
11
0.5945303937007874
21
0.7493584251968504
0
LINE
8
BLACK
6
CONTINUOUS
10
0.5945303937007874
20
0.7493584251968504
11
0.5944354724409449
21
0.749548188976378
0
LINE
8
BLACK
6
CONTINUOUS
10
0.5944354724409449
20
0.749548188976378
11
0.5942854724409449
21
0.7496982283464567
0
LINE
8
BLACK
6
CONTINUOUS
10
0.5942854724409449
20
0.7496982283464567
11
0.5939232283464567
21
0.7505726771653544
0
LINE
8
BLACK
6
CONTINUOUS
10
0.5939232283464567
20
0.7505726771653544
11
0.5934999212598425
21
0.7514193307086614
0
LINE
8
BLACK
6
CONTINUOUS
10
0.5934999212598425
20
0.7514193307086614
11
0.593484842519685
21
0.7516309448818898
0
LINE
8
BLACK
6
CONTINUOUS
10
0.593484842519685
20
0.7516309448818898
11
0.5934036614173228
21
0.7518270472440944
0
LINE
8
BLACK
6
CONTINUOUS
10
0.5934036614173228
20
0.7518270472440944
11
0.5934036614173228
21
0.7527737795275591
0
LINE
8
BLACK
6
CONTINUOUS
10
0.5934036614173228
20
0.7527737795275591
11
0.5933365748031496
21
0.7537177952755906
0
LINE
8
BLACK
6
CONTINUOUS
10
0.5933365748031496
20
0.7537177952755906
11
0.5934036614173228
21
0.7539207086614174
0
LINE
8
BLACK
6
CONTINUOUS
10
0.5934036614173228
20
0.7539207086614174
11
0.5934036614173228
21
0.7541312992125984
0
LINE
8
BLACK
6
CONTINUOUS
10
0.5934036614173228
20
0.7541312992125984
11
0.5937483070866142
21
0.7549633464566929
0
LINE
8
BLACK
6
CONTINUOUS
10
0.5937483070866142
20
0.7549633464566929
11
0.6076539763779527
21
0.7970288976377953
0
LINE
8
BLACK
6
CONTINUOUS
10
0.6076539763779527
20
0.7970288976377953
11
0.6081259842519685
21
0.7980860236220473
0
LINE
8
BLACK
6
CONTINUOUS
10
0.6081259842519685
20
0.7980860236220473
11
0.6096357086614174
21
0.7998267322834646
0
LINE
8
BLACK
6
CONTINUOUS
10
0.6096357086614174
20
0.7998267322834646
11
0.6116966141732283
21
0.8008572047244095
0
LINE
8
BLACK
6
CONTINUOUS
10
0.6116966141732283
20
0.8008572047244095
11
0.6139950393700787
21
0.8010205511811024
0
LINE
8
BLACK
6
CONTINUOUS
10
0.6139950393700787
20
0.8010205511811024
11
0.6161810629921259
21
0.8002918897637795
0
LINE
8
BLACK
6
CONTINUOUS
10
1.0982656692913386
20
0.807698031496063
11
1.1003265748031497
21
0.8066675590551181
0
LINE
8
BLACK
6
CONTINUOUS
10
1.1003265748031497
20
0.8066675590551181
11
1.1018362992125983
21
0.8049268503937008
0
LINE
8
BLACK
6
CONTINUOUS
10
1.1018362992125983
20
0.8049268503937008
11
1.102565
21
0.8027408661417322
0
LINE
8
BLACK
6
CONTINUOUS
10
1.102565
20
0.8027408661417322
11
1.1024016141732282
21
0.8004424409448818
0
LINE
8
BLACK
6
CONTINUOUS
10
1.1024016141732282
20
0.8004424409448818
11
1.1013711811023621
21
0.7983814960629921
0
LINE
8
BLACK
6
CONTINUOUS
10
1.1013711811023621
20
0.7983814960629921
11
1.0996304330708662
21
0.7968717716535433
0
LINE
8
BLACK
6
CONTINUOUS
10
1.0996304330708662
20
0.7968717716535433
11
1.0856457086614173
21
0.7921823622047244
0
LINE
8
BLACK
6
CONTINUOUS
10
1.0856457086614173
20
0.7921823622047244
11
1.0857220078740157
21
0.7724927952755906
0
LINE
8
BLACK
6
CONTINUOUS
10
1.0857220078740157
20
0.7724927952755906
11
1.0985733070866142
21
0.7682346062992126
0
LINE
8
BLACK
6
CONTINUOUS
10
1.0985733070866142
20
0.7682346062992126
11
1.0996304330708662
21
0.7677626377952755
0
LINE
8
BLACK
6
CONTINUOUS
10
1.0996304330708662
20
0.7677626377952755
11
1.1013711811023621
21
0.7662529133858268
0
LINE
8
BLACK
6
CONTINUOUS
10
1.1013711811023621
20
0.7662529133858268
11
1.1024016141732282
21
0.764191968503937
0
LINE
8
BLACK
6
CONTINUOUS
10
1.1024016141732282
20
0.764191968503937
11
1.102565
21
0.7618935433070866
0
LINE
8
BLACK
6
CONTINUOUS
10
1.102565
20
0.7618935433070866
11
1.1018362992125983
21
0.7597075590551181
0
LINE
8
BLACK
6
CONTINUOUS
10
1.1018362992125983
20
0.7597075590551181
11
1.1003265748031497
21
0.7579668503937008
0
LINE
8
BLACK
6
CONTINUOUS
10
1.1003265748031497
20
0.7579668503937008
11
1.0982656692913386
21
0.7569363779527559
0
LINE
8
BLACK
6
CONTINUOUS
10
1.0982656692913386
20
0.7569363779527559
11
1.0959672440944881
21
0.7567729921259843
0
LINE
8
BLACK
6
CONTINUOUS
10
1.0959672440944881
20
0.7567729921259843
11
1.0787906299212597
21
0.7624644094488189
0
LINE
8
BLACK
6
CONTINUOUS
10
1.0787906299212597
20
0.7624644094488189
11
1.0786808267716534
21
0.7624644094488189
0
LINE
8
BLACK
6
CONTINUOUS
10
1.0786808267716534
20
0.7624644094488189
11
1.0782418503937008
21
0.7626462204724409
0
LINE
8
BLACK
6
CONTINUOUS
10
1.0782418503937008
20
0.7626462204724409
11
1.0357832283464568
21
0.7767147637795275
0
LINE
8
BLACK
6
CONTINUOUS
10
1.0357832283464568
20
0.7767147637795275
11
1.0347261023622047
21
0.7771867322834646
0
LINE
8
BLACK
6
CONTINUOUS
10
1.0347261023622047
20
0.7771867322834646
11
1.0344073228346455
21
0.7774631889763779
0
LINE
8
BLACK
6
CONTINUOUS
10
1.0344073228346455
20
0.7774631889763779
11
1.0340299606299213
21
0.7776518897637795
0
LINE
8
BLACK
6
CONTINUOUS
10
1.0340299606299213
20
0.7776518897637795
11
1.0335447637795276
21
0.7782112598425197
0
LINE
8
BLACK
6
CONTINUOUS
10
1.0335447637795276
20
0.7782112598425197
11
1.0329853937007873
21
0.7786964566929133
0
LINE
8
BLACK
6
CONTINUOUS
10
1.0329853937007873
20
0.7786964566929133
11
1.0327966929133858
21
0.7790738188976378
0
LINE
8
BLACK
6
CONTINUOUS
10
1.0327966929133858
20
0.7790738188976378
11
1.0325202362204724
21
0.7793925984251968
0
LINE
8
BLACK
6
CONTINUOUS
10
1.0325202362204724
20
0.7793925984251968
11
1.032286062992126
21
0.780095
0
LINE
8
BLACK
6
CONTINUOUS
10
1.032286062992126
20
0.780095
11
1.0319549212598425
21
0.7807573622047244
0
LINE
8
BLACK
6
CONTINUOUS
10
1.0319549212598425
20
0.7807573622047244
11
1.031925
21
0.7811782677165354
0
LINE
8
BLACK
6
CONTINUOUS
10
1.031925
20
0.7811782677165354
11
1.0317915748031496
21
0.7815785826771653
0
LINE
8
BLACK
6
CONTINUOUS
10
1.0317915748031496
20
0.7815785826771653
11
1.0318440551181103
21
0.7823172047244095
0
LINE
8
BLACK
6
CONTINUOUS
10
1.0318440551181103
20
0.7823172047244095
11
1.0317915748031496
21
0.7830558267716535
0
LINE
8
BLACK
6
CONTINUOUS
10
1.0317915748031496
20
0.7830558267716535
11
1.031925
21
0.7834561023622048
0
LINE
8
BLACK
6
CONTINUOUS
10
1.031925
20
0.7834561023622048
11
1.0319549212598425
21
0.7838770472440945
0
LINE
8
BLACK
6
CONTINUOUS
10
1.0319549212598425
20
0.7838770472440945
11
1.032286062992126
21
0.7845393700787402
0
LINE
8
BLACK
6
CONTINUOUS
10
1.032286062992126
20
0.7845393700787402
11
1.0325202362204724
21
0.785241811023622
0
LINE
8
BLACK
6
CONTINUOUS
10
1.0325202362204724
20
0.785241811023622
11
1.0327966929133858
21
0.7855605511811024
0
LINE
8
BLACK
6
CONTINUOUS
10
1.0327966929133858
20
0.7855605511811024
11
1.0329853937007873
21
0.7859379527559055
0
LINE
8
BLACK
6
CONTINUOUS
10
1.0329853937007873
20
0.7859379527559055
11
1.0335447637795276
21
0.7864231102362205
0
LINE
8
BLACK
6
CONTINUOUS
10
1.0335447637795276
20
0.7864231102362205
11
1.0340299606299213
21
0.7869825196850394
0
LINE
8
BLACK
6
CONTINUOUS
10
1.0340299606299213
20
0.7869825196850394
11
1.0344073228346455
21
0.7871711811023622
0
LINE
8
BLACK
6
CONTINUOUS
10
1.0344073228346455
20
0.7871711811023622
11
1.0347261023622047
21
0.7874476771653544
0
LINE
8
BLACK
6
CONTINUOUS
10
1.0347261023622047
20
0.7874476771653544
11
1.0354370078740158
21
0.787686062992126
0
LINE
8
BLACK
6
CONTINUOUS
10
1.0354370078740158
20
0.787686062992126
11
1.0360908661417323
21
0.7880129921259842
0
LINE
8
BLACK
6
CONTINUOUS
10
1.0360908661417323
20
0.7880129921259842
11
1.0364983070866141
21
0.7880419291338583
0
LINE
8
BLACK
6
CONTINUOUS
10
1.0364983070866141
20
0.7880419291338583
11
1.0948383464566929
21
0.8076047244094487
0
LINE
8
BLACK
6
CONTINUOUS
10
1.0948383464566929
20
0.8076047244094487
11
1.0959672440944881
21
0.8078614173228347
0
LINE
8
BLACK
6
CONTINUOUS
10
1.0959672440944881
20
0.8078614173228347
11
1.0982656692913386
21
0.807698031496063
0
LINE
8
BLACK
6
CONTINUOUS
10
1.0561494094488189
20
0.7822915748031496
11
1.0740049606299213
21
0.7763751968503937
0
LINE
8
BLACK
6
CONTINUOUS
10
1.0740049606299213
20
0.7763751968503937
11
1.0739588582677164
21
0.7882635039370078
0
LINE
8
BLACK
6
CONTINUOUS
10
1.0739588582677164
20
0.7882635039370078
11
1.0561494094488189
21
0.7822915748031496
0
LINE
8
BLACK
6
CONTINUOUS
10
0.82
20
0.7999999999999999
11
0.76
21
0.7999999999999999
0
LINE
8
BLACK
6
CONTINUOUS
10
0.76
20
0.7999999999999999
11
0.76
21
0.86
0
LINE
8
BLACK
6
CONTINUOUS
10
0.76
20
0.86
11
0.82
21
0.86
0
LINE
8
BLACK
6
CONTINUOUS
10
0.82
20
0.86
11
0.82
21
0.7999999999999999
0
LINE
8
BLACK
6
CONTINUOUS
10
0.9199999999999999
20
0.7999999999999999
11
0.86
21
0.7999999999999999
0
LINE
8
BLACK
6
CONTINUOUS
10
0.86
20
0.7999999999999999
11
0.86
21
0.86
0
LINE
8
BLACK
6
CONTINUOUS
10
0.86
20
0.86
11
0.9199999999999999
21
0.86
0
LINE
8
BLACK
6
CONTINUOUS
10
0.9199999999999999
20
0.86
11
0.9199999999999999
21
0.7999999999999999
0
LINE
8
BLACK
6
CONTINUOUS
10
0.9405760629921259
20
0.8828960236220472
11
0.9416404724409448
21
0.8824551181102362
0
LINE
8
BLACK
6
CONTINUOUS
10
0.9416404724409448
20
0.8824551181102362
11
0.9424551181102362
21
0.8816404724409449
0
LINE
8
BLACK
6
CONTINUOUS
10
0.9424551181102362
20
0.8816404724409449
11
0.9428960236220473
21
0.880576062992126
0
LINE
8
BLACK
6
CONTINUOUS
10
0.9428960236220473
20
0.880576062992126
11
0.9429527559055118
21
0.78
0
LINE
8
BLACK
6
CONTINUOUS
10
0.9429527559055118
20
0.78
11
0.9428960236220473
21
0.779423937007874
0
LINE
8
BLACK
6
CONTINUOUS
10
0.9428960236220473
20
0.779423937007874
11
0.9424551181102362
21
0.7783595275590551
0
LINE
8
BLACK
6
CONTINUOUS
10
0.9424551181102362
20
0.7783595275590551
11
0.9416404724409448
21
0.7775448818897638
0
LINE
8
BLACK
6
CONTINUOUS
10
0.9416404724409448
20
0.7775448818897638
11
0.9405760629921259
21
0.7771039763779527
0
LINE
8
BLACK
6
CONTINUOUS
10
0.9405760629921259
20
0.7771039763779527
11
0.74
21
0.7770472440944882
0
LINE
8
BLACK
6
CONTINUOUS
10
0.74
20
0.7770472440944882
11
0.739423937007874
21
0.7771039763779527
0
LINE
8
BLACK
6
CONTINUOUS
10
0.739423937007874
20
0.7771039763779527
11
0.7383595275590551
21
0.7775448818897638
0
LINE
8
BLACK
6
CONTINUOUS
10
0.7383595275590551
20
0.7775448818897638
11
0.7375448818897637
21
0.7783595275590551
0
LINE
8
BLACK
6
CONTINUOUS
10
0.7375448818897637
20
0.7783595275590551
11
0.7371039763779528
21
0.779423937007874
0
LINE
8
BLACK
6
CONTINUOUS
10
0.7371039763779528
20
0.779423937007874
11
0.7370472440944882
21
0.88
0
LINE
8
BLACK
6
CONTINUOUS
10
0.7370472440944882
20
0.88
11
0.7371039763779528
21
0.880576062992126
0
LINE
8
BLACK
6
CONTINUOUS
10
0.7371039763779528
20
0.880576062992126
11
0.7375448818897637
21
0.8816404724409449
0
LINE
8
BLACK
6
CONTINUOUS
10
0.7375448818897637
20
0.8816404724409449
11
0.7383595275590551
21
0.8824551181102362
0
LINE
8
BLACK
6
CONTINUOUS
10
0.7383595275590551
20
0.8824551181102362
11
0.739423937007874
21
0.8828960236220472
0
LINE
8
BLACK
6
CONTINUOUS
10
0.739423937007874
20
0.8828960236220472
11
0.9399999999999999
21
0.8829527559055118
0
LINE
8
BLACK
6
CONTINUOUS
10
0.9399999999999999
20
0.8829527559055118
11
0.9405760629921259
21
0.8828960236220472
0
LINE
8
BLACK
6
CONTINUOUS
10
0.7428979921259843
20
0.8770480314960629
11
0.7429511023622047
21
0.7828970078740157
0
LINE
8
BLACK
6
CONTINUOUS
10
0.7429511023622047
20
0.7828970078740157
11
0.937101968503937
21
0.7829519291338582
0
LINE
8
BLACK
6
CONTINUOUS
10
0.937101968503937
20
0.7829519291338582
11
0.9370488582677166
21
0.8771029527559054
0
LINE
8
BLACK
6
CONTINUOUS
10
0.9370488582677166
20
0.8771029527559054
11
0.7428979921259843
21
0.8770480314960629
0
LINE
8
BLACK
6
CONTINUOUS
10
0.5783985826771654
20
0.8881412992125984
11
0.5805274015748031
21
0.8872594881889764
0
LINE
8
BLACK
6
CONTINUOUS
10
0.5805274015748031
20
0.8872594881889764
11
0.5821566929133858
21
0.8856301968503937
0
LINE
8
BLACK
6
CONTINUOUS
10
0.5821566929133858
20
0.8856301968503937
11
0.5830385039370078
21
0.8835013779527559
0
LINE
8
BLACK
6
CONTINUOUS
10
0.5830385039370078
20
0.8835013779527559
11
0.5830385039370078
21
0.8811971259842519
0
LINE
8
BLACK
6
CONTINUOUS
10
0.5830385039370078
20
0.8811971259842519
11
0.5821566929133858
21
0.8790683070866141
0
LINE
8
BLACK
6
CONTINUOUS
10
0.5821566929133858
20
0.8790683070866141
11
0.5805274015748031
21
0.8774390157480315
0
LINE
8
BLACK
6
CONTINUOUS
10
0.5805274015748031
20
0.8774390157480315
11
0.5783985826771654
21
0.8765572047244095
0
LINE
8
BLACK
6
CONTINUOUS
10
0.5783985826771654
20
0.8765572047244095
11
0.5549302362204724
21
0.8764662204724409
0
LINE
8
BLACK
6
CONTINUOUS
10
0.5549302362204724
20
0.8764662204724409
11
0.5549611811023621
21
0.8600578346456693
0
LINE
8
BLACK
6
CONTINUOUS
10
0.5549611811023621
20
0.8600578346456693
11
0.56881
21
0.8601332677165354
0
LINE
8
BLACK
6
CONTINUOUS
10
0.56881
20
0.8601332677165354
11
0.569962125984252
21
0.8600198031496062
0
LINE
8
BLACK
6
CONTINUOUS
10
0.569962125984252
20
0.8600198031496062
11
0.5720909448818897
21
0.8591379921259842
0
LINE
8
BLACK
6
CONTINUOUS
10
0.5720909448818897
20
0.8591379921259842
11
0.5737202362204724
21
0.8575087007874016
0
LINE
8
BLACK
6
CONTINUOUS
10
0.5737202362204724
20
0.8575087007874016
11
0.5746020472440945
21
0.8553798818897638
0
LINE
8
BLACK
6
CONTINUOUS
10
0.5746020472440945
20
0.8553798818897638
11
0.5746020472440945
21
0.8530756299212598
0
LINE
8
BLACK
6
CONTINUOUS
10
0.5746020472440945
20
0.8530756299212598
11
0.5737202362204724
21
0.850946811023622
0
LINE
8
BLACK
6
CONTINUOUS
10
0.5737202362204724
20
0.850946811023622
11
0.5720909448818897
21
0.8493175196850393
0
LINE
8
BLACK
6
CONTINUOUS
10
0.5720909448818897
20
0.8493175196850393
11
0.569962125984252
21
0.8484357086614173
0
LINE
8
BLACK
6
CONTINUOUS
10
0.569962125984252
20
0.8484357086614173
11
0.5549832283464566
21
0.8483541338582677
0
LINE
8
BLACK
6
CONTINUOUS
10
0.5549832283464566
20
0.8483541338582677
11
0.5550194881889764
21
0.8291134645669291
0
LINE
8
BLACK
6
CONTINUOUS
10
0.5550194881889764
20
0.8291134645669291
11
0.5772464566929134
21
0.8291996456692913
0
LINE
8
BLACK
6
CONTINUOUS
10
0.5772464566929134
20
0.8291996456692913
11
0.5783985826771654
21
0.8290861811023622
0
LINE
8
BLACK
6
CONTINUOUS
10
0.5783985826771654
20
0.8290861811023622
11
0.5805274015748031
21
0.8282043700787401
0
LINE
8
BLACK
6
CONTINUOUS
10
0.5805274015748031
20
0.8282043700787401
11
0.5821566929133858
21
0.8265750787401575
0
LINE
8
BLACK
6
CONTINUOUS
10
0.5821566929133858
20
0.8265750787401575
11
0.5830385039370078
21
0.8244462598425196
0
LINE
8
BLACK
6
CONTINUOUS
10
0.5830385039370078
20
0.8244462598425196
11
0.5830385039370078
21
0.8221420078740157
0
LINE
8
BLACK
6
CONTINUOUS
10
0.5830385039370078
20
0.8221420078740157
11
0.5821566929133858
21
0.820013188976378
0
LINE
8
BLACK
6
CONTINUOUS
10
0.5821566929133858
20
0.820013188976378
11
0.5805274015748031
21
0.8183838976377953
0
LINE
8
BLACK
6
CONTINUOUS
10
0.5805274015748031
20
0.8183838976377953
11
0.5783985826771654
21
0.8175020866141732
0
LINE
8
BLACK
6
CONTINUOUS
10
0.5783985826771654
20
0.8175020866141732
11
0.5491249606299212
21
0.8173886220472441
0
LINE
8
BLACK
6
CONTINUOUS
10
0.5491249606299212
20
0.8173886220472441
11
0.5479728346456693
21
0.8175020866141732
0
LINE
8
BLACK
6
CONTINUOUS
10
0.5479728346456693
20
0.8175020866141732
11
0.5458440157480314
21
0.8183838976377953
0
LINE
8
BLACK
6
CONTINUOUS
10
0.5458440157480314
20
0.8183838976377953
11
0.5442147244094488
21
0.820013188976378
0
LINE
8
BLACK
6
CONTINUOUS
10
0.5442147244094488
20
0.820013188976378
11
0.5433329133858268
21
0.8221420078740157
0
LINE
8
BLACK
6
CONTINUOUS
10
0.5433329133858268
20
0.8221420078740157
11
0.5432194488188976
21
0.8823492519685039
0
LINE
8
BLACK
6
CONTINUOUS
10
0.5432194488188976
20
0.8823492519685039
11
0.5433329133858268
21
0.8835013779527559
0
LINE
8
BLACK
6
CONTINUOUS
10
0.5433329133858268
20
0.8835013779527559
11
0.5442147244094488
21
0.8856301968503937
0
LINE
8
BLACK
6
CONTINUOUS
10
0.5442147244094488
20
0.8856301968503937
11
0.5458440157480314
21
0.8872594881889764
0
LINE
8
BLACK
6
CONTINUOUS
10
0.5458440157480314
20
0.8872594881889764
11
0.5479728346456693
21
0.8881412992125984
0
LINE
8
BLACK
6
CONTINUOUS
10
0.5479728346456693
20
0.8881412992125984
11
0.5772464566929134
21
0.8882547637795275
0
LINE
8
BLACK
6
CONTINUOUS
10
0.5772464566929134
20
0.8882547637795275
11
0.5783985826771654
21
0.8881412992125984
0
LINE
8
BLACK
6
CONTINUOUS
10
0.5137191732283465
20
0.8881412992125984
11
0.5139152362204724
21
0.8880600393700787
0
LINE
8
BLACK
6
CONTINUOUS
10
0.5139152362204724
20
0.8880600393700787
11
0.5141268503937008
21
0.8880450393700787
0
LINE
8
BLACK
6
CONTINUOUS
10
0.5141268503937008
20
0.8880450393700787
11
0.515212874015748
21
0.8875225196850394
0
LINE
8
BLACK
6
CONTINUOUS
10
0.515212874015748
20
0.8875225196850394
11
0.5158479921259842
21
0.8872594881889764
0
LINE
8
BLACK
6
CONTINUOUS
10
0.5158479921259842
20
0.8872594881889764
11
0.5159298031496062
21
0.8871776377952756
0
LINE
8
BLACK
6
CONTINUOUS
10
0.5159298031496062
20
0.8871776377952756
11
0.5208323622047244
21
0.8848191338582677
0
LINE
8
BLACK
6
CONTINUOUS
10
0.5208323622047244
20
0.8848191338582677
11
0.5213282283464566
21
0.884506968503937
0
LINE
8
BLACK
6
CONTINUOUS
10
0.5213282283464566
20
0.884506968503937
11
0.5214722047244095
21
0.8844473622047244
0
LINE
8
BLACK
6
CONTINUOUS
10
0.5214722047244095
20
0.8844473622047244
11
0.5215668897637795
21
0.8843567322834646
0
LINE
8
BLACK
6
CONTINUOUS
10
0.5215668897637795
20
0.8843567322834646
11
0.521812125984252
21
0.8842024015748031
0
LINE
8
BLACK
6
CONTINUOUS
10
0.521812125984252
20
0.8842024015748031
11
0.5222207480314961
21
0.8837312204724409
0
LINE
8
BLACK
6
CONTINUOUS
10
0.5222207480314961
20
0.8837312204724409
11
0.5251792913385827
21
0.8809008267716535
0
LINE
8
BLACK
6
CONTINUOUS
10
0.5251792913385827
20
0.8809008267716535
11
0.5255510236220472
21
0.8804478346456692
0
LINE
8
BLACK
6
CONTINUOUS
10
0.5255510236220472
20
0.8804478346456692
11
0.5256688188976378
21
0.8803457086614173
0
LINE
8
BLACK
6
CONTINUOUS
10
0.5256688188976378
20
0.8803457086614173
11
0.5257272834645669
21
0.8802330708661417
0
LINE
8
BLACK
6
CONTINUOUS
10
0.5257272834645669
20
0.8802330708661417
11
0.5259137401574803
21
0.880005905511811
0
LINE
8
BLACK
6
CONTINUOUS
10
0.5259137401574803
20
0.880005905511811
11
0.526183937007874
21
0.8793535433070866
0
LINE
8
BLACK
6
CONTINUOUS
10
0.526183937007874
20
0.8793535433070866
11
0.5290976771653543
21
0.873741653543307
0
LINE
8
BLACK
6
CONTINUOUS
10
0.5290976771653543
20
0.873741653543307
11
0.5295114566929133
21
0.8726604330708662
0
LINE
8
BLACK
6
CONTINUOUS
10
0.5295114566929133
20
0.8726604330708662
11
0.5295264566929134
21
0.8724487795275591
0
LINE
8
BLACK
6
CONTINUOUS
10
0.5295264566929134
20
0.8724487795275591
11
0.5296076771653543
21
0.8722527952755905
0
LINE
8
BLACK
6
CONTINUOUS
10
0.5296076771653543
20
0.8722527952755905
11
0.5296211023622047
21
0.8711170472440944
0
LINE
8
BLACK
6
CONTINUOUS
10
0.5296211023622047
20
0.8711170472440944
11
0.5296747637795276
21
0.8703620078740157
0
LINE
8
BLACK
6
CONTINUOUS
10
0.5296747637795276
20
0.8703620078740157
11
0.5296315748031496
21
0.8702324409448818
0
LINE
8
BLACK
6
CONTINUOUS
10
0.5296315748031496
20
0.8702324409448818
11
0.5297211417322835
21
0.8626642125984252
0
LINE
8
BLACK
6
CONTINUOUS
10
0.5297211417322835
20
0.8626642125984252
11
0.5296076771653543
21
0.8615120866141732
0
LINE
8
BLACK
6
CONTINUOUS
10
0.5296076771653543
20
0.8615120866141732
11
0.5295264566929134
21
0.8613160629921259
0
LINE
8
BLACK
6
CONTINUOUS
10
0.5295264566929134
20
0.8613160629921259
11
0.5295114566929133
21
0.8611044488188976
0
LINE
8
BLACK
6
CONTINUOUS
10
0.5295114566929133
20
0.8611044488188976
11
0.5289887795275591
21
0.8600179921259843
0
LINE
8
BLACK
6
CONTINUOUS
10
0.5289887795275591
20
0.8600179921259843
11
0.5287258661417322
21
0.8593832677165354
0
LINE
8
BLACK
6
CONTINUOUS
10
0.5287258661417322
20
0.8593832677165354
11
0.5286440551181102
21
0.8593014566929134
0
LINE
8
BLACK
6
CONTINUOUS
10
0.5286440551181102
20
0.8593014566929134
11
0.5262855511811023
21
0.8543988976377953
0
LINE
8
BLACK
6
CONTINUOUS
10
0.5262855511811023
20
0.8543988976377953
11
0.5259734645669292
21
0.8539031496062992
0
LINE
8
BLACK
6
CONTINUOUS
10
0.5259734645669292
20
0.8539031496062992
11
0.525913779527559
21
0.8537590157480315
0
LINE
8
BLACK
6
CONTINUOUS
10
0.525913779527559
20
0.8537590157480315
11
0.525823031496063
21
0.8536641732283464
0
LINE
8
BLACK
6
CONTINUOUS
10
0.525823031496063
20
0.8536641732283464
11
0.5256688188976378
21
0.8534191732283465
0
LINE
8
BLACK
6
CONTINUOUS
10
0.5256688188976378
20
0.8534191732283465
11
0.5251979133858268
21
0.8530107874015748
0
LINE
8
BLACK
6
CONTINUOUS
10
0.5251979133858268
20
0.8530107874015748
11
0.5223671653543307
21
0.8500519291338583
0
LINE
8
BLACK
6
CONTINUOUS
10
0.5223671653543307
20
0.8500519291338583
11
0.5219143307086614
21
0.8496802755905511
0
LINE
8
BLACK
6
CONTINUOUS
10
0.5219143307086614
20
0.8496802755905511
11
0.521812125984252
21
0.8495624409448819
0
LINE
8
BLACK
6
CONTINUOUS
10
0.521812125984252
20
0.8495624409448819
11
0.5216994094488189
21
0.8495038976377952
0
LINE
8
BLACK
6
CONTINUOUS
10
0.5216994094488189
20
0.8495038976377952
11
0.5214722440944882
21
0.8493174803149606
0
LINE
8
BLACK
6
CONTINUOUS
10
0.5214722440944882
20
0.8493174803149606
11
0.5208199212598426
21
0.8490472834645669
0
LINE
8
BLACK
6
CONTINUOUS
10
0.5208199212598426
20
0.8490472834645669
11
0.5152080708661417
21
0.8461335826771653
0
LINE
8
BLACK
6
CONTINUOUS
10
0.5152080708661417
20
0.8461335826771653
11
0.514999842519685
21
0.8460538976377953
0
LINE
8
BLACK
6
CONTINUOUS
10
0.514999842519685
20
0.8460538976377953
11
0.5286536220472441
21
0.8266807086614173
0
LINE
8
BLACK
6
CONTINUOUS
10
0.5286536220472441
20
0.8266807086614173
11
0.5292213779527559
21
0.8256718110236221
0
LINE
8
BLACK
6
CONTINUOUS
10
0.5292213779527559
20
0.8256718110236221
11
0.5297197637795276
21
0.8234221259842519
0
LINE
8
BLACK
6
CONTINUOUS
10
0.5297197637795276
20
0.8234221259842519
11
0.5293193307086614
21
0.8211529921259842
0
LINE
8
BLACK
6
CONTINUOUS
10
0.5293193307086614
20
0.8211529921259842
11
0.5280810236220472
21
0.8192098031496062
0
LINE
8
BLACK
6
CONTINUOUS
10
0.5280810236220472
20
0.8192098031496062
11
0.5261933070866142
21
0.8178883858267716
0
LINE
8
BLACK
6
CONTINUOUS
10
0.5261933070866142
20
0.8178883858267716
11
0.5239436220472441
21
0.8173899999999999
0
LINE
8
BLACK
6
CONTINUOUS
10
0.5239436220472441
20
0.8173899999999999
11
0.5216744881889763
21
0.8177904330708661
0
LINE
8
BLACK
6
CONTINUOUS
10
0.5216744881889763
20
0.8177904330708661
11
0.5197312992125984
21
0.8190287401574803
0
LINE
8
BLACK
6
CONTINUOUS
10
0.5197312992125984
20
0.8190287401574803
11
0.5010307874015748
21
0.8455626771653543
0
LINE
8
BLACK
6
CONTINUOUS
10
0.5010307874015748
20
0.8455626771653543
11
0.4959334251968504
21
0.8455382283464566
0
LINE
8
BLACK
6
CONTINUOUS
10
0.4959334251968504
20
0.8455382283464566
11
0.4959753543307087
21
0.8232941338582677
0
LINE
8
BLACK
6
CONTINUOUS
10
0.4959753543307087
20
0.8232941338582677
11
0.4958618897637795
21
0.8221420078740157
0
LINE
8
BLACK
6
CONTINUOUS
10
0.4958618897637795
20
0.8221420078740157
11
0.4949800787401575
21
0.820013188976378
0
LINE
8
BLACK
6
CONTINUOUS
10
0.4949800787401575
20
0.820013188976378
11
0.4933507874015748
21
0.8183838976377953
0
LINE
8
BLACK
6
CONTINUOUS
10
0.4933507874015748
20
0.8183838976377953
11
0.491221968503937
21
0.8175020866141732
0
LINE
8
BLACK
6
CONTINUOUS
10
0.491221968503937
20
0.8175020866141732
11
0.488917716535433
21
0.8175020866141732
0
LINE
8
BLACK
6
CONTINUOUS
10
0.488917716535433
20
0.8175020866141732
11
0.4867888976377953
21
0.8183838976377953
0
LINE
8
BLACK
6
CONTINUOUS
10
0.4867888976377953
20
0.8183838976377953
11
0.4851596062992126
21
0.820013188976378
0
LINE
8
BLACK
6
CONTINUOUS
10
0.4851596062992126
20
0.820013188976378
11
0.4842777952755906
21
0.8221420078740157
0
LINE
8
BLACK
6
CONTINUOUS
10
0.4842777952755906
20
0.8221420078740157
11
0.4841643307086614
21
0.8823492519685039
0
LINE
8
BLACK
6
CONTINUOUS
10
0.4841643307086614
20
0.8823492519685039
11
0.4842777952755906
21
0.8835013779527559
0
LINE
8
BLACK
6
CONTINUOUS
10
0.4842777952755906
20
0.8835013779527559
11
0.4851596062992126
21
0.8856301968503937
0
LINE
8
BLACK
6
CONTINUOUS
10
0.4851596062992126
20
0.8856301968503937
11
0.4867888976377953
21
0.8872594881889764
0
LINE
8
BLACK
6
CONTINUOUS
10
0.4867888976377953
20
0.8872594881889764
11
0.488917716535433
21
0.8881412992125984
0
LINE
8
BLACK
6
CONTINUOUS
10
0.488917716535433
20
0.8881412992125984
11
0.5125670472440945
21
0.8882547637795275
0
LINE
8
BLACK
6
CONTINUOUS
10
0.5125670472440945
20
0.8882547637795275
11
0.5137191732283465
21
0.8881412992125984
0
LINE
8
BLACK
6
CONTINUOUS
10
0.4958751181102362
20
0.8764715748031496
11
0.4959113779527559
21
0.8572412204724409
0
LINE
8
BLACK
6
CONTINUOUS
10
0.4959113779527559
20
0.8572412204724409
11
0.5038193700787401
21
0.8572791338582677
0
LINE
8
BLACK
6
CONTINUOUS
10
0.5038193700787401
20
0.8572791338582677
11
0.5040025984251968
21
0.8573197637795276
0
LINE
8
BLACK
6
CONTINUOUS
10
0.5040025984251968
20
0.8573197637795276
11
0.5042216535433071
21
0.8572811023622047
0
LINE
8
BLACK
6
CONTINUOUS
10
0.5042216535433071
20
0.8572811023622047
11
0.5113234251968504
21
0.8573151574803149
0
LINE
8
BLACK
6
CONTINUOUS
10
0.5113234251968504
20
0.8573151574803149
11
0.5148453937007874
21
0.859143779527559
0
LINE
8
BLACK
6
CONTINUOUS
10
0.5148453937007874
20
0.859143779527559
11
0.5163017322834645
21
0.8606660236220472
0
LINE
8
BLACK
6
CONTINUOUS
10
0.5163017322834645
20
0.8606660236220472
11
0.5179920078740158
21
0.8641794881889764
0
LINE
8
BLACK
6
CONTINUOUS
10
0.5179920078740158
20
0.8641794881889764
11
0.517925
21
0.8698397637795275
0
LINE
8
BLACK
6
CONTINUOUS
10
0.517925
20
0.8698397637795275
11
0.5160874409448819
21
0.8733790157480315
0
LINE
8
BLACK
6
CONTINUOUS
10
0.5160874409448819
20
0.8733790157480315
11
0.5145651574803149
21
0.8748353543307087
0
LINE
8
BLACK
6
CONTINUOUS
10
0.5145651574803149
20
0.8748353543307087
11
0.5110131102362204
21
0.8765442125984252
0
LINE
8
BLACK
6
CONTINUOUS
10
0.5110131102362204
20
0.8765442125984252
11
0.4958751181102362
21
0.8764715748031496
0
LINE
8
BLACK
6
CONTINUOUS
10
0.6318294094488189
20
0.8881412992125984
11
0.6339582283464567
21
0.8872594881889764
0
LINE
8
BLACK
6
CONTINUOUS
10
0.6339582283464567
20
0.8872594881889764
11
0.6355875196850393
21
0.8856301968503937
0
LINE
8
BLACK
6
CONTINUOUS
10
0.6355875196850393
20
0.8856301968503937
11
0.6364693307086614
21
0.8835013779527559
0
LINE
8
BLACK
6
CONTINUOUS
10
0.6364693307086614
20
0.8835013779527559
11
0.6364693307086614
21
0.8811971259842519
0
LINE
8
BLACK
6
CONTINUOUS
10
0.6364693307086614
20
0.8811971259842519
11
0.6355875196850393
21
0.8790683070866141
0
LINE
8
BLACK
6
CONTINUOUS
10
0.6355875196850393
20
0.8790683070866141
11
0.6339582283464567
21
0.8774390157480315
0
LINE
8
BLACK
6
CONTINUOUS
10
0.6339582283464567
20
0.8774390157480315
11
0.6318294094488189
21
0.8765572047244095
0
LINE
8
BLACK
6
CONTINUOUS
10
0.6318294094488189
20
0.8765572047244095
11
0.608361062992126
21
0.8764662204724409
0
LINE
8
BLACK
6
CONTINUOUS
10
0.608361062992126
20
0.8764662204724409
11
0.6083920078740157
21
0.8600578346456693
0
LINE
8
BLACK
6
CONTINUOUS
10
0.6083920078740157
20
0.8600578346456693
11
0.6222408267716535
21
0.8601332677165354
0
LINE
8
BLACK
6
CONTINUOUS
10
0.6222408267716535
20
0.8601332677165354
11
0.6233929527559054
21
0.8600198031496062
0
LINE
8
BLACK
6
CONTINUOUS
10
0.6233929527559054
20
0.8600198031496062
11
0.6255217716535433
21
0.8591379921259842
0
LINE
8
BLACK
6
CONTINUOUS
10
0.6255217716535433
20
0.8591379921259842
11
0.627151062992126
21
0.8575087007874016
0
LINE
8
BLACK
6
CONTINUOUS
10
0.627151062992126
20
0.8575087007874016
11
0.628032874015748
21
0.8553798818897638
0
LINE
8
BLACK
6
CONTINUOUS
10
0.628032874015748
20
0.8553798818897638
11
0.628032874015748
21
0.8530756299212598
0
LINE
8
BLACK
6
CONTINUOUS
10
0.628032874015748
20
0.8530756299212598
11
0.627151062992126
21
0.850946811023622
0
LINE
8
BLACK
6
CONTINUOUS
10
0.627151062992126
20
0.850946811023622
11
0.6255217716535433
21
0.8493175196850393
0
LINE
8
BLACK
6
CONTINUOUS
10
0.6255217716535433
20
0.8493175196850393
11
0.6233929527559054
21
0.8484357086614173
0
LINE
8
BLACK
6
CONTINUOUS
10
0.6233929527559054
20
0.8484357086614173
11
0.6084140551181102
21
0.8483541338582677
0
LINE
8
BLACK
6
CONTINUOUS
10
0.6084140551181102
20
0.8483541338582677
11
0.6084612992125984
21
0.8232941338582677
0
LINE
8
BLACK
6
CONTINUOUS
10
0.6084612992125984
20
0.8232941338582677
11
0.6083478346456693
21
0.8221420078740157
0
LINE
8
BLACK
6
CONTINUOUS
10
0.6083478346456693
20
0.8221420078740157
11
0.6074660236220473
21
0.820013188976378
0
LINE
8
BLACK
6
CONTINUOUS
10
0.6074660236220473
20
0.820013188976378
11
0.6058367322834646
21
0.8183838976377953
0
LINE
8
BLACK
6
CONTINUOUS
10
0.6058367322834646
20
0.8183838976377953
11
0.6037079133858267
21
0.8175020866141732
0
LINE
8
BLACK
6
CONTINUOUS
10
0.6037079133858267
20
0.8175020866141732
11
0.6014036614173228
21
0.8175020866141732
0
LINE
8
BLACK
6
CONTINUOUS
10
0.6014036614173228
20
0.8175020866141732
11
0.599274842519685
21
0.8183838976377953
0
LINE
8
BLACK
6
CONTINUOUS
10
0.599274842519685
20
0.8183838976377953
11
0.5976455511811023
21
0.820013188976378
0
LINE
8
BLACK
6
CONTINUOUS
10
0.5976455511811023
20
0.820013188976378
11
0.5967637401574803
21
0.8221420078740157
0
LINE
8
BLACK
6
CONTINUOUS
10
0.5967637401574803
20
0.8221420078740157
11
0.5966502755905512
21
0.8823492519685039
0
LINE
8
BLACK
6
CONTINUOUS
10
0.5966502755905512
20
0.8823492519685039
11
0.5967637401574803
21
0.8835013779527559
0
LINE
8
BLACK
6
CONTINUOUS
10
0.5967637401574803
20
0.8835013779527559
11
0.5976455511811023
21
0.8856301968503937
0
LINE
8
BLACK
6
CONTINUOUS
10
0.5976455511811023
20
0.8856301968503937
11
0.599274842519685
21
0.8872594881889764
0
LINE
8
BLACK
6
CONTINUOUS
10
0.599274842519685
20
0.8872594881889764
11
0.6014036614173228
21
0.8881412992125984
0
LINE
8
BLACK
6
CONTINUOUS
10
0.6014036614173228
20
0.8881412992125984
11
0.6306772834645669
21
0.8882547637795275
0
LINE
8
BLACK
6
CONTINUOUS
10
0.6306772834645669
20
0.8882547637795275
11
0.6318294094488189
21
0.8881412992125984
0
LINE
8
BLACK
6
CONTINUOUS
10
0.9905334645669291
20
0.8981412992125984
11
0.9907295275590551
21
0.8980600393700787
0
LINE
8
BLACK
6
CONTINUOUS
10
0.9907295275590551
20
0.8980600393700787
11
0.9909411417322834
21
0.8980450393700787
0
LINE
8
BLACK
6
CONTINUOUS
10
0.9909411417322834
20
0.8980450393700787
11
0.9920271653543307
21
0.8975225196850394
0
LINE
8
BLACK
6
CONTINUOUS
10
0.9920271653543307
20
0.8975225196850394
11
0.9926622834645669
21
0.8972594881889764
0
LINE
8
BLACK
6
CONTINUOUS
10
0.9926622834645669
20
0.8972594881889764
11
0.9927440944881889
21
0.8971776377952756
0
LINE
8
BLACK
6
CONTINUOUS
10
0.9927440944881889
20
0.8971776377952756
11
0.9976466535433071
21
0.8948191338582677
0
LINE
8
BLACK
6
CONTINUOUS
10
0.9976466535433071
20
0.8948191338582677
11
0.9986264173228346
21
0.8942024015748031
0
LINE
8
BLACK
6
CONTINUOUS
10
0.9986264173228346
20
0.8942024015748031
11
1.0001361023622046
21
0.8924616535433071
0
LINE
8
BLACK
6
CONTINUOUS
10
1.0001361023622046
20
0.8924616535433071
11
1.0008647637795276
21
0.8902757086614173
0
LINE
8
BLACK
6
CONTINUOUS
10
1.0008647637795276
20
0.8902757086614173
11
1.0007014173228346
21
0.8879772834645669
0
LINE
8
BLACK
6
CONTINUOUS
10
1.0007014173228346
20
0.8879772834645669
11
0.9996709448818898
21
0.8859162992125984
0
LINE
8
BLACK
6
CONTINUOUS
10
0.9996709448818898
20
0.8859162992125984
11
0.9979301574803149
21
0.8844065748031495
0
LINE
8
BLACK
6
CONTINUOUS
10
0.9979301574803149
20
0.8844065748031495
11
0.9957442519685039
21
0.8836779527559054
0
LINE
8
BLACK
6
CONTINUOUS
10
0.9957442519685039
20
0.8836779527559054
11
0.9934458267716535
21
0.8838412992125984
0
LINE
8
BLACK
6
CONTINUOUS
10
0.9934458267716535
20
0.8838412992125984
11
0.9878660236220472
21
0.8865256299212598
0
LINE
8
BLACK
6
CONTINUOUS
10
0.9878660236220472
20
0.8865256299212598
11
0.9816532677165354
21
0.8864520866141732
0
LINE
8
BLACK
6
CONTINUOUS
10
0.9816532677165354
20
0.8864520866141732
11
0.975550748031496
21
0.8843410236220473
0
LINE
8
BLACK
6
CONTINUOUS
10
0.975550748031496
20
0.8843410236220473
11
0.9715758267716536
21
0.8802658267716535
0
LINE
8
BLACK
6
CONTINUOUS
10
0.9715758267716536
20
0.8802658267716535
11
0.9694544488188976
21
0.8758562598425197
0
LINE
8
BLACK
6
CONTINUOUS
10
0.9694544488188976
20
0.8758562598425197
11
0.9670780708661417
21
0.865977874015748
0
LINE
8
BLACK
6
CONTINUOUS
10
0.9670780708661417
20
0.865977874015748
11
0.9671611023622046
21
0.8589616141732284
0
LINE
8
BLACK
6
CONTINUOUS
10
0.9671611023622046
20
0.8589616141732284
11
0.9697287401574803
21
0.8490660629921259
0
LINE
8
BLACK
6
CONTINUOUS
10
0.9697287401574803
20
0.8490660629921259
11
0.9718323228346456
21
0.8450145669291338
0
LINE
8
BLACK
6
CONTINUOUS
10
0.9718323228346456
20
0.8450145669291338
11
0.975797283464567
21
0.8411472047244094
0
LINE
8
BLACK
6
CONTINUOUS
10
0.975797283464567
20
0.8411472047244094
11
0.9821010236220472
21
0.8391248031496062
0
LINE
8
BLACK
6
CONTINUOUS
10
0.9821010236220472
20
0.8391248031496062
11
0.9858501574803149
21
0.8391875984251969
0
LINE
8
BLACK
6
CONTINUOUS
10
0.9858501574803149
20
0.8391875984251969
11
0.9919098818897638
21
0.8412838582677166
0
LINE
8
BLACK
6
CONTINUOUS
10
0.9919098818897638
20
0.8412838582677166
11
0.9920059842519685
21
0.8413842913385826
0
LINE
8
BLACK
6
CONTINUOUS
10
0.9920059842519685
20
0.8413842913385826
11
0.991944094488189
21
0.852747125984252
0
LINE
8
BLACK
6
CONTINUOUS
10
0.991944094488189
20
0.852747125984252
11
0.9865691732283465
21
0.8526979527559055
0
LINE
8
BLACK
6
CONTINUOUS
10
0.9865691732283465
20
0.8526979527559055
11
0.9854170472440945
21
0.8528114173228346
0
LINE
8
BLACK
6
CONTINUOUS
10
0.9854170472440945
20
0.8528114173228346
11
0.9832882283464567
21
0.8536932283464567
0
LINE
8
BLACK
6
CONTINUOUS
10
0.9832882283464567
20
0.8536932283464567
11
0.981658937007874
21
0.8553225196850394
0
LINE
8
BLACK
6
CONTINUOUS
10
0.981658937007874
20
0.8553225196850394
11
0.9807771259842519
21
0.8574513385826772
0
LINE
8
BLACK
6
CONTINUOUS
10
0.9807771259842519
20
0.8574513385826772
11
0.9807771259842519
21
0.8597555905511811
0
LINE
8
BLACK
6
CONTINUOUS
10
0.9807771259842519
20
0.8597555905511811
11
0.981658937007874
21
0.8618844094488188
0
LINE
8
BLACK
6
CONTINUOUS
10
0.981658937007874
20
0.8618844094488188
11
0.9832882283464567
21
0.8635137007874015
0
LINE
8
BLACK
6
CONTINUOUS
10
0.9832882283464567
20
0.8635137007874015
11
0.9854170472440945
21
0.8643955118110236
0
LINE
8
BLACK
6
CONTINUOUS
10
0.9854170472440945
20
0.8643955118110236
11
0.9978177559055118
21
0.8645089763779528
0
LINE
8
BLACK
6
CONTINUOUS
10
0.9978177559055118
20
0.8645089763779528
11
0.9989698818897638
21
0.8643955118110236
0
LINE
8
BLACK
6
CONTINUOUS
10
0.9989698818897638
20
0.8643955118110236
11
1.0010987007874015
21
0.8635137007874015
0
LINE
8
BLACK
6
CONTINUOUS
10
1.0010987007874015
20
0.8635137007874015
11
1.0027279921259842
21
0.8618844094488188
0
LINE
8
BLACK
6
CONTINUOUS
10
1.0027279921259842
20
0.8618844094488188
11
1.0036098031496063
21
0.8597555905511811
0
LINE
8
BLACK
6
CONTINUOUS
10
1.0036098031496063
20
0.8597555905511811
11
1.0037232677165353
21
0.8389184251968503
0
LINE
8
BLACK
6
CONTINUOUS
10
1.0037232677165353
20
0.8389184251968503
11
1.0036098031496063
21
0.8377662992125984
0
LINE
8
BLACK
6
CONTINUOUS
10
1.0036098031496063
20
0.8377662992125984
11
1.0032281496062991
21
0.8368449212598426
0
LINE
8
BLACK
6
CONTINUOUS
10
1.0032281496062991
20
0.8368449212598426
11
1.0027280314960629
21
0.8356374803149607
0
LINE
8
BLACK
6
CONTINUOUS
10
1.0027280314960629
20
0.8356374803149607
11
0.9991814566929134
21
0.8319304724409449
0
LINE
8
BLACK
6
CONTINUOUS
10
0.9991814566929134
20
0.8319304724409449
11
0.9982865354330709
21
0.8311960236220473
0
LINE
8
BLACK
6
CONTINUOUS
10
0.9982865354330709
20
0.8311960236220473
11
0.9980904724409448
21
0.8311148031496063
0
LINE
8
BLACK
6
CONTINUOUS
10
0.9980904724409448
20
0.8311148031496063
11
0.9979302362204724
21
0.8309758267716535
0
LINE
8
BLACK
6
CONTINUOUS
10
0.9979302362204724
20
0.8309758267716535
11
0.9968666535433071
21
0.830607874015748
0
LINE
8
BLACK
6
CONTINUOUS
10
0.9968666535433071
20
0.830607874015748
11
0.9961577165354331
21
0.8303142519685039
0
LINE
8
BLACK
6
CONTINUOUS
10
0.9961577165354331
20
0.8303142519685039
11
0.9960177952755905
21
0.8303142519685039
0
LINE
8
BLACK
6
CONTINUOUS
10
0.9960177952755905
20
0.8303142519685039
11
0.988436653543307
21
0.8276916929133858
0
LINE
8
BLACK
6
CONTINUOUS
10
0.988436653543307
20
0.8276916929133858
11
0.9878654724409449
21
0.827561811023622
0
LINE
8
BLACK
6
CONTINUOUS
10
0.9878654724409449
20
0.827561811023622
11
0.9877212992125984
21
0.8275020866141732
0
LINE
8
BLACK
6
CONTINUOUS
10
0.9877212992125984
20
0.8275020866141732
11
0.9875933858267716
21
0.8274999212598425
0
LINE
8
BLACK
6
CONTINUOUS
10
0.9875933858267716
20
0.8274999212598425
11
0.9873077952755905
21
0.827435
0
LINE
8
BLACK
6
CONTINUOUS
10
0.9873077952755905
20
0.827435
11
0.9866226377952756
21
0.8274836614173228
0
LINE
8
BLACK
6
CONTINUOUS
10
0.9866226377952756
20
0.8274836614173228
11
0.9809448818897638
21
0.8273886220472441
0
LINE
8
BLACK
6
CONTINUOUS
10
0.9809448818897638
20
0.8273886220472441
11
0.9803617322834646
21
0.8274460236220472
0
LINE
8
BLACK
6
CONTINUOUS
10
0.9803617322834646
20
0.8274460236220472
11
0.9802062598425196
21
0.827435
0
LINE
8
BLACK
6
CONTINUOUS
10
0.9802062598425196
20
0.827435
11
0.9800876771653543
21
0.827473031496063
0
LINE
8
BLACK
6
CONTINUOUS
10
0.9800876771653543
20
0.827473031496063
11
0.9797927559055117
21
0.8275020866141732
0
LINE
8
BLACK
6
CONTINUOUS
10
0.9797927559055117
20
0.8275020866141732
11
0.9790905511811023
21
0.8277929133858267
0
LINE
8
BLACK
6
CONTINUOUS
10
0.9790905511811023
20
0.8277929133858267
11
0.9706409448818898
21
0.8305038582677166
0
LINE
8
BLACK
6
CONTINUOUS
10
0.9706409448818898
20
0.8305038582677166
11
0.9695838188976378
21
0.8309758267716535
0
LINE
8
BLACK
6
CONTINUOUS
10
0.9695838188976378
20
0.8309758267716535
11
0.9694235826771653
21
0.8311147637795275
0
LINE
8
BLACK
6
CONTINUOUS
10
0.9694235826771653
20
0.8311147637795275
11
0.9692274803149606
21
0.8311960236220473
0
LINE
8
BLACK
6
CONTINUOUS
10
0.9692274803149606
20
0.8311960236220473
11
0.9684053149606299
21
0.8319979133858267
0
LINE
8
BLACK
6
CONTINUOUS
10
0.9684053149606299
20
0.8319979133858267
11
0.9678430708661417
21
0.8324855905511811
0
LINE
8
BLACK
6
CONTINUOUS
10
0.9678430708661417
20
0.8324855905511811
11
0.9677837401574803
21
0.8326042125984252
0
LINE
8
BLACK
6
CONTINUOUS
10
0.9677837401574803
20
0.8326042125984252
11
0.9627083070866141
21
0.8375547637795275
0
LINE
8
BLACK
6
CONTINUOUS
10
0.9627083070866141
20
0.8375547637795275
11
0.9623366535433071
21
0.8380075590551181
0
LINE
8
BLACK
6
CONTINUOUS
10
0.9623366535433071
20
0.8380075590551181
11
0.9622188188976378
21
0.8381098031496063
0
LINE
8
BLACK
6
CONTINUOUS
10
0.9622188188976378
20
0.8381098031496063
11
0.9621602755905512
21
0.8382224803149606
0
LINE
8
BLACK
6
CONTINUOUS
10
0.9621602755905512
20
0.8382224803149606
11
0.9619738582677165
21
0.83844968503937
0
LINE
8
BLACK
6
CONTINUOUS
10
0.9619738582677165
20
0.83844968503937
11
0.9617036614173228
21
0.8391019291338583
0
LINE
8
BLACK
6
CONTINUOUS
10
0.9617036614173228
20
0.8391019291338583
11
0.9587899212598425
21
0.8447138582677165
0
LINE
8
BLACK
6
CONTINUOUS
10
0.9587899212598425
20
0.8447138582677165
11
0.9587576377952756
21
0.8447981102362204
0
LINE
8
BLACK
6
CONTINUOUS
10
0.9587576377952756
20
0.8447981102362204
11
0.958732283464567
21
0.8448324015748031
0
LINE
8
BLACK
6
CONTINUOUS
10
0.958732283464567
20
0.8448324015748031
11
0.9587064173228346
21
0.8449320472440944
0
LINE
8
BLACK
6
CONTINUOUS
10
0.9587064173228346
20
0.8449320472440944
11
0.9583761811023622
21
0.8457950787401575
0
LINE
8
BLACK
6
CONTINUOUS
10
0.9583761811023622
20
0.8457950787401575
11
0.9583360629921259
21
0.8463593307086614
0
LINE
8
BLACK
6
CONTINUOUS
10
0.9583360629921259
20
0.8463593307086614
11
0.9555306692913386
21
0.8571711811023622
0
LINE
8
BLACK
6
CONTINUOUS
10
0.9555306692913386
20
0.8571711811023622
11
0.9555011417322834
21
0.8573708267716535
0
LINE
8
BLACK
6
CONTINUOUS
10
0.9555011417322834
20
0.8573708267716535
11
0.9554677952755906
21
0.8574513385826772
0
LINE
8
BLACK
6
CONTINUOUS
10
0.9554677952755906
20
0.8574513385826772
11
0.955465905511811
21
0.8576088976377952
0
LINE
8
BLACK
6
CONTINUOUS
10
0.955465905511811
20
0.8576088976377952
11
0.9553612992125984
21
0.8583164173228346
0
LINE
8
BLACK
6
CONTINUOUS
10
0.9553612992125984
20
0.8583164173228346
11
0.9554504330708661
21
0.8589155905511811
0
LINE
8
BLACK
6
CONTINUOUS
10
0.9554504330708661
20
0.8589155905511811
11
0.9553543307086614
21
0.8670399212598425
0
LINE
8
BLACK
6
CONTINUOUS
10
0.9553543307086614
20
0.8670399212598425
11
0.955374094488189
21
0.8672408267716535
0
LINE
8
BLACK
6
CONTINUOUS
10
0.955374094488189
20
0.8672408267716535
11
0.9553612992125984
21
0.867326968503937
0
LINE
8
BLACK
6
CONTINUOUS
10
0.9553612992125984
20
0.867326968503937
11
0.9553973622047244
21
0.8674768503937008
0
LINE
8
BLACK
6
CONTINUOUS
10
0.9553973622047244
20
0.8674768503937008
11
0.9554677952755906
21
0.8681920472440945
0
LINE
8
BLACK
6
CONTINUOUS
10
0.9554677952755906
20
0.8681920472440945
11
0.955710157480315
21
0.8687771259842519
0
LINE
8
BLACK
6
CONTINUOUS
10
0.955710157480315
20
0.8687771259842519
11
0.9583427952755905
21
0.8797207874015748
0
LINE
8
BLACK
6
CONTINUOUS
10
0.9583427952755905
20
0.8797207874015748
11
0.9583731496062992
21
0.879805748031496
0
LINE
8
BLACK
6
CONTINUOUS
10
0.9583731496062992
20
0.879805748031496
11
0.9583761811023622
21
0.8798483070866141
0
LINE
8
BLACK
6
CONTINUOUS
10
0.9583761811023622
20
0.8798483070866141
11
0.9584234645669291
21
0.8799466141732283
0
LINE
8
BLACK
6
CONTINUOUS
10
0.9584234645669291
20
0.8799466141732283
11
0.958732283464567
21
0.8808109842519685
0
LINE
8
BLACK
6
CONTINUOUS
10
0.958732283464567
20
0.8808109842519685
11
0.9590374015748031
21
0.8812227952755906
0
LINE
8
BLACK
6
CONTINUOUS
10
0.9590374015748031
20
0.8812227952755906
11
0.9616020866141732
21
0.8865538188976377
0
LINE
8
BLACK
6
CONTINUOUS
10
0.9616020866141732
20
0.8865538188976377
11
0.9619141732283464
21
0.8870496062992126
0
LINE
8
BLACK
6
CONTINUOUS
10
0.9619141732283464
20
0.8870496062992126
11
0.9619738582677165
21
0.8871937007874016
0
LINE
8
BLACK
6
CONTINUOUS
10
0.9619738582677165
20
0.8871937007874016
11
0.9620612992125984
21
0.8872833464566929
0
LINE
8
BLACK
6
CONTINUOUS
10
0.9620612992125984
20
0.8872833464566929
11
0.9622188188976378
21
0.8875335826771653
0
LINE
8
BLACK
6
CONTINUOUS
10
0.9622188188976378
20
0.8875335826771653
11
0.9627805511811024
21
0.888020748031496
0
LINE
8
BLACK
6
CONTINUOUS
10
0.9627805511811024
20
0.888020748031496
11
0.9683325984251968
21
0.8937129133858267
0
LINE
8
BLACK
6
CONTINUOUS
10
0.9683325984251968
20
0.8937129133858267
11
0.9692274803149606
21
0.8944473622047244
0
LINE
8
BLACK
6
CONTINUOUS
10
0.9692274803149606
20
0.8944473622047244
11
0.9694235826771653
21
0.8945285826771653
0
LINE
8
BLACK
6
CONTINUOUS
10
0.9694235826771653
20
0.8945285826771653
11
0.9695838188976378
21
0.8946675590551181
0
LINE
8
BLACK
6
CONTINUOUS
10
0.9695838188976378
20
0.8946675590551181
11
0.9706473228346456
21
0.8950354330708661
0
LINE
8
BLACK
6
CONTINUOUS
10
0.9706473228346456
20
0.8950354330708661
11
0.9713563385826771
21
0.8953291338582677
0
LINE
8
BLACK
6
CONTINUOUS
10
0.9713563385826771
20
0.8953291338582677
11
0.9714962598425196
21
0.8953291338582677
0
LINE
8
BLACK
6
CONTINUOUS
10
0.9714962598425196
20
0.8953291338582677
11
0.9790773622047244
21
0.8979516929133858
0
LINE
8
BLACK
6
CONTINUOUS
10
0.9790773622047244
20
0.8979516929133858
11
0.9796485826771654
21
0.8980815748031495
0
LINE
8
BLACK
6
CONTINUOUS
10
0.9796485826771654
20
0.8980815748031495
11
0.9797927559055117
21
0.8981412992125984
0
LINE
8
BLACK
6
CONTINUOUS
10
0.9797927559055117
20
0.8981412992125984
11
0.979917716535433
21
0.8981427559055117
0
LINE
8
BLACK
6
CONTINUOUS
10
0.979917716535433
20
0.8981427559055117
11
0.9802062598425196
21
0.8982083858267716
0
LINE
8
BLACK
6
CONTINUOUS
10
0.9802062598425196
20
0.8982083858267716
11
0.9809564566929133
21
0.8981550393700787
0
LINE
8
BLACK
6
CONTINUOUS
10
0.9809564566929133
20
0.8981550393700787
11
0.9893813385826772
21
0.8982547637795275
0
LINE
8
BLACK
6
CONTINUOUS
10
0.9893813385826772
20
0.8982547637795275
11
0.9905334645669291
21
0.8981412992125984
0
LINE
8
BLACK
6
CONTINUOUS
10
1.0996382283464567
20
0.8981973228346456
11
1.0997937401574802
21
0.8982083858267716
0
LINE
8
BLACK
6
CONTINUOUS
10
1.0997937401574802
20
0.8982083858267716
11
1.0999122834645669
21
0.8981703149606299
0
LINE
8
BLACK
6
CONTINUOUS
10
1.0999122834645669
20
0.8981703149606299
11
1.1002072440944881
21
0.8981412992125984
0
LINE
8
BLACK
6
CONTINUOUS
10
1.1002072440944881
20
0.8981412992125984
11
1.1009093700787402
21
0.8978504330708661
0
LINE
8
BLACK
6
CONTINUOUS
10
1.1009093700787402
20
0.8978504330708661
11
1.1093590551181103
21
0.8951395669291339
0
LINE
8
BLACK
6
CONTINUOUS
10
1.1093590551181103
20
0.8951395669291339
11
1.1104161811023623
21
0.8946675590551181
0
LINE
8
BLACK
6
CONTINUOUS
10
1.1104161811023623
20
0.8946675590551181
11
1.1105764173228345
21
0.8945285433070866
0
LINE
8
BLACK
6
CONTINUOUS
10
1.1105764173228345
20
0.8945285433070866
11
1.1107724803149606
21
0.8944473622047244
0
LINE
8
BLACK
6
CONTINUOUS
10
1.1107724803149606
20
0.8944473622047244
11
1.1115942913385826
21
0.893645748031496
0
LINE
8
BLACK
6
CONTINUOUS
10
1.1115942913385826
20
0.893645748031496
11
1.1121568897637795
21
0.8931578346456692
0
LINE
8
BLACK
6
CONTINUOUS
10
1.1121568897637795
20
0.8931578346456692
11
1.1122162204724408
21
0.8930391338582677
0
LINE
8
BLACK
6
CONTINUOUS
10
1.1122162204724408
20
0.8930391338582677
11
1.1172916929133858
21
0.888088622047244
0
LINE
8
BLACK
6
CONTINUOUS
10
1.1172916929133858
20
0.888088622047244
11
1.117663346456693
21
0.887635748031496
0
LINE
8
BLACK
6
CONTINUOUS
10
1.117663346456693
20
0.887635748031496
11
1.1177811811023621
21
0.8875335826771653
0
LINE
8
BLACK
6
CONTINUOUS
10
1.1177811811023621
20
0.8875335826771653
11
1.1178396456692914
21
0.8874209448818897
0
LINE
8
BLACK
6
CONTINUOUS
10
1.1178396456692914
20
0.8874209448818897
11
1.1180261417322834
21
0.8871937401574803
0
LINE
8
BLACK
6
CONTINUOUS
10
1.1180261417322834
20
0.8871937401574803
11
1.1182963385826772
21
0.8865413385826771
0
LINE
8
BLACK
6
CONTINUOUS
10
1.1182963385826772
20
0.8865413385826771
11
1.1212100787401575
21
0.8809295669291338
0
LINE
8
BLACK
6
CONTINUOUS
10
1.1212100787401575
20
0.8809295669291338
11
1.1212423228346455
21
0.8808451968503936
0
LINE
8
BLACK
6
CONTINUOUS
10
1.1212423228346455
20
0.8808451968503936
11
1.121267716535433
21
0.8808109842519685
0
LINE
8
BLACK
6
CONTINUOUS
10
1.121267716535433
20
0.8808109842519685
11
1.1212935433070865
21
0.8807114173228346
0
LINE
8
BLACK
6
CONTINUOUS
10
1.1212935433070865
20
0.8807114173228346
11
1.1216238188976377
21
0.8798483070866141
0
LINE
8
BLACK
6
CONTINUOUS
10
1.1216238188976377
20
0.8798483070866141
11
1.1216638976377953
21
0.8792840157480315
0
LINE
8
BLACK
6
CONTINUOUS
10
1.1216638976377953
20
0.8792840157480315
11
1.1244693307086613
21
0.8684722047244094
0
LINE
8
BLACK
6
CONTINUOUS
10
1.1244693307086613
20
0.8684722047244094
11
1.1244988188976377
21
0.8682725196850394
0
LINE
8
BLACK
6
CONTINUOUS
10
1.1244988188976377
20
0.8682725196850394
11
1.1245322047244095
21
0.8681920472440945
0
LINE
8
BLACK
6
CONTINUOUS
10
1.1245322047244095
20
0.8681920472440945
11
1.1245340551181102
21
0.8680344488188976
0
LINE
8
BLACK
6
CONTINUOUS
10
1.1245340551181102
20
0.8680344488188976
11
1.1246387007874015
21
0.867326968503937
0
LINE
8
BLACK
6
CONTINUOUS
10
1.1246387007874015
20
0.867326968503937
11
1.1245495275590551
21
0.8667277559055118
0
LINE
8
BLACK
6
CONTINUOUS
10
1.1245495275590551
20
0.8667277559055118
11
1.1246456692913385
21
0.8586034645669292
0
LINE
8
BLACK
6
CONTINUOUS
10
1.1246456692913385
20
0.8586034645669292
11
1.1246258661417323
21
0.8584025196850393
0
LINE
8
BLACK
6
CONTINUOUS
10
1.1246258661417323
20
0.8584025196850393
11
1.1246387007874015
21
0.8583164173228346
0
LINE
8
BLACK
6
CONTINUOUS
10
1.1246387007874015
20
0.8583164173228346
11
1.1246025984251968
21
0.8581664960629921
0
LINE
8
BLACK
6
CONTINUOUS
10
1.1246025984251968
20
0.8581664960629921
11
1.1245322047244095
21
0.8574513385826772
0
LINE
8
BLACK
6
CONTINUOUS
10
1.1245322047244095
20
0.8574513385826772
11
1.1242898031496062
21
0.8568662204724409
0
LINE
8
BLACK
6
CONTINUOUS
10
1.1242898031496062
20
0.8568662204724409
11
1.1216572047244093
21
0.8459225984251968
0
LINE
8
BLACK
6
CONTINUOUS
10
1.1216572047244093
20
0.8459225984251968
11
1.1216268110236221
21
0.8458375984251968
0
LINE
8
BLACK
6
CONTINUOUS
10
1.1216268110236221
20
0.8458375984251968
11
1.1216238188976377
21
0.8457950787401575
0
LINE
8
BLACK
6
CONTINUOUS
10
1.1216238188976377
20
0.8457950787401575
11
1.1215764960629921
21
0.8456967322834645
0
LINE
8
BLACK
6
CONTINUOUS
10
1.1215764960629921
20
0.8456967322834645
11
1.121267716535433
21
0.8448324015748031
0
LINE
8
BLACK
6
CONTINUOUS
10
1.121267716535433
20
0.8448324015748031
11
1.120962559055118
21
0.8444205511811024
0
LINE
8
BLACK
6
CONTINUOUS
10
1.120962559055118
20
0.8444205511811024
11
1.1183979133858268
21
0.8390895669291338
0
LINE
8
BLACK
6
CONTINUOUS
10
1.1183979133858268
20
0.8390895669291338
11
1.1180858267716536
21
0.8385938188976377
0
LINE
8
BLACK
6
CONTINUOUS
10
1.1180858267716536
20
0.8385938188976377
11
1.1180261417322834
21
0.8384496456692914
0
LINE
8
BLACK
6
CONTINUOUS
10
1.1180261417322834
20
0.8384496456692914
11
1.1179385826771653
21
0.8383598818897637
0
LINE
8
BLACK
6
CONTINUOUS
10
1.1179385826771653
20
0.8383598818897637
11
1.1177811811023621
21
0.8381098031496063
0
LINE
8
BLACK
6
CONTINUOUS
10
1.1177811811023621
20
0.8381098031496063
11
1.1172195669291338
21
0.8376227165354331
0
LINE
8
BLACK
6
CONTINUOUS
10
1.1172195669291338
20
0.8376227165354331
11
1.1116674015748031
21
0.8319304724409449
0
LINE
8
BLACK
6
CONTINUOUS
10
1.1116674015748031
20
0.8319304724409449
11
1.1107724803149606
21
0.8311960236220473
0
LINE
8
BLACK
6
CONTINUOUS
10
1.1107724803149606
20
0.8311960236220473
11
1.1105764173228345
21
0.8311148031496063
0
LINE
8
BLACK
6
CONTINUOUS
10
1.1105764173228345
20
0.8311148031496063
11
1.1104161811023623
21
0.8309758267716535
0
LINE
8
BLACK
6
CONTINUOUS
10
1.1104161811023623
20
0.8309758267716535
11
1.1093525984251968
21
0.830607874015748
0
LINE
8
BLACK
6
CONTINUOUS
10
1.1093525984251968
20
0.830607874015748
11
1.1086436614173227
21
0.8303142519685039
0
LINE
8
BLACK
6
CONTINUOUS
10
1.1086436614173227
20
0.8303142519685039
11
1.1085037401574802
21
0.8303142519685039
0
LINE
8
BLACK
6
CONTINUOUS
10
1.1085037401574802
20
0.8303142519685039
11
1.1009225984251969
21
0.8276916929133858
0
LINE
8
BLACK
6
CONTINUOUS
10
1.1009225984251969
20
0.8276916929133858
11
1.1003514173228346
21
0.827561811023622
0
LINE
8
BLACK
6
CONTINUOUS
10
1.1003514173228346
20
0.827561811023622
11
1.1002072440944881
21
0.8275020866141732
0
LINE
8
BLACK
6
CONTINUOUS
10
1.1002072440944881
20
0.8275020866141732
11
1.1000847244094487
21
0.8275011417322834
0
LINE
8
BLACK
6
CONTINUOUS
10
1.1000847244094487
20
0.8275011417322834
11
1.0997937401574802
21
0.827435
0
LINE
8
BLACK
6
CONTINUOUS
10
1.0997937401574802
20
0.827435
11
1.0989787007874015
21
0.8274929133858268
0
LINE
8
BLACK
6
CONTINUOUS
10
1.0989787007874015
20
0.8274929133858268
11
1.0849943700787401
21
0.8273886220472441
0
LINE
8
BLACK
6
CONTINUOUS
10
1.0849943700787401
20
0.8273886220472441
11
1.0838422440944881
21
0.8275020866141732
0
LINE
8
BLACK
6
CONTINUOUS
10
1.0838422440944881
20
0.8275020866141732
11
1.0817134251968503
21
0.8283838976377953
0
LINE
8
BLACK
6
CONTINUOUS
10
1.0817134251968503
20
0.8283838976377953
11
1.0800841338582676
21
0.8300131889763779
0
LINE
8
BLACK
6
CONTINUOUS
10
1.0800841338582676
20
0.8300131889763779
11
1.0792023228346457
21
0.8321420078740157
0
LINE
8
BLACK
6
CONTINUOUS
10
1.0792023228346457
20
0.8321420078740157
11
1.0790888582677165
21
0.8923492519685039
0
LINE
8
BLACK
6
CONTINUOUS
10
1.0790888582677165
20
0.8923492519685039
11
1.0792023228346457
21
0.8935013779527559
0
LINE
8
BLACK
6
CONTINUOUS
10
1.0792023228346457
20
0.8935013779527559
11
1.0800841338582676
21
0.8956301968503937
0
LINE
8
BLACK
6
CONTINUOUS
10
1.0800841338582676
20
0.8956301968503937
11
1.0817134251968503
21
0.8972594881889764
0
LINE
8
BLACK
6
CONTINUOUS
10
1.0817134251968503
20
0.8972594881889764
11
1.0838422440944881
21
0.8981412992125984
0
LINE
8
BLACK
6
CONTINUOUS
10
1.0838422440944881
20
0.8981412992125984
11
1.0990551181102362
21
0.8982547637795275
0
LINE
8
BLACK
6
CONTINUOUS
10
1.0990551181102362
20
0.8982547637795275
11
1.0996382283464567
21
0.8981973228346456
0
LINE
8
BLACK
6
CONTINUOUS
10
1.0907996062992125
20
0.8864870078740157
11
1.0908888582677165
21
0.8391387007874016
0
LINE
8
BLACK
6
CONTINUOUS
10
1.0908888582677165
20
0.8391387007874016
11
1.0983558267716536
21
0.8391944094488188
0
LINE
8
BLACK
6
CONTINUOUS
10
1.0983558267716536
20
0.8391944094488188
11
1.1044492913385826
21
0.8413023228346457
0
LINE
8
BLACK
6
CONTINUOUS
10
1.1044492913385826
20
0.8413023228346457
11
1.1084241338582677
21
0.8453774803149606
0
LINE
8
BLACK
6
CONTINUOUS
10
1.1084241338582677
20
0.8453774803149606
11
1.1105455118110237
21
0.8497870866141732
0
LINE
8
BLACK
6
CONTINUOUS
10
1.1105455118110237
20
0.8497870866141732
11
1.1129218897637796
21
0.8596654724409448
0
LINE
8
BLACK
6
CONTINUOUS
10
1.1129218897637796
20
0.8596654724409448
11
1.1128388582677164
21
0.8666817322834646
0
LINE
8
BLACK
6
CONTINUOUS
10
1.1128388582677164
20
0.8666817322834646
11
1.110271220472441
21
0.8765773228346456
0
LINE
8
BLACK
6
CONTINUOUS
10
1.110271220472441
20
0.8765773228346456
11
1.1081676771653544
21
0.8806287007874015
0
LINE
8
BLACK
6
CONTINUOUS
10
1.1081676771653544
20
0.8806287007874015
11
1.1042026377952756
21
0.8844961417322834
0
LINE
8
BLACK
6
CONTINUOUS
10
1.1042026377952756
20
0.8844961417322834
11
1.097833779527559
21
0.8865394881889763
0
LINE
8
BLACK
6
CONTINUOUS
10
1.097833779527559
20
0.8865394881889763
11
1.0907996062992125
21
0.8864870078740157
0
LINE
8
BLACK
6
CONTINUOUS
10
1.0239027559055118
20
0.8981412992125984
11
1.0242792125984252
21
0.8981412992125984
0
LINE
8
BLACK
6
CONTINUOUS
10
1.0242792125984252
20
0.8981412992125984
11
1.0250048818897637
21
0.8978406692913385
0
LINE
8
BLACK
6
CONTINUOUS
10
1.0250048818897637
20
0.8978406692913385
11
1.025762559055118
21
0.8976340551181102
0
LINE
8
BLACK
6
CONTINUOUS
10
1.025762559055118
20
0.8976340551181102
11
1.026060157480315
21
0.8974035433070866
0
LINE
8
BLACK
6
CONTINUOUS
10
1.026060157480315
20
0.8974035433070866
11
1.0264080314960631
21
0.8972594881889764
0
LINE
8
BLACK
6
CONTINUOUS
10
1.0264080314960631
20
0.8972594881889764
11
1.0269634251968505
21
0.8967040551181102
0
LINE
8
BLACK
6
CONTINUOUS
10
1.0269634251968505
20
0.8967040551181102
11
1.0275843700787402
21
0.8962232283464566
0
LINE
8
BLACK
6
CONTINUOUS
10
1.0275843700787402
20
0.8962232283464566
11
1.0277727952755906
21
0.8958946850393701
0
LINE
8
BLACK
6
CONTINUOUS
10
1.0277727952755906
20
0.8958946850393701
11
1.0280373228346456
21
0.8956301968503937
0
LINE
8
BLACK
6
CONTINUOUS
10
1.0280373228346456
20
0.8956301968503937
11
1.028330433070866
21
0.8949225196850393
0
LINE
8
BLACK
6
CONTINUOUS
10
1.028330433070866
20
0.8949225196850393
11
1.0510370866141732
21
0.855336811023622
0
LINE
8
BLACK
6
CONTINUOUS
10
1.0510370866141732
20
0.855336811023622
11
1.0509673622047244
21
0.8923492519685039
0
LINE
8
BLACK
6
CONTINUOUS
10
1.0509673622047244
20
0.8923492519685039
11
1.0510808267716536
21
0.8935013779527559
0
LINE
8
BLACK
6
CONTINUOUS
10
1.0510808267716536
20
0.8935013779527559
11
1.0519626377952755
21
0.8956301968503937
0
LINE
8
BLACK
6
CONTINUOUS
10
1.0519626377952755
20
0.8956301968503937
11
1.0535919291338582
21
0.8972594881889764
0
LINE
8
BLACK
6
CONTINUOUS
10
1.0535919291338582
20
0.8972594881889764
11
1.0557207480314961
21
0.8981412992125984
0
LINE
8
BLACK
6
CONTINUOUS
10
1.0557207480314961
20
0.8981412992125984
11
1.058025
21
0.8981412992125984
0
LINE
8
BLACK
6
CONTINUOUS
10
1.058025
20
0.8981412992125984
11
1.0601538188976378
21
0.8972594881889764
0
LINE
8
BLACK
6
CONTINUOUS
10
1.0601538188976378
20
0.8972594881889764
11
1.0617831102362205
21
0.8956301968503937
0
LINE
8
BLACK
6
CONTINUOUS
10
1.0617831102362205
20
0.8956301968503937
11
1.0626649212598425
21
0.8935013779527559
0
LINE
8
BLACK
6
CONTINUOUS
10
1.0626649212598425
20
0.8935013779527559
11
1.0627783858267716
21
0.8332941338582677
0
LINE
8
BLACK
6
CONTINUOUS
10
1.0627783858267716
20
0.8332941338582677
11
1.0627491732283465
21
0.8329977952755905
0
LINE
8
BLACK
6
CONTINUOUS
10
1.0627491732283465
20
0.8329977952755905
11
1.0627639763779528
21
0.8328816141732284
0
LINE
8
BLACK
6
CONTINUOUS
10
1.0627639763779528
20
0.8328816141732284
11
1.0627229133858267
21
0.8327311417322835
0
LINE
8
BLACK
6
CONTINUOUS
10
1.0627229133858267
20
0.8327311417322835
11
1.0626649212598425
21
0.8321420078740157
0
LINE
8
BLACK
6
CONTINUOUS
10
1.0626649212598425
20
0.8321420078740157
11
1.0623642913385827
21
0.8314162992125984
0
LINE
8
BLACK
6
CONTINUOUS
10
1.0623642913385827
20
0.8314162992125984
11
1.0621576771653543
21
0.8306586614173228
0
LINE
8
BLACK
6
CONTINUOUS
10
1.0621576771653543
20
0.8306586614173228
11
1.0619271653543307
21
0.8303610236220472
0
LINE
8
BLACK
6
CONTINUOUS
10
1.0619271653543307
20
0.8303610236220472
11
1.0617831102362205
21
0.8300131889763779
0
LINE
8
BLACK
6
CONTINUOUS
10
1.0617831102362205
20
0.8300131889763779
11
1.0612276771653544
21
0.8294577559055117
0
LINE
8
BLACK
6
CONTINUOUS
10
1.0612276771653544
20
0.8294577559055117
11
1.0607468503937008
21
0.8288368503937008
0
LINE
8
BLACK
6
CONTINUOUS
10
1.0607468503937008
20
0.8288368503937008
11
1.0604199606299212
21
0.8286500393700788
0
LINE
8
BLACK
6
CONTINUOUS
10
1.0604199606299212
20
0.8286500393700788
11
1.0601538188976378
21
0.8283838976377953
0
LINE
8
BLACK
6
CONTINUOUS
10
1.0601538188976378
20
0.8283838976377953
11
1.0594281889763779
21
0.8280833070866142
0
LINE
8
BLACK
6
CONTINUOUS
10
1.0594281889763779
20
0.8280833070866142
11
1.0587462204724409
21
0.8276936220472441
0
LINE
8
BLACK
6
CONTINUOUS
10
1.0587462204724409
20
0.8276936220472441
11
1.0583727559055118
21
0.8276461417322835
0
LINE
8
BLACK
6
CONTINUOUS
10
1.0583727559055118
20
0.8276461417322835
11
1.058025
21
0.8275020866141732
0
LINE
8
BLACK
6
CONTINUOUS
10
1.058025
20
0.8275020866141732
11
1.0572395669291339
21
0.8275020866141732
0
LINE
8
BLACK
6
CONTINUOUS
10
1.0572395669291339
20
0.8275020866141732
11
1.0564603937007875
21
0.827403031496063
0
LINE
8
BLACK
6
CONTINUOUS
10
1.0564603937007875
20
0.827403031496063
11
1.0560972047244095
21
0.8275020866141732
0
LINE
8
BLACK
6
CONTINUOUS
10
1.0560972047244095
20
0.8275020866141732
11
1.0557207480314961
21
0.8275020866141732
0
LINE
8
BLACK
6
CONTINUOUS
10
1.0557207480314961
20
0.8275020866141732
11
1.0549951968503937
21
0.8278025984251969
0
LINE
8
BLACK
6
CONTINUOUS
10
1.0549951968503937
20
0.8278025984251969
11
1.0542374015748031
21
0.8280092913385827
0
LINE
8
BLACK
6
CONTINUOUS
10
1.0542374015748031
20
0.8280092913385827
11
1.0539396850393701
21
0.828239842519685
0
LINE
8
BLACK
6
CONTINUOUS
10
1.0539396850393701
20
0.828239842519685
11
1.0535919291338582
21
0.8283838976377953
0
LINE
8
BLACK
6
CONTINUOUS
10
1.0535919291338582
20
0.8283838976377953
11
1.0530365748031496
21
0.8289392125984252
0
LINE
8
BLACK
6
CONTINUOUS
10
1.0530365748031496
20
0.8289392125984252
11
1.0524155905511812
21
0.8294201574803149
0
LINE
8
BLACK
6
CONTINUOUS
10
1.0524155905511812
20
0.8294201574803149
11
1.0522271259842519
21
0.8297486614173228
0
LINE
8
BLACK
6
CONTINUOUS
10
1.0522271259842519
20
0.8297486614173228
11
1.0519626377952755
21
0.8300131889763779
0
LINE
8
BLACK
6
CONTINUOUS
10
1.0519626377952755
20
0.8300131889763779
11
1.0516694881889763
21
0.8307208267716535
0
LINE
8
BLACK
6
CONTINUOUS
10
1.0516694881889763
20
0.8307208267716535
11
1.0289628346456692
21
0.8703065748031495
0
LINE
8
BLACK
6
CONTINUOUS
10
1.0289628346456692
20
0.8703065748031495
11
1.0290325984251969
21
0.8332941338582677
0
LINE
8
BLACK
6
CONTINUOUS
10
1.0290325984251969
20
0.8332941338582677
11
1.0289191338582677
21
0.8321420078740157
0
LINE
8
BLACK
6
CONTINUOUS
10
1.0289191338582677
20
0.8321420078740157
11
1.0280373228346456
21
0.8300131889763779
0
LINE
8
BLACK
6
CONTINUOUS
10
1.0280373228346456
20
0.8300131889763779
11
1.0264080314960631
21
0.8283838976377953
0
LINE
8
BLACK
6
CONTINUOUS
10
1.0264080314960631
20
0.8283838976377953
11
1.0242792125984252
21
0.8275020866141732
0
LINE
8
BLACK
6
CONTINUOUS
10
1.0242792125984252
20
0.8275020866141732
11
1.0219749606299213
21
0.8275020866141732
0
LINE
8
BLACK
6
CONTINUOUS
10
1.0219749606299213
20
0.8275020866141732
11
1.0198461417322835
21
0.8283838976377953
0
LINE
8
BLACK
6
CONTINUOUS
10
1.0198461417322835
20
0.8283838976377953
11
1.0182168503937008
21
0.8300131889763779
0
LINE
8
BLACK
6
CONTINUOUS
10
1.0182168503937008
20
0.8300131889763779
11
1.0173350393700786
21
0.8321420078740157
0
LINE
8
BLACK
6
CONTINUOUS
10
1.0173350393700786
20
0.8321420078740157
11
1.0172215748031497
21
0.8923492519685039
0
LINE
8
BLACK
6
CONTINUOUS
10
1.0172215748031497
20
0.8923492519685039
11
1.0172507480314961
21
0.8926455118110236
0
LINE
8
BLACK
6
CONTINUOUS
10
1.0172507480314961
20
0.8926455118110236
11
1.0172359842519685
21
0.8927617322834646
0
LINE
8
BLACK
6
CONTINUOUS
10
1.0172359842519685
20
0.8927617322834646
11
1.0172770078740156
21
0.892912125984252
0
LINE
8
BLACK
6
CONTINUOUS
10
1.0172770078740156
20
0.892912125984252
11
1.0173350393700786
21
0.8935013779527559
0
LINE
8
BLACK
6
CONTINUOUS
10
1.0173350393700786
20
0.8935013779527559
11
1.0176356299212599
21
0.8942270472440945
0
LINE
8
BLACK
6
CONTINUOUS
10
1.0176356299212599
20
0.8942270472440945
11
1.0178422834645668
21
0.8949847244094488
0
LINE
8
BLACK
6
CONTINUOUS
10
1.0178422834645668
20
0.8949847244094488
11
1.0180727559055118
21
0.8952823228346456
0
LINE
8
BLACK
6
CONTINUOUS
10
1.0180727559055118
20
0.8952823228346456
11
1.0182168503937008
21
0.8956301968503937
0
LINE
8
BLACK
6
CONTINUOUS
10
1.0182168503937008
20
0.8956301968503937
11
1.0187722440944882
21
0.8961855905511811
0
LINE
8
BLACK
6
CONTINUOUS
10
1.0187722440944882
20
0.8961855905511811
11
1.0192531102362203
21
0.8968065354330709
0
LINE
8
BLACK
6
CONTINUOUS
10
1.0192531102362203
20
0.8968065354330709
11
1.0195799606299212
21
0.8969933070866142
0
LINE
8
BLACK
6
CONTINUOUS
10
1.0195799606299212
20
0.8969933070866142
11
1.0198461417322835
21
0.8972594881889764
0
LINE
8
BLACK
6
CONTINUOUS
10
1.0198461417322835
20
0.8972594881889764
11
1.0205717322834646
21
0.8975600393700787
0
LINE
8
BLACK
6
CONTINUOUS
10
1.0205717322834646
20
0.8975600393700787
11
1.0212537401574804
21
0.8979497637795275
0
LINE
8
BLACK
6
CONTINUOUS
10
1.0212537401574804
20
0.8979497637795275
11
1.0216271653543307
21
0.8979972047244095
0
LINE
8
BLACK
6
CONTINUOUS
10
1.0216271653543307
20
0.8979972047244095
11
1.0219749606299213
21
0.8981412992125984
0
LINE
8
BLACK
6
CONTINUOUS
10
1.0219749606299213
20
0.8981412992125984
11
1.0227603937007874
21
0.8981412992125984
0
LINE
8
BLACK
6
CONTINUOUS
10
1.0227603937007874
20
0.8981412992125984
11
1.0235395669291338
21
0.8982403543307086
0
LINE
8
BLACK
6
CONTINUOUS
10
1.0235395669291338
20
0.8982403543307086
11
1.0239027559055118
21
0.8981412992125984
0
LINE
8
BLACK
6
CONTINUOUS
10
0.1533952362204724
20
0.9081973228346456
11
0.1535507480314961
21
0.9082083858267717
0
LINE
8
BLACK
6
CONTINUOUS
10
0.1535507480314961
20
0.9082083858267717
11
0.1536692913385827
21
0.9081703149606299
0
LINE
8
BLACK
6
CONTINUOUS
10
0.1536692913385827
20
0.9081703149606299
11
0.1539642519685039
21
0.9081412992125985
0
LINE
8
BLACK
6
CONTINUOUS
10
0.1539642519685039
20
0.9081412992125985
11
0.1546663779527559
21
0.9078504330708661
0
LINE
8
BLACK
6
CONTINUOUS
10
0.1546663779527559
20
0.9078504330708661
11
0.163116062992126
21
0.9051395669291339
0
LINE
8
BLACK
6
CONTINUOUS
10
0.163116062992126
20
0.9051395669291339
11
0.1641731889763779
21
0.9046675590551181
0
LINE
8
BLACK
6
CONTINUOUS
10
0.1641731889763779
20
0.9046675590551181
11
0.1643334251968504
21
0.9045285433070865
0
LINE
8
BLACK
6
CONTINUOUS
10
0.1643334251968504
20
0.9045285433070865
11
0.1645294881889764
21
0.9044473622047244
0
LINE
8
BLACK
6
CONTINUOUS
10
0.1645294881889764
20
0.9044473622047244
11
0.1655229527559055
21
0.9034968897637795
0
LINE
8
BLACK
6
CONTINUOUS
10
0.1655229527559055
20
0.9034968897637795
11
0.1659138976377953
21
0.9031578346456692
0
LINE
8
BLACK
6
CONTINUOUS
10
0.1659138976377953
20
0.9031578346456692
11
0.1659473622047244
21
0.9030908267716535
0
LINE
8
BLACK
6
CONTINUOUS
10
0.1659473622047244
20
0.9030908267716535
11
0.1682365354330708
21
0.9009007874015748
0
LINE
8
BLACK
6
CONTINUOUS
10
0.1682365354330708
20
0.9009007874015748
11
0.1689709842519685
21
0.900005905511811
0
LINE
8
BLACK
6
CONTINUOUS
10
0.1689709842519685
20
0.900005905511811
11
0.1698527165354331
21
0.8978770472440945
0
LINE
8
BLACK
6
CONTINUOUS
10
0.1698527165354331
20
0.8978770472440945
11
0.1698527165354331
21
0.895572874015748
0
LINE
8
BLACK
6
CONTINUOUS
10
0.1698527165354331
20
0.895572874015748
11
0.1689709842519685
21
0.8934440551181102
0
LINE
8
BLACK
6
CONTINUOUS
10
0.1689709842519685
20
0.8934440551181102
11
0.1673416141732283
21
0.89181468503937
0
LINE
8
BLACK
6
CONTINUOUS
10
0.1673416141732283
20
0.89181468503937
11
0.1652127952755905
21
0.8909329527559054
0
LINE
8
BLACK
6
CONTINUOUS
10
0.1652127952755905
20
0.8909329527559054
11
0.1629086220472441
21
0.8909329527559054
0
LINE
8
BLACK
6
CONTINUOUS
10
0.1629086220472441
20
0.8909329527559054
11
0.1607797637795275
21
0.89181468503937
0
LINE
8
BLACK
6
CONTINUOUS
10
0.1607797637795275
20
0.89181468503937
11
0.1579857086614173
21
0.8944877952755905
0
LINE
8
BLACK
6
CONTINUOUS
10
0.1579857086614173
20
0.8944877952755905
11
0.151656062992126
21
0.8965185433070866
0
LINE
8
BLACK
6
CONTINUOUS
10
0.151656062992126
20
0.8965185433070866
11
0.1479067716535433
21
0.8964557480314961
0
LINE
8
BLACK
6
CONTINUOUS
10
0.1479067716535433
20
0.8964557480314961
11
0.1417937007874016
21
0.8943410236220473
0
LINE
8
BLACK
6
CONTINUOUS
10
0.1417937007874016
20
0.8943410236220473
11
0.1378187795275591
21
0.8902658267716536
0
LINE
8
BLACK
6
CONTINUOUS
10
0.1378187795275591
20
0.8902658267716536
11
0.1356974015748031
21
0.8858562598425197
0
LINE
8
BLACK
6
CONTINUOUS
10
0.1356974015748031
20
0.8858562598425197
11
0.1333210236220472
21
0.875977874015748
0
LINE
8
BLACK
6
CONTINUOUS
10
0.1333210236220472
20
0.875977874015748
11
0.1334040551181102
21
0.8689616141732284
0
LINE
8
BLACK
6
CONTINUOUS
10
0.1334040551181102
20
0.8689616141732284
11
0.1359716929133858
21
0.859066062992126
0
LINE
8
BLACK
6
CONTINUOUS
10
0.1359716929133858
20
0.859066062992126
11
0.1380752755905512
21
0.8550145669291338
0
LINE
8
BLACK
6
CONTINUOUS
10
0.1380752755905512
20
0.8550145669291338
11
0.1420402362204724
21
0.8511472047244094
0
LINE
8
BLACK
6
CONTINUOUS
10
0.1420402362204724
20
0.8511472047244094
11
0.1483439763779527
21
0.8491248031496063
0
LINE
8
BLACK
6
CONTINUOUS
10
0.1483439763779527
20
0.8491248031496063
11
0.1520931102362205
21
0.8491875984251969
0
LINE
8
BLACK
6
CONTINUOUS
10
0.1520931102362205
20
0.8491875984251969
11
0.1581528346456693
21
0.8512838582677165
0
LINE
8
BLACK
6
CONTINUOUS
10
0.1581528346456693
20
0.8512838582677165
11
0.1598848818897638
21
0.853094251968504
0
LINE
8
BLACK
6
CONTINUOUS
10
0.1598848818897638
20
0.853094251968504
11
0.1607797637795275
21
0.8538287007874016
0
LINE
8
BLACK
6
CONTINUOUS
10
0.1607797637795275
20
0.8538287007874016
11
0.1629086220472441
21
0.8547104330708661
0
LINE
8
BLACK
6
CONTINUOUS
10
0.1629086220472441
20
0.8547104330708661
11
0.1652127952755905
21
0.8547104330708661
0
LINE
8
BLACK
6
CONTINUOUS
10
0.1652127952755905
20
0.8547104330708661
11
0.1673416141732283
21
0.8538287007874016
0
LINE
8
BLACK
6
CONTINUOUS
10
0.1673416141732283
20
0.8538287007874016
11
0.1689709842519685
21
0.8521993307086614
0
LINE
8
BLACK
6
CONTINUOUS
10
0.1689709842519685
20
0.8521993307086614
11
0.1698527165354331
21
0.8500705118110236
0
LINE
8
BLACK
6
CONTINUOUS
10
0.1698527165354331
20
0.8500705118110236
11
0.1698527165354331
21
0.8477663385826771
0
LINE
8
BLACK
6
CONTINUOUS
10
0.1698527165354331
20
0.8477663385826771
11
0.1689709842519685
21
0.8456374803149607
0
LINE
8
BLACK
6
CONTINUOUS
10
0.1689709842519685
20
0.8456374803149607
11
0.1654244094488189
21
0.8419304724409449
0
LINE
8
BLACK
6
CONTINUOUS
10
0.1654244094488189
20
0.8419304724409449
11
0.1645294881889764
21
0.8411960236220473
0
LINE
8
BLACK
6
CONTINUOUS
10
0.1645294881889764
20
0.8411960236220473
11
0.1643334251968504
21
0.8411148031496063
0
LINE
8
BLACK
6
CONTINUOUS
10
0.1643334251968504
20
0.8411148031496063
11
0.1641731889763779
21
0.8409758267716535
0
LINE
8
BLACK
6
CONTINUOUS
10
0.1641731889763779
20
0.8409758267716535
11
0.1631096062992126
21
0.840607874015748
0
LINE
8
BLACK
6
CONTINUOUS
10
0.1631096062992126
20
0.840607874015748
11
0.1624006692913386
21
0.840314251968504
0
LINE
8
BLACK
6
CONTINUOUS
10
0.1624006692913386
20
0.840314251968504
11
0.1622607480314961
21
0.840314251968504
0
LINE
8
BLACK
6
CONTINUOUS
10
0.1622607480314961
20
0.840314251968504
11
0.1546796062992126
21
0.8376916929133859
0
LINE
8
BLACK
6
CONTINUOUS
10
0.1546796062992126
20
0.8376916929133859
11
0.1541084251968504
21
0.837561811023622
0
LINE
8
BLACK
6
CONTINUOUS
10
0.1541084251968504
20
0.837561811023622
11
0.1539642519685039
21
0.8375020866141732
0
LINE
8
BLACK
6
CONTINUOUS
10
0.1539642519685039
20
0.8375020866141732
11
0.1538363385826772
21
0.8374999212598425
0
LINE
8
BLACK
6
CONTINUOUS
10
0.1538363385826772
20
0.8374999212598425
11
0.1535507480314961
21
0.8374349999999999
0
LINE
8
BLACK
6
CONTINUOUS
10
0.1535507480314961
20
0.8374349999999999
11
0.1528655905511811
21
0.8374836614173228
0
LINE
8
BLACK
6
CONTINUOUS
10
0.1528655905511811
20
0.8374836614173228
11
0.1471878346456693
21
0.8373886220472441
0
LINE
8
BLACK
6
CONTINUOUS
10
0.1471878346456693
20
0.8373886220472441
11
0.1466046850393701
21
0.8374460236220472
0
LINE
8
BLACK
6
CONTINUOUS
10
0.1466046850393701
20
0.8374460236220472
11
0.1464492125984252
21
0.8374349999999999
0
LINE
8
BLACK
6
CONTINUOUS
10
0.1464492125984252
20
0.8374349999999999
11
0.1463306299212598
21
0.837473031496063
0
LINE
8
BLACK
6
CONTINUOUS
10
0.1463306299212598
20
0.837473031496063
11
0.1460357086614173
21
0.8375020866141732
0
LINE
8
BLACK
6
CONTINUOUS
10
0.1460357086614173
20
0.8375020866141732
11
0.1453335039370079
21
0.8377929133858267
0
LINE
8
BLACK
6
CONTINUOUS
10
0.1453335039370079
20
0.8377929133858267
11
0.1368838976377953
21
0.8405038582677166
0
LINE
8
BLACK
6
CONTINUOUS
10
0.1368838976377953
20
0.8405038582677166
11
0.1358267716535433
21
0.8409758267716535
0
LINE
8
BLACK
6
CONTINUOUS
10
0.1358267716535433
20
0.8409758267716535
11
0.1356665354330709
21
0.8411147637795275
0
LINE
8
BLACK
6
CONTINUOUS
10
0.1356665354330709
20
0.8411147637795275
11
0.1354704330708661
21
0.8411960236220473
0
LINE
8
BLACK
6
CONTINUOUS
10
0.1354704330708661
20
0.8411960236220473
11
0.1346482677165354
21
0.8419979133858267
0
LINE
8
BLACK
6
CONTINUOUS
10
0.1346482677165354
20
0.8419979133858267
11
0.1340860236220472
21
0.8424855905511811
0
LINE
8
BLACK
6
CONTINUOUS
10
0.1340860236220472
20
0.8424855905511811
11
0.1340266929133858
21
0.8426042125984252
0
LINE
8
BLACK
6
CONTINUOUS
10
0.1340266929133858
20
0.8426042125984252
11
0.1289512598425197
21
0.8475547637795275
0
LINE
8
BLACK
6
CONTINUOUS
10
0.1289512598425197
20
0.8475547637795275
11
0.1285796062992126
21
0.848007559055118
0
LINE
8
BLACK
6
CONTINUOUS
10
0.1285796062992126
20
0.848007559055118
11
0.1284617716535433
21
0.8481098031496063
0
LINE
8
BLACK
6
CONTINUOUS
10
0.1284617716535433
20
0.8481098031496063
11
0.1284032283464567
21
0.8482224803149606
0
LINE
8
BLACK
6
CONTINUOUS
10
0.1284032283464567
20
0.8482224803149606
11
0.128216811023622
21
0.84844968503937
0
LINE
8
BLACK
6
CONTINUOUS
10
0.128216811023622
20
0.84844968503937
11
0.1279466141732283
21
0.8491019291338583
0
LINE
8
BLACK
6
CONTINUOUS
10
0.1279466141732283
20
0.8491019291338583
11
0.125032874015748
21
0.8547138582677165
0
LINE
8
BLACK
6
CONTINUOUS
10
0.125032874015748
20
0.8547138582677165
11
0.1250005905511811
21
0.8547981102362204
0
LINE
8
BLACK
6
CONTINUOUS
10
0.1250005905511811
20
0.8547981102362204
11
0.1249752362204724
21
0.8548324015748031
0
LINE
8
BLACK
6
CONTINUOUS
10
0.1249752362204724
20
0.8548324015748031
11
0.1249493700787402
21
0.8549320472440944
0
LINE
8
BLACK
6
CONTINUOUS
10
0.1249493700787402
20
0.8549320472440944
11
0.1246191338582677
21
0.8557950787401575
0
LINE
8
BLACK
6
CONTINUOUS
10
0.1246191338582677
20
0.8557950787401575
11
0.1245790157480315
21
0.8563593307086614
0
LINE
8
BLACK
6
CONTINUOUS
10
0.1245790157480315
20
0.8563593307086614
11
0.1217736220472441
21
0.8671711811023621
0
LINE
8
BLACK
6
CONTINUOUS
10
0.1217736220472441
20
0.8671711811023621
11
0.121744094488189
21
0.8673708267716536
0
LINE
8
BLACK
6
CONTINUOUS
10
0.121744094488189
20
0.8673708267716536
11
0.1217107480314961
21
0.8674513385826772
0
LINE
8
BLACK
6
CONTINUOUS
10
0.1217107480314961
20
0.8674513385826772
11
0.1217088582677165
21
0.8676088976377953
0
LINE
8
BLACK
6
CONTINUOUS
10
0.1217088582677165
20
0.8676088976377953
11
0.1216042519685039
21
0.8683164173228346
0
LINE
8
BLACK
6
CONTINUOUS
10
0.1216042519685039
20
0.8683164173228346
11
0.1216933858267717
21
0.8689155905511811
0
LINE
8
BLACK
6
CONTINUOUS
10
0.1216933858267717
20
0.8689155905511811
11
0.1215972834645669
21
0.8770399212598425
0
LINE
8
BLACK
6
CONTINUOUS
10
0.1215972834645669
20
0.8770399212598425
11
0.1216170472440945
21
0.8772408267716535
0
LINE
8
BLACK
6
CONTINUOUS
10
0.1216170472440945
20
0.8772408267716535
11
0.1216042519685039
21
0.877326968503937
0
LINE
8
BLACK
6
CONTINUOUS
10
0.1216042519685039
20
0.877326968503937
11
0.1216403149606299
21
0.8774768503937007
0
LINE
8
BLACK
6
CONTINUOUS
10
0.1216403149606299
20
0.8774768503937007
11
0.1217107480314961
21
0.8781920472440945
0
LINE
8
BLACK
6
CONTINUOUS
10
0.1217107480314961
20
0.8781920472440945
11
0.1219531102362205
21
0.878777125984252
0
LINE
8
BLACK
6
CONTINUOUS
10
0.1219531102362205
20
0.878777125984252
11
0.1245857480314961
21
0.8897207874015748
0
LINE
8
BLACK
6
CONTINUOUS
10
0.1245857480314961
20
0.8897207874015748
11
0.1246161023622047
21
0.889805748031496
0
LINE
8
BLACK
6
CONTINUOUS
10
0.1246161023622047
20
0.889805748031496
11
0.1246191338582677
21
0.8898483070866141
0
LINE
8
BLACK
6
CONTINUOUS
10
0.1246191338582677
20
0.8898483070866141
11
0.1246664173228346
21
0.8899466141732283
0
LINE
8
BLACK
6
CONTINUOUS
10
0.1246664173228346
20
0.8899466141732283
11
0.1249752362204724
21
0.8908109842519685
0
LINE
8
BLACK
6
CONTINUOUS
10
0.1249752362204724
20
0.8908109842519685
11
0.1252803543307087
21
0.8912227952755906
0
LINE
8
BLACK
6
CONTINUOUS
10
0.1252803543307087
20
0.8912227952755906
11
0.1278450393700787
21
0.8965538188976377
0
LINE
8
BLACK
6
CONTINUOUS
10
0.1278450393700787
20
0.8965538188976377
11
0.128157125984252
21
0.8970496062992126
0
LINE
8
BLACK
6
CONTINUOUS
10
0.128157125984252
20
0.8970496062992126
11
0.128216811023622
21
0.8971937007874016
0
LINE
8
BLACK
6
CONTINUOUS
10
0.128216811023622
20
0.8971937007874016
11
0.1283042519685039
21
0.8972833464566929
0
LINE
8
BLACK
6
CONTINUOUS
10
0.1283042519685039
20
0.8972833464566929
11
0.1284617716535433
21
0.8975335826771653
0
LINE
8
BLACK
6
CONTINUOUS
10
0.1284617716535433
20
0.8975335826771653
11
0.1290235039370079
21
0.898020748031496
0
LINE
8
BLACK
6
CONTINUOUS
10
0.1290235039370079
20
0.898020748031496
11
0.1345755511811024
21
0.9037129133858267
0
LINE
8
BLACK
6
CONTINUOUS
10
0.1345755511811024
20
0.9037129133858267
11
0.1354704330708661
21
0.9044473622047244
0
LINE
8
BLACK
6
CONTINUOUS
10
0.1354704330708661
20
0.9044473622047244
11
0.1356665354330709
21
0.9045285826771653
0
LINE
8
BLACK
6
CONTINUOUS
10
0.1356665354330709
20
0.9045285826771653
11
0.1358267716535433
21
0.9046675590551181
0
LINE
8
BLACK
6
CONTINUOUS
10
0.1358267716535433
20
0.9046675590551181
11
0.1368902755905512
21
0.9050354330708661
0
LINE
8
BLACK
6
CONTINUOUS
10
0.1368902755905512
20
0.9050354330708661
11
0.1375992913385827
21
0.9053291338582677
0
LINE
8
BLACK
6
CONTINUOUS
10
0.1375992913385827
20
0.9053291338582677
11
0.1377392125984252
21
0.9053291338582677
0
LINE
8
BLACK
6
CONTINUOUS
10
0.1377392125984252
20
0.9053291338582677
11
0.1453203149606299
21
0.9079516929133858
0
LINE
8
BLACK
6
CONTINUOUS
10
0.1453203149606299
20
0.9079516929133858
11
0.1458915354330709
21
0.9080815748031495
0
LINE
8
BLACK
6
CONTINUOUS
10
0.1458915354330709
20
0.9080815748031495
11
0.1460357086614173
21
0.9081412992125985
0
LINE
8
BLACK
6
CONTINUOUS
10
0.1460357086614173
20
0.9081412992125985
11
0.1461635826771653
21
0.9081434251968503
0
LINE
8
BLACK
6
CONTINUOUS
10
0.1461635826771653
20
0.9081434251968503
11
0.1464492125984252
21
0.9082083858267717
0
LINE
8
BLACK
6
CONTINUOUS
10
0.1464492125984252
20
0.9082083858267717
11
0.1471343307086614
21
0.9081596850393701
0
LINE
8
BLACK
6
CONTINUOUS
10
0.1471343307086614
20
0.9081596850393701
11
0.152812125984252
21
0.9082547637795275
0
LINE
8
BLACK
6
CONTINUOUS
10
0.152812125984252
20
0.9082547637795275
11
0.1533952362204724
21
0.9081973228346456
0
LINE
8
BLACK
6
CONTINUOUS
10
0.2124503543307087
20
0.9081973228346456
11
0.2126058661417323
21
0.9082083858267717
0
LINE
8
BLACK
6
CONTINUOUS
10
0.2126058661417323
20
0.9082083858267717
11
0.2127244094488189
21
0.9081703149606299
0
LINE
8
BLACK
6
CONTINUOUS
10
0.2127244094488189
20
0.9081703149606299
11
0.2130193700787401
21
0.9081412992125985
0
LINE
8
BLACK
6
CONTINUOUS
10
0.2130193700787401
20
0.9081412992125985
11
0.2137214960629921
21
0.9078504330708661
0
LINE
8
BLACK
6
CONTINUOUS
10
0.2137214960629921
20
0.9078504330708661
11
0.2221711811023622
21
0.9051395669291339
0
LINE
8
BLACK
6
CONTINUOUS
10
0.2221711811023622
20
0.9051395669291339
11
0.2232283070866142
21
0.9046675590551181
0
LINE
8
BLACK
6
CONTINUOUS
10
0.2232283070866142
20
0.9046675590551181
11
0.2233885433070866
21
0.9045285433070865
0
LINE
8
BLACK
6
CONTINUOUS
10
0.2233885433070866
20
0.9045285433070865
11
0.2235846062992126
21
0.9044473622047244
0
LINE
8
BLACK
6
CONTINUOUS
10
0.2235846062992126
20
0.9044473622047244
11
0.2245780708661417
21
0.9034968897637795
0
LINE
8
BLACK
6
CONTINUOUS
10
0.2245780708661417
20
0.9034968897637795
11
0.2249690157480315
21
0.9031578346456692
0
LINE
8
BLACK
6
CONTINUOUS
10
0.2249690157480315
20
0.9031578346456692
11
0.2250024803149606
21
0.9030908267716535
0
LINE
8
BLACK
6
CONTINUOUS
10
0.2250024803149606
20
0.9030908267716535
11
0.2272916535433071
21
0.9009007874015748
0
LINE
8
BLACK
6
CONTINUOUS
10
0.2272916535433071
20
0.9009007874015748
11
0.2280261023622047
21
0.900005905511811
0
LINE
8
BLACK
6
CONTINUOUS
10
0.2280261023622047
20
0.900005905511811
11
0.2289078346456693
21
0.8978770472440945
0
LINE
8
BLACK
6
CONTINUOUS
10
0.2289078346456693
20
0.8978770472440945
11
0.2289078346456693
21
0.895572874015748
0
LINE
8
BLACK
6
CONTINUOUS
10
0.2289078346456693
20
0.895572874015748
11
0.2280261023622047
21
0.8934440551181102
0
LINE
8
BLACK
6
CONTINUOUS
10
0.2280261023622047
20
0.8934440551181102
11
0.2263967322834646
21
0.89181468503937
0
LINE
8
BLACK
6
CONTINUOUS
10
0.2263967322834646
20
0.89181468503937
11
0.2242679133858268
21
0.8909329527559054
0
LINE
8
BLACK
6
CONTINUOUS
10
0.2242679133858268
20
0.8909329527559054
11
0.2219637401574803
21
0.8909329527559054
0
LINE
8
BLACK
6
CONTINUOUS
10
0.2219637401574803
20
0.8909329527559054
11
0.2198348818897638
21
0.89181468503937
0
LINE
8
BLACK
6
CONTINUOUS
10
0.2198348818897638
20
0.89181468503937
11
0.2170408267716535
21
0.8944877952755905
0
LINE
8
BLACK
6
CONTINUOUS
10
0.2170408267716535
20
0.8944877952755905
11
0.2107111811023622
21
0.8965185433070866
0
LINE
8
BLACK
6
CONTINUOUS
10
0.2107111811023622
20
0.8965185433070866
11
0.2069618897637795
21
0.8964557480314961
0
LINE
8
BLACK
6
CONTINUOUS
10
0.2069618897637795
20
0.8964557480314961
11
0.2008488188976378
21
0.8943410236220473
0
LINE
8
BLACK
6
CONTINUOUS
10
0.2008488188976378
20
0.8943410236220473
11
0.1968738976377953
21
0.8902658267716536
0
LINE
8
BLACK
6
CONTINUOUS
10
0.1968738976377953
20
0.8902658267716536
11
0.1947525196850394
21
0.8858562598425197
0
LINE
8
BLACK
6
CONTINUOUS
10
0.1947525196850394
20
0.8858562598425197
11
0.1923761417322835
21
0.875977874015748
0
LINE
8
BLACK
6
CONTINUOUS
10
0.1923761417322835
20
0.875977874015748
11
0.1924591732283465
21
0.8689616141732284
0
LINE
8
BLACK
6
CONTINUOUS
10
0.1924591732283465
20
0.8689616141732284
11
0.195026811023622
21
0.859066062992126
0
LINE
8
BLACK
6
CONTINUOUS
10
0.195026811023622
20
0.859066062992126
11
0.1971303937007874
21
0.8550145669291338
0
LINE
8
BLACK
6
CONTINUOUS
10
0.1971303937007874
20
0.8550145669291338
11
0.2010953543307087
21
0.8511472047244094
0
LINE
8
BLACK
6
CONTINUOUS
10
0.2010953543307087
20
0.8511472047244094
11
0.207399094488189
21
0.8491248031496063
0
LINE
8
BLACK
6
CONTINUOUS
10
0.207399094488189
20
0.8491248031496063
11
0.2111482283464567
21
0.8491875984251969
0
LINE
8
BLACK
6
CONTINUOUS
10
0.2111482283464567
20
0.8491875984251969
11
0.2172079527559055
21
0.8512838582677165
0
LINE
8
BLACK
6
CONTINUOUS
10
0.2172079527559055
20
0.8512838582677165
11
0.21894
21
0.853094251968504
0
LINE
8
BLACK
6
CONTINUOUS
10
0.21894
20
0.853094251968504
11
0.2198348818897638
21
0.8538287007874016
0
LINE
8
BLACK
6
CONTINUOUS
10
0.2198348818897638
20
0.8538287007874016
11
0.2219637401574803
21
0.8547104330708661
0
LINE
8
BLACK
6
CONTINUOUS
10
0.2219637401574803
20
0.8547104330708661
11
0.2242679133858268
21
0.8547104330708661
0
LINE
8
BLACK
6
CONTINUOUS
10
0.2242679133858268
20
0.8547104330708661
11
0.2263967322834646
21
0.8538287007874016
0
LINE
8
BLACK
6
CONTINUOUS
10
0.2263967322834646
20
0.8538287007874016
11
0.2280261023622047
21
0.8521993307086614
0
LINE
8
BLACK
6
CONTINUOUS
10
0.2280261023622047
20
0.8521993307086614
11
0.2289078346456693
21
0.8500705118110236
0
LINE
8
BLACK
6
CONTINUOUS
10
0.2289078346456693
20
0.8500705118110236
11
0.2289078346456693
21
0.8477663385826771
0
LINE
8
BLACK
6
CONTINUOUS
10
0.2289078346456693
20
0.8477663385826771
11
0.2280261023622047
21
0.8456374803149607
0
LINE
8
BLACK
6
CONTINUOUS
10
0.2280261023622047
20
0.8456374803149607
11
0.2244795275590551
21
0.8419304724409449
0
LINE
8
BLACK
6
CONTINUOUS
10
0.2244795275590551
20
0.8419304724409449
11
0.2235846062992126
21
0.8411960236220473
0
LINE
8
BLACK
6
CONTINUOUS
10
0.2235846062992126
20
0.8411960236220473
11
0.2233885433070866
21
0.8411148031496063
0
LINE
8
BLACK
6
CONTINUOUS
10
0.2233885433070866
20
0.8411148031496063
11
0.2232283070866142
21
0.8409758267716535
0
LINE
8
BLACK
6
CONTINUOUS
10
0.2232283070866142
20
0.8409758267716535
11
0.2221647244094488
21
0.840607874015748
0
LINE
8
BLACK
6
CONTINUOUS
10
0.2221647244094488
20
0.840607874015748
11
0.2214557874015748
21
0.840314251968504
0
LINE
8
BLACK
6
CONTINUOUS
10
0.2214557874015748
20
0.840314251968504
11
0.2213158661417323
21
0.840314251968504
0
LINE
8
BLACK
6
CONTINUOUS
10
0.2213158661417323
20
0.840314251968504
11
0.2137347244094488
21
0.8376916929133859
0
LINE
8
BLACK
6
CONTINUOUS
10
0.2137347244094488
20
0.8376916929133859
11
0.2131635433070866
21
0.837561811023622
0
LINE
8
BLACK
6
CONTINUOUS
10
0.2131635433070866
20
0.837561811023622
11
0.2130193700787401
21
0.8375020866141732
0
LINE
8
BLACK
6
CONTINUOUS
10
0.2130193700787401
20
0.8375020866141732
11
0.2128914566929134
21
0.8374999212598425
0
LINE
8
BLACK
6
CONTINUOUS
10
0.2128914566929134
20
0.8374999212598425
11
0.2126058661417323
21
0.8374349999999999
0
LINE
8
BLACK
6
CONTINUOUS
10
0.2126058661417323
20
0.8374349999999999
11
0.2119207086614173
21
0.8374836614173228
0
LINE
8
BLACK
6
CONTINUOUS
10
0.2119207086614173
20
0.8374836614173228
11
0.2062429527559055
21
0.8373886220472441
0
LINE
8
BLACK
6
CONTINUOUS
10
0.2062429527559055
20
0.8373886220472441
11
0.2056598031496063
21
0.8374460236220472
0
LINE
8
BLACK
6
CONTINUOUS
10
0.2056598031496063
20
0.8374460236220472
11
0.2055043307086614
21
0.8374349999999999
0
LINE
8
BLACK
6
CONTINUOUS
10
0.2055043307086614
20
0.8374349999999999
11
0.2053857480314961
21
0.837473031496063
0
LINE
8
BLACK
6
CONTINUOUS
10
0.2053857480314961
20
0.837473031496063
11
0.2050908267716536
21
0.8375020866141732
0
LINE
8
BLACK
6
CONTINUOUS
10
0.2050908267716536
20
0.8375020866141732
11
0.2043886220472441
21
0.8377929133858267
0
LINE
8
BLACK
6
CONTINUOUS
10
0.2043886220472441
20
0.8377929133858267
11
0.1959390157480315
21
0.8405038582677166
0
LINE
8
BLACK
6
CONTINUOUS
10
0.1959390157480315
20
0.8405038582677166
11
0.1948818897637795
21
0.8409758267716535
0
LINE
8
BLACK
6
CONTINUOUS
10
0.1948818897637795
20
0.8409758267716535
11
0.1947216535433071
21
0.8411147637795275
0
LINE
8
BLACK
6
CONTINUOUS
10
0.1947216535433071
20
0.8411147637795275
11
0.1945255511811023
21
0.8411960236220473
0
LINE
8
BLACK
6
CONTINUOUS
10
0.1945255511811023
20
0.8411960236220473
11
0.1937033858267717
21
0.8419979133858267
0
LINE
8
BLACK
6
CONTINUOUS
10
0.1937033858267717
20
0.8419979133858267
11
0.1931411417322835
21
0.8424855905511811
0
LINE
8
BLACK
6
CONTINUOUS
10
0.1931411417322835
20
0.8424855905511811
11
0.193081811023622
21
0.8426042125984252
0
LINE
8
BLACK
6
CONTINUOUS
10
0.193081811023622
20
0.8426042125984252
11
0.1880063779527559
21
0.8475547637795275
0
LINE
8
BLACK
6
CONTINUOUS
10
0.1880063779527559
20
0.8475547637795275
11
0.1876347244094488
21
0.848007559055118
0
LINE
8
BLACK
6
CONTINUOUS
10
0.1876347244094488
20
0.848007559055118
11
0.1875168897637795
21
0.8481098031496063
0
LINE
8
BLACK
6
CONTINUOUS
10
0.1875168897637795
20
0.8481098031496063
11
0.1874583464566929
21
0.8482224803149606
0
LINE
8
BLACK
6
CONTINUOUS
10
0.1874583464566929
20
0.8482224803149606
11
0.1872719291338583
21
0.84844968503937
0
LINE
8
BLACK
6
CONTINUOUS
10
0.1872719291338583
20
0.84844968503937
11
0.1870017322834646
21
0.8491019291338583
0
LINE
8
BLACK
6
CONTINUOUS
10
0.1870017322834646
20
0.8491019291338583
11
0.1840879921259843
21
0.8547138582677165
0
LINE
8
BLACK
6
CONTINUOUS
10
0.1840879921259843
20
0.8547138582677165
11
0.1840557086614173
21
0.8547981102362204
0
LINE
8
BLACK
6
CONTINUOUS
10
0.1840557086614173
20
0.8547981102362204
11
0.1840303543307087
21
0.8548324015748031
0
LINE
8
BLACK
6
CONTINUOUS
10
0.1840303543307087
20
0.8548324015748031
11
0.1840044881889764
21
0.8549320472440944
0
LINE
8
BLACK
6
CONTINUOUS
10
0.1840044881889764
20
0.8549320472440944
11
0.1836742519685039
21
0.8557950787401575
0
LINE
8
BLACK
6
CONTINUOUS
10
0.1836742519685039
20
0.8557950787401575
11
0.1836341338582677
21
0.8563593307086614
0
LINE
8
BLACK
6
CONTINUOUS
10
0.1836341338582677
20
0.8563593307086614
11
0.1808287401574803
21
0.8671711811023621
0
LINE
8
BLACK
6
CONTINUOUS
10
0.1808287401574803
20
0.8671711811023621
11
0.1807992125984252
21
0.8673708267716536
0
LINE
8
BLACK
6
CONTINUOUS
10
0.1807992125984252
20
0.8673708267716536
11
0.1807658661417323
21
0.8674513385826772
0
LINE
8
BLACK
6
CONTINUOUS
10
0.1807658661417323
20
0.8674513385826772
11
0.1807639763779527
21
0.8676088976377953
0
LINE
8
BLACK
6
CONTINUOUS
10
0.1807639763779527
20
0.8676088976377953
11
0.1806593700787402
21
0.8683164173228346
0
LINE
8
BLACK
6
CONTINUOUS
10
0.1806593700787402
20
0.8683164173228346
11
0.1807485039370079
21
0.8689155905511811
0
LINE
8
BLACK
6
CONTINUOUS
10
0.1807485039370079
20
0.8689155905511811
11
0.1806524015748031
21
0.8770399212598425
0
LINE
8
BLACK
6
CONTINUOUS
10
0.1806524015748031
20
0.8770399212598425
11
0.1806721653543307
21
0.8772408267716535
0
LINE
8
BLACK
6
CONTINUOUS
10
0.1806721653543307
20
0.8772408267716535
11
0.1806593700787402
21
0.877326968503937
0
LINE
8
BLACK
6
CONTINUOUS
10
0.1806593700787402
20
0.877326968503937
11
0.1806954330708661
21
0.8774768503937007
0
LINE
8
BLACK
6
CONTINUOUS
10
0.1806954330708661
20
0.8774768503937007
11
0.1807658661417323
21
0.8781920472440945
0
LINE
8
BLACK
6
CONTINUOUS
10
0.1807658661417323
20
0.8781920472440945
11
0.1810082283464567
21
0.878777125984252
0
LINE
8
BLACK
6
CONTINUOUS
10
0.1810082283464567
20
0.878777125984252
11
0.1836408661417323
21
0.8897207874015748
0
LINE
8
BLACK
6
CONTINUOUS
10
0.1836408661417323
20
0.8897207874015748
11
0.1836712204724409
21
0.889805748031496
0
LINE
8
BLACK
6
CONTINUOUS
10
0.1836712204724409
20
0.889805748031496
11
0.1836742519685039
21
0.8898483070866141
0
LINE
8
BLACK
6
CONTINUOUS
10
0.1836742519685039
20
0.8898483070866141
11
0.1837215354330708
21
0.8899466141732283
0
LINE
8
BLACK
6
CONTINUOUS
10
0.1837215354330708
20
0.8899466141732283
11
0.1840303543307087
21
0.8908109842519685
0
LINE
8
BLACK
6
CONTINUOUS
10
0.1840303543307087
20
0.8908109842519685
11
0.1843354724409449
21
0.8912227952755906
0
LINE
8
BLACK
6
CONTINUOUS
10
0.1843354724409449
20
0.8912227952755906
11
0.186900157480315
21
0.8965538188976377
0
LINE
8
BLACK
6
CONTINUOUS
10
0.186900157480315
20
0.8965538188976377
11
0.1872122440944882
21
0.8970496062992126
0
LINE
8
BLACK
6
CONTINUOUS
10
0.1872122440944882
20
0.8970496062992126
11
0.1872719291338583
21
0.8971937007874016
0
LINE
8
BLACK
6
CONTINUOUS
10
0.1872719291338583
20
0.8971937007874016
11
0.1873593700787402
21
0.8972833464566929
0
LINE
8
BLACK
6
CONTINUOUS
10
0.1873593700787402
20
0.8972833464566929
11
0.1875168897637795
21
0.8975335826771653
0
LINE
8
BLACK
6
CONTINUOUS
10
0.1875168897637795
20
0.8975335826771653
11
0.1880786220472441
21
0.898020748031496
0
LINE
8
BLACK
6
CONTINUOUS
10
0.1880786220472441
20
0.898020748031496
11
0.1936306692913386
21
0.9037129133858267
0
LINE
8
BLACK
6
CONTINUOUS
10
0.1936306692913386
20
0.9037129133858267
11
0.1945255511811023
21
0.9044473622047244
0
LINE
8
BLACK
6
CONTINUOUS
10
0.1945255511811023
20
0.9044473622047244
11
0.1947216535433071
21
0.9045285826771653
0
LINE
8
BLACK
6
CONTINUOUS
10
0.1947216535433071
20
0.9045285826771653
11
0.1948818897637795
21
0.9046675590551181
0
LINE
8
BLACK
6
CONTINUOUS
10
0.1948818897637795
20
0.9046675590551181
11
0.1959453937007874
21
0.9050354330708661
0
LINE
8
BLACK
6
CONTINUOUS
10
0.1959453937007874
20
0.9050354330708661
11
0.1966544094488189
21
0.9053291338582677
0
LINE
8
BLACK
6
CONTINUOUS
10
0.1966544094488189
20
0.9053291338582677
11
0.1967943307086614
21
0.9053291338582677
0
LINE
8
BLACK
6
CONTINUOUS
10
0.1967943307086614
20
0.9053291338582677
11
0.2043754330708661
21
0.9079516929133858
0
LINE
8
BLACK
6
CONTINUOUS
10
0.2043754330708661
20
0.9079516929133858
11
0.2049466535433071
21
0.9080815748031495
0
LINE
8
BLACK
6
CONTINUOUS
10
0.2049466535433071
20
0.9080815748031495
11
0.2050908267716536
21
0.9081412992125985
0
LINE
8
BLACK
6
CONTINUOUS
10
0.2050908267716536
20
0.9081412992125985
11
0.2052187007874016
21
0.9081434251968503
0
LINE
8
BLACK
6
CONTINUOUS
10
0.2052187007874016
20
0.9081434251968503
11
0.2055043307086614
21
0.9082083858267717
0
LINE
8
BLACK
6
CONTINUOUS
10
0.2055043307086614
20
0.9082083858267717
11
0.2061894488188976
21
0.9081596850393701
0
LINE
8
BLACK
6
CONTINUOUS
10
0.2061894488188976
20
0.9081596850393701
11
0.2118672440944882
21
0.9082547637795275
0
LINE
8
BLACK
6
CONTINUOUS
10
0.2118672440944882
20
0.9082547637795275
11
0.2124503543307087
21
0.9081973228346456
0
LINE
8
BLACK
6
CONTINUOUS
10
0.1135545275590551
20
0.9074797244094488
11
0.1152952362204724
21
0.9059699999999999
0
LINE
8
BLACK
6
CONTINUOUS
10
0.1152952362204724
20
0.9059699999999999
11
0.1163257086614173
21
0.9039090944881889
0
LINE
8
BLACK
6
CONTINUOUS
10
0.1163257086614173
20
0.9039090944881889
11
0.116489094488189
21
0.9016106692913386
0
LINE
8
BLACK
6
CONTINUOUS
10
0.116489094488189
20
0.9016106692913386
11
0.0965473228346457
21
0.841426653543307
0
LINE
8
BLACK
6
CONTINUOUS
10
0.0965473228346457
20
0.841426653543307
11
0.0960753543307087
21
0.8403695275590551
0
LINE
8
BLACK
6
CONTINUOUS
10
0.0960753543307087
20
0.8403695275590551
11
0.0957988582677165
21
0.840050748031496
0
LINE
8
BLACK
6
CONTINUOUS
10
0.0957988582677165
20
0.840050748031496
11
0.0956101968503937
21
0.8396733858267716
0
LINE
8
BLACK
6
CONTINUOUS
10
0.0956101968503937
20
0.8396733858267716
11
0.0950507874015748
21
0.8391881889763779
0
LINE
8
BLACK
6
CONTINUOUS
10
0.0950507874015748
20
0.8391881889763779
11
0.0945656299212598
21
0.8386288188976377
0
LINE
8
BLACK
6
CONTINUOUS
10
0.0945656299212598
20
0.8386288188976377
11
0.0941882283464567
21
0.8384401181102362
0
LINE
8
BLACK
6
CONTINUOUS
10
0.0941882283464567
20
0.8384401181102362
11
0.0938694881889764
21
0.8381636614173228
0
LINE
8
BLACK
6
CONTINUOUS
10
0.0938694881889764
20
0.8381636614173228
11
0.093166968503937
21
0.8379294488188976
0
LINE
8
BLACK
6
CONTINUOUS
10
0.093166968503937
20
0.8379294488188976
11
0.0925047244094488
21
0.8375983464566928
0
LINE
8
BLACK
6
CONTINUOUS
10
0.0925047244094488
20
0.8375983464566928
11
0.0920838976377953
21
0.8375684251968504
0
LINE
8
BLACK
6
CONTINUOUS
10
0.0920838976377953
20
0.8375684251968504
11
0.0916835039370079
21
0.8374349606299213
0
LINE
8
BLACK
6
CONTINUOUS
10
0.0916835039370079
20
0.8374349606299213
11
0.0909446850393701
21
0.8374874409448819
0
LINE
8
BLACK
6
CONTINUOUS
10
0.0909446850393701
20
0.8374874409448819
11
0.0902062598425197
21
0.8374349999999999
0
LINE
8
BLACK
6
CONTINUOUS
10
0.0902062598425197
20
0.8374349999999999
11
0.0898059448818898
21
0.8375684251968504
0
LINE
8
BLACK
6
CONTINUOUS
10
0.0898059448818898
20
0.8375684251968504
11
0.0893850787401575
21
0.8375983464566928
0
LINE
8
BLACK
6
CONTINUOUS
10
0.0893850787401575
20
0.8375983464566928
11
0.0887227165354331
21
0.8379294881889764
0
LINE
8
BLACK
6
CONTINUOUS
10
0.0887227165354331
20
0.8379294881889764
11
0.0880202755905512
21
0.8381636614173228
0
LINE
8
BLACK
6
CONTINUOUS
10
0.0880202755905512
20
0.8381636614173228
11
0.0877015748031496
21
0.8384400393700787
0
LINE
8
BLACK
6
CONTINUOUS
10
0.0877015748031496
20
0.8384400393700787
11
0.0873241338582677
21
0.838628779527559
0
LINE
8
BLACK
6
CONTINUOUS
10
0.0873241338582677
20
0.838628779527559
11
0.0868388582677165
21
0.8391882677165354
0
LINE
8
BLACK
6
CONTINUOUS
10
0.0868388582677165
20
0.8391882677165354
11
0.0862795669291339
21
0.8396733858267716
0
LINE
8
BLACK
6
CONTINUOUS
10
0.0862795669291339
20
0.8396733858267716
11
0.0860908661417323
21
0.8400507086614173
0
LINE
8
BLACK
6
CONTINUOUS
10
0.0860908661417323
20
0.8400507086614173
11
0.0858144094488189
21
0.8403695275590551
0
LINE
8
BLACK
6
CONTINUOUS
10
0.0858144094488189
20
0.8403695275590551
11
0.0855759842519685
21
0.8410804330708661
0
LINE
8
BLACK
6
CONTINUOUS
10
0.0855759842519685
20
0.8410804330708661
11
0.085249094488189
21
0.8417342913385827
0
LINE
8
BLACK
6
CONTINUOUS
10
0.085249094488189
20
0.8417342913385827
11
0.0852201181102362
21
0.8421417322834646
0
LINE
8
BLACK
6
CONTINUOUS
10
0.0852201181102362
20
0.8421417322834646
11
0.0656574015748032
21
0.9004817716535433
0
LINE
8
BLACK
6
CONTINUOUS
10
0.0656574015748032
20
0.9004817716535433
11
0.0654007086614173
21
0.9016106299212598
0
LINE
8
BLACK
6
CONTINUOUS
10
0.0654007086614173
20
0.9016106299212598
11
0.0655640551181102
21
0.9039090944881889
0
LINE
8
BLACK
6
CONTINUOUS
10
0.0655640551181102
20
0.9039090944881889
11
0.0665945275590551
21
0.9059699999999999
0
LINE
8
BLACK
6
CONTINUOUS
10
0.0665945275590551
20
0.9059699999999999
11
0.0683352362204724
21
0.9074797244094488
0
LINE
8
BLACK
6
CONTINUOUS
10
0.0683352362204724
20
0.9074797244094488
11
0.0705212204724409
21
0.9082083858267717
0
LINE
8
BLACK
6
CONTINUOUS
10
0.0705212204724409
20
0.9082083858267717
11
0.0728196850393701
21
0.9080450393700787
0
LINE
8
BLACK
6
CONTINUOUS
10
0.0728196850393701
20
0.9080450393700787
11
0.0748805905511811
21
0.9070145669291338
0
LINE
8
BLACK
6
CONTINUOUS
10
0.0748805905511811
20
0.9070145669291338
11
0.0763903149606299
21
0.9052738582677166
0
LINE
8
BLACK
6
CONTINUOUS
10
0.0763903149606299
20
0.9052738582677166
11
0.0909704724409449
21
0.861792874015748
0
LINE
8
BLACK
6
CONTINUOUS
10
0.0909704724409449
20
0.861792874015748
11
0.1050274803149606
21
0.9042167322834646
0
LINE
8
BLACK
6
CONTINUOUS
10
0.1050274803149606
20
0.9042167322834646
11
0.1054994488188976
21
0.9052738582677166
0
LINE
8
BLACK
6
CONTINUOUS
10
0.1054994488188976
20
0.9052738582677166
11
0.1070091732283465
21
0.9070146062992126
0
LINE
8
BLACK
6
CONTINUOUS
10
0.1070091732283465
20
0.9070146062992126
11
0.1090701181102362
21
0.9080450393700787
0
LINE
8
BLACK
6
CONTINUOUS
10
0.1090701181102362
20
0.9080450393700787
11
0.1113685433070866
21
0.9082084251968504
0
LINE
8
BLACK
6
CONTINUOUS
10
0.1113685433070866
20
0.9082084251968504
11
0.1135545275590551
21
0.9074797244094488
0
LINE
8
BLACK
6
CONTINUOUS
10
0.6993209842519685
20
0.8515833858267716
11
0.7014498031496063
21
0.8507015748031496
0
LINE
8
BLACK
6
CONTINUOUS
10
0.7014498031496063
20
0.8507015748031496
11
0.7030790944881889
21
0.8490722834645669
0
LINE
8
BLACK
6
CONTINUOUS
10
0.7030790944881889
20
0.8490722834645669
11
0.703960905511811
21
0.8469434645669291
0
LINE
8
BLACK
6
CONTINUOUS
10
0.703960905511811
20
0.8469434645669291
11
0.703960905511811
21
0.8446392125984252
0
LINE
8
BLACK
6
CONTINUOUS
10
0.703960905511811
20
0.8446392125984252
11
0.7030790944881889
21
0.8425103937007874
0
LINE
8
BLACK
6
CONTINUOUS
10
0.7030790944881889
20
0.8425103937007874
11
0.7014498031496063
21
0.8408811023622047
0
LINE
8
BLACK
6
CONTINUOUS
10
0.7014498031496063
20
0.8408811023622047
11
0.6993209842519685
21
0.8399992913385826
0
LINE
8
BLACK
6
CONTINUOUS
10
0.6993209842519685
20
0.8399992913385826
11
0.6531744488188976
21
0.8398858267716536
0
LINE
8
BLACK
6
CONTINUOUS
10
0.6531744488188976
20
0.8398858267716536
11
0.6520223228346457
21
0.8399992913385826
0
LINE
8
BLACK
6
CONTINUOUS
10
0.6520223228346457
20
0.8399992913385826
11
0.6498935039370078
21
0.8408811023622047
0
LINE
8
BLACK
6
CONTINUOUS
10
0.6498935039370078
20
0.8408811023622047
11
0.6482642125984251
21
0.8425103937007874
0
LINE
8
BLACK
6
CONTINUOUS
10
0.6482642125984251
20
0.8425103937007874
11
0.6473824015748031
21
0.8446392125984252
0
LINE
8
BLACK
6
CONTINUOUS
10
0.6473824015748031
20
0.8446392125984252
11
0.6473824015748031
21
0.8469434645669291
0
LINE
8
BLACK
6
CONTINUOUS
10
0.6473824015748031
20
0.8469434645669291
11
0.6482642125984251
21
0.8490722834645669
0
LINE
8
BLACK
6
CONTINUOUS
10
0.6482642125984251
20
0.8490722834645669
11
0.6498935039370078
21
0.8507015748031496
0
LINE
8
BLACK
6
CONTINUOUS
10
0.6498935039370078
20
0.8507015748031496
11
0.6520223228346457
21
0.8515833858267716
0
LINE
8
BLACK
6
CONTINUOUS
10
0.6520223228346457
20
0.8515833858267716
11
0.6981688582677166
21
0.8516968503937008
0
LINE
8
BLACK
6
CONTINUOUS
10
0.6981688582677166
20
0.8516968503937008
11
0.6993209842519685
21
0.8515833858267716
0
LINE
8
BLACK
6
CONTINUOUS
10
0.1825
20
0.945
11
0.1225
21
0.945
0
LINE
8
BLACK
6
CONTINUOUS
10
0.1225
20
0.945
11
0.1225
21
1.0049999999999999
0
LINE
8
BLACK
6
CONTINUOUS
10
0.1225
20
1.0049999999999999
11
0.1825
21
1.0049999999999999
0
LINE
8
BLACK
6
CONTINUOUS
10
0.1825
20
1.0049999999999999
11
0.1825
21
0.945
0
LINE
8
BLACK
6
CONTINUOUS
10
0.1825
20
1.0449999999999999
11
0.1225
21
1.0449999999999999
0
LINE
8
BLACK
6
CONTINUOUS
10
0.1225
20
1.0449999999999999
11
0.1225
21
1.105
0
LINE
8
BLACK
6
CONTINUOUS
10
0.1225
20
1.105
11
0.1825
21
1.105
0
LINE
8
BLACK
6
CONTINUOUS
10
0.1825
20
1.105
11
0.1825
21
1.0449999999999999
0
LINE
8
BLACK
6
CONTINUOUS
10
0.1825
20
1.145
11
0.1225
21
1.145
0
LINE
8
BLACK
6
CONTINUOUS
10
0.1225
20
1.145
11
0.1225
21
1.2050000000000001
0
LINE
8
BLACK
6
CONTINUOUS
10
0.1225
20
1.2050000000000001
11
0.1825
21
1.2050000000000001
0
LINE
8
BLACK
6
CONTINUOUS
10
0.1825
20
1.2050000000000001
11
0.1825
21
1.145
0
LINE
8
BLACK
6
CONTINUOUS
10
0.203076062992126
20
1.2278960236220473
11
0.2041404724409449
21
1.2274551181102362
0
LINE
8
BLACK
6
CONTINUOUS
10
0.2041404724409449
20
1.2274551181102362
11
0.2049551181102362
21
1.2266404724409448
0
LINE
8
BLACK
6
CONTINUOUS
10
0.2049551181102362
20
1.2266404724409448
11
0.2053960236220472
21
1.225576062992126
0
LINE
8
BLACK
6
CONTINUOUS
10
0.2053960236220472
20
1.225576062992126
11
0.2054527559055118
21
0.9249999999999999
0
LINE
8
BLACK
6
CONTINUOUS
10
0.2054527559055118
20
0.9249999999999999
11
0.2053960236220472
21
0.924423937007874
0
LINE
8
BLACK
6
CONTINUOUS
10
0.2053960236220472
20
0.924423937007874
11
0.2049551181102362
21
0.9233595275590551
0
LINE
8
BLACK
6
CONTINUOUS
10
0.2049551181102362
20
0.9233595275590551
11
0.2041404724409449
21
0.9225448818897638
0
LINE
8
BLACK
6
CONTINUOUS
10
0.2041404724409449
20
0.9225448818897638
11
0.203076062992126
21
0.9221039763779527
0
LINE
8
BLACK
6
CONTINUOUS
10
0.203076062992126
20
0.9221039763779527
11
0.1025
21
0.9220472440944881
0
LINE
8
BLACK
6
CONTINUOUS
10
0.1025
20
0.9220472440944881
11
0.101923937007874
21
0.9221039763779527
0
LINE
8
BLACK
6
CONTINUOUS
10
0.101923937007874
20
0.9221039763779527
11
0.1008595275590551
21
0.9225448818897638
0
LINE
8
BLACK
6
CONTINUOUS
10
0.1008595275590551
20
0.9225448818897638
11
0.1000448818897638
21
0.9233595275590551
0
LINE
8
BLACK
6
CONTINUOUS
10
0.1000448818897638
20
0.9233595275590551
11
0.0996039763779527
21
0.924423937007874
0
LINE
8
BLACK
6
CONTINUOUS
10
0.0996039763779527
20
0.924423937007874
11
0.0995472440944882
21
1.2249999999999999
0
LINE
8
BLACK
6
CONTINUOUS
10
0.0995472440944882
20
1.2249999999999999
11
0.0996039763779527
21
1.225576062992126
0
LINE
8
BLACK
6
CONTINUOUS
10
0.0996039763779527
20
1.225576062992126
11
0.1000448818897638
21
1.2266404724409448
0
LINE
8
BLACK
6
CONTINUOUS
10
0.1000448818897638
20
1.2266404724409448
11
0.1008595275590551
21
1.2274551181102362
0
LINE
8
BLACK
6
CONTINUOUS
10
0.1008595275590551
20
1.2274551181102362
11
0.101923937007874
21
1.2278960236220473
0
LINE
8
BLACK
6
CONTINUOUS
10
0.101923937007874
20
1.2278960236220473
11
0.2025
21
1.2279527559055117
0
LINE
8
BLACK
6
CONTINUOUS
10
0.2025
20
1.2279527559055117
11
0.203076062992126
21
1.2278960236220473
0
LINE
8
BLACK
6
CONTINUOUS
10
0.1053966535433071
20
1.2220488582677165
11
0.1054522047244094
21
0.9278979921259842
0
LINE
8
BLACK
6
CONTINUOUS
10
0.1054522047244094
20
0.9278979921259842
11
0.1996033070866142
21
0.9279511023622047
0
LINE
8
BLACK
6
CONTINUOUS
10
0.1996033070866142
20
0.9279511023622047
11
0.1995477559055118
21
1.2221019685039369
0
LINE
8
BLACK
6
CONTINUOUS
10
0.1995477559055118
20
1.2221019685039369
11
0.1053966535433071
21
1.2220488582677165
0
LINE
8
BLACK
6
CONTINUOUS
10
0.8891826771653543
20
0.9981973228346457
11
0.889338188976378
21
0.9982083858267716
0
LINE
8
BLACK
6
CONTINUOUS
10
0.889338188976378
20
0.9982083858267716
11
0.8894567322834646
21
0.9981703149606299
0
LINE
8
BLACK
6
CONTINUOUS
10
0.8894567322834646
20
0.9981703149606299
11
0.8897516929133858
21
0.9981412992125984
0
LINE
8
BLACK
6
CONTINUOUS
10
0.8897516929133858
20
0.9981412992125984
11
0.8904538188976377
21
0.9978504330708661
0
LINE
8
BLACK
6
CONTINUOUS
10
0.8904538188976377
20
0.9978504330708661
11
0.8989035039370079
21
0.9951395669291339
0
LINE
8
BLACK
6
CONTINUOUS
10
0.8989035039370079
20
0.9951395669291339
11
0.8999606299212598
21
0.9946675590551181
0
LINE
8
BLACK
6
CONTINUOUS
10
0.8999606299212598
20
0.9946675590551181
11
0.9001208661417323
21
0.9945285433070866
0
LINE
8
BLACK
6
CONTINUOUS
10
0.9001208661417323
20
0.9945285433070866
11
0.9003169291338583
21
0.9944473622047244
0
LINE
8
BLACK
6
CONTINUOUS
10
0.9003169291338583
20
0.9944473622047244
11
0.9013103937007874
21
0.9934968897637795
0
LINE
8
BLACK
6
CONTINUOUS
10
0.9013103937007874
20
0.9934968897637795
11
0.9017013385826771
21
0.9931578346456693
0
LINE
8
BLACK
6
CONTINUOUS
10
0.9017013385826771
20
0.9931578346456693
11
0.9017348031496063
21
0.9930908267716535
0
LINE
8
BLACK
6
CONTINUOUS
10
0.9017348031496063
20
0.9930908267716535
11
0.9040239763779527
21
0.9909007874015748
0
LINE
8
BLACK
6
CONTINUOUS
10
0.9040239763779527
20
0.9909007874015748
11
0.9047584251968503
21
0.990005905511811
0
LINE
8
BLACK
6
CONTINUOUS
10
0.9047584251968503
20
0.990005905511811
11
0.9056401574803149
21
0.9878770472440944
0
LINE
8
BLACK
6
CONTINUOUS
10
0.9056401574803149
20
0.9878770472440944
11
0.9056401574803149
21
0.985572874015748
0
LINE
8
BLACK
6
CONTINUOUS
10
0.9056401574803149
20
0.985572874015748
11
0.9047584251968503
21
0.9834440551181102
0
LINE
8
BLACK
6
CONTINUOUS
10
0.9047584251968503
20
0.9834440551181102
11
0.9031290551181103
21
0.9818146850393701
0
LINE
8
BLACK
6
CONTINUOUS
10
0.9031290551181103
20
0.9818146850393701
11
0.9010002362204724
21
0.9809329527559055
0
LINE
8
BLACK
6
CONTINUOUS
10
0.9010002362204724
20
0.9809329527559055
11
0.898696062992126
21
0.9809329527559055
0
LINE
8
BLACK
6
CONTINUOUS
10
0.898696062992126
20
0.9809329527559055
11
0.8965672047244094
21
0.9818146850393701
0
LINE
8
BLACK
6
CONTINUOUS
10
0.8965672047244094
20
0.9818146850393701
11
0.8937731496062992
21
0.9844877952755905
0
LINE
8
BLACK
6
CONTINUOUS
10
0.8937731496062992
20
0.9844877952755905
11
0.8874435039370079
21
0.9865185433070865
0
LINE
8
BLACK
6
CONTINUOUS
10
0.8874435039370079
20
0.9865185433070865
11
0.8836942125984252
21
0.986455748031496
0
LINE
8
BLACK
6
CONTINUOUS
10
0.8836942125984252
20
0.986455748031496
11
0.8775811417322834
21
0.9843410236220472
0
LINE
8
BLACK
6
CONTINUOUS
10
0.8775811417322834
20
0.9843410236220472
11
0.873606220472441
21
0.9802658267716535
0
LINE
8
BLACK
6
CONTINUOUS
10
0.873606220472441
20
0.9802658267716535
11
0.8714848425196851
21
0.9758562598425197
0
LINE
8
BLACK
6
CONTINUOUS
10
0.8714848425196851
20
0.9758562598425197
11
0.8691084645669291
21
0.965977874015748
0
LINE
8
BLACK
6
CONTINUOUS
10
0.8691084645669291
20
0.965977874015748
11
0.8691914960629921
21
0.9589616141732283
0
LINE
8
BLACK
6
CONTINUOUS
10
0.8691914960629921
20
0.9589616141732283
11
0.8717591338582676
21
0.9490660629921259
0
LINE
8
BLACK
6
CONTINUOUS
10
0.8717591338582676
20
0.9490660629921259
11
0.873862716535433
21
0.9450145669291339
0
LINE
8
BLACK
6
CONTINUOUS
10
0.873862716535433
20
0.9450145669291339
11
0.8778276771653543
21
0.9411472047244094
0
LINE
8
BLACK
6
CONTINUOUS
10
0.8778276771653543
20
0.9411472047244094
11
0.8841314173228346
21
0.9391248031496062
0
LINE
8
BLACK
6
CONTINUOUS
10
0.8841314173228346
20
0.9391248031496062
11
0.8878805511811023
21
0.9391875984251968
0
LINE
8
BLACK
6
CONTINUOUS
10
0.8878805511811023
20
0.9391875984251968
11
0.8939402755905511
21
0.9412838582677165
0
LINE
8
BLACK
6
CONTINUOUS
10
0.8939402755905511
20
0.9412838582677165
11
0.8956723228346456
21
0.9430942519685039
0
LINE
8
BLACK
6
CONTINUOUS
10
0.8956723228346456
20
0.9430942519685039
11
0.8965672047244094
21
0.9438287007874016
0
LINE
8
BLACK
6
CONTINUOUS
10
0.8965672047244094
20
0.9438287007874016
11
0.898696062992126
21
0.9447104330708661
0
LINE
8
BLACK
6
CONTINUOUS
10
0.898696062992126
20
0.9447104330708661
11
0.9010002362204724
21
0.9447104330708661
0
LINE
8
BLACK
6
CONTINUOUS
10
0.9010002362204724
20
0.9447104330708661
11
0.9031290551181103
21
0.9438287007874016
0
LINE
8
BLACK
6
CONTINUOUS
10
0.9031290551181103
20
0.9438287007874016
11
0.9047584251968503
21
0.9421993307086614
0
LINE
8
BLACK
6
CONTINUOUS
10
0.9047584251968503
20
0.9421993307086614
11
0.9056401574803149
21
0.9400705118110236
0
LINE
8
BLACK
6
CONTINUOUS
10
0.9056401574803149
20
0.9400705118110236
11
0.9056401574803149
21
0.9377663385826771
0
LINE
8
BLACK
6
CONTINUOUS
10
0.9056401574803149
20
0.9377663385826771
11
0.9047584251968503
21
0.9356374803149606
0
LINE
8
BLACK
6
CONTINUOUS
10
0.9047584251968503
20
0.9356374803149606
11
0.9012118503937008
21
0.9319304724409448
0
LINE
8
BLACK
6
CONTINUOUS
10
0.9012118503937008
20
0.9319304724409448
11
0.9003169291338583
21
0.9311960236220472
0
LINE
8
BLACK
6
CONTINUOUS
10
0.9003169291338583
20
0.9311960236220472
11
0.9001208661417323
21
0.9311148031496063
0
LINE
8
BLACK
6
CONTINUOUS
10
0.9001208661417323
20
0.9311148031496063
11
0.8999606299212598
21
0.9309758267716535
0
LINE
8
BLACK
6
CONTINUOUS
10
0.8999606299212598
20
0.9309758267716535
11
0.8988970472440945
21
0.930607874015748
0
LINE
8
BLACK
6
CONTINUOUS
10
0.8988970472440945
20
0.930607874015748
11
0.8981881102362205
21
0.9303142519685039
0
LINE
8
BLACK
6
CONTINUOUS
10
0.8981881102362205
20
0.9303142519685039
11
0.8980481889763779
21
0.9303142519685039
0
LINE
8
BLACK
6
CONTINUOUS
10
0.8980481889763779
20
0.9303142519685039
11
0.8904670472440944
21
0.9276916929133858
0
LINE
8
BLACK
6
CONTINUOUS
10
0.8904670472440944
20
0.9276916929133858
11
0.8898958661417322
21
0.927561811023622
0
LINE
8
BLACK
6
CONTINUOUS
10
0.8898958661417322
20
0.927561811023622
11
0.8897516929133858
21
0.9275020866141732
0
LINE
8
BLACK
6
CONTINUOUS
10
0.8897516929133858
20
0.9275020866141732
11
0.889623779527559
21
0.9274999212598425
0
LINE
8
BLACK
6
CONTINUOUS
10
0.889623779527559
20
0.9274999212598425
11
0.889338188976378
21
0.927435
0
LINE
8
BLACK
6
CONTINUOUS
10
0.889338188976378
20
0.927435
11
0.888653031496063
21
0.9274836614173229
0
LINE
8
BLACK
6
CONTINUOUS
10
0.888653031496063
20
0.9274836614173229
11
0.8829752755905511
21
0.927388622047244
0
LINE
8
BLACK
6
CONTINUOUS
10
0.8829752755905511
20
0.927388622047244
11
0.882392125984252
21
0.9274460236220472
0
LINE
8
BLACK
6
CONTINUOUS
10
0.882392125984252
20
0.9274460236220472
11
0.882236653543307
21
0.927435
0
LINE
8
BLACK
6
CONTINUOUS
10
0.882236653543307
20
0.927435
11
0.8821180708661417
21
0.927473031496063
0
LINE
8
BLACK
6
CONTINUOUS
10
0.8821180708661417
20
0.927473031496063
11
0.8818231496062992
21
0.9275020866141732
0
LINE
8
BLACK
6
CONTINUOUS
10
0.8818231496062992
20
0.9275020866141732
11
0.8811209448818897
21
0.9277929133858267
0
LINE
8
BLACK
6
CONTINUOUS
10
0.8811209448818897
20
0.9277929133858267
11
0.8726713385826771
21
0.9305038582677165
0
LINE
8
BLACK
6
CONTINUOUS
10
0.8726713385826771
20
0.9305038582677165
11
0.8716142125984252
21
0.9309758267716535
0
LINE
8
BLACK
6
CONTINUOUS
10
0.8716142125984252
20
0.9309758267716535
11
0.8714539763779527
21
0.9311147637795275
0
LINE
8
BLACK
6
CONTINUOUS
10
0.8714539763779527
20
0.9311147637795275
11
0.8712578740157481
21
0.9311960236220472
0
LINE
8
BLACK
6
CONTINUOUS
10
0.8712578740157481
20
0.9311960236220472
11
0.8704357086614173
21
0.9319979133858267
0
LINE
8
BLACK
6
CONTINUOUS
10
0.8704357086614173
20
0.9319979133858267
11
0.8698734645669292
21
0.9324855905511811
0
LINE
8
BLACK
6
CONTINUOUS
10
0.8698734645669292
20
0.9324855905511811
11
0.8698141338582677
21
0.9326042125984252
0
LINE
8
BLACK
6
CONTINUOUS
10
0.8698141338582677
20
0.9326042125984252
11
0.8647387007874016
21
0.9375547637795275
0
LINE
8
BLACK
6
CONTINUOUS
10
0.8647387007874016
20
0.9375547637795275
11
0.8643670472440945
21
0.9380075590551181
0
LINE
8
BLACK
6
CONTINUOUS
10
0.8643670472440945
20
0.9380075590551181
11
0.8642492125984251
21
0.9381098031496062
0
LINE
8
BLACK
6
CONTINUOUS
10
0.8642492125984251
20
0.9381098031496062
11
0.8641906692913386
21
0.9382224803149606
0
LINE
8
BLACK
6
CONTINUOUS
10
0.8641906692913386
20
0.9382224803149606
11
0.8640042519685039
21
0.9384496850393701
0
LINE
8
BLACK
6
CONTINUOUS
10
0.8640042519685039
20
0.9384496850393701
11
0.8637340551181102
21
0.9391019291338583
0
LINE
8
BLACK
6
CONTINUOUS
10
0.8637340551181102
20
0.9391019291338583
11
0.8608203149606299
21
0.9447138582677165
0
LINE
8
BLACK
6
CONTINUOUS
10
0.8608203149606299
20
0.9447138582677165
11
0.860788031496063
21
0.9447981102362204
0
LINE
8
BLACK
6
CONTINUOUS
10
0.860788031496063
20
0.9447981102362204
11
0.8607626771653543
21
0.9448324015748031
0
LINE
8
BLACK
6
CONTINUOUS
10
0.8607626771653543
20
0.9448324015748031
11
0.860736811023622
21
0.9449320472440945
0
LINE
8
BLACK
6
CONTINUOUS
10
0.860736811023622
20
0.9449320472440945
11
0.8604065748031496
21
0.9457950787401574
0
LINE
8
BLACK
6
CONTINUOUS
10
0.8604065748031496
20
0.9457950787401574
11
0.8603664566929133
21
0.9463593307086614
0
LINE
8
BLACK
6
CONTINUOUS
10
0.8603664566929133
20
0.9463593307086614
11
0.857561062992126
21
0.9571711811023622
0
LINE
8
BLACK
6
CONTINUOUS
10
0.857561062992126
20
0.9571711811023622
11
0.8575315354330708
21
0.9573708267716535
0
LINE
8
BLACK
6
CONTINUOUS
10
0.8575315354330708
20
0.9573708267716535
11
0.857498188976378
21
0.9574513385826772
0
LINE
8
BLACK
6
CONTINUOUS
10
0.857498188976378
20
0.9574513385826772
11
0.8574962992125984
21
0.9576088976377952
0
LINE
8
BLACK
6
CONTINUOUS
10
0.8574962992125984
20
0.9576088976377952
11
0.8573916929133858
21
0.9583164173228346
0
LINE
8
BLACK
6
CONTINUOUS
10
0.8573916929133858
20
0.9583164173228346
11
0.8574808267716535
21
0.958915590551181
0
LINE
8
BLACK
6
CONTINUOUS
10
0.8574808267716535
20
0.958915590551181
11
0.8573847244094488
21
0.9670399212598425
0
LINE
8
BLACK
6
CONTINUOUS
10
0.8573847244094488
20
0.9670399212598425
11
0.8574044881889764
21
0.9672408267716536
0
LINE
8
BLACK
6
CONTINUOUS
10
0.8574044881889764
20
0.9672408267716536
11
0.8573916929133858
21
0.967326968503937
0
LINE
8
BLACK
6
CONTINUOUS
10
0.8573916929133858
20
0.967326968503937
11
0.8574277559055118
21
0.9674768503937008
0
LINE
8
BLACK
6
CONTINUOUS
10
0.8574277559055118
20
0.9674768503937008
11
0.857498188976378
21
0.9681920472440945
0
LINE
8
BLACK
6
CONTINUOUS
10
0.857498188976378
20
0.9681920472440945
11
0.8577405511811024
21
0.9687771259842519
0
LINE
8
BLACK
6
CONTINUOUS
10
0.8577405511811024
20
0.9687771259842519
11
0.8603731889763779
21
0.9797207874015748
0
LINE
8
BLACK
6
CONTINUOUS
10
0.8603731889763779
20
0.9797207874015748
11
0.8604035433070866
21
0.979805748031496
0
LINE
8
BLACK
6
CONTINUOUS
10
0.8604035433070866
20
0.979805748031496
11
0.8604065748031496
21
0.9798483070866142
0
LINE
8
BLACK
6
CONTINUOUS
10
0.8604065748031496
20
0.9798483070866142
11
0.8604538582677165
21
0.9799466141732284
0
LINE
8
BLACK
6
CONTINUOUS
10
0.8604538582677165
20
0.9799466141732284
11
0.8607626771653543
21
0.9808109842519684
0
LINE
8
BLACK
6
CONTINUOUS
10
0.8607626771653543
20
0.9808109842519684
11
0.8610677952755905
21
0.9812227952755905
0
LINE
8
BLACK
6
CONTINUOUS
10
0.8610677952755905
20
0.9812227952755905
11
0.8636324803149606
21
0.9865538188976378
0
LINE
8
BLACK
6
CONTINUOUS
10
0.8636324803149606
20
0.9865538188976378
11
0.8639445669291338
21
0.9870496062992126
0
LINE
8
BLACK
6
CONTINUOUS
10
0.8639445669291338
20
0.9870496062992126
11
0.8640042519685039
21
0.9871937007874015
0
LINE
8
BLACK
6
CONTINUOUS
10
0.8640042519685039
20
0.9871937007874015
11
0.8640916929133858
21
0.9872833464566929
0
LINE
8
BLACK
6
CONTINUOUS
10
0.8640916929133858
20
0.9872833464566929
11
0.8642492125984251
21
0.9875335826771653
0
LINE
8
BLACK
6
CONTINUOUS
10
0.8642492125984251
20
0.9875335826771653
11
0.8648109448818897
21
0.9880207480314961
0
LINE
8
BLACK
6
CONTINUOUS
10
0.8648109448818897
20
0.9880207480314961
11
0.8703629921259842
21
0.9937129133858268
0
LINE
8
BLACK
6
CONTINUOUS
10
0.8703629921259842
20
0.9937129133858268
11
0.8712578740157481
21
0.9944473622047244
0
LINE
8
BLACK
6
CONTINUOUS
10
0.8712578740157481
20
0.9944473622047244
11
0.8714539763779527
21
0.9945285826771654
0
LINE
8
BLACK
6
CONTINUOUS
10
0.8714539763779527
20
0.9945285826771654
11
0.8716142125984252
21
0.9946675590551181
0
LINE
8
BLACK
6
CONTINUOUS
10
0.8716142125984252
20
0.9946675590551181
11
0.872677716535433
21
0.9950354330708662
0
LINE
8
BLACK
6
CONTINUOUS
10
0.872677716535433
20
0.9950354330708662
11
0.8733867322834645
21
0.9953291338582677
0
LINE
8
BLACK
6
CONTINUOUS
10
0.8733867322834645
20
0.9953291338582677
11
0.8735266535433071
21
0.9953291338582677
0
LINE
8
BLACK
6
CONTINUOUS
10
0.8735266535433071
20
0.9953291338582677
11
0.8811077559055118
21
0.9979516929133858
0
LINE
8
BLACK
6
CONTINUOUS
10
0.8811077559055118
20
0.9979516929133858
11
0.8816789763779528
21
0.9980815748031496
0
LINE
8
BLACK
6
CONTINUOUS
10
0.8816789763779528
20
0.9980815748031496
11
0.8818231496062992
21
0.9981412992125984
0
LINE
8
BLACK
6
CONTINUOUS
10
0.8818231496062992
20
0.9981412992125984
11
0.8819510236220472
21
0.9981434251968504
0
LINE
8
BLACK
6
CONTINUOUS
10
0.8819510236220472
20
0.9981434251968504
11
0.882236653543307
21
0.9982083858267716
0
LINE
8
BLACK
6
CONTINUOUS
10
0.882236653543307
20
0.9982083858267716
11
0.8829217716535432
21
0.99815968503937
0
LINE
8
BLACK
6
CONTINUOUS
10
0.8829217716535432
20
0.99815968503937
11
0.8885995669291339
21
0.9982547637795275
0
LINE
8
BLACK
6
CONTINUOUS
10
0.8885995669291339
20
0.9982547637795275
11
0.8891826771653543
21
0.9981973228346457
0
LINE
8
BLACK
6
CONTINUOUS
10
0.9938011811023622
20
0.9981412992125984
11
0.9939972440944882
21
0.9980600393700787
0
LINE
8
BLACK
6
CONTINUOUS
10
0.9939972440944882
20
0.9980600393700787
11
0.9942088582677165
21
0.9980450393700787
0
LINE
8
BLACK
6
CONTINUOUS
10
0.9942088582677165
20
0.9980450393700787
11
0.9952948818897638
21
0.9975225196850394
0
LINE
8
BLACK
6
CONTINUOUS
10
0.9952948818897638
20
0.9975225196850394
11
0.99593
21
0.9972594881889764
0
LINE
8
BLACK
6
CONTINUOUS
10
0.99593
20
0.9972594881889764
11
0.996011811023622
21
0.9971776377952756
0
LINE
8
BLACK
6
CONTINUOUS
10
0.996011811023622
20
0.9971776377952756
11
1.0009143700787402
21
0.9948191338582677
0
LINE
8
BLACK
6
CONTINUOUS
10
1.0009143700787402
20
0.9948191338582677
11
1.0014102362204724
21
0.9945069685039369
0
LINE
8
BLACK
6
CONTINUOUS
10
1.0014102362204724
20
0.9945069685039369
11
1.0015542125984251
21
0.9944473622047244
0
LINE
8
BLACK
6
CONTINUOUS
10
1.0015542125984251
20
0.9944473622047244
11
1.0016488976377953
21
0.9943567322834646
0
LINE
8
BLACK
6
CONTINUOUS
10
1.0016488976377953
20
0.9943567322834646
11
1.0018941338582676
21
0.9942024015748031
0
LINE
8
BLACK
6
CONTINUOUS
10
1.0018941338582676
20
0.9942024015748031
11
1.0023027559055118
21
0.9937312204724409
0
LINE
8
BLACK
6
CONTINUOUS
10
1.0023027559055118
20
0.9937312204724409
11
1.0052612992125984
21
0.9909008267716535
0
LINE
8
BLACK
6
CONTINUOUS
10
1.0052612992125984
20
0.9909008267716535
11
1.0056330314960629
21
0.9904478346456693
0
LINE
8
BLACK
6
CONTINUOUS
10
1.0056330314960629
20
0.9904478346456693
11
1.0057508267716535
21
0.9903457086614172
0
LINE
8
BLACK
6
CONTINUOUS
10
1.0057508267716535
20
0.9903457086614172
11
1.0058092913385825
21
0.9902330708661418
0
LINE
8
BLACK
6
CONTINUOUS
10
1.0058092913385825
20
0.9902330708661418
11
1.0059957480314961
21
0.990005905511811
0
LINE
8
BLACK
6
CONTINUOUS
10
1.0059957480314961
20
0.990005905511811
11
1.0062659448818898
21
0.9893535433070866
0
LINE
8
BLACK
6
CONTINUOUS
10
1.0062659448818898
20
0.9893535433070866
11
1.0091796850393702
21
0.9837416535433071
0
LINE
8
BLACK
6
CONTINUOUS
10
1.0091796850393702
20
0.9837416535433071
11
1.0092118503937009
21
0.9836575196850393
0
LINE
8
BLACK
6
CONTINUOUS
10
1.0092118503937009
20
0.9836575196850393
11
1.0092373228346456
21
0.9836231889763779
0
LINE
8
BLACK
6
CONTINUOUS
10
1.0092373228346456
20
0.9836231889763779
11
1.0092632283464567
21
0.9835233464566929
0
LINE
8
BLACK
6
CONTINUOUS
10
1.0092632283464567
20
0.9835233464566929
11
1.0095934645669291
21
0.9826604330708661
0
LINE
8
BLACK
6
CONTINUOUS
10
1.0095934645669291
20
0.9826604330708661
11
1.0096335433070867
21
0.9820961023622047
0
LINE
8
BLACK
6
CONTINUOUS
10
1.0096335433070867
20
0.9820961023622047
11
1.0124389763779527
21
0.9712843700787401
0
LINE
8
BLACK
6
CONTINUOUS
10
1.0124389763779527
20
0.9712843700787401
11
1.0124685039370078
21
0.9710846456692913
0
LINE
8
BLACK
6
CONTINUOUS
10
1.0124685039370078
20
0.9710846456692913
11
1.0125018503937007
21
0.9710041732283464
0
LINE
8
BLACK
6
CONTINUOUS
10
1.0125018503937007
20
0.9710041732283464
11
1.0125029527559055
21
0.9708514960629921
0
LINE
8
BLACK
6
CONTINUOUS
10
1.0125029527559055
20
0.9708514960629921
11
1.0126083464566928
21
0.9701391338582677
0
LINE
8
BLACK
6
CONTINUOUS
10
1.0126083464566928
20
0.9701391338582677
11
1.0125130708661416
21
0.969498937007874
0
LINE
8
BLACK
6
CONTINUOUS
10
1.0125130708661416
20
0.969498937007874
11
1.0126153149606298
21
0.9557913385826772
0
LINE
8
BLACK
6
CONTINUOUS
10
1.0126153149606298
20
0.9557913385826772
11
1.0125955118110237
21
0.9555903937007874
0
LINE
8
BLACK
6
CONTINUOUS
10
1.0125955118110237
20
0.9555903937007874
11
1.0126083464566928
21
0.955504251968504
0
LINE
8
BLACK
6
CONTINUOUS
10
1.0126083464566928
20
0.955504251968504
11
1.0125722440944882
21
0.9553542913385826
0
LINE
8
BLACK
6
CONTINUOUS
10
1.0125722440944882
20
0.9553542913385826
11
1.0125018503937007
21
0.9546392125984252
0
LINE
8
BLACK
6
CONTINUOUS
10
1.0125018503937007
20
0.9546392125984252
11
1.0122594881889764
21
0.9540541338582677
0
LINE
8
BLACK
6
CONTINUOUS
10
1.0122594881889764
20
0.9540541338582677
11
1.009626811023622
21
0.9431104330708662
0
LINE
8
BLACK
6
CONTINUOUS
10
1.009626811023622
20
0.9431104330708662
11
1.0095964566929134
21
0.9430255511811023
0
LINE
8
BLACK
6
CONTINUOUS
10
1.0095964566929134
20
0.9430255511811023
11
1.0095934645669291
21
0.9429829527559055
0
LINE
8
BLACK
6
CONTINUOUS
10
1.0095934645669291
20
0.9429829527559055
11
1.009546062992126
21
0.9428844488188977
0
LINE
8
BLACK
6
CONTINUOUS
10
1.009546062992126
20
0.9428844488188977
11
1.0092373228346456
21
0.9420201968503937
0
LINE
8
BLACK
6
CONTINUOUS
10
1.0092373228346456
20
0.9420201968503937
11
1.0089321653543306
21
0.9416083858267716
0
LINE
8
BLACK
6
CONTINUOUS
10
1.0089321653543306
20
0.9416083858267716
11
1.006367559055118
21
0.9362774015748031
0
LINE
8
BLACK
6
CONTINUOUS
10
1.006367559055118
20
0.9362774015748031
11
1.0060553937007874
21
0.9357815354330709
0
LINE
8
BLACK
6
CONTINUOUS
10
1.0060553937007874
20
0.9357815354330709
11
1.0059957480314961
21
0.9356374803149606
0
LINE
8
BLACK
6
CONTINUOUS
10
1.0059957480314961
20
0.9356374803149606
11
1.0059050393700788
21
0.9355426771653543
0
LINE
8
BLACK
6
CONTINUOUS
10
1.0059050393700788
20
0.9355426771653543
11
1.0057508267716535
21
0.9352976771653543
0
LINE
8
BLACK
6
CONTINUOUS
10
1.0057508267716535
20
0.9352976771653543
11
1.0052798818897637
21
0.9348892125984252
0
LINE
8
BLACK
6
CONTINUOUS
10
1.0052798818897637
20
0.9348892125984252
11
1.0024491338582677
21
0.9319304330708661
0
LINE
8
BLACK
6
CONTINUOUS
10
1.0024491338582677
20
0.9319304330708661
11
1.0019963779527559
21
0.9315588582677166
0
LINE
8
BLACK
6
CONTINUOUS
10
1.0019963779527559
20
0.9315588582677166
11
1.0018941338582676
21
0.9314409842519685
0
LINE
8
BLACK
6
CONTINUOUS
10
1.0018941338582676
20
0.9314409842519685
11
1.001781338582677
21
0.9313824015748031
0
LINE
8
BLACK
6
CONTINUOUS
10
1.001781338582677
20
0.9313824015748031
11
1.0015542125984251
21
0.9311960236220472
0
LINE
8
BLACK
6
CONTINUOUS
10
1.0015542125984251
20
0.9311960236220472
11
1.0009021259842519
21
0.930925905511811
0
LINE
8
BLACK
6
CONTINUOUS
10
1.0009021259842519
20
0.930925905511811
11
0.9952900787401574
21
0.9280120866141732
0
LINE
8
BLACK
6
CONTINUOUS
10
0.9952900787401574
20
0.9280120866141732
11
0.9942088582677165
21
0.9275983464566929
0
LINE
8
BLACK
6
CONTINUOUS
10
0.9942088582677165
20
0.9275983464566929
11
0.9939972440944882
21
0.9275833070866142
0
LINE
8
BLACK
6
CONTINUOUS
10
0.9939972440944882
20
0.9275833070866142
11
0.9938011811023622
21
0.9275020866141732
0
LINE
8
BLACK
6
CONTINUOUS
10
0.9938011811023622
20
0.9275020866141732
11
0.992562559055118
21
0.9274813385826771
0
LINE
8
BLACK
6
CONTINUOUS
10
0.992562559055118
20
0.9274813385826771
11
0.9919104330708661
21
0.927435
0
LINE
8
BLACK
6
CONTINUOUS
10
0.9919104330708661
20
0.927435
11
0.9918092125984251
21
0.9274687007874015
0
LINE
8
BLACK
6
CONTINUOUS
10
0.9918092125984251
20
0.9274687007874015
11
0.9870247637795275
21
0.927388622047244
0
LINE
8
BLACK
6
CONTINUOUS
10
0.9870247637795275
20
0.927388622047244
11
0.9858726377952756
21
0.9275020866141732
0
LINE
8
BLACK
6
CONTINUOUS
10
0.9858726377952756
20
0.9275020866141732
11
0.9856765354330709
21
0.9275833070866142
0
LINE
8
BLACK
6
CONTINUOUS
10
0.9856765354330709
20
0.9275833070866142
11
0.9854649606299213
21
0.9275983464566929
0
LINE
8
BLACK
6
CONTINUOUS
10
0.9854649606299213
20
0.9275983464566929
11
0.9843788976377953
21
0.9281208267716535
0
LINE
8
BLACK
6
CONTINUOUS
10
0.9843788976377953
20
0.9281208267716535
11
0.9837438188976377
21
0.9283838976377953
0
LINE
8
BLACK
6
CONTINUOUS
10
0.9837438188976377
20
0.9283838976377953
11
0.9836619685039369
21
0.9284657086614173
0
LINE
8
BLACK
6
CONTINUOUS
10
0.9836619685039369
20
0.9284657086614173
11
0.9787594488188976
21
0.9308242519685039
0
LINE
8
BLACK
6
CONTINUOUS
10
0.9787594488188976
20
0.9308242519685039
11
0.978263622047244
21
0.9311363385826772
0
LINE
8
BLACK
6
CONTINUOUS
10
0.978263622047244
20
0.9311363385826772
11
0.9781195669291338
21
0.9311960236220472
0
LINE
8
BLACK
6
CONTINUOUS
10
0.9781195669291338
20
0.9311960236220472
11
0.9780247637795275
21
0.9312866929133858
0
LINE
8
BLACK
6
CONTINUOUS
10
0.9780247637795275
20
0.9312866929133858
11
0.9777796850393701
21
0.9314409842519685
0
LINE
8
BLACK
6
CONTINUOUS
10
0.9777796850393701
20
0.9314409842519685
11
0.9773711417322835
21
0.9319120078740157
0
LINE
8
BLACK
6
CONTINUOUS
10
0.9773711417322835
20
0.9319120078740157
11
0.9744125196850394
21
0.934742559055118
0
LINE
8
BLACK
6
CONTINUOUS
10
0.9744125196850394
20
0.934742559055118
11
0.9740408661417322
21
0.9351953937007874
0
LINE
8
BLACK
6
CONTINUOUS
10
0.9740408661417322
20
0.9351953937007874
11
0.9739229921259842
21
0.9352976377952755
0
LINE
8
BLACK
6
CONTINUOUS
10
0.9739229921259842
20
0.9352976377952755
11
0.9738644488188977
21
0.9354103543307086
0
LINE
8
BLACK
6
CONTINUOUS
10
0.9738644488188977
20
0.9354103543307086
11
0.9736780708661417
21
0.9356374803149606
0
LINE
8
BLACK
6
CONTINUOUS
10
0.9736780708661417
20
0.9356374803149606
11
0.9734079133858268
21
0.9362896456692913
0
LINE
8
BLACK
6
CONTINUOUS
10
0.9734079133858268
20
0.9362896456692913
11
0.9704940944881889
21
0.9419016929133858
0
LINE
8
BLACK
6
CONTINUOUS
10
0.9704940944881889
20
0.9419016929133858
11
0.9704618110236221
21
0.9419859448818897
0
LINE
8
BLACK
6
CONTINUOUS
10
0.9704618110236221
20
0.9419859448818897
11
0.9704364566929133
21
0.9420202362204724
0
LINE
8
BLACK
6
CONTINUOUS
10
0.9704364566929133
20
0.9420202362204724
11
0.9704105905511811
21
0.9421198818897638
0
LINE
8
BLACK
6
CONTINUOUS
10
0.9704105905511811
20
0.9421198818897638
11
0.9700803543307086
21
0.9429829133858267
0
LINE
8
BLACK
6
CONTINUOUS
10
0.9700803543307086
20
0.9429829133858267
11
0.9700402362204724
21
0.9435471653543307
0
LINE
8
BLACK
6
CONTINUOUS
10
0.9700402362204724
20
0.9435471653543307
11
0.9672348425196851
21
0.9543590551181103
0
LINE
8
BLACK
6
CONTINUOUS
10
0.9672348425196851
20
0.9543590551181103
11
0.9672053149606299
21
0.9545587007874016
0
LINE
8
BLACK
6
CONTINUOUS
10
0.9672053149606299
20
0.9545587007874016
11
0.9671719685039369
21
0.9546392125984252
0
LINE
8
BLACK
6
CONTINUOUS
10
0.9671719685039369
20
0.9546392125984252
11
0.9671708267716536
21
0.9547918897637795
0
LINE
8
BLACK
6
CONTINUOUS
10
0.9671708267716536
20
0.9547918897637795
11
0.9670654724409449
21
0.9555042913385826
0
LINE
8
BLACK
6
CONTINUOUS
10
0.9670654724409449
20
0.9555042913385826
11
0.9671607086614173
21
0.9561444488188976
0
LINE
8
BLACK
6
CONTINUOUS
10
0.9671607086614173
20
0.9561444488188976
11
0.9670585039370079
21
0.9698520472440945
0
LINE
8
BLACK
6
CONTINUOUS
10
0.9670585039370079
20
0.9698520472440945
11
0.9670782677165354
21
0.9700529527559055
0
LINE
8
BLACK
6
CONTINUOUS
10
0.9670782677165354
20
0.9700529527559055
11
0.9670654724409449
21
0.9701390944881889
0
LINE
8
BLACK
6
CONTINUOUS
10
0.9670654724409449
20
0.9701390944881889
11
0.9671015354330709
21
0.9702889763779527
0
LINE
8
BLACK
6
CONTINUOUS
10
0.9671015354330709
20
0.9702889763779527
11
0.9671719685039369
21
0.9710041732283464
0
LINE
8
BLACK
6
CONTINUOUS
10
0.9671719685039369
20
0.9710041732283464
11
0.9674142913385827
21
0.9715892519685039
0
LINE
8
BLACK
6
CONTINUOUS
10
0.9674142913385827
20
0.9715892519685039
11
0.970046968503937
21
0.9825329527559055
0
LINE
8
BLACK
6
CONTINUOUS
10
0.970046968503937
20
0.9825329527559055
11
0.9700773228346457
21
0.9826179133858267
0
LINE
8
BLACK
6
CONTINUOUS
10
0.9700773228346457
20
0.9826179133858267
11
0.9700803543307086
21
0.9826604724409449
0
LINE
8
BLACK
6
CONTINUOUS
10
0.9700803543307086
20
0.9826604724409449
11
0.9701276377952756
21
0.9827587795275591
0
LINE
8
BLACK
6
CONTINUOUS
10
0.9701276377952756
20
0.9827587795275591
11
0.9704364566929133
21
0.9836231496062992
0
LINE
8
BLACK
6
CONTINUOUS
10
0.9704364566929133
20
0.9836231496062992
11
0.9707416141732284
21
0.9840349606299212
0
LINE
8
BLACK
6
CONTINUOUS
10
0.9707416141732284
20
0.9840349606299212
11
0.9733062598425196
21
0.9893659842519685
0
LINE
8
BLACK
6
CONTINUOUS
10
0.9733062598425196
20
0.9893659842519685
11
0.9736183858267716
21
0.9898618503937008
0
LINE
8
BLACK
6
CONTINUOUS
10
0.9736183858267716
20
0.9898618503937008
11
0.9736780708661417
21
0.990005905511811
0
LINE
8
BLACK
6
CONTINUOUS
10
0.9736780708661417
20
0.990005905511811
11
0.9737687007874015
21
0.9901006299212598
0
LINE
8
BLACK
6
CONTINUOUS
10
0.9737687007874015
20
0.9901006299212598
11
0.9739229921259842
21
0.990345748031496
0
LINE
8
BLACK
6
CONTINUOUS
10
0.9739229921259842
20
0.990345748031496
11
0.9743940551181102
21
0.9907542913385826
0
LINE
8
BLACK
6
CONTINUOUS
10
0.9743940551181102
20
0.9907542913385826
11
0.9772246850393701
21
0.9937129527559055
0
LINE
8
BLACK
6
CONTINUOUS
10
0.9772246850393701
20
0.9937129527559055
11
0.9776774409448818
21
0.9940845275590551
0
LINE
8
BLACK
6
CONTINUOUS
10
0.9776774409448818
20
0.9940845275590551
11
0.9777796850393701
21
0.9942024015748031
0
LINE
8
BLACK
6
CONTINUOUS
10
0.9777796850393701
20
0.9942024015748031
11
0.9778923622047244
21
0.994260905511811
0
LINE
8
BLACK
6
CONTINUOUS
10
0.9778923622047244
20
0.994260905511811
11
0.9781195669291338
21
0.9944473622047244
0
LINE
8
BLACK
6
CONTINUOUS
10
0.9781195669291338
20
0.9944473622047244
11
0.9787717322834646
21
0.9947174803149607
0
LINE
8
BLACK
6
CONTINUOUS
10
0.9787717322834646
20
0.9947174803149607
11
0.9843837007874016
21
0.9976312992125984
0
LINE
8
BLACK
6
CONTINUOUS
10
0.9843837007874016
20
0.9976312992125984
11
0.9854649606299213
21
0.9980450393700787
0
LINE
8
BLACK
6
CONTINUOUS
10
0.9854649606299213
20
0.9980450393700787
11
0.9856765354330709
21
0.9980600393700787
0
LINE
8
BLACK
6
CONTINUOUS
10
0.9856765354330709
20
0.9980600393700787
11
0.9858726377952756
21
0.9981412992125984
0
LINE
8
BLACK
6
CONTINUOUS
10
0.9858726377952756
20
0.9981412992125984
11
0.9871112204724409
21
0.9981620078740158
0
LINE
8
BLACK
6
CONTINUOUS
10
0.9871112204724409
20
0.9981620078740158
11
0.9877633858267716
21
0.9982083858267716
0
LINE
8
BLACK
6
CONTINUOUS
10
0.9877633858267716
20
0.9982083858267716
11
0.9878645669291338
21
0.9981746456692913
0
LINE
8
BLACK
6
CONTINUOUS
10
0.9878645669291338
20
0.9981746456692913
11
0.9926490551181102
21
0.9982547637795275
0
LINE
8
BLACK
6
CONTINUOUS
10
0.9926490551181102
20
0.9982547637795275
11
0.9938011811023622
21
0.9981412992125984
0
LINE
8
BLACK
6
CONTINUOUS
10
0.9882979921259842
20
0.9864650393700787
11
0.9847462992125984
21
0.9846209842519685
0
LINE
8
BLACK
6
CONTINUOUS
10
0.9847462992125984
20
0.9846209842519685
11
0.98329
21
0.9830987795275591
0
LINE
8
BLACK
6
CONTINUOUS
10
0.98329
20
0.9830987795275591
11
0.981158622047244
21
0.9786684251968504
0
LINE
8
BLACK
6
CONTINUOUS
10
0.981158622047244
20
0.9786684251968504
11
0.9787728346456692
21
0.9687509842519685
0
LINE
8
BLACK
6
CONTINUOUS
10
0.9787728346456692
20
0.9687509842519685
11
0.9788668897637796
21
0.9561432677165355
0
LINE
8
BLACK
6
CONTINUOUS
10
0.9788668897637796
20
0.9561432677165355
11
0.9814329133858267
21
0.9462538976377952
0
LINE
8
BLACK
6
CONTINUOUS
10
0.9814329133858267
20
0.9462538976377952
11
0.9835044094488189
21
0.9422642519685039
0
LINE
8
BLACK
6
CONTINUOUS
10
0.9835044094488189
20
0.9422642519685039
11
0.9850265748031496
21
0.9408079921259842
0
LINE
8
BLACK
6
CONTINUOUS
10
0.9850265748031496
20
0.9408079921259842
11
0.9885137401574803
21
0.9391303937007873
0
LINE
8
BLACK
6
CONTINUOUS
10
0.9885137401574803
20
0.9391303937007873
11
0.9913757874015747
21
0.9391783070866142
0
LINE
8
BLACK
6
CONTINUOUS
10
0.9913757874015747
20
0.9391783070866142
11
0.9949275196850393
21
0.9410224015748031
0
LINE
8
BLACK
6
CONTINUOUS
10
0.9949275196850393
20
0.9410224015748031
11
0.9963837401574803
21
0.942544527559055
0
LINE
8
BLACK
6
CONTINUOUS
10
0.9963837401574803
20
0.942544527559055
11
0.9985151574803149
21
0.9469749606299213
0
LINE
8
BLACK
6
CONTINUOUS
10
0.9985151574803149
20
0.9469749606299213
11
1.0009009448818897
21
0.9568924015748032
0
LINE
8
BLACK
6
CONTINUOUS
10
1.0009009448818897
20
0.9568924015748032
11
1.0008068897637794
21
0.9695000787401574
0
LINE
8
BLACK
6
CONTINUOUS
10
1.0008068897637794
20
0.9695000787401574
11
0.9982407874015747
21
0.9793895275590551
0
LINE
8
BLACK
6
CONTINUOUS
10
0.9982407874015747
20
0.9793895275590551
11
0.9961694488188976
21
0.9833790157480314
0
LINE
8
BLACK
6
CONTINUOUS
10
0.9961694488188976
20
0.9833790157480314
11
0.9946471653543307
21
0.9848353543307087
0
LINE
8
BLACK
6
CONTINUOUS
10
0.9946471653543307
20
0.9848353543307087
11
0.9911600393700787
21
0.9865129527559054
0
LINE
8
BLACK
6
CONTINUOUS
10
0.9911600393700787
20
0.9865129527559054
11
0.9882979921259842
21
0.9864650393700787
0
LINE
8
BLACK
6
CONTINUOUS
10
0.9375451181102362
20
0.9980749212598425
11
0.9379659448818898
21
0.9980450393700787
0
LINE
8
BLACK
6
CONTINUOUS
10
0.9379659448818898
20
0.9980450393700787
11
0.9386281889763779
21
0.9977138976377953
0
LINE
8
BLACK
6
CONTINUOUS
10
0.9386281889763779
20
0.9977138976377953
11
0.9393307086614173
21
0.9974797244094488
0
LINE
8
BLACK
6
CONTINUOUS
10
0.9393307086614173
20
0.9974797244094488
11
0.9396494488188977
21
0.9972032283464567
0
LINE
8
BLACK
6
CONTINUOUS
10
0.9396494488188977
20
0.9972032283464567
11
0.9400268503937008
21
0.9970145669291338
0
LINE
8
BLACK
6
CONTINUOUS
10
0.9400268503937008
20
0.9970145669291338
11
0.9405120078740157
21
0.996455157480315
0
LINE
8
BLACK
6
CONTINUOUS
10
0.9405120078740157
20
0.996455157480315
11
0.9410714173228346
21
0.99597
0
LINE
8
BLACK
6
CONTINUOUS
10
0.9410714173228346
20
0.99597
11
0.9412600787401575
21
0.9955925984251969
0
LINE
8
BLACK
6
CONTINUOUS
10
0.9412600787401575
20
0.9955925984251969
11
0.9415365748031496
21
0.9952738582677165
0
LINE
8
BLACK
6
CONTINUOUS
10
0.9415365748031496
20
0.9952738582677165
11
0.9417749606299213
21
0.9945629133858267
0
LINE
8
BLACK
6
CONTINUOUS
10
0.9417749606299213
20
0.9945629133858267
11
0.9421018897637795
21
0.993909094488189
0
LINE
8
BLACK
6
CONTINUOUS
10
0.9421018897637795
20
0.993909094488189
11
0.9421308267716535
21
0.9935015748031496
0
LINE
8
BLACK
6
CONTINUOUS
10
0.9421308267716535
20
0.9935015748031496
11
0.9616936220472441
21
0.9351616141732283
0
LINE
8
BLACK
6
CONTINUOUS
10
0.9616936220472441
20
0.9351616141732283
11
0.9619503149606299
21
0.9340327165354331
0
LINE
8
BLACK
6
CONTINUOUS
10
0.9619503149606299
20
0.9340327165354331
11
0.9617869291338582
21
0.9317342913385827
0
LINE
8
BLACK
6
CONTINUOUS
10
0.9617869291338582
20
0.9317342913385827
11
0.9607564566929133
21
0.9296733858267716
0
LINE
8
BLACK
6
CONTINUOUS
10
0.9607564566929133
20
0.9296733858267716
11
0.959015748031496
21
0.9281636614173228
0
LINE
8
BLACK
6
CONTINUOUS
10
0.959015748031496
20
0.9281636614173228
11
0.9568297637795276
21
0.9274349606299213
0
LINE
8
BLACK
6
CONTINUOUS
10
0.9568297637795276
20
0.9274349606299213
11
0.9545313385826771
21
0.9275983464566929
0
LINE
8
BLACK
6
CONTINUOUS
10
0.9545313385826771
20
0.9275983464566929
11
0.9524703937007873
21
0.9286287795275591
0
LINE
8
BLACK
6
CONTINUOUS
10
0.9524703937007873
20
0.9286287795275591
11
0.9509606692913386
21
0.9303695275590551
0
LINE
8
BLACK
6
CONTINUOUS
10
0.9509606692913386
20
0.9303695275590551
11
0.9462712598425197
21
0.9443542125984252
0
LINE
8
BLACK
6
CONTINUOUS
10
0.9462712598425197
20
0.9443542125984252
11
0.9265816929133858
21
0.9442779133858268
0
LINE
8
BLACK
6
CONTINUOUS
10
0.9265816929133858
20
0.9442779133858268
11
0.9223235039370079
21
0.9314266535433071
0
LINE
8
BLACK
6
CONTINUOUS
10
0.9223235039370079
20
0.9314266535433071
11
0.9218515354330709
21
0.9303695275590551
0
LINE
8
BLACK
6
CONTINUOUS
10
0.9218515354330709
20
0.9303695275590551
11
0.920341811023622
21
0.9286288188976378
0
LINE
8
BLACK
6
CONTINUOUS
10
0.920341811023622
20
0.9286288188976378
11
0.918280905511811
21
0.9275983464566929
0
LINE
8
BLACK
6
CONTINUOUS
10
0.918280905511811
20
0.9275983464566929
11
0.9159824409448819
21
0.927435
0
LINE
8
BLACK
6
CONTINUOUS
10
0.9159824409448819
20
0.927435
11
0.9137964566929133
21
0.9281636614173228
0
LINE
8
BLACK
6
CONTINUOUS
10
0.9137964566929133
20
0.9281636614173228
11
0.912055748031496
21
0.9296733858267716
0
LINE
8
BLACK
6
CONTINUOUS
10
0.912055748031496
20
0.9296733858267716
11
0.9110252755905511
21
0.9317342913385827
0
LINE
8
BLACK
6
CONTINUOUS
10
0.9110252755905511
20
0.9317342913385827
11
0.9108619291338582
21
0.9340327559055118
0
LINE
8
BLACK
6
CONTINUOUS
10
0.9108619291338582
20
0.9340327559055118
11
0.9165533070866142
21
0.9512092519685039
0
LINE
8
BLACK
6
CONTINUOUS
10
0.9165533070866142
20
0.9512092519685039
11
0.9165533070866142
21
0.9513191338582677
0
LINE
8
BLACK
6
CONTINUOUS
10
0.9165533070866142
20
0.9513191338582677
11
0.9167351968503937
21
0.9517582677165354
0
LINE
8
BLACK
6
CONTINUOUS
10
0.9167351968503937
20
0.9517582677165354
11
0.9308036614173228
21
0.9942167322834645
0
LINE
8
BLACK
6
CONTINUOUS
10
0.9308036614173228
20
0.9942167322834645
11
0.9312756299212598
21
0.9952738582677165
0
LINE
8
BLACK
6
CONTINUOUS
10
0.9312756299212598
20
0.9952738582677165
11
0.9315520866141732
21
0.9955926377952755
0
LINE
8
BLACK
6
CONTINUOUS
10
0.9315520866141732
20
0.9955926377952755
11
0.9317407874015747
21
0.99597
0
LINE
8
BLACK
6
CONTINUOUS
10
0.9317407874015747
20
0.99597
11
0.9323000787401574
21
0.9964550787401575
0
LINE
8
BLACK
6
CONTINUOUS
10
0.9323000787401574
20
0.9964550787401575
11
0.9327853543307086
21
0.9970146062992126
0
LINE
8
BLACK
6
CONTINUOUS
10
0.9327853543307086
20
0.9970146062992126
11
0.9331627952755905
21
0.9972033070866142
0
LINE
8
BLACK
6
CONTINUOUS
10
0.9331627952755905
20
0.9972033070866142
11
0.9334814960629921
21
0.9974797244094488
0
LINE
8
BLACK
6
CONTINUOUS
10
0.9334814960629921
20
0.9974797244094488
11
0.9341839370078739
21
0.9977138582677165
0
LINE
8
BLACK
6
CONTINUOUS
10
0.9341839370078739
20
0.9977138582677165
11
0.9348462992125984
21
0.9980450393700787
0
LINE
8
BLACK
6
CONTINUOUS
10
0.9348462992125984
20
0.9980450393700787
11
0.9352671653543307
21
0.9980749212598425
0
LINE
8
BLACK
6
CONTINUOUS
10
0.9352671653543307
20
0.9980749212598425
11
0.9356674803149606
21
0.9982083858267716
0
LINE
8
BLACK
6
CONTINUOUS
10
0.9356674803149606
20
0.9982083858267716
11
0.936405905511811
21
0.998155905511811
0
LINE
8
BLACK
6
CONTINUOUS
10
0.936405905511811
20
0.998155905511811
11
0.9371447244094488
21
0.9982084251968504
0
LINE
8
BLACK
6
CONTINUOUS
10
0.9371447244094488
20
0.9982084251968504
11
0.9375451181102362
21
0.9980749212598425
0
LINE
8
BLACK
6
CONTINUOUS
10
0.9304641338582677
20
0.9559949606299213
11
0.9423524015748032
21
0.956041062992126
0
LINE
8
BLACK
6
CONTINUOUS
10
0.9423524015748032
20
0.956041062992126
11
0.9363804724409449
21
0.9738504724409449
0
LINE
8
BLACK
6
CONTINUOUS
10
0.9363804724409449
20
0.9738504724409449
11
0.9304641338582677
21
0.9559949606299213
0
LINE
8
BLACK
6
CONTINUOUS
10
0.048487874015748
20
1.0154883070866141
11
0.0486838582677165
21
1.0154070866141731
0
LINE
8
BLACK
6
CONTINUOUS
10
0.0486838582677165
20
1.0154070866141731
11
0.0488955118110236
21
1.0153920866141732
0
LINE
8
BLACK
6
CONTINUOUS
10
0.0488955118110236
20
1.0153920866141732
11
0.0499819291338583
21
1.0148694094488189
0
LINE
8
BLACK
6
CONTINUOUS
10
0.0499819291338583
20
1.0148694094488189
11
0.0506166929133858
21
1.0146064960629921
0
LINE
8
BLACK
6
CONTINUOUS
10
0.0506166929133858
20
1.0146064960629921
11
0.0506984645669291
21
1.0145246850393701
0
LINE
8
BLACK
6
CONTINUOUS
10
0.0506984645669291
20
1.0145246850393701
11
0.055601062992126
21
1.0121661811023621
0
LINE
8
BLACK
6
CONTINUOUS
10
0.055601062992126
20
1.0121661811023621
11
0.0560968503937008
21
1.0118540551181101
0
LINE
8
BLACK
6
CONTINUOUS
10
0.0560968503937008
20
1.0118540551181101
11
0.0562409448818898
21
1.0117944094488189
0
LINE
8
BLACK
6
CONTINUOUS
10
0.0562409448818898
20
1.0117944094488189
11
0.0563357086614173
21
1.0117037007874015
0
LINE
8
BLACK
6
CONTINUOUS
10
0.0563357086614173
20
1.0117037007874015
11
0.0565808267716535
21
1.0115494488188976
0
LINE
8
BLACK
6
CONTINUOUS
10
0.0565808267716535
20
1.0115494488188976
11
0.0569893307086614
21
1.0110783858267716
0
LINE
8
BLACK
6
CONTINUOUS
10
0.0569893307086614
20
1.0110783858267716
11
0.059948031496063
21
1.0082477952755906
0
LINE
8
BLACK
6
CONTINUOUS
10
0.059948031496063
20
1.0082477952755906
11
0.0603197244094488
21
1.007794842519685
0
LINE
8
BLACK
6
CONTINUOUS
10
0.0603197244094488
20
1.007794842519685
11
0.0604375196850394
21
1.007692716535433
0
LINE
8
BLACK
6
CONTINUOUS
10
0.0604375196850394
20
1.007692716535433
11
0.0604959448818898
21
1.0075801181102362
0
LINE
8
BLACK
6
CONTINUOUS
10
0.0604959448818898
20
1.0075801181102362
11
0.0606824803149606
21
1.007352874015748
0
LINE
8
BLACK
6
CONTINUOUS
10
0.0606824803149606
20
1.007352874015748
11
0.0609527559055118
21
1.0067003543307087
0
LINE
8
BLACK
6
CONTINUOUS
10
0.0609527559055118
20
1.0067003543307087
11
0.0638663779527559
21
1.0010886614173229
0
LINE
8
BLACK
6
CONTINUOUS
10
0.0638663779527559
20
1.0010886614173229
11
0.0639460236220472
21
1.0008804724409448
0
LINE
8
BLACK
6
CONTINUOUS
10
0.0639460236220472
20
1.0008804724409448
11
0.0833192519685039
21
1.0145342519685039
0
LINE
8
BLACK
6
CONTINUOUS
10
0.0833192519685039
20
1.0145342519685039
11
0.0843281496062992
21
1.0151020078740158
0
LINE
8
BLACK
6
CONTINUOUS
10
0.0843281496062992
20
1.0151020078740158
11
0.0865778346456693
21
1.0156003937007874
0
LINE
8
BLACK
6
CONTINUOUS
10
0.0865778346456693
20
1.0156003937007874
11
0.088846968503937
21
1.0151999606299211
0
LINE
8
BLACK
6
CONTINUOUS
10
0.088846968503937
20
1.0151999606299211
11
0.090790157480315
21
1.0139616535433071
0
LINE
8
BLACK
6
CONTINUOUS
10
0.090790157480315
20
1.0139616535433071
11
0.0921115748031496
21
1.012073937007874
0
LINE
8
BLACK
6
CONTINUOUS
10
0.0921115748031496
20
1.012073937007874
11
0.0926099606299213
21
1.0098242519685039
0
LINE
8
BLACK
6
CONTINUOUS
10
0.0926099606299213
20
1.0098242519685039
11
0.0922095275590551
21
1.0075551181102362
0
LINE
8
BLACK
6
CONTINUOUS
10
0.0922095275590551
20
1.0075551181102362
11
0.0909712204724409
21
1.0056119291338583
0
LINE
8
BLACK
6
CONTINUOUS
10
0.0909712204724409
20
1.0056119291338583
11
0.0644372440944882
21
0.9869114173228346
0
LINE
8
BLACK
6
CONTINUOUS
10
0.0644372440944882
20
0.9869114173228346
11
0.0644616929133858
21
0.9818140551181103
0
LINE
8
BLACK
6
CONTINUOUS
10
0.0644616929133858
20
0.9818140551181103
11
0.0867058267716535
21
0.9818559842519685
0
LINE
8
BLACK
6
CONTINUOUS
10
0.0867058267716535
20
0.9818559842519685
11
0.0878579527559055
21
0.9817425196850393
0
LINE
8
BLACK
6
CONTINUOUS
10
0.0878579527559055
20
0.9817425196850393
11
0.0899867716535433
21
0.9808607086614173
0
LINE
8
BLACK
6
CONTINUOUS
10
0.0899867716535433
20
0.9808607086614173
11
0.091616062992126
21
0.9792314173228346
0
LINE
8
BLACK
6
CONTINUOUS
10
0.091616062992126
20
0.9792314173228346
11
0.092497874015748
21
0.9771025984251969
0
LINE
8
BLACK
6
CONTINUOUS
10
0.092497874015748
20
0.9771025984251969
11
0.092497874015748
21
0.9747983464566929
0
LINE
8
BLACK
6
CONTINUOUS
10
0.092497874015748
20
0.9747983464566929
11
0.091616062992126
21
0.9726695275590551
0
LINE
8
BLACK
6
CONTINUOUS
10
0.091616062992126
20
0.9726695275590551
11
0.0899867716535433
21
0.9710402362204724
0
LINE
8
BLACK
6
CONTINUOUS
10
0.0899867716535433
20
0.9710402362204724
11
0.0878579527559055
21
0.9701584251968504
0
LINE
8
BLACK
6
CONTINUOUS
10
0.0878579527559055
20
0.9701584251968504
11
0.0276507086614173
21
0.9700449606299212
0
LINE
8
BLACK
6
CONTINUOUS
10
0.0276507086614173
20
0.9700449606299212
11
0.0264985826771654
21
0.9701584251968504
0
LINE
8
BLACK
6
CONTINUOUS
10
0.0264985826771654
20
0.9701584251968504
11
0.0243697637795276
21
0.9710402362204724
0
LINE
8
BLACK
6
CONTINUOUS
10
0.0243697637795276
20
0.9710402362204724
11
0.0227404724409449
21
0.9726695275590551
0
LINE
8
BLACK
6
CONTINUOUS
10
0.0227404724409449
20
0.9726695275590551
11
0.0218586614173228
21
0.9747983464566929
0
LINE
8
BLACK
6
CONTINUOUS
10
0.0218586614173228
20
0.9747983464566929
11
0.0217451968503937
21
0.9984476771653543
0
LINE
8
BLACK
6
CONTINUOUS
10
0.0217451968503937
20
0.9984476771653543
11
0.0218586614173228
21
0.9995998031496063
0
LINE
8
BLACK
6
CONTINUOUS
10
0.0218586614173228
20
0.9995998031496063
11
0.0219398818897638
21
0.9997958661417322
0
LINE
8
BLACK
6
CONTINUOUS
10
0.0219398818897638
20
0.9997958661417322
11
0.0219549212598425
21
1.0000074803149606
0
LINE
8
BLACK
6
CONTINUOUS
10
0.0219549212598425
20
1.0000074803149606
11
0.0224774015748032
21
1.0010935039370079
0
LINE
8
BLACK
6
CONTINUOUS
10
0.0224774015748032
20
1.0010935039370079
11
0.0227404724409449
21
1.0017286220472441
0
LINE
8
BLACK
6
CONTINUOUS
10
0.0227404724409449
20
1.0017286220472441
11
0.0228222834645669
21
1.0018104330708661
0
LINE
8
BLACK
6
CONTINUOUS
10
0.0228222834645669
20
1.0018104330708661
11
0.0251808267716535
21
1.0067129921259843
0
LINE
8
BLACK
6
CONTINUOUS
10
0.0251808267716535
20
1.0067129921259843
11
0.0254929527559055
21
1.0072088582677166
0
LINE
8
BLACK
6
CONTINUOUS
10
0.0254929527559055
20
1.0072088582677166
11
0.0255525984251968
21
1.0073528346456693
0
LINE
8
BLACK
6
CONTINUOUS
10
0.0255525984251968
20
1.0073528346456693
11
0.025643188976378
21
1.0074475196850394
0
LINE
8
BLACK
6
CONTINUOUS
10
0.025643188976378
20
1.0074475196850394
11
0.0257975590551181
21
1.0076927559055118
0
LINE
8
BLACK
6
CONTINUOUS
10
0.0257975590551181
20
1.0076927559055118
11
0.0262687007874016
21
1.0081013779527559
0
LINE
8
BLACK
6
CONTINUOUS
10
0.0262687007874016
20
1.0081013779527559
11
0.0290991338582677
21
1.0110599212598426
0
LINE
8
BLACK
6
CONTINUOUS
10
0.0290991338582677
20
1.0110599212598426
11
0.0295520866141732
21
1.011431653543307
0
LINE
8
BLACK
6
CONTINUOUS
10
0.0295520866141732
20
1.011431653543307
11
0.0296542519685039
21
1.0115494488188976
0
LINE
8
BLACK
6
CONTINUOUS
10
0.0296542519685039
20
1.0115494488188976
11
0.0297668503937008
21
1.0116079133858267
0
LINE
8
BLACK
6
CONTINUOUS
10
0.0297668503937008
20
1.0116079133858267
11
0.0299940551181102
21
1.0117943700787402
0
LINE
8
BLACK
6
CONTINUOUS
10
0.0299940551181102
20
1.0117943700787402
11
0.0306463779527559
21
1.0120645669291339
0
LINE
8
BLACK
6
CONTINUOUS
10
0.0306463779527559
20
1.0120645669291339
11
0.0362583070866142
21
1.0149783070866141
0
LINE
8
BLACK
6
CONTINUOUS
10
0.0362583070866142
20
1.0149783070866141
11
0.0373395275590551
21
1.0153920866141732
0
LINE
8
BLACK
6
CONTINUOUS
10
0.0373395275590551
20
1.0153920866141732
11
0.0375511417322835
21
1.0154070866141731
0
LINE
8
BLACK
6
CONTINUOUS
10
0.0375511417322835
20
1.0154070866141731
11
0.0377471653543307
21
1.0154883070866141
0
LINE
8
BLACK
6
CONTINUOUS
10
0.0377471653543307
20
1.0154883070866141
11
0.038882874015748
21
1.0155017322834645
0
LINE
8
BLACK
6
CONTINUOUS
10
0.038882874015748
20
1.0155017322834645
11
0.0396379527559055
21
1.0155553937007873
0
LINE
8
BLACK
6
CONTINUOUS
10
0.0396379527559055
20
1.0155553937007873
11
0.0397674803149606
21
1.0155122047244094
0
LINE
8
BLACK
6
CONTINUOUS
10
0.0397674803149606
20
1.0155122047244094
11
0.0473357480314961
21
1.0156017716535433
0
LINE
8
BLACK
6
CONTINUOUS
10
0.0473357480314961
20
1.0156017716535433
11
0.048487874015748
21
1.0154883070866141
0
LINE
8
BLACK
6
CONTINUOUS
10
0.040160157480315
20
1.0038056299212599
11
0.036620905511811
21
1.0019680708661418
0
LINE
8
BLACK
6
CONTINUOUS
10
0.036620905511811
20
1.0019680708661418
11
0.0351645669291339
21
1.0004457874015749
0
LINE
8
BLACK
6
CONTINUOUS
10
0.0351645669291339
20
1.0004457874015749
11
0.0334557086614173
21
0.9968937401574803
0
LINE
8
BLACK
6
CONTINUOUS
10
0.0334557086614173
20
0.9968937401574803
11
0.0335283464566929
21
0.981755748031496
0
LINE
8
BLACK
6
CONTINUOUS
10
0.0335283464566929
20
0.981755748031496
11
0.0527587007874016
21
0.9817920078740158
0
LINE
8
BLACK
6
CONTINUOUS
10
0.0527587007874016
20
0.9817920078740158
11
0.0527207874015748
21
0.9897
0
LINE
8
BLACK
6
CONTINUOUS
10
0.0527207874015748
20
0.9897
11
0.0526801968503937
21
0.9898832283464567
0
LINE
8
BLACK
6
CONTINUOUS
10
0.0526801968503937
20
0.9898832283464567
11
0.0527188188976378
21
0.9901022834645669
0
LINE
8
BLACK
6
CONTINUOUS
10
0.0527188188976378
20
0.9901022834645669
11
0.0526847637795276
21
0.9972040157480315
0
LINE
8
BLACK
6
CONTINUOUS
10
0.0526847637795276
20
0.9972040157480315
11
0.0508561023622047
21
1.000726062992126
0
LINE
8
BLACK
6
CONTINUOUS
10
0.0508561023622047
20
1.000726062992126
11
0.0493338976377953
21
1.0021823622047243
0
LINE
8
BLACK
6
CONTINUOUS
10
0.0493338976377953
20
1.0021823622047243
11
0.0458204330708661
21
1.0038726377952756
0
LINE
8
BLACK
6
CONTINUOUS
10
0.0458204330708661
20
1.0038726377952756
11
0.040160157480315
21
1.0038056299212599
0
LINE
8
BLACK
6
CONTINUOUS
10
0.97
20
1.03
11
0.91
21
1.03
0
LINE
8
BLACK
6
CONTINUOUS
10
0.91
20
1.03
11
0.91
21
1.0900000000000001
0
LINE
8
BLACK
6
CONTINUOUS
10
0.91
20
1.0900000000000001
11
0.97
21
1.0900000000000001
0
LINE
8
BLACK
6
CONTINUOUS
10
0.97
20
1.0900000000000001
11
0.97
21
1.03
0
LINE
8
BLACK
6
CONTINUOUS
10
1.0700000000000001
20
1.03
11
1.01
21
1.03
0
LINE
8
BLACK
6
CONTINUOUS
10
1.01
20
1.03
11
1.01
21
1.0900000000000001
0
LINE
8
BLACK
6
CONTINUOUS
10
1.01
20
1.0900000000000001
11
1.0700000000000001
21
1.0900000000000001
0
LINE
8
BLACK
6
CONTINUOUS
10
1.0700000000000001
20
1.0900000000000001
11
1.0700000000000001
21
1.03
0
LINE
8
BLACK
6
CONTINUOUS
10
0.87
20
1.03
11
0.8099999999999999
21
1.03
0
LINE
8
BLACK
6
CONTINUOUS
10
0.8099999999999999
20
1.03
11
0.8099999999999999
21
1.0900000000000001
0
LINE
8
BLACK
6
CONTINUOUS
10
0.8099999999999999
20
1.0900000000000001
11
0.87
21
1.0900000000000001
0
LINE
8
BLACK
6
CONTINUOUS
10
0.87
20
1.0900000000000001
11
0.87
21
1.03
0
LINE
8
BLACK
6
CONTINUOUS
10
0.87
20
1.1299999999999999
11
0.8099999999999999
21
1.1299999999999999
0
LINE
8
BLACK
6
CONTINUOUS
10
0.8099999999999999
20
1.1299999999999999
11
0.8099999999999999
21
1.1899999999999999
0
LINE
8
BLACK
6
CONTINUOUS
10
0.8099999999999999
20
1.1899999999999999
11
0.87
21
1.1899999999999999
0
LINE
8
BLACK
6
CONTINUOUS
10
0.87
20
1.1899999999999999
11
0.87
21
1.1299999999999999
0
LINE
8
BLACK
6
CONTINUOUS
10
0.97
20
1.1299999999999999
11
0.91
21
1.1299999999999999
0
LINE
8
BLACK
6
CONTINUOUS
10
0.91
20
1.1299999999999999
11
0.91
21
1.1899999999999999
0
LINE
8
BLACK
6
CONTINUOUS
10
0.91
20
1.1899999999999999
11
0.97
21
1.1899999999999999
0
LINE
8
BLACK
6
CONTINUOUS
10
0.97
20
1.1899999999999999
11
0.97
21
1.1299999999999999
0
LINE
8
BLACK
6
CONTINUOUS
10
1.0700000000000001
20
1.1299999999999999
11
1.01
21
1.1299999999999999
0
LINE
8
BLACK
6
CONTINUOUS
10
1.01
20
1.1299999999999999
11
1.01
21
1.1899999999999999
0
LINE
8
BLACK
6
CONTINUOUS
10
1.01
20
1.1899999999999999
11
1.0700000000000001
21
1.1899999999999999
0
LINE
8
BLACK
6
CONTINUOUS
10
1.0700000000000001
20
1.1899999999999999
11
1.0700000000000001
21
1.1299999999999999
0
LINE
8
BLACK
6
CONTINUOUS
10
1.0905760629921259
20
1.2128960236220472
11
1.0916404724409448
21
1.2124551181102361
0
LINE
8
BLACK
6
CONTINUOUS
10
1.0916404724409448
20
1.2124551181102361
11
1.0924551181102362
21
1.2116404724409449
0
LINE
8
BLACK
6
CONTINUOUS
10
1.0924551181102362
20
1.2116404724409449
11
1.0928960236220473
21
1.2105760629921261
0
LINE
8
BLACK
6
CONTINUOUS
10
1.0928960236220473
20
1.2105760629921261
11
1.0929527559055119
21
1.1099999999999999
0
LINE
8
BLACK
6
CONTINUOUS
10
1.0929527559055119
20
1.1099999999999999
11
1.0928966535433071
21
1.1094304724409449
0
LINE
8
BLACK
6
CONTINUOUS
10
1.0928966535433071
20
1.1094304724409449
11
1.0929527559055119
21
1.01
0
LINE
8
BLACK
6
CONTINUOUS
10
1.0929527559055119
20
1.01
11
1.0928960236220473
21
1.0094239370078739
0
LINE
8
BLACK
6
CONTINUOUS
10
1.0928960236220473
20
1.0094239370078739
11
1.0924551181102362
21
1.0083595275590551
0
LINE
8
BLACK
6
CONTINUOUS
10
1.0924551181102362
20
1.0083595275590551
11
1.0916404724409448
21
1.0075448818897637
0
LINE
8
BLACK
6
CONTINUOUS
10
1.0916404724409448
20
1.0075448818897637
11
1.0905760629921259
21
1.0071039763779528
0
LINE
8
BLACK
6
CONTINUOUS
10
1.0905760629921259
20
1.0071039763779528
11
0.89
21
1.0070472440944882
0
LINE
8
BLACK
6
CONTINUOUS
10
0.89
20
1.0070472440944882
11
0.8894304724409449
21
1.0071033070866142
0
LINE
8
BLACK
6
CONTINUOUS
10
0.8894304724409449
20
1.0071033070866142
11
0.79
21
1.0070472440944882
0
LINE
8
BLACK
6
CONTINUOUS
10
0.79
20
1.0070472440944882
11
0.7894239370078739
21
1.0071039763779528
0
LINE
8
BLACK
6
CONTINUOUS
10
0.7894239370078739
20
1.0071039763779528
11
0.7883595275590551
21
1.0075448818897637
0
LINE
8
BLACK
6
CONTINUOUS
10
0.7883595275590551
20
1.0075448818897637
11
0.7875448818897638
21
1.0083595275590551
0
LINE
8
BLACK
6
CONTINUOUS
10
0.7875448818897638
20
1.0083595275590551
11
0.7871039763779527
21
1.0094239370078739
0
LINE
8
BLACK
6
CONTINUOUS
10
0.7871039763779527
20
1.0094239370078739
11
0.7870472440944881
21
1.21
0
LINE
8
BLACK
6
CONTINUOUS
10
0.7870472440944881
20
1.21
11
0.7871039763779527
21
1.2105760629921261
0
LINE
8
BLACK
6
CONTINUOUS
10
0.7871039763779527
20
1.2105760629921261
11
0.7875448818897638
21
1.2116404724409449
0
LINE
8
BLACK
6
CONTINUOUS
10
0.7875448818897638
20
1.2116404724409449
11
0.7883595275590551
21
1.2124551181102361
0
LINE
8
BLACK
6
CONTINUOUS
10
0.7883595275590551
20
1.2124551181102361
11
0.7894239370078739
21
1.2128960236220472
0
LINE
8
BLACK
6
CONTINUOUS
10
0.7894239370078739
20
1.2128960236220472
11
0.89
21
1.2129527559055118
0
LINE
8
BLACK
6
CONTINUOUS
10
0.89
20
1.2129527559055118
11
0.8905727559055118
21
1.2128963385826772
0
LINE
8
BLACK
6
CONTINUOUS
10
0.8905727559055118
20
1.2128963385826772
11
1.0900000000000001
21
1.2129527559055118
0
LINE
8
BLACK
6
CONTINUOUS
10
1.0900000000000001
20
1.2129527559055118
11
1.0905760629921259
21
1.2128960236220472
0
LINE
8
BLACK
6
CONTINUOUS
10
0.8929252755905511
20
1.1070480708661417
11
0.8929519291338582
21
1.0128970078740158
0
LINE
8
BLACK
6
CONTINUOUS
10
0.8929519291338582
20
1.0128970078740158
11
1.0871019685039369
21
1.0129519291338582
0
LINE
8
BLACK
6
CONTINUOUS
10
1.0871019685039369
20
1.0129519291338582
11
1.0870488582677165
21
1.1071029527559055
0
LINE
8
BLACK
6
CONTINUOUS
10
1.0870488582677165
20
1.1071029527559055
11
0.8929252755905511
21
1.1070480708661417
0
LINE
8
BLACK
6
CONTINUOUS
10
0.7928970078740157
20
1.2070488582677166
11
0.7929519291338583
21
1.0128979921259842
0
LINE
8
BLACK
6
CONTINUOUS
10
0.7929519291338583
20
1.0128979921259842
11
0.887101968503937
21
1.0129511023622046
0
LINE
8
BLACK
6
CONTINUOUS
10
0.887101968503937
20
1.0129511023622046
11
0.8870472440944882
21
1.1099999999999999
0
LINE
8
BLACK
6
CONTINUOUS
10
0.8870472440944882
20
1.1099999999999999
11
0.8870754330708661
21
1.1102863779527559
0
LINE
8
BLACK
6
CONTINUOUS
10
0.8870754330708661
20
1.1102863779527559
11
0.8870480314960629
21
1.207101968503937
0
LINE
8
BLACK
6
CONTINUOUS
10
0.8870480314960629
20
1.207101968503937
11
0.7928970078740157
21
1.2070488582677166
0
LINE
8
BLACK
6
CONTINUOUS
10
0.8928979921259842
20
1.207048031496063
11
0.8929511023622047
21
1.1128970078740157
0
LINE
8
BLACK
6
CONTINUOUS
10
0.8929511023622047
20
1.1128970078740157
11
1.0871019685039369
21
1.1129519291338583
0
LINE
8
BLACK
6
CONTINUOUS
10
1.0871019685039369
20
1.1129519291338583
11
1.0870488582677165
21
1.2071029527559054
0
LINE
8
BLACK
6
CONTINUOUS
10
1.0870488582677165
20
1.2071029527559054
11
0.8928979921259842
21
1.207048031496063
0
LINE
8
BLACK
6
CONTINUOUS
10
0.7722336614173229
20
1.0736098031496062
11
0.7743624803149606
21
1.0727279921259842
0
LINE
8
BLACK
6
CONTINUOUS
10
0.7743624803149606
20
1.0727279921259842
11
0.7743633070866142
21
1.0727271259842519
0
LINE
8
BLACK
6
CONTINUOUS
10
0.7743633070866142
20
1.0727271259842519
11
0.7780694881889764
21
1.0691814960629922
0
LINE
8
BLACK
6
CONTINUOUS
10
0.7780694881889764
20
1.0691814960629922
11
0.778803937007874
21
1.0682865748031496
0
LINE
8
BLACK
6
CONTINUOUS
10
0.778803937007874
20
1.0682865748031496
11
0.7788850787401574
21
1.0680906299212598
0
LINE
8
BLACK
6
CONTINUOUS
10
0.7788850787401574
20
1.0680906299212598
11
0.7790242125984251
21
1.0679302362204723
0
LINE
8
BLACK
6
CONTINUOUS
10
0.7790242125984251
20
1.0679302362204723
11
0.7793924015748032
21
1.0668657874015748
0
LINE
8
BLACK
6
CONTINUOUS
10
0.7793924015748032
20
1.0668657874015748
11
0.7796857086614173
21
1.0661577559055118
0
LINE
8
BLACK
6
CONTINUOUS
10
0.7796857086614173
20
1.0661577559055118
11
0.7796857086614173
21
1.0660179921259842
0
LINE
8
BLACK
6
CONTINUOUS
10
0.7796857086614173
20
1.0660179921259842
11
0.7823083070866141
21
1.058436653543307
0
LINE
8
BLACK
6
CONTINUOUS
10
0.7823083070866141
20
1.058436653543307
11
0.782438188976378
21
1.0578652755905511
0
LINE
8
BLACK
6
CONTINUOUS
10
0.782438188976378
20
1.0578652755905511
11
0.782497874015748
21
1.0577212992125984
0
LINE
8
BLACK
6
CONTINUOUS
10
0.782497874015748
20
1.0577212992125984
11
0.7825
21
1.0575935433070867
0
LINE
8
BLACK
6
CONTINUOUS
10
0.7825
20
1.0575935433070867
11
0.782565
21
1.0573077559055117
0
LINE
8
BLACK
6
CONTINUOUS
10
0.782565
20
1.0573077559055117
11
0.7825162598425197
21
1.0566223228346456
0
LINE
8
BLACK
6
CONTINUOUS
10
0.7825162598425197
20
1.0566223228346456
11
0.7826113385826772
21
1.0509448818897638
0
LINE
8
BLACK
6
CONTINUOUS
10
0.7826113385826772
20
1.0509448818897638
11
0.7825538976377953
21
1.0503619685039369
0
LINE
8
BLACK
6
CONTINUOUS
10
0.7825538976377953
20
1.0503619685039369
11
0.782565
21
1.0502062992125984
0
LINE
8
BLACK
6
CONTINUOUS
10
0.782565
20
1.0502062992125984
11
0.7825268897637795
21
1.0500875590551182
0
LINE
8
BLACK
6
CONTINUOUS
10
0.7825268897637795
20
1.0500875590551182
11
0.782497874015748
21
1.0497927559055118
0
LINE
8
BLACK
6
CONTINUOUS
10
0.782497874015748
20
1.0497927559055118
11
0.7822071259842519
21
1.0490909055118109
0
LINE
8
BLACK
6
CONTINUOUS
10
0.7822071259842519
20
1.0490909055118109
11
0.7794961811023622
21
1.0406409448818899
0
LINE
8
BLACK
6
CONTINUOUS
10
0.7794961811023622
20
1.0406409448818899
11
0.7790242125984251
21
1.0395838188976378
0
LINE
8
BLACK
6
CONTINUOUS
10
0.7790242125984251
20
1.0395838188976378
11
0.7788851574803149
21
1.0394235039370079
0
LINE
8
BLACK
6
CONTINUOUS
10
0.7788851574803149
20
1.0394235039370079
11
0.7788039763779527
21
1.0392274803149606
0
LINE
8
BLACK
6
CONTINUOUS
10
0.7788039763779527
20
1.0392274803149606
11
0.7780022440944881
21
1.0384055118110236
0
LINE
8
BLACK
6
CONTINUOUS
10
0.7780022440944881
20
1.0384055118110236
11
0.7775144488188976
21
1.0378431102362204
0
LINE
8
BLACK
6
CONTINUOUS
10
0.7775144488188976
20
1.0378431102362204
11
0.7773957874015748
21
1.0377837795275591
0
LINE
8
BLACK
6
CONTINUOUS
10
0.7773957874015748
20
1.0377837795275591
11
0.7724451968503937
21
1.0327083070866141
0
LINE
8
BLACK
6
CONTINUOUS
10
0.7724451968503937
20
1.0327083070866141
11
0.7719923622047244
21
1.0323366535433072
0
LINE
8
BLACK
6
CONTINUOUS
10
0.7719923622047244
20
1.0323366535433072
11
0.771890157480315
21
1.0322188188976378
0
LINE
8
BLACK
6
CONTINUOUS
10
0.771890157480315
20
1.0322188188976378
11
0.7717774409448819
21
1.0321602755905512
0
LINE
8
BLACK
6
CONTINUOUS
10
0.7717774409448819
20
1.0321602755905512
11
0.7715502755905511
21
1.0319738582677165
0
LINE
8
BLACK
6
CONTINUOUS
10
0.7715502755905511
20
1.0319738582677165
11
0.770898031496063
21
1.0317037007874015
0
LINE
8
BLACK
6
CONTINUOUS
10
0.770898031496063
20
1.0317037007874015
11
0.7652861023622047
21
1.0287899212598426
0
LINE
8
BLACK
6
CONTINUOUS
10
0.7652861023622047
20
1.0287899212598426
11
0.7652018110236221
21
1.0287576377952756
0
LINE
8
BLACK
6
CONTINUOUS
10
0.7652018110236221
20
1.0287576377952756
11
0.7651675590551181
21
1.0287322834645669
0
LINE
8
BLACK
6
CONTINUOUS
10
0.7651675590551181
20
1.0287322834645669
11
0.7650678740157481
21
1.0287064173228346
0
LINE
8
BLACK
6
CONTINUOUS
10
0.7650678740157481
20
1.0287064173228346
11
0.7642048818897638
21
1.0283761811023622
0
LINE
8
BLACK
6
CONTINUOUS
10
0.7642048818897638
20
1.0283761811023622
11
0.7636405905511811
21
1.0283360629921259
0
LINE
8
BLACK
6
CONTINUOUS
10
0.7636405905511811
20
1.0283360629921259
11
0.752828779527559
21
1.0255306692913386
0
LINE
8
BLACK
6
CONTINUOUS
10
0.752828779527559
20
1.0255306692913386
11
0.7526290944881889
21
1.0255011417322835
0
LINE
8
BLACK
6
CONTINUOUS
10
0.7526290944881889
20
1.0255011417322835
11
0.752548622047244
21
1.0254677952755906
0
LINE
8
BLACK
6
CONTINUOUS
10
0.752548622047244
20
1.0254677952755906
11
0.7523910236220472
21
1.0254659055118109
0
LINE
8
BLACK
6
CONTINUOUS
10
0.7523910236220472
20
1.0254659055118109
11
0.7516835433070866
21
1.0253612992125984
0
LINE
8
BLACK
6
CONTINUOUS
10
0.7516835433070866
20
1.0253612992125984
11
0.7510843307086614
21
1.025450433070866
0
LINE
8
BLACK
6
CONTINUOUS
10
0.7510843307086614
20
1.025450433070866
11
0.7429600393700787
21
1.0253543307086614
0
LINE
8
BLACK
6
CONTINUOUS
10
0.7429600393700787
20
1.0253543307086614
11
0.742759094488189
21
1.0253740944881891
0
LINE
8
BLACK
6
CONTINUOUS
10
0.742759094488189
20
1.0253740944881891
11
0.7426729921259843
21
1.0253612992125984
0
LINE
8
BLACK
6
CONTINUOUS
10
0.7426729921259843
20
1.0253612992125984
11
0.7425230708661417
21
1.0253973622047243
0
LINE
8
BLACK
6
CONTINUOUS
10
0.7425230708661417
20
1.0253973622047243
11
0.7418079133858267
21
1.0254677952755906
0
LINE
8
BLACK
6
CONTINUOUS
10
0.7418079133858267
20
1.0254677952755906
11
0.7412227952755905
21
1.0257101574803149
0
LINE
8
BLACK
6
CONTINUOUS
10
0.7412227952755905
20
1.0257101574803149
11
0.7302791732283465
21
1.0283427952755906
0
LINE
8
BLACK
6
CONTINUOUS
10
0.7302791732283465
20
1.0283427952755906
11
0.7301941732283465
21
1.0283731496062991
0
LINE
8
BLACK
6
CONTINUOUS
10
0.7301941732283465
20
1.0283731496062991
11
0.730151653543307
21
1.0283761811023622
0
LINE
8
BLACK
6
CONTINUOUS
10
0.730151653543307
20
1.0283761811023622
11
0.7300533070866142
21
1.028423464566929
0
LINE
8
BLACK
6
CONTINUOUS
10
0.7300533070866142
20
1.028423464566929
11
0.7291889763779528
21
1.0287322834645669
0
LINE
8
BLACK
6
CONTINUOUS
10
0.7291889763779528
20
1.0287322834645669
11
0.7287771259842519
21
1.0290374015748032
0
LINE
8
BLACK
6
CONTINUOUS
10
0.7287771259842519
20
1.0290374015748032
11
0.7234461417322835
21
1.0316020866141733
0
LINE
8
BLACK
6
CONTINUOUS
10
0.7234461417322835
20
1.0316020866141733
11
0.7229503937007874
21
1.0319141338582678
0
LINE
8
BLACK
6
CONTINUOUS
10
0.7229503937007874
20
1.0319141338582678
11
0.7228062204724409
21
1.0319738582677165
0
LINE
8
BLACK
6
CONTINUOUS
10
0.7228062204724409
20
1.0319738582677165
11
0.7227164566929134
21
1.0320613779527559
0
LINE
8
BLACK
6
CONTINUOUS
10
0.7227164566929134
20
1.0320613779527559
11
0.7224663779527559
21
1.0322188188976378
0
LINE
8
BLACK
6
CONTINUOUS
10
0.7224663779527559
20
1.0322188188976378
11
0.7219792913385826
21
1.0327803937007873
0
LINE
8
BLACK
6
CONTINUOUS
10
0.7219792913385826
20
1.0327803937007873
11
0.7162870472440944
21
1.0383325984251968
0
LINE
8
BLACK
6
CONTINUOUS
10
0.7162870472440944
20
1.0383325984251968
11
0.7155525984251968
21
1.0392275196850393
0
LINE
8
BLACK
6
CONTINUOUS
10
0.7155525984251968
20
1.0392275196850393
11
0.7154713779527558
21
1.0394235433070866
0
LINE
8
BLACK
6
CONTINUOUS
10
0.7154713779527558
20
1.0394235433070866
11
0.7153324015748032
21
1.0395838188976378
0
LINE
8
BLACK
6
CONTINUOUS
10
0.7153324015748032
20
1.0395838188976378
11
0.7149644488188976
21
1.0406473622047243
0
LINE
8
BLACK
6
CONTINUOUS
10
0.7149644488188976
20
1.0406473622047243
11
0.7146708267716535
21
1.0413563385826772
0
LINE
8
BLACK
6
CONTINUOUS
10
0.7146708267716535
20
1.0413563385826772
11
0.7146708267716535
21
1.0414962598425197
0
LINE
8
BLACK
6
CONTINUOUS
10
0.7146708267716535
20
1.0414962598425197
11
0.7120482677165354
21
1.0490774015748032
0
LINE
8
BLACK
6
CONTINUOUS
10
0.7120482677165354
20
1.0490774015748032
11
0.7119183858267716
21
1.0496485433070866
0
LINE
8
BLACK
6
CONTINUOUS
10
0.7119183858267716
20
1.0496485433070866
11
0.7118586614173228
21
1.0497927559055118
0
LINE
8
BLACK
6
CONTINUOUS
10
0.7118586614173228
20
1.0497927559055118
11
0.7118571653543307
21
1.049917716535433
0
LINE
8
BLACK
6
CONTINUOUS
10
0.7118571653543307
20
1.049917716535433
11
0.7117915748031496
21
1.0502062598425197
0
LINE
8
BLACK
6
CONTINUOUS
10
0.7117915748031496
20
1.0502062598425197
11
0.7118448818897638
21
1.0509564566929133
0
LINE
8
BLACK
6
CONTINUOUS
10
0.7118448818897638
20
1.0509564566929133
11
0.7117451968503937
21
1.0593813385826771
0
LINE
8
BLACK
6
CONTINUOUS
10
0.7117451968503937
20
1.0593813385826771
11
0.7118586614173228
21
1.0605334645669291
0
LINE
8
BLACK
6
CONTINUOUS
10
0.7118586614173228
20
1.0605334645669291
11
0.7119398818897638
21
1.0607295275590551
0
LINE
8
BLACK
6
CONTINUOUS
10
0.7119398818897638
20
1.0607295275590551
11
0.7119549212598425
21
1.0609411417322834
0
LINE
8
BLACK
6
CONTINUOUS
10
0.7119549212598425
20
1.0609411417322834
11
0.7124774015748031
21
1.0620271653543307
0
LINE
8
BLACK
6
CONTINUOUS
10
0.7124774015748031
20
1.0620271653543307
11
0.7127404724409448
21
1.0626622834645669
0
LINE
8
BLACK
6
CONTINUOUS
10
0.7127404724409448
20
1.0626622834645669
11
0.7128222834645669
21
1.062744094488189
0
LINE
8
BLACK
6
CONTINUOUS
10
0.7128222834645669
20
1.062744094488189
11
0.7151808267716535
21
1.0676466535433071
0
LINE
8
BLACK
6
CONTINUOUS
10
0.7151808267716535
20
1.0676466535433071
11
0.7157975590551181
21
1.0686264173228346
0
LINE
8
BLACK
6
CONTINUOUS
10
0.7157975590551181
20
1.0686264173228346
11
0.7175383070866141
21
1.0701361023622047
0
LINE
8
BLACK
6
CONTINUOUS
10
0.7175383070866141
20
1.0701361023622047
11
0.7197242519685039
21
1.0708647637795274
0
LINE
8
BLACK
6
CONTINUOUS
10
0.7197242519685039
20
1.0708647637795274
11
0.7220226771653543
21
1.0707014173228346
0
LINE
8
BLACK
6
CONTINUOUS
10
0.7220226771653543
20
1.0707014173228346
11
0.7240836614173228
21
1.0696709448818897
0
LINE
8
BLACK
6
CONTINUOUS
10
0.7240836614173228
20
1.0696709448818897
11
0.7255933858267717
21
1.0679301574803148
0
LINE
8
BLACK
6
CONTINUOUS
10
0.7255933858267717
20
1.0679301574803148
11
0.7263220078740157
21
1.0657442519685039
0
LINE
8
BLACK
6
CONTINUOUS
10
0.7263220078740157
20
1.0657442519685039
11
0.7261586614173228
21
1.0634458267716536
0
LINE
8
BLACK
6
CONTINUOUS
10
0.7261586614173228
20
1.0634458267716536
11
0.7234742913385827
21
1.0578660236220472
0
LINE
8
BLACK
6
CONTINUOUS
10
0.7234742913385827
20
1.0578660236220472
11
0.7235478346456693
21
1.0516532677165353
0
LINE
8
BLACK
6
CONTINUOUS
10
0.7235478346456693
20
1.0516532677165353
11
0.7256588976377952
21
1.0455506692913386
0
LINE
8
BLACK
6
CONTINUOUS
10
0.7256588976377952
20
1.0455506692913386
11
0.7297340551181102
21
1.0415758267716535
0
LINE
8
BLACK
6
CONTINUOUS
10
0.7297340551181102
20
1.0415758267716535
11
0.7341436614173228
21
1.0394544488188977
0
LINE
8
BLACK
6
CONTINUOUS
10
0.7341436614173228
20
1.0394544488188977
11
0.7440220472440945
21
1.0370780708661418
0
LINE
8
BLACK
6
CONTINUOUS
10
0.7440220472440945
20
1.0370780708661418
11
0.7510383070866141
21
1.0371611023622047
0
LINE
8
BLACK
6
CONTINUOUS
10
0.7510383070866141
20
1.0371611023622047
11
0.7609338582677165
21
1.0397287401574804
0
LINE
8
BLACK
6
CONTINUOUS
10
0.7609338582677165
20
1.0397287401574804
11
0.7649853149606299
21
1.0418323228346456
0
LINE
8
BLACK
6
CONTINUOUS
10
0.7649853149606299
20
1.0418323228346456
11
0.7688527165354331
21
1.0457972440944883
0
LINE
8
BLACK
6
CONTINUOUS
10
0.7688527165354331
20
1.0457972440944883
11
0.7708751181102362
21
1.0521009842519684
0
LINE
8
BLACK
6
CONTINUOUS
10
0.7708751181102362
20
1.0521009842519684
11
0.7708123228346456
21
1.0558500787401575
0
LINE
8
BLACK
6
CONTINUOUS
10
0.7708123228346456
20
1.0558500787401575
11
0.7687160629921259
21
1.0619099212598424
0
LINE
8
BLACK
6
CONTINUOUS
10
0.7687160629921259
20
1.0619099212598424
11
0.7686156299212599
21
1.0620059842519685
0
LINE
8
BLACK
6
CONTINUOUS
10
0.7686156299212599
20
1.0620059842519685
11
0.7572527952755905
21
1.061944094488189
0
LINE
8
BLACK
6
CONTINUOUS
10
0.7572527952755905
20
1.061944094488189
11
0.7573020078740157
21
1.0565691732283464
0
LINE
8
BLACK
6
CONTINUOUS
10
0.7573020078740157
20
1.0565691732283464
11
0.7571885433070866
21
1.0554170472440945
0
LINE
8
BLACK
6
CONTINUOUS
10
0.7571885433070866
20
1.0554170472440945
11
0.7563067322834646
21
1.0532882283464566
0
LINE
8
BLACK
6
CONTINUOUS
10
0.7563067322834646
20
1.0532882283464566
11
0.7546774409448819
21
1.0516589370078739
0
LINE
8
BLACK
6
CONTINUOUS
10
0.7546774409448819
20
1.0516589370078739
11
0.752548622047244
21
1.050777125984252
0
LINE
8
BLACK
6
CONTINUOUS
10
0.752548622047244
20
1.050777125984252
11
0.7502443700787401
21
1.050777125984252
0
LINE
8
BLACK
6
CONTINUOUS
10
0.7502443700787401
20
1.050777125984252
11
0.7481155511811024
21
1.0516589370078739
0
LINE
8
BLACK
6
CONTINUOUS
10
0.7481155511811024
20
1.0516589370078739
11
0.7464862598425197
21
1.0532882283464566
0
LINE
8
BLACK
6
CONTINUOUS
10
0.7464862598425197
20
1.0532882283464566
11
0.7456044488188976
21
1.0554170472440945
0
LINE
8
BLACK
6
CONTINUOUS
10
0.7456044488188976
20
1.0554170472440945
11
0.7454909842519685
21
1.0678177559055118
0
LINE
8
BLACK
6
CONTINUOUS
10
0.7454909842519685
20
1.0678177559055118
11
0.7456044488188976
21
1.0689698818897637
0
LINE
8
BLACK
6
CONTINUOUS
10
0.7456044488188976
20
1.0689698818897637
11
0.7464862598425197
21
1.0710987007874015
0
LINE
8
BLACK
6
CONTINUOUS
10
0.7464862598425197
20
1.0710987007874015
11
0.7481155511811024
21
1.0727279921259842
0
LINE
8
BLACK
6
CONTINUOUS
10
0.7481155511811024
20
1.0727279921259842
11
0.7502443700787401
21
1.0736098031496062
0
LINE
8
BLACK
6
CONTINUOUS
10
0.7502443700787401
20
1.0736098031496062
11
0.7710815354330709
21
1.0737232677165354
0
LINE
8
BLACK
6
CONTINUOUS
10
0.7710815354330709
20
1.0737232677165354
11
0.7722336614173229
21
1.0736098031496062
0
LINE
8
BLACK
6
CONTINUOUS
10
1.1685733070866142
20
1.0565473228346456
11
1.169630433070866
21
1.0560753543307086
0
LINE
8
BLACK
6
CONTINUOUS
10
1.169630433070866
20
1.0560753543307086
11
1.1699492125984252
21
1.0557988582677165
0
LINE
8
BLACK
6
CONTINUOUS
10
1.1699492125984252
20
1.0557988582677165
11
1.1703265748031495
21
1.0556101968503937
0
LINE
8
BLACK
6
CONTINUOUS
10
1.1703265748031495
20
1.0556101968503937
11
1.1708116535433071
21
1.0550508661417322
0
LINE
8
BLACK
6
CONTINUOUS
10
1.1708116535433071
20
1.0550508661417322
11
1.1713711811023622
21
1.0545656299212598
0
LINE
8
BLACK
6
CONTINUOUS
10
1.1713711811023622
20
1.0545656299212598
11
1.1715598818897637
21
1.0541881496062993
0
LINE
8
BLACK
6
CONTINUOUS
10
1.1715598818897637
20
1.0541881496062993
11
1.1718362992125984
21
1.0538694881889763
0
LINE
8
BLACK
6
CONTINUOUS
10
1.1718362992125984
20
1.0538694881889763
11
1.1720704724409448
21
1.0531669291338583
0
LINE
8
BLACK
6
CONTINUOUS
10
1.1720704724409448
20
1.0531669291338583
11
1.1724016141732283
21
1.05250468503937
0
LINE
8
BLACK
6
CONTINUOUS
10
1.1724016141732283
20
1.05250468503937
11
1.172431496062992
21
1.0520838976377953
0
LINE
8
BLACK
6
CONTINUOUS
10
1.172431496062992
20
1.0520838976377953
11
1.1725650000000001
21
1.0516835039370078
0
LINE
8
BLACK
6
CONTINUOUS
10
1.1725650000000001
20
1.0516835039370078
11
1.1725124803149607
21
1.0509448818897638
0
LINE
8
BLACK
6
CONTINUOUS
10
1.1725124803149607
20
1.0509448818897638
11
1.1725650000000001
21
1.0502062598425197
0
LINE
8
BLACK
6
CONTINUOUS
10
1.1725650000000001
20
1.0502062598425197
11
1.172431496062992
21
1.0498058267716535
0
LINE
8
BLACK
6
CONTINUOUS
10
1.172431496062992
20
1.0498058267716535
11
1.1724016141732283
21
1.0493850787401575
0
LINE
8
BLACK
6
CONTINUOUS
10
1.1724016141732283
20
1.0493850787401575
11
1.1720704724409448
21
1.0487227952755904
0
LINE
8
BLACK
6
CONTINUOUS
10
1.1720704724409448
20
1.0487227952755904
11
1.1718362992125984
21
1.0480202755905512
0
LINE
8
BLACK
6
CONTINUOUS
10
1.1718362992125984
20
1.0480202755905512
11
1.1715598818897637
21
1.0477015748031495
0
LINE
8
BLACK
6
CONTINUOUS
10
1.1715598818897637
20
1.0477015748031495
11
1.1713711811023622
21
1.0473241338582677
0
LINE
8
BLACK
6
CONTINUOUS
10
1.1713711811023622
20
1.0473241338582677
11
1.1708116535433071
21
1.0468388582677166
0
LINE
8
BLACK
6
CONTINUOUS
10
1.1708116535433071
20
1.0468388582677166
11
1.1703265748031495
21
1.0462795669291338
0
LINE
8
BLACK
6
CONTINUOUS
10
1.1703265748031495
20
1.0462795669291338
11
1.1699492125984252
21
1.0460908661417323
0
LINE
8
BLACK
6
CONTINUOUS
10
1.1699492125984252
20
1.0460908661417323
11
1.169630433070866
21
1.0458144094488189
0
LINE
8
BLACK
6
CONTINUOUS
10
1.169630433070866
20
1.0458144094488189
11
1.1689194881889764
21
1.0455759842519685
0
LINE
8
BLACK
6
CONTINUOUS
10
1.1689194881889764
20
1.0455759842519685
11
1.1682656692913385
21
1.0452490944881889
0
LINE
8
BLACK
6
CONTINUOUS
10
1.1682656692913385
20
1.0452490944881889
11
1.1678581496062992
21
1.0452201181102363
0
LINE
8
BLACK
6
CONTINUOUS
10
1.1678581496062992
20
1.0452201181102363
11
1.1095181889763779
21
1.0256574015748032
0
LINE
8
BLACK
6
CONTINUOUS
10
1.1095181889763779
20
1.0256574015748032
11
1.1083893307086614
21
1.0254007086614172
0
LINE
8
BLACK
6
CONTINUOUS
10
1.1083893307086614
20
1.0254007086614172
11
1.1060908661417324
21
1.0255640551181102
0
LINE
8
BLACK
6
CONTINUOUS
10
1.1060908661417324
20
1.0255640551181102
11
1.1040299606299213
21
1.0265945275590551
0
LINE
8
BLACK
6
CONTINUOUS
10
1.1040299606299213
20
1.0265945275590551
11
1.1025202362204725
21
1.0283352362204725
0
LINE
8
BLACK
6
CONTINUOUS
10
1.1025202362204725
20
1.0283352362204725
11
1.1017915748031495
21
1.030521220472441
0
LINE
8
BLACK
6
CONTINUOUS
10
1.1017915748031495
20
1.030521220472441
11
1.1019549212598425
21
1.0328196850393701
0
LINE
8
BLACK
6
CONTINUOUS
10
1.1019549212598425
20
1.0328196850393701
11
1.1029853937007874
21
1.0348805905511811
0
LINE
8
BLACK
6
CONTINUOUS
10
1.1029853937007874
20
1.0348805905511811
11
1.1047261023622048
21
1.0363903149606299
0
LINE
8
BLACK
6
CONTINUOUS
10
1.1047261023622048
20
1.0363903149606299
11
1.1482070078740156
21
1.0509704724409448
0
LINE
8
BLACK
6
CONTINUOUS
10
1.1482070078740156
20
1.0509704724409448
11
1.1057832283464566
21
1.0650274803149606
0
LINE
8
BLACK
6
CONTINUOUS
10
1.1057832283464566
20
1.0650274803149606
11
1.1047261023622048
21
1.0654994488188976
0
LINE
8
BLACK
6
CONTINUOUS
10
1.1047261023622048
20
1.0654994488188976
11
1.1029853937007874
21
1.0670091732283464
0
LINE
8
BLACK
6
CONTINUOUS
10
1.1029853937007874
20
1.0670091732283464
11
1.1019549212598425
21
1.0690700787401575
0
LINE
8
BLACK
6
CONTINUOUS
10
1.1019549212598425
20
1.0690700787401575
11
1.1017915748031495
21
1.0713685433070865
0
LINE
8
BLACK
6
CONTINUOUS
10
1.1017915748031495
20
1.0713685433070865
11
1.1025202362204725
21
1.073554527559055
0
LINE
8
BLACK
6
CONTINUOUS
10
1.1025202362204725
20
1.073554527559055
11
1.1040299606299213
21
1.0752952362204724
0
LINE
8
BLACK
6
CONTINUOUS
10
1.1040299606299213
20
1.0752952362204724
11
1.1060908661417324
21
1.0763257086614173
0
LINE
8
BLACK
6
CONTINUOUS
10
1.1060908661417324
20
1.0763257086614173
11
1.1083893307086614
21
1.0764890551181101
0
LINE
8
BLACK
6
CONTINUOUS
10
1.1083893307086614
20
1.0764890551181101
11
1.1685733070866142
21
1.0565473228346456
0
LINE
8
BLACK
6
CONTINUOUS
10
0.0309316535433071
20
1.0680373228346456
11
0.0325609448818898
21
1.0664080314960629
0
LINE
8
BLACK
6
CONTINUOUS
10
0.0325609448818898
20
1.0664080314960629
11
0.0334427559055118
21
1.0642792125984251
0
LINE
8
BLACK
6
CONTINUOUS
10
0.0334427559055118
20
1.0642792125984251
11
0.0335337007874016
21
1.0408108661417323
0
LINE
8
BLACK
6
CONTINUOUS
10
0.0335337007874016
20
1.0408108661417323
11
0.0499420866141732
21
1.0408418110236219
0
LINE
8
BLACK
6
CONTINUOUS
10
0.0499420866141732
20
1.0408418110236219
11
0.0498666929133858
21
1.0546906299212597
0
LINE
8
BLACK
6
CONTINUOUS
10
0.0498666929133858
20
1.0546906299212597
11
0.049980157480315
21
1.0558427559055117
0
LINE
8
BLACK
6
CONTINUOUS
10
0.049980157480315
20
1.0558427559055117
11
0.050861968503937
21
1.0579715748031495
0
LINE
8
BLACK
6
CONTINUOUS
10
0.050861968503937
20
1.0579715748031495
11
0.0524912598425197
21
1.0596008661417322
0
LINE
8
BLACK
6
CONTINUOUS
10
0.0524912598425197
20
1.0596008661417322
11
0.0546200787401575
21
1.0604826771653544
0
LINE
8
BLACK
6
CONTINUOUS
10
0.0546200787401575
20
1.0604826771653544
11
0.0569243307086614
21
1.0604826771653544
0
LINE
8
BLACK
6
CONTINUOUS
10
0.0569243307086614
20
1.0604826771653544
11
0.0590531496062992
21
1.0596008661417322
0
LINE
8
BLACK
6
CONTINUOUS
10
0.0590531496062992
20
1.0596008661417322
11
0.0606824409448819
21
1.0579715748031495
0
LINE
8
BLACK
6
CONTINUOUS
10
0.0606824409448819
20
1.0579715748031495
11
0.0615642519685039
21
1.0558427559055117
0
LINE
8
BLACK
6
CONTINUOUS
10
0.0615642519685039
20
1.0558427559055117
11
0.0616457874015748
21
1.0408638582677165
0
LINE
8
BLACK
6
CONTINUOUS
10
0.0616457874015748
20
1.0408638582677165
11
0.0808864566929134
21
1.0409001181102362
0
LINE
8
BLACK
6
CONTINUOUS
10
0.0808864566929134
20
1.0409001181102362
11
0.0808003149606299
21
1.0631270866141731
0
LINE
8
BLACK
6
CONTINUOUS
10
0.0808003149606299
20
1.0631270866141731
11
0.0809137795275591
21
1.0642792125984251
0
LINE
8
BLACK
6
CONTINUOUS
10
0.0809137795275591
20
1.0642792125984251
11
0.0817955905511811
21
1.0664080314960629
0
LINE
8
BLACK
6
CONTINUOUS
10
0.0817955905511811
20
1.0664080314960629
11
0.0834248818897638
21
1.0680373228346456
0
LINE
8
BLACK
6
CONTINUOUS
10
0.0834248818897638
20
1.0680373228346456
11
0.0855537007874016
21
1.0689191338582678
0
LINE
8
BLACK
6
CONTINUOUS
10
0.0855537007874016
20
1.0689191338582678
11
0.0878579527559055
21
1.0689191338582678
0
LINE
8
BLACK
6
CONTINUOUS
10
0.0878579527559055
20
1.0689191338582678
11
0.0899867716535433
21
1.0680373228346456
0
LINE
8
BLACK
6
CONTINUOUS
10
0.0899867716535433
20
1.0680373228346456
11
0.091616062992126
21
1.0664080314960629
0
LINE
8
BLACK
6
CONTINUOUS
10
0.091616062992126
20
1.0664080314960629
11
0.092497874015748
21
1.0642792125984251
0
LINE
8
BLACK
6
CONTINUOUS
10
0.092497874015748
20
1.0642792125984251
11
0.0926113385826772
21
1.035005590551181
0
LINE
8
BLACK
6
CONTINUOUS
10
0.0926113385826772
20
1.035005590551181
11
0.092497874015748
21
1.0338534645669291
0
LINE
8
BLACK
6
CONTINUOUS
10
0.092497874015748
20
1.0338534645669291
11
0.091616062992126
21
1.0317246456692912
0
LINE
8
BLACK
6
CONTINUOUS
10
0.091616062992126
20
1.0317246456692912
11
0.0899867716535433
21
1.0300953543307085
0
LINE
8
BLACK
6
CONTINUOUS
10
0.0899867716535433
20
1.0300953543307085
11
0.0878579527559055
21
1.0292135433070866
0
LINE
8
BLACK
6
CONTINUOUS
10
0.0878579527559055
20
1.0292135433070866
11
0.0276507086614173
21
1.0291000787401574
0
LINE
8
BLACK
6
CONTINUOUS
10
0.0276507086614173
20
1.0291000787401574
11
0.0264985826771654
21
1.0292135433070866
0
LINE
8
BLACK
6
CONTINUOUS
10
0.0264985826771654
20
1.0292135433070866
11
0.0243697637795276
21
1.0300953543307085
0
LINE
8
BLACK
6
CONTINUOUS
10
0.0243697637795276
20
1.0300953543307085
11
0.0227404724409449
21
1.0317246456692912
0
LINE
8
BLACK
6
CONTINUOUS
10
0.0227404724409449
20
1.0317246456692912
11
0.0218586614173228
21
1.0338534645669291
0
LINE
8
BLACK
6
CONTINUOUS
10
0.0218586614173228
20
1.0338534645669291
11
0.0217451968503937
21
1.0631270866141731
0
LINE
8
BLACK
6
CONTINUOUS
10
0.0217451968503937
20
1.0631270866141731
11
0.0218586614173228
21
1.0642792125984251
0
LINE
8
BLACK
6
CONTINUOUS
10
0.0218586614173228
20
1.0642792125984251
11
0.0227404724409449
21
1.0664080314960629
0
LINE
8
BLACK
6
CONTINUOUS
10
0.0227404724409449
20
1.0664080314960629
11
0.0243697637795276
21
1.0680373228346456
0
LINE
8
BLACK
6
CONTINUOUS
10
0.0243697637795276
20
1.0680373228346456
11
0.0264985826771654
21
1.0689191338582678
0
LINE
8
BLACK
6
CONTINUOUS
10
0.0264985826771654
20
1.0689191338582678
11
0.0288028346456693
21
1.0689191338582678
0
LINE
8
BLACK
6
CONTINUOUS
10
0.0288028346456693
20
1.0689191338582678
11
0.0309316535433071
21
1.0680373228346456
0
LINE
8
BLACK
6
CONTINUOUS
10
1.1643624015748031
20
1.1289709842519684
11
1.1680694881889764
21
1.1254244488188976
0
LINE
8
BLACK
6
CONTINUOUS
10
1.1680694881889764
20
1.1254244488188976
11
1.168803937007874
21
1.124529527559055
0
LINE
8
BLACK
6
CONTINUOUS
10
1.168803937007874
20
1.124529527559055
11
1.1688850787401575
21
1.1243335826771654
0
LINE
8
BLACK
6
CONTINUOUS
10
1.1688850787401575
20
1.1243335826771654
11
1.1690242125984251
21
1.124173188976378
0
LINE
8
BLACK
6
CONTINUOUS
10
1.1690242125984251
20
1.124173188976378
11
1.1693924015748032
21
1.1231087401574802
0
LINE
8
BLACK
6
CONTINUOUS
10
1.1693924015748032
20
1.1231087401574802
11
1.1696857086614172
21
1.1224007086614174
0
LINE
8
BLACK
6
CONTINUOUS
10
1.1696857086614172
20
1.1224007086614174
11
1.1696857086614172
21
1.1222609448818897
0
LINE
8
BLACK
6
CONTINUOUS
10
1.1696857086614172
20
1.1222609448818897
11
1.172308307086614
21
1.1146796062992126
0
LINE
8
BLACK
6
CONTINUOUS
10
1.172308307086614
20
1.1146796062992126
11
1.172438188976378
21
1.1141082283464567
0
LINE
8
BLACK
6
CONTINUOUS
10
1.172438188976378
20
1.1141082283464567
11
1.1724978740157479
21
1.113964251968504
0
LINE
8
BLACK
6
CONTINUOUS
10
1.1724978740157479
20
1.113964251968504
11
1.1724999999999999
21
1.1138364960629921
0
LINE
8
BLACK
6
CONTINUOUS
10
1.1724999999999999
20
1.1138364960629921
11
1.1725650000000001
21
1.1135507086614174
0
LINE
8
BLACK
6
CONTINUOUS
10
1.1725650000000001
20
1.1135507086614174
11
1.1725162598425196
21
1.1128652755905513
0
LINE
8
BLACK
6
CONTINUOUS
10
1.1725162598425196
20
1.1128652755905513
11
1.1726113385826771
21
1.1071878346456692
0
LINE
8
BLACK
6
CONTINUOUS
10
1.1726113385826771
20
1.1071878346456692
11
1.1725538976377952
21
1.1066049212598426
0
LINE
8
BLACK
6
CONTINUOUS
10
1.1725538976377952
20
1.1066049212598426
11
1.1725650000000001
21
1.1064492519685039
0
LINE
8
BLACK
6
CONTINUOUS
10
1.1725650000000001
20
1.1064492519685039
11
1.1725268897637795
21
1.1063305118110236
0
LINE
8
BLACK
6
CONTINUOUS
10
1.1725268897637795
20
1.1063305118110236
11
1.1724978740157479
21
1.1060357086614172
0
LINE
8
BLACK
6
CONTINUOUS
10
1.1724978740157479
20
1.1060357086614172
11
1.1722071259842519
21
1.1053338582677166
0
LINE
8
BLACK
6
CONTINUOUS
10
1.1722071259842519
20
1.1053338582677166
11
1.1694961811023621
21
1.0968838976377953
0
LINE
8
BLACK
6
CONTINUOUS
10
1.1694961811023621
20
1.0968838976377953
11
1.1690242125984251
21
1.0958267716535433
0
LINE
8
BLACK
6
CONTINUOUS
10
1.1690242125984251
20
1.0958267716535433
11
1.168885157480315
21
1.0956664566929133
0
LINE
8
BLACK
6
CONTINUOUS
10
1.168885157480315
20
1.0956664566929133
11
1.1688039763779527
21
1.0954704330708662
0
LINE
8
BLACK
6
CONTINUOUS
10
1.1688039763779527
20
1.0954704330708662
11
1.1680022440944882
21
1.0946484645669292
0
LINE
8
BLACK
6
CONTINUOUS
10
1.1680022440944882
20
1.0946484645669292
11
1.1675144488188975
21
1.0940860629921259
0
LINE
8
BLACK
6
CONTINUOUS
10
1.1675144488188975
20
1.0940860629921259
11
1.1673957874015748
21
1.0940267322834645
0
LINE
8
BLACK
6
CONTINUOUS
10
1.1673957874015748
20
1.0940267322834645
11
1.1624451968503937
21
1.0889512598425197
0
LINE
8
BLACK
6
CONTINUOUS
10
1.1624451968503937
20
1.0889512598425197
11
1.1619923622047243
21
1.0885796062992126
0
LINE
8
BLACK
6
CONTINUOUS
10
1.1619923622047243
20
1.0885796062992126
11
1.1618901574803149
21
1.0884617716535432
0
LINE
8
BLACK
6
CONTINUOUS
10
1.1618901574803149
20
1.0884617716535432
11
1.1617774409448818
21
1.0884032283464566
0
LINE
8
BLACK
6
CONTINUOUS
10
1.1617774409448818
20
1.0884032283464566
11
1.1615502755905511
21
1.0882168110236221
0
LINE
8
BLACK
6
CONTINUOUS
10
1.1615502755905511
20
1.0882168110236221
11
1.1608980314960631
21
1.0879466535433071
0
LINE
8
BLACK
6
CONTINUOUS
10
1.1608980314960631
20
1.0879466535433071
11
1.1552861023622047
21
1.085032874015748
0
LINE
8
BLACK
6
CONTINUOUS
10
1.1552861023622047
20
1.085032874015748
11
1.155201811023622
21
1.085000590551181
0
LINE
8
BLACK
6
CONTINUOUS
10
1.155201811023622
20
1.085000590551181
11
1.155167559055118
21
1.0849752362204723
0
LINE
8
BLACK
6
CONTINUOUS
10
1.155167559055118
20
1.0849752362204723
11
1.1550678740157481
21
1.08494937007874
0
LINE
8
BLACK
6
CONTINUOUS
10
1.1550678740157481
20
1.08494937007874
11
1.1542048818897637
21
1.0846191338582676
0
LINE
8
BLACK
6
CONTINUOUS
10
1.1542048818897637
20
1.0846191338582676
11
1.1536405905511811
21
1.0845790157480315
0
LINE
8
BLACK
6
CONTINUOUS
10
1.1536405905511811
20
1.0845790157480315
11
1.1428287795275591
21
1.081773622047244
0
LINE
8
BLACK
6
CONTINUOUS
10
1.1428287795275591
20
1.081773622047244
11
1.1426290944881889
21
1.0817440944881889
0
LINE
8
BLACK
6
CONTINUOUS
10
1.1426290944881889
20
1.0817440944881889
11
1.1425486220472441
21
1.081710748031496
0
LINE
8
BLACK
6
CONTINUOUS
10
1.1425486220472441
20
1.081710748031496
11
1.1423910236220471
21
1.0817088582677166
0
LINE
8
BLACK
6
CONTINUOUS
10
1.1423910236220471
20
1.0817088582677166
11
1.1416835433070867
21
1.0816042519685038
0
LINE
8
BLACK
6
CONTINUOUS
10
1.1416835433070867
20
1.0816042519685038
11
1.1410843307086613
21
1.0816933858267717
0
LINE
8
BLACK
6
CONTINUOUS
10
1.1410843307086613
20
1.0816933858267717
11
1.1329600393700787
21
1.0815972834645668
0
LINE
8
BLACK
6
CONTINUOUS
10
1.1329600393700787
20
1.0815972834645668
11
1.1327590944881889
21
1.0816170472440945
0
LINE
8
BLACK
6
CONTINUOUS
10
1.1327590944881889
20
1.0816170472440945
11
1.1326729921259842
21
1.0816042519685038
0
LINE
8
BLACK
6
CONTINUOUS
10
1.1326729921259842
20
1.0816042519685038
11
1.1325230708661418
21
1.08164031496063
0
LINE
8
BLACK
6
CONTINUOUS
10
1.1325230708661418
20
1.08164031496063
11
1.1318079133858268
21
1.081710748031496
0
LINE
8
BLACK
6
CONTINUOUS
10
1.1318079133858268
20
1.081710748031496
11
1.1312227952755904
21
1.0819531102362205
0
LINE
8
BLACK
6
CONTINUOUS
10
1.1312227952755904
20
1.0819531102362205
11
1.1202791732283464
21
1.084585748031496
0
LINE
8
BLACK
6
CONTINUOUS
10
1.1202791732283464
20
1.084585748031496
11
1.1201941732283465
21
1.0846161023622047
0
LINE
8
BLACK
6
CONTINUOUS
10
1.1201941732283465
20
1.0846161023622047
11
1.1201516535433071
21
1.0846191338582676
0
LINE
8
BLACK
6
CONTINUOUS
10
1.1201516535433071
20
1.0846191338582676
11
1.1200533070866141
21
1.0846664173228346
0
LINE
8
BLACK
6
CONTINUOUS
10
1.1200533070866141
20
1.0846664173228346
11
1.1191889763779528
21
1.0849752362204723
0
LINE
8
BLACK
6
CONTINUOUS
10
1.1191889763779528
20
1.0849752362204723
11
1.1187771259842521
21
1.0852803543307086
0
LINE
8
BLACK
6
CONTINUOUS
10
1.1187771259842521
20
1.0852803543307086
11
1.1134461417322834
21
1.0878450393700787
0
LINE
8
BLACK
6
CONTINUOUS
10
1.1134461417322834
20
1.0878450393700787
11
1.1129503937007874
21
1.0881570866141732
0
LINE
8
BLACK
6
CONTINUOUS
10
1.1129503937007874
20
1.0881570866141732
11
1.1128062204724409
21
1.0882168110236221
0
LINE
8
BLACK
6
CONTINUOUS
10
1.1128062204724409
20
1.0882168110236221
11
1.1127164566929133
21
1.0883043307086613
0
LINE
8
BLACK
6
CONTINUOUS
10
1.1127164566929133
20
1.0883043307086613
11
1.1124663779527559
21
1.0884617716535432
0
LINE
8
BLACK
6
CONTINUOUS
10
1.1124663779527559
20
1.0884617716535432
11
1.1119792913385826
21
1.089023346456693
0
LINE
8
BLACK
6
CONTINUOUS
10
1.1119792913385826
20
1.089023346456693
11
1.1062870472440944
21
1.0945755511811024
0
LINE
8
BLACK
6
CONTINUOUS
10
1.1062870472440944
20
1.0945755511811024
11
1.1055525984251968
21
1.0954704724409448
0
LINE
8
BLACK
6
CONTINUOUS
10
1.1055525984251968
20
1.0954704724409448
11
1.1054713779527559
21
1.095666496062992
0
LINE
8
BLACK
6
CONTINUOUS
10
1.1054713779527559
20
1.095666496062992
11
1.1053324015748032
21
1.0958267716535433
0
LINE
8
BLACK
6
CONTINUOUS
10
1.1053324015748032
20
1.0958267716535433
11
1.1049644488188977
21
1.0968903149606299
0
LINE
8
BLACK
6
CONTINUOUS
10
1.1049644488188977
20
1.0968903149606299
11
1.1046708267716536
21
1.0975992913385826
0
LINE
8
BLACK
6
CONTINUOUS
10
1.1046708267716536
20
1.0975992913385826
11
1.1046708267716536
21
1.0977392125984251
0
LINE
8
BLACK
6
CONTINUOUS
10
1.1046708267716536
20
1.0977392125984251
11
1.1020482677165353
21
1.1053203543307086
0
LINE
8
BLACK
6
CONTINUOUS
10
1.1020482677165353
20
1.1053203543307086
11
1.1019183858267716
21
1.1058914960629922
0
LINE
8
BLACK
6
CONTINUOUS
10
1.1019183858267716
20
1.1058914960629922
11
1.1018586614173229
21
1.1060357086614172
0
LINE
8
BLACK
6
CONTINUOUS
10
1.1018586614173229
20
1.1060357086614172
11
1.1018564960629922
21
1.1061635826771654
0
LINE
8
BLACK
6
CONTINUOUS
10
1.1018564960629922
20
1.1061635826771654
11
1.1017915748031495
21
1.1064492125984251
0
LINE
8
BLACK
6
CONTINUOUS
10
1.1017915748031495
20
1.1064492125984251
11
1.1018402362204724
21
1.1071343307086614
0
LINE
8
BLACK
6
CONTINUOUS
10
1.1018402362204724
20
1.1071343307086614
11
1.1017451968503937
21
1.1128121259842521
0
LINE
8
BLACK
6
CONTINUOUS
10
1.1017451968503937
20
1.1128121259842521
11
1.1018025984251969
21
1.1133952362204724
0
LINE
8
BLACK
6
CONTINUOUS
10
1.1018025984251969
20
1.1133952362204724
11
1.1017915748031495
21
1.1135507480314961
0
LINE
8
BLACK
6
CONTINUOUS
10
1.1017915748031495
20
1.1135507480314961
11
1.1018296062992126
21
1.1136692913385826
0
LINE
8
BLACK
6
CONTINUOUS
10
1.1018296062992126
20
1.1136692913385826
11
1.1018586614173229
21
1.113964251968504
0
LINE
8
BLACK
6
CONTINUOUS
10
1.1018586614173229
20
1.113964251968504
11
1.1021494881889764
21
1.1146663779527559
0
LINE
8
BLACK
6
CONTINUOUS
10
1.1021494881889764
20
1.1146663779527559
11
1.1048603937007875
21
1.123116062992126
0
LINE
8
BLACK
6
CONTINUOUS
10
1.1048603937007875
20
1.123116062992126
11
1.1053324015748032
21
1.124173188976378
0
LINE
8
BLACK
6
CONTINUOUS
10
1.1053324015748032
20
1.124173188976378
11
1.1054713779527559
21
1.1243334251968504
0
LINE
8
BLACK
6
CONTINUOUS
10
1.1054713779527559
20
1.1243334251968504
11
1.1055525984251968
21
1.1245294881889762
0
LINE
8
BLACK
6
CONTINUOUS
10
1.1055525984251968
20
1.1245294881889762
11
1.1065030314960629
21
1.1255229527559054
0
LINE
8
BLACK
6
CONTINUOUS
10
1.1065030314960629
20
1.1255229527559054
11
1.106842125984252
21
1.1259138976377951
0
LINE
8
BLACK
6
CONTINUOUS
10
1.106842125984252
20
1.1259138976377951
11
1.106909094488189
21
1.1259473622047245
0
LINE
8
BLACK
6
CONTINUOUS
10
1.106909094488189
20
1.1259473622047245
11
1.1090991732283464
21
1.1282365354330708
0
LINE
8
BLACK
6
CONTINUOUS
10
1.1090991732283464
20
1.1282365354330708
11
1.1099940551181102
21
1.1289709842519684
0
LINE
8
BLACK
6
CONTINUOUS
10
1.1099940551181102
20
1.1289709842519684
11
1.1121229133858268
21
1.1298527165354331
0
LINE
8
BLACK
6
CONTINUOUS
10
1.1121229133858268
20
1.1298527165354331
11
1.1144270866141732
21
1.1298527165354331
0
LINE
8
BLACK
6
CONTINUOUS
10
1.1144270866141732
20
1.1298527165354331
11
1.1165559055118111
21
1.1289709842519684
0
LINE
8
BLACK
6
CONTINUOUS
10
1.1165559055118111
20
1.1289709842519684
11
1.1181852755905513
21
1.1273416141732284
0
LINE
8
BLACK
6
CONTINUOUS
10
1.1181852755905513
20
1.1273416141732284
11
1.1190670078740157
21
1.1252127952755906
0
LINE
8
BLACK
6
CONTINUOUS
10
1.1190670078740157
20
1.1252127952755906
11
1.1190670078740157
21
1.1229086220472442
0
LINE
8
BLACK
6
CONTINUOUS
10
1.1190670078740157
20
1.1229086220472442
11
1.1181852755905513
21
1.1207797637795276
0
LINE
8
BLACK
6
CONTINUOUS
10
1.1181852755905513
20
1.1207797637795276
11
1.115512125984252
21
1.1179857086614173
0
LINE
8
BLACK
6
CONTINUOUS
10
1.115512125984252
20
1.1179857086614173
11
1.1134813779527559
21
1.1116560629921259
0
LINE
8
BLACK
6
CONTINUOUS
10
1.1134813779527559
20
1.1116560629921259
11
1.1135441732283464
21
1.1079068110236221
0
LINE
8
BLACK
6
CONTINUOUS
10
1.1135441732283464
20
1.1079068110236221
11
1.1156588976377952
21
1.101793622047244
0
LINE
8
BLACK
6
CONTINUOUS
10
1.1156588976377952
20
1.101793622047244
11
1.1197340551181103
21
1.0978187795275591
0
LINE
8
BLACK
6
CONTINUOUS
10
1.1197340551181103
20
1.0978187795275591
11
1.1241436614173228
21
1.0956974015748031
0
LINE
8
BLACK
6
CONTINUOUS
10
1.1241436614173228
20
1.0956974015748031
11
1.1340220472440945
21
1.0933210236220472
0
LINE
8
BLACK
6
CONTINUOUS
10
1.1340220472440945
20
1.0933210236220472
11
1.1410383070866141
21
1.0934040551181101
0
LINE
8
BLACK
6
CONTINUOUS
10
1.1410383070866141
20
1.0934040551181101
11
1.1509338582677164
21
1.0959716929133858
0
LINE
8
BLACK
6
CONTINUOUS
10
1.1509338582677164
20
1.0959716929133858
11
1.1549853149606299
21
1.0980752755905512
0
LINE
8
BLACK
6
CONTINUOUS
10
1.1549853149606299
20
1.0980752755905512
11
1.158852716535433
21
1.1020401968503937
0
LINE
8
BLACK
6
CONTINUOUS
10
1.158852716535433
20
1.1020401968503937
11
1.1608751181102361
21
1.108343937007874
0
LINE
8
BLACK
6
CONTINUOUS
10
1.1608751181102361
20
1.108343937007874
11
1.1608123228346456
21
1.1120930314960629
0
LINE
8
BLACK
6
CONTINUOUS
10
1.1608123228346456
20
1.1120930314960629
11
1.158716062992126
21
1.118152874015748
0
LINE
8
BLACK
6
CONTINUOUS
10
1.158716062992126
20
1.118152874015748
11
1.1569057480314959
21
1.119884842519685
0
LINE
8
BLACK
6
CONTINUOUS
10
1.1569057480314959
20
1.119884842519685
11
1.1561712992125983
21
1.1207797637795276
0
LINE
8
BLACK
6
CONTINUOUS
10
1.1561712992125983
20
1.1207797637795276
11
1.1552894881889764
21
1.1229085826771654
0
LINE
8
BLACK
6
CONTINUOUS
10
1.1552894881889764
20
1.1229085826771654
11
1.1552894881889764
21
1.1252127559055118
0
LINE
8
BLACK
6
CONTINUOUS
10
1.1552894881889764
20
1.1252127559055118
11
1.1561712598425196
21
1.1273415748031497
0
LINE
8
BLACK
6
CONTINUOUS
10
1.1561712598425196
20
1.1273415748031497
11
1.157800590551181
21
1.1289709448818896
0
LINE
8
BLACK
6
CONTINUOUS
10
1.157800590551181
20
1.1289709448818896
11
1.1599294094488188
21
1.1298527559055118
0
LINE
8
BLACK
6
CONTINUOUS
10
1.1599294094488188
20
1.1298527559055118
11
1.1622335826771653
21
1.1298527559055118
0
LINE
8
BLACK
6
CONTINUOUS
10
1.1622335826771653
20
1.1298527559055118
11
1.1643624015748031
21
1.1289709842519684
0
LINE
8
BLACK
6
CONTINUOUS
10
0.0309316535433071
20
1.1214681496062993
11
0.0325609448818898
21
1.1198388582677166
0
LINE
8
BLACK
6
CONTINUOUS
10
0.0325609448818898
20
1.1198388582677166
11
0.0334427559055118
21
1.1177100393700787
0
LINE
8
BLACK
6
CONTINUOUS
10
0.0334427559055118
20
1.1177100393700787
11
0.0335337007874016
21
1.0942416929133858
0
LINE
8
BLACK
6
CONTINUOUS
10
0.0335337007874016
20
1.0942416929133858
11
0.0499420866141732
21
1.0942726377952756
0
LINE
8
BLACK
6
CONTINUOUS
10
0.0499420866141732
20
1.0942726377952756
11
0.0498666929133858
21
1.1081214566929134
0
LINE
8
BLACK
6
CONTINUOUS
10
0.0498666929133858
20
1.1081214566929134
11
0.049980157480315
21
1.1092735826771654
0
LINE
8
BLACK
6
CONTINUOUS
10
0.049980157480315
20
1.1092735826771654
11
0.050861968503937
21
1.1114024015748032
0
LINE
8
BLACK
6
CONTINUOUS
10
0.050861968503937
20
1.1114024015748032
11
0.0524912598425197
21
1.1130316929133859
0
LINE
8
BLACK
6
CONTINUOUS
10
0.0524912598425197
20
1.1130316929133859
11
0.0546200787401575
21
1.1139135039370078
0
LINE
8
BLACK
6
CONTINUOUS
10
0.0546200787401575
20
1.1139135039370078
11
0.0569243307086614
21
1.1139135039370078
0
LINE
8
BLACK
6
CONTINUOUS
10
0.0569243307086614
20
1.1139135039370078
11
0.0590531496062992
21
1.1130316929133859
0
LINE
8
BLACK
6
CONTINUOUS
10
0.0590531496062992
20
1.1130316929133859
11
0.0606824409448819
21
1.1114024015748032
0
LINE
8
BLACK
6
CONTINUOUS
10
0.0606824409448819
20
1.1114024015748032
11
0.0615642519685039
21
1.1092735826771654
0
LINE
8
BLACK
6
CONTINUOUS
10
0.0615642519685039
20
1.1092735826771654
11
0.0616457874015748
21
1.09429468503937
0
LINE
8
BLACK
6
CONTINUOUS
10
0.0616457874015748
20
1.09429468503937
11
0.0867058267716535
21
1.0943419291338583
0
LINE
8
BLACK
6
CONTINUOUS
10
0.0867058267716535
20
1.0943419291338583
11
0.0878579527559055
21
1.0942284645669291
0
LINE
8
BLACK
6
CONTINUOUS
10
0.0878579527559055
20
1.0942284645669291
11
0.0899867716535433
21
1.093346653543307
0
LINE
8
BLACK
6
CONTINUOUS
10
0.0899867716535433
20
1.093346653543307
11
0.091616062992126
21
1.0917173622047245
0
LINE
8
BLACK
6
CONTINUOUS
10
0.091616062992126
20
1.0917173622047245
11
0.092497874015748
21
1.0895885433070867
0
LINE
8
BLACK
6
CONTINUOUS
10
0.092497874015748
20
1.0895885433070867
11
0.092497874015748
21
1.0872842913385827
0
LINE
8
BLACK
6
CONTINUOUS
10
0.092497874015748
20
1.0872842913385827
11
0.091616062992126
21
1.0851554724409449
0
LINE
8
BLACK
6
CONTINUOUS
10
0.091616062992126
20
1.0851554724409449
11
0.0899867716535433
21
1.0835261811023622
0
LINE
8
BLACK
6
CONTINUOUS
10
0.0899867716535433
20
1.0835261811023622
11
0.0878579527559055
21
1.08264437007874
0
LINE
8
BLACK
6
CONTINUOUS
10
0.0878579527559055
20
1.08264437007874
11
0.0276507086614173
21
1.0825309055118111
0
LINE
8
BLACK
6
CONTINUOUS
10
0.0276507086614173
20
1.0825309055118111
11
0.0264985826771654
21
1.08264437007874
0
LINE
8
BLACK
6
CONTINUOUS
10
0.0264985826771654
20
1.08264437007874
11
0.0243697637795276
21
1.0835261811023622
0
LINE
8
BLACK
6
CONTINUOUS
10
0.0243697637795276
20
1.0835261811023622
11
0.0227404724409449
21
1.0851554724409449
0
LINE
8
BLACK
6
CONTINUOUS
10
0.0227404724409449
20
1.0851554724409449
11
0.0218586614173228
21
1.0872842913385827
0
LINE
8
BLACK
6
CONTINUOUS
10
0.0218586614173228
20
1.0872842913385827
11
0.0217451968503937
21
1.1165579133858268
0
LINE
8
BLACK
6
CONTINUOUS
10
0.0217451968503937
20
1.1165579133858268
11
0.0218586614173228
21
1.1177100393700787
0
LINE
8
BLACK
6
CONTINUOUS
10
0.0218586614173228
20
1.1177100393700787
11
0.0227404724409449
21
1.1198388582677166
0
LINE
8
BLACK
6
CONTINUOUS
10
0.0227404724409449
20
1.1198388582677166
11
0.0243697637795276
21
1.1214681496062993
0
LINE
8
BLACK
6
CONTINUOUS
10
0.0243697637795276
20
1.1214681496062993
11
0.0264985826771654
21
1.1223499606299212
0
LINE
8
BLACK
6
CONTINUOUS
10
0.0264985826771654
20
1.1223499606299212
11
0.0288028346456693
21
1.1223499606299212
0
LINE
8
BLACK
6
CONTINUOUS
10
0.0288028346456693
20
1.1223499606299212
11
0.0309316535433071
21
1.1214681496062993
0
LINE
8
BLACK
6
CONTINUOUS
10
0.777002125984252
20
1.1327491732283463
11
0.7771183464566929
21
1.1327639763779527
0
LINE
8
BLACK
6
CONTINUOUS
10
0.7771183464566929
20
1.1327639763779527
11
0.777268779527559
21
1.1327229133858268
0
LINE
8
BLACK
6
CONTINUOUS
10
0.777268779527559
20
1.1327229133858268
11
0.7778579527559055
21
1.1326649212598425
0
LINE
8
BLACK
6
CONTINUOUS
10
0.7778579527559055
20
1.1326649212598425
11
0.7785836220472441
21
1.1323642913385827
0
LINE
8
BLACK
6
CONTINUOUS
10
0.7785836220472441
20
1.1323642913385827
11
0.7793412992125984
21
1.1321576771653543
0
LINE
8
BLACK
6
CONTINUOUS
10
0.7793412992125984
20
1.1321576771653543
11
0.7796388976377953
21
1.1319271653543306
0
LINE
8
BLACK
6
CONTINUOUS
10
0.7796388976377953
20
1.1319271653543306
11
0.7799867716535432
21
1.1317831102362204
0
LINE
8
BLACK
6
CONTINUOUS
10
0.7799867716535432
20
1.1317831102362204
11
0.7805421653543307
21
1.1312276771653542
0
LINE
8
BLACK
6
CONTINUOUS
10
0.7805421653543307
20
1.1312276771653542
11
0.7811631102362204
21
1.1307468503937008
0
LINE
8
BLACK
6
CONTINUOUS
10
0.7811631102362204
20
1.1307468503937008
11
0.7813498818897637
21
1.1304199606299212
0
LINE
8
BLACK
6
CONTINUOUS
10
0.7813498818897637
20
1.1304199606299212
11
0.7816160629921259
21
1.1301538188976377
0
LINE
8
BLACK
6
CONTINUOUS
10
0.7816160629921259
20
1.1301538188976377
11
0.7819166141732283
21
1.129428188976378
0
LINE
8
BLACK
6
CONTINUOUS
10
0.7819166141732283
20
1.129428188976378
11
0.7823063385826772
21
1.128746220472441
0
LINE
8
BLACK
6
CONTINUOUS
10
0.7823063385826772
20
1.128746220472441
11
0.782353779527559
21
1.1283727559055119
0
LINE
8
BLACK
6
CONTINUOUS
10
0.782353779527559
20
1.1283727559055119
11
0.782497874015748
21
1.1280250000000001
0
LINE
8
BLACK
6
CONTINUOUS
10
0.782497874015748
20
1.1280250000000001
11
0.782497874015748
21
1.1272395669291337
0
LINE
8
BLACK
6
CONTINUOUS
10
0.782497874015748
20
1.1272395669291337
11
0.7825969291338583
21
1.1264603937007873
0
LINE
8
BLACK
6
CONTINUOUS
10
0.7825969291338583
20
1.1264603937007873
11
0.782497874015748
21
1.1260971653543306
0
LINE
8
BLACK
6
CONTINUOUS
10
0.782497874015748
20
1.1260971653543306
11
0.782497874015748
21
1.1257207480314961
0
LINE
8
BLACK
6
CONTINUOUS
10
0.782497874015748
20
1.1257207480314961
11
0.7821973228346456
21
1.1249951968503937
0
LINE
8
BLACK
6
CONTINUOUS
10
0.7821973228346456
20
1.1249951968503937
11
0.7819906692913385
21
1.1242374015748031
0
LINE
8
BLACK
6
CONTINUOUS
10
0.7819906692913385
20
1.1242374015748031
11
0.7817600787401575
21
1.1239396850393701
0
LINE
8
BLACK
6
CONTINUOUS
10
0.7817600787401575
20
1.1239396850393701
11
0.7816160629921259
21
1.1235919291338583
0
LINE
8
BLACK
6
CONTINUOUS
10
0.7816160629921259
20
1.1235919291338583
11
0.7810607086614173
21
1.1230365748031497
0
LINE
8
BLACK
6
CONTINUOUS
10
0.7810607086614173
20
1.1230365748031497
11
0.7805798031496063
21
1.122415590551181
0
LINE
8
BLACK
6
CONTINUOUS
10
0.7805798031496063
20
1.122415590551181
11
0.7802512598425196
21
1.122227125984252
0
LINE
8
BLACK
6
CONTINUOUS
10
0.7802512598425196
20
1.122227125984252
11
0.7799867716535432
21
1.1219626377952756
0
LINE
8
BLACK
6
CONTINUOUS
10
0.7799867716535432
20
1.1219626377952756
11
0.779279094488189
21
1.1216694881889764
0
LINE
8
BLACK
6
CONTINUOUS
10
0.779279094488189
20
1.1216694881889764
11
0.7396933464566929
21
1.0989628346456692
0
LINE
8
BLACK
6
CONTINUOUS
10
0.7396933464566929
20
1.0989628346456692
11
0.7767058267716536
21
1.0990325984251967
0
LINE
8
BLACK
6
CONTINUOUS
10
0.7767058267716536
20
1.0990325984251967
11
0.7778579527559055
21
1.0989191338582678
0
LINE
8
BLACK
6
CONTINUOUS
10
0.7778579527559055
20
1.0989191338582678
11
0.7799867716535432
21
1.0980373228346456
0
LINE
8
BLACK
6
CONTINUOUS
10
0.7799867716535432
20
1.0980373228346456
11
0.7816160629921259
21
1.0964080314960629
0
LINE
8
BLACK
6
CONTINUOUS
10
0.7816160629921259
20
1.0964080314960629
11
0.782497874015748
21
1.0942792125984251
0
LINE
8
BLACK
6
CONTINUOUS
10
0.782497874015748
20
1.0942792125984251
11
0.782497874015748
21
1.0919749606299212
0
LINE
8
BLACK
6
CONTINUOUS
10
0.782497874015748
20
1.0919749606299212
11
0.7816160629921259
21
1.0898461417322833
0
LINE
8
BLACK
6
CONTINUOUS
10
0.7816160629921259
20
1.0898461417322833
11
0.7799867716535432
21
1.0882168503937009
0
LINE
8
BLACK
6
CONTINUOUS
10
0.7799867716535432
20
1.0882168503937009
11
0.7778579527559055
21
1.0873350393700787
0
LINE
8
BLACK
6
CONTINUOUS
10
0.7778579527559055
20
1.0873350393700787
11
0.7176507086614173
21
1.0872215748031495
0
LINE
8
BLACK
6
CONTINUOUS
10
0.7176507086614173
20
1.0872215748031495
11
0.7173544094488189
21
1.0872507480314961
0
LINE
8
BLACK
6
CONTINUOUS
10
0.7173544094488189
20
1.0872507480314961
11
0.7172382283464567
21
1.0872359842519685
0
LINE
8
BLACK
6
CONTINUOUS
10
0.7172382283464567
20
1.0872359842519685
11
0.7170877952755905
21
1.0872770078740157
0
LINE
8
BLACK
6
CONTINUOUS
10
0.7170877952755905
20
1.0872770078740157
11
0.7164985826771654
21
1.0873350393700787
0
LINE
8
BLACK
6
CONTINUOUS
10
0.7164985826771654
20
1.0873350393700787
11
0.715772874015748
21
1.0876356299212597
0
LINE
8
BLACK
6
CONTINUOUS
10
0.715772874015748
20
1.0876356299212597
11
0.7150152362204725
21
1.0878422834645669
0
LINE
8
BLACK
6
CONTINUOUS
10
0.7150152362204725
20
1.0878422834645669
11
0.7147175984251969
21
1.0880727559055119
0
LINE
8
BLACK
6
CONTINUOUS
10
0.7147175984251969
20
1.0880727559055119
11
0.7143697637795275
21
1.0882168503937009
0
LINE
8
BLACK
6
CONTINUOUS
10
0.7143697637795275
20
1.0882168503937009
11
0.7138143307086614
21
1.0887722440944883
0
LINE
8
BLACK
6
CONTINUOUS
10
0.7138143307086614
20
1.0887722440944883
11
0.7131934251968504
21
1.0892531102362204
0
LINE
8
BLACK
6
CONTINUOUS
10
0.7131934251968504
20
1.0892531102362204
11
0.7130066141732283
21
1.0895799606299212
0
LINE
8
BLACK
6
CONTINUOUS
10
0.7130066141732283
20
1.0895799606299212
11
0.7127404724409448
21
1.0898461417322833
0
LINE
8
BLACK
6
CONTINUOUS
10
0.7127404724409448
20
1.0898461417322833
11
0.7124398818897638
21
1.0905717322834645
0
LINE
8
BLACK
6
CONTINUOUS
10
0.7124398818897638
20
1.0905717322834645
11
0.7120501968503937
21
1.0912537401574802
0
LINE
8
BLACK
6
CONTINUOUS
10
0.7120501968503937
20
1.0912537401574802
11
0.712002716535433
21
1.0916271653543306
0
LINE
8
BLACK
6
CONTINUOUS
10
0.712002716535433
20
1.0916271653543306
11
0.7118586614173228
21
1.0919749606299212
0
LINE
8
BLACK
6
CONTINUOUS
10
0.7118586614173228
20
1.0919749606299212
11
0.7118586614173228
21
1.0927603543307087
0
LINE
8
BLACK
6
CONTINUOUS
10
0.7118586614173228
20
1.0927603543307087
11
0.7117596062992125
21
1.0935395669291339
0
LINE
8
BLACK
6
CONTINUOUS
10
0.7117596062992125
20
1.0935395669291339
11
0.7118586614173228
21
1.0939027165354331
0
LINE
8
BLACK
6
CONTINUOUS
10
0.7118586614173228
20
1.0939027165354331
11
0.7118586614173228
21
1.0942792125984251
0
LINE
8
BLACK
6
CONTINUOUS
10
0.7118586614173228
20
1.0942792125984251
11
0.7121592519685039
21
1.0950048818897637
0
LINE
8
BLACK
6
CONTINUOUS
10
0.7121592519685039
20
1.0950048818897637
11
0.712365905511811
21
1.0957625590551181
0
LINE
8
BLACK
6
CONTINUOUS
10
0.712365905511811
20
1.0957625590551181
11
0.7125963779527559
21
1.096060157480315
0
LINE
8
BLACK
6
CONTINUOUS
10
0.7125963779527559
20
1.096060157480315
11
0.7127404724409448
21
1.0964080314960629
0
LINE
8
BLACK
6
CONTINUOUS
10
0.7127404724409448
20
1.0964080314960629
11
0.7132958661417322
21
1.0969634251968503
0
LINE
8
BLACK
6
CONTINUOUS
10
0.7132958661417322
20
1.0969634251968503
11
0.7137767322834645
21
1.0975843700787402
0
LINE
8
BLACK
6
CONTINUOUS
10
0.7137767322834645
20
1.0975843700787402
11
0.7141052362204724
21
1.0977727952755905
0
LINE
8
BLACK
6
CONTINUOUS
10
0.7141052362204724
20
1.0977727952755905
11
0.7143697637795275
21
1.0980373228346456
0
LINE
8
BLACK
6
CONTINUOUS
10
0.7143697637795275
20
1.0980373228346456
11
0.7150774015748032
21
1.0983304330708661
0
LINE
8
BLACK
6
CONTINUOUS
10
0.7150774015748032
20
1.0983304330708661
11
0.7546631102362205
21
1.1210370866141732
0
LINE
8
BLACK
6
CONTINUOUS
10
0.7546631102362205
20
1.1210370866141732
11
0.7176507086614173
21
1.1209673622047245
0
LINE
8
BLACK
6
CONTINUOUS
10
0.7176507086614173
20
1.1209673622047245
11
0.7164985826771654
21
1.1210808267716534
0
LINE
8
BLACK
6
CONTINUOUS
10
0.7164985826771654
20
1.1210808267716534
11
0.7143697637795275
21
1.1219626377952756
0
LINE
8
BLACK
6
CONTINUOUS
10
0.7143697637795275
20
1.1219626377952756
11
0.7127404724409448
21
1.1235919291338583
0
LINE
8
BLACK
6
CONTINUOUS
10
0.7127404724409448
20
1.1235919291338583
11
0.7118586614173228
21
1.1257207480314961
0
LINE
8
BLACK
6
CONTINUOUS
10
0.7118586614173228
20
1.1257207480314961
11
0.7118586614173228
21
1.1280250000000001
0
LINE
8
BLACK
6
CONTINUOUS
10
0.7118586614173228
20
1.1280250000000001
11
0.7127404724409448
21
1.1301538188976377
0
LINE
8
BLACK
6
CONTINUOUS
10
0.7127404724409448
20
1.1301538188976377
11
0.7143697637795275
21
1.1317831102362204
0
LINE
8
BLACK
6
CONTINUOUS
10
0.7143697637795275
20
1.1317831102362204
11
0.7164985826771654
21
1.1326649212598425
0
LINE
8
BLACK
6
CONTINUOUS
10
0.7164985826771654
20
1.1326649212598425
11
0.7767058267716536
21
1.1327783858267717
0
LINE
8
BLACK
6
CONTINUOUS
10
0.7767058267716536
20
1.1327783858267717
11
0.777002125984252
21
1.1327491732283463
0
LINE
8
BLACK
6
CONTINUOUS
10
0.0674896062992126
20
1.1889597244094487
11
0.0691188976377953
21
1.1873304330708661
0
LINE
8
BLACK
6
CONTINUOUS
10
0.0691188976377953
20
1.1873304330708661
11
0.0700007086614173
21
1.1852016141732282
0
LINE
8
BLACK
6
CONTINUOUS
10
0.0700007086614173
20
1.1852016141732282
11
0.0700444094488189
21
1.167416811023622
0
LINE
8
BLACK
6
CONTINUOUS
10
0.0700444094488189
20
1.167416811023622
11
0.0865837401574803
21
1.1674574803149607
0
LINE
8
BLACK
6
CONTINUOUS
10
0.0865837401574803
20
1.1674574803149607
11
0.0865277952755906
21
1.1824536220472441
0
LINE
8
BLACK
6
CONTINUOUS
10
0.0865277952755906
20
1.1824536220472441
11
0.0864441732283465
21
1.1823225984251968
0
LINE
8
BLACK
6
CONTINUOUS
10
0.0864441732283465
20
1.1823225984251968
11
0.0861729133858268
21
1.1820507480314961
0
LINE
8
BLACK
6
CONTINUOUS
10
0.0861729133858268
20
1.1820507480314961
11
0.0861010236220472
21
1.1820363385826771
0
LINE
8
BLACK
6
CONTINUOUS
10
0.0861010236220472
20
1.1820363385826771
11
0.0844464566929134
21
1.1802977952755904
0
LINE
8
BLACK
6
CONTINUOUS
10
0.0844464566929134
20
1.1802977952755904
11
0.084127125984252
21
1.1800844488188975
0
LINE
8
BLACK
6
CONTINUOUS
10
0.084127125984252
20
1.1800844488188975
11
0.084002874015748
21
1.1800844488188975
0
LINE
8
BLACK
6
CONTINUOUS
10
0.084002874015748
20
1.1800844488188975
11
0.0823158661417323
21
1.179176062992126
0
LINE
8
BLACK
6
CONTINUOUS
10
0.0823158661417323
20
1.179176062992126
11
0.0819454724409449
21
1.1790746456692913
0
LINE
8
BLACK
6
CONTINUOUS
10
0.0819454724409449
20
1.1790746456692913
11
0.0812308267716535
21
1.1793128740157479
0
LINE
8
BLACK
6
CONTINUOUS
10
0.0812308267716535
20
1.1793128740157479
11
0.080893937007874
21
1.179986653543307
0
LINE
8
BLACK
6
CONTINUOUS
10
0.080893937007874
20
1.179986653543307
11
0.0811321653543307
21
1.1807012992125985
0
LINE
8
BLACK
6
CONTINUOUS
10
0.0811321653543307
20
1.1807012992125985
11
0.0833102755905512
21
1.1818741338582677
0
LINE
8
BLACK
6
CONTINUOUS
10
0.0833102755905512
20
1.1818741338582677
11
0.083324094488189
21
1.1818779133858268
0
LINE
8
BLACK
6
CONTINUOUS
10
0.083324094488189
20
1.1818779133858268
11
0.0849292519685039
21
1.1835644881889764
0
LINE
8
BLACK
6
CONTINUOUS
10
0.0849292519685039
20
1.1835644881889764
11
0.0850211023622047
21
1.1836258661417323
0
LINE
8
BLACK
6
CONTINUOUS
10
0.0850211023622047
20
1.1836258661417323
11
0.086681062992126
21
1.1862266929133858
0
LINE
8
BLACK
6
CONTINUOUS
10
0.086681062992126
20
1.1862266929133858
11
0.0869523228346457
21
1.186498503937008
0
LINE
8
BLACK
6
CONTINUOUS
10
0.0869523228346457
20
1.186498503937008
11
0.0870516535433071
21
1.1865183464566929
0
LINE
8
BLACK
6
CONTINUOUS
10
0.0870516535433071
20
1.1865183464566929
11
0.0871233464566929
21
1.1865900393700788
0
LINE
8
BLACK
6
CONTINUOUS
10
0.0871233464566929
20
1.1865900393700788
11
0.0874099606299213
21
1.1865900393700788
0
LINE
8
BLACK
6
CONTINUOUS
10
0.0874099606299213
20
1.1865900393700788
11
0.0876910236220472
21
1.1866462598425196
0
LINE
8
BLACK
6
CONTINUOUS
10
0.0876910236220472
20
1.1866462598425196
11
0.0877753543307087
21
1.1865900393700788
0
LINE
8
BLACK
6
CONTINUOUS
10
0.0877753543307087
20
1.1865900393700788
11
0.0878766535433071
21
1.1865900393700788
0
LINE
8
BLACK
6
CONTINUOUS
10
0.0878766535433071
20
1.1865900393700788
11
0.0880792913385827
21
1.1863873622047243
0
LINE
8
BLACK
6
CONTINUOUS
10
0.0880792913385827
20
1.1863873622047243
11
0.0883177952755906
21
1.1862283858267717
0
LINE
8
BLACK
6
CONTINUOUS
10
0.0883177952755906
20
1.1862283858267717
11
0.0883376377952756
21
1.1861290157480315
0
LINE
8
BLACK
6
CONTINUOUS
10
0.0883376377952756
20
1.1861290157480315
11
0.0884093307086614
21
1.1860573622047244
0
LINE
8
BLACK
6
CONTINUOUS
10
0.0884093307086614
20
1.1860573622047244
11
0.0884103937007874
21
1.18576531496063
0
LINE
8
BLACK
6
CONTINUOUS
10
0.0884103937007874
20
1.18576531496063
11
0.0884655511811024
21
1.1854897244094489
0
LINE
8
BLACK
6
CONTINUOUS
10
0.0884655511811024
20
1.1854897244094489
11
0.0884117322834646
21
1.1854054330708661
0
LINE
8
BLACK
6
CONTINUOUS
10
0.0884117322834646
20
1.1854054330708661
11
0.088480157480315
21
1.1670865748031496
0
LINE
8
BLACK
6
CONTINUOUS
10
0.088480157480315
20
1.1670865748031496
11
0.0888049606299213
21
1.1669520472440944
0
LINE
8
BLACK
6
CONTINUOUS
10
0.0888049606299213
20
1.1669520472440944
11
0.0931242913385827
21
1.1669799212598424
0
LINE
8
BLACK
6
CONTINUOUS
10
0.0931242913385827
20
1.1669799212598424
11
0.0935009448818898
21
1.1669050000000001
0
LINE
8
BLACK
6
CONTINUOUS
10
0.0935009448818898
20
1.1669050000000001
11
0.0940336220472441
21
1.1663723228346456
0
LINE
8
BLACK
6
CONTINUOUS
10
0.0940336220472441
20
1.1663723228346456
11
0.0940336220472441
21
1.1656190157480315
0
LINE
8
BLACK
6
CONTINUOUS
10
0.0940336220472441
20
1.1656190157480315
11
0.0935009448818898
21
1.1650863385826771
0
LINE
8
BLACK
6
CONTINUOUS
10
0.0935009448818898
20
1.1650863385826771
11
0.0913766141732283
21
1.1650726377952756
0
LINE
8
BLACK
6
CONTINUOUS
10
0.0913766141732283
20
1.1650726377952756
11
0.091616062992126
21
1.1648332283464566
0
LINE
8
BLACK
6
CONTINUOUS
10
0.091616062992126
20
1.1648332283464566
11
0.092497874015748
21
1.1627044094488188
0
LINE
8
BLACK
6
CONTINUOUS
10
0.092497874015748
20
1.1627044094488188
11
0.092497874015748
21
1.1604001574803149
0
LINE
8
BLACK
6
CONTINUOUS
10
0.092497874015748
20
1.1604001574803149
11
0.091616062992126
21
1.1582713385826771
0
LINE
8
BLACK
6
CONTINUOUS
10
0.091616062992126
20
1.1582713385826771
11
0.0899867716535433
21
1.1566420472440944
0
LINE
8
BLACK
6
CONTINUOUS
10
0.0899867716535433
20
1.1566420472440944
11
0.0878579527559055
21
1.1557602362204724
0
LINE
8
BLACK
6
CONTINUOUS
10
0.0878579527559055
20
1.1557602362204724
11
0.0700731889763779
21
1.1557164960629922
0
LINE
8
BLACK
6
CONTINUOUS
10
0.0700731889763779
20
1.1557164960629922
11
0.0701141732283465
21
1.1390550787401574
0
LINE
8
BLACK
6
CONTINUOUS
10
0.0701141732283465
20
1.1390550787401574
11
0.0700007086614173
21
1.1379029527559055
0
LINE
8
BLACK
6
CONTINUOUS
10
0.0700007086614173
20
1.1379029527559055
11
0.0691188976377953
21
1.1357741338582676
0
LINE
8
BLACK
6
CONTINUOUS
10
0.0691188976377953
20
1.1357741338582676
11
0.0674896062992126
21
1.1341448425196849
0
LINE
8
BLACK
6
CONTINUOUS
10
0.0674896062992126
20
1.1341448425196849
11
0.0653607874015748
21
1.133263031496063
0
LINE
8
BLACK
6
CONTINUOUS
10
0.0653607874015748
20
1.133263031496063
11
0.0630565354330709
21
1.133263031496063
0
LINE
8
BLACK
6
CONTINUOUS
10
0.0630565354330709
20
1.133263031496063
11
0.0609277165354331
21
1.1341448425196849
0
LINE
8
BLACK
6
CONTINUOUS
10
0.0609277165354331
20
1.1341448425196849
11
0.0592984251968504
21
1.1357741338582676
0
LINE
8
BLACK
6
CONTINUOUS
10
0.0592984251968504
20
1.1357741338582676
11
0.0584166141732283
21
1.1379029527559055
0
LINE
8
BLACK
6
CONTINUOUS
10
0.0584166141732283
20
1.1379029527559055
11
0.058372874015748
21
1.1556877165354331
0
LINE
8
BLACK
6
CONTINUOUS
10
0.058372874015748
20
1.1556877165354331
11
0.0417114566929134
21
1.1556467716535432
0
LINE
8
BLACK
6
CONTINUOUS
10
0.0417114566929134
20
1.1556467716535432
11
0.0405593307086614
21
1.1557602362204724
0
LINE
8
BLACK
6
CONTINUOUS
10
0.0405593307086614
20
1.1557602362204724
11
0.0384305118110236
21
1.1566420472440944
0
LINE
8
BLACK
6
CONTINUOUS
10
0.0384305118110236
20
1.1566420472440944
11
0.0368012204724409
21
1.1582713385826771
0
LINE
8
BLACK
6
CONTINUOUS
10
0.0368012204724409
20
1.1582713385826771
11
0.0359194094488189
21
1.1604001574803149
0
LINE
8
BLACK
6
CONTINUOUS
10
0.0359194094488189
20
1.1604001574803149
11
0.0359194094488189
21
1.1627044094488188
0
LINE
8
BLACK
6
CONTINUOUS
10
0.0359194094488189
20
1.1627044094488188
11
0.0368012204724409
21
1.1648332283464566
0
LINE
8
BLACK
6
CONTINUOUS
10
0.0368012204724409
20
1.1648332283464566
11
0.0384305118110236
21
1.1664625196850393
0
LINE
8
BLACK
6
CONTINUOUS
10
0.0384305118110236
20
1.1664625196850393
11
0.0405593307086614
21
1.1673443307086613
0
LINE
8
BLACK
6
CONTINUOUS
10
0.0405593307086614
20
1.1673443307086613
11
0.058344094488189
21
1.167388031496063
0
LINE
8
BLACK
6
CONTINUOUS
10
0.058344094488189
20
1.167388031496063
11
0.0583031496062992
21
1.1840494881889763
0
LINE
8
BLACK
6
CONTINUOUS
10
0.0583031496062992
20
1.1840494881889763
11
0.0584166141732283
21
1.1852016141732282
0
LINE
8
BLACK
6
CONTINUOUS
10
0.0584166141732283
20
1.1852016141732282
11
0.0592984251968504
21
1.1873304330708661
0
LINE
8
BLACK
6
CONTINUOUS
10
0.0592984251968504
20
1.1873304330708661
11
0.0609277165354331
21
1.1889597244094487
0
LINE
8
BLACK
6
CONTINUOUS
10
0.0609277165354331
20
1.1889597244094487
11
0.0630565354330709
21
1.1898415354330709
0
LINE
8
BLACK
6
CONTINUOUS
10
0.0630565354330709
20
1.1898415354330709
11
0.0653607874015748
21
1.1898415354330709
0
LINE
8
BLACK
6
CONTINUOUS
10
0.0653607874015748
20
1.1898415354330709
11
0.0674896062992126
21
1.1889597244094487
0
LINE
8
BLACK
6
CONTINUOUS
10
0.3470327165354331
20
1.1884562598425197
11
0.347228779527559
21
1.188375
0
LINE
8
BLACK
6
CONTINUOUS
10
0.347228779527559
20
1.188375
11
0.3474403937007874
21
1.1883600000000001
0
LINE
8
BLACK
6
CONTINUOUS
10
0.3474403937007874
20
1.1883600000000001
11
0.3485264173228346
21
1.1878374803149605
0
LINE
8
BLACK
6
CONTINUOUS
10
0.3485264173228346
20
1.1878374803149605
11
0.3491615354330709
21
1.1875744488188975
0
LINE
8
BLACK
6
CONTINUOUS
10
0.3491615354330709
20
1.1875744488188975
11
0.3492433464566929
21
1.1874925984251967
0
LINE
8
BLACK
6
CONTINUOUS
10
0.3492433464566929
20
1.1874925984251967
11
0.354145905511811
21
1.185134094488189
0
LINE
8
BLACK
6
CONTINUOUS
10
0.354145905511811
20
1.185134094488189
11
0.3543384251968504
21
1.185012874015748
0
LINE
8
BLACK
6
CONTINUOUS
10
0.3543384251968504
20
1.185012874015748
11
0.3544294488188977
21
1.1849825590551182
0
LINE
8
BLACK
6
CONTINUOUS
10
0.3544294488188977
20
1.1849825590551182
11
0.3545427559055118
21
1.1848842519685039
0
LINE
8
BLACK
6
CONTINUOUS
10
0.3545427559055118
20
1.1848842519685039
11
0.3551256692913386
21
1.1845173622047245
0
LINE
8
BLACK
6
CONTINUOUS
10
0.3551256692913386
20
1.1845173622047245
11
0.3556107480314961
21
1.1839579921259842
0
LINE
8
BLACK
6
CONTINUOUS
10
0.3556107480314961
20
1.1839579921259842
11
0.3561701968503937
21
1.1834728346456693
0
LINE
8
BLACK
6
CONTINUOUS
10
0.3561701968503937
20
1.1834728346456693
11
0.3563770078740157
21
1.1830744488188976
0
LINE
8
BLACK
6
CONTINUOUS
10
0.3563770078740157
20
1.1830744488188976
11
0.3566353543307086
21
1.1827766141732283
0
LINE
8
BLACK
6
CONTINUOUS
10
0.3566353543307086
20
1.1827766141732283
11
0.3568212598425197
21
1.1822188582677164
0
LINE
8
BLACK
6
CONTINUOUS
10
0.3568212598425197
20
1.1822188582677164
11
0.3595990944881889
21
1.1768688188976377
0
LINE
8
BLACK
6
CONTINUOUS
10
0.3595990944881889
20
1.1768688188976377
11
0.3600128346456693
21
1.1757875590551181
0
LINE
8
BLACK
6
CONTINUOUS
10
0.3600128346456693
20
1.1757875590551181
11
0.3600278346456693
21
1.1755759448818897
0
LINE
8
BLACK
6
CONTINUOUS
10
0.3600278346456693
20
1.1755759448818897
11
0.360109094488189
21
1.1753798818897638
0
LINE
8
BLACK
6
CONTINUOUS
10
0.360109094488189
20
1.1753798818897638
11
0.3601298031496063
21
1.1741412598425196
0
LINE
8
BLACK
6
CONTINUOUS
10
0.3601298031496063
20
1.1741412598425196
11
0.3601761811023622
21
1.1734891338582676
0
LINE
8
BLACK
6
CONTINUOUS
10
0.3601761811023622
20
1.1734891338582676
11
0.3601424409448819
21
1.1733879133858267
0
LINE
8
BLACK
6
CONTINUOUS
10
0.3601424409448819
20
1.1733879133858267
11
0.3602224409448819
21
1.1686103937007875
0
LINE
8
BLACK
6
CONTINUOUS
10
0.3602224409448819
20
1.1686103937007875
11
0.3602225984251968
21
1.1686096456692914
0
LINE
8
BLACK
6
CONTINUOUS
10
0.3602225984251968
20
1.1686096456692914
11
0.3602224409448819
21
1.1686089763779528
0
LINE
8
BLACK
6
CONTINUOUS
10
0.3602224409448819
20
1.1686089763779528
11
0.3602225590551181
21
1.1686034645669292
0
LINE
8
BLACK
6
CONTINUOUS
10
0.3602225590551181
20
1.1686034645669292
11
0.360109094488189
21
1.1674513385826772
0
LINE
8
BLACK
6
CONTINUOUS
10
0.360109094488189
20
1.1674513385826772
11
0.3598876771653543
21
1.1669168110236221
0
LINE
8
BLACK
6
CONTINUOUS
10
0.3598876771653543
20
1.1669168110236221
11
0.3597753937007874
21
1.1663492125984252
0
LINE
8
BLACK
6
CONTINUOUS
10
0.3597753937007874
20
1.1663492125984252
11
0.3594509842519685
21
1.1658626377952757
0
LINE
8
BLACK
6
CONTINUOUS
10
0.3594509842519685
20
1.1658626377952757
11
0.3592272834645669
21
1.1653225196850394
0
LINE
8
BLACK
6
CONTINUOUS
10
0.3592272834645669
20
1.1653225196850394
11
0.3588182283464567
21
1.164913464566929
0
LINE
8
BLACK
6
CONTINUOUS
10
0.3588182283464567
20
1.164913464566929
11
0.3584972834645669
21
1.1644320472440945
0
LINE
8
BLACK
6
CONTINUOUS
10
0.3584972834645669
20
1.1644320472440945
11
0.3580114173228346
21
1.1641066535433071
0
LINE
8
BLACK
6
CONTINUOUS
10
0.3580114173228346
20
1.1641066535433071
11
0.3575979921259843
21
1.1636932283464567
0
LINE
8
BLACK
6
CONTINUOUS
10
0.3575979921259843
20
1.1636932283464567
11
0.3570634645669291
21
1.163471811023622
0
LINE
8
BLACK
6
CONTINUOUS
10
0.3570634645669291
20
1.163471811023622
11
0.3565827165354331
21
1.1631498425196851
0
LINE
8
BLACK
6
CONTINUOUS
10
0.3565827165354331
20
1.1631498425196851
11
0.3559985039370079
21
1.1630306692913386
0
LINE
8
BLACK
6
CONTINUOUS
10
0.3559985039370079
20
1.1630306692913386
11
0.3554691732283464
21
1.1628114173228346
0
LINE
8
BLACK
6
CONTINUOUS
10
0.3554691732283464
20
1.1628114173228346
11
0.3549234251968504
21
1.1628114173228346
0
LINE
8
BLACK
6
CONTINUOUS
10
0.3549234251968504
20
1.1628114173228346
11
0.3320702362204724
21
1.1581503149606298
0
LINE
8
BLACK
6
CONTINUOUS
10
0.3320702362204724
20
1.1581503149606298
11
0.3320950787401575
21
1.1529741732283465
0
LINE
8
BLACK
6
CONTINUOUS
10
0.3320950787401575
20
1.1529741732283465
11
0.333414842519685
21
1.1504322834645668
0
LINE
8
BLACK
6
CONTINUOUS
10
0.333414842519685
20
1.1504322834645668
11
0.3361618897637795
21
1.1491107086614174
0
LINE
8
BLACK
6
CONTINUOUS
10
0.3361618897637795
20
1.1491107086614174
11
0.3446262992125984
21
1.1491881496062992
0
LINE
8
BLACK
6
CONTINUOUS
10
0.3446262992125984
20
1.1491881496062992
11
0.3488638188976378
21
1.151388346456693
0
LINE
8
BLACK
6
CONTINUOUS
10
0.3488638188976378
20
1.151388346456693
11
0.3499450787401575
21
1.1518020866141732
0
LINE
8
BLACK
6
CONTINUOUS
10
0.3499450787401575
20
1.1518020866141732
11
0.3522435039370079
21
1.1519654330708662
0
LINE
8
BLACK
6
CONTINUOUS
10
0.3522435039370079
20
1.1519654330708662
11
0.3544294094488189
21
1.151236811023622
0
LINE
8
BLACK
6
CONTINUOUS
10
0.3544294094488189
20
1.151236811023622
11
0.3561701968503937
21
1.1497270866141731
0
LINE
8
BLACK
6
CONTINUOUS
10
0.3561701968503937
20
1.1497270866141731
11
0.3572006692913386
21
1.1476661023622048
0
LINE
8
BLACK
6
CONTINUOUS
10
0.3572006692913386
20
1.1476661023622048
11
0.3573640157480315
21
1.1453676771653543
0
LINE
8
BLACK
6
CONTINUOUS
10
0.3573640157480315
20
1.1453676771653543
11
0.3566353543307086
21
1.1431817322834645
0
LINE
8
BLACK
6
CONTINUOUS
10
0.3566353543307086
20
1.1431817322834645
11
0.3551256692913386
21
1.1414409842519684
0
LINE
8
BLACK
6
CONTINUOUS
10
0.3551256692913386
20
1.1414409842519684
11
0.3485216141732284
21
1.1380120866141732
0
LINE
8
BLACK
6
CONTINUOUS
10
0.3485216141732284
20
1.1380120866141732
11
0.3474403937007874
21
1.1375983464566928
0
LINE
8
BLACK
6
CONTINUOUS
10
0.3474403937007874
20
1.1375983464566928
11
0.347228779527559
21
1.1375833070866141
0
LINE
8
BLACK
6
CONTINUOUS
10
0.347228779527559
20
1.1375833070866141
11
0.3470327165354331
21
1.1375020866141732
0
LINE
8
BLACK
6
CONTINUOUS
10
0.3470327165354331
20
1.1375020866141732
11
0.3459460236220472
21
1.1374921259842519
0
LINE
8
BLACK
6
CONTINUOUS
10
0.3459460236220472
20
1.1374921259842519
11
0.345141968503937
21
1.137435
0
LINE
8
BLACK
6
CONTINUOUS
10
0.345141968503937
20
1.137435
11
0.3449965748031496
21
1.1374834251968504
0
LINE
8
BLACK
6
CONTINUOUS
10
0.3449965748031496
20
1.1374834251968504
11
0.3346320078740158
21
1.137388622047244
0
LINE
8
BLACK
6
CONTINUOUS
10
0.3346320078740158
20
1.137388622047244
11
0.3334798818897638
21
1.1375020866141732
0
LINE
8
BLACK
6
CONTINUOUS
10
0.3334798818897638
20
1.1375020866141732
11
0.3332838976377953
21
1.1375832283464566
0
LINE
8
BLACK
6
CONTINUOUS
10
0.3332838976377953
20
1.1375832283464566
11
0.3330722047244095
21
1.1375983070866142
0
LINE
8
BLACK
6
CONTINUOUS
10
0.3330722047244095
20
1.1375983070866142
11
0.3319855905511811
21
1.1381210236220471
0
LINE
8
BLACK
6
CONTINUOUS
10
0.3319855905511811
20
1.1381210236220471
11
0.331351062992126
21
1.1383838976377954
0
LINE
8
BLACK
6
CONTINUOUS
10
0.331351062992126
20
1.1383838976377954
11
0.3312692913385827
21
1.1384656299212599
0
LINE
8
BLACK
6
CONTINUOUS
10
0.3312692913385827
20
1.1384656299212599
11
0.3263666535433071
21
1.1408242519685039
0
LINE
8
BLACK
6
CONTINUOUS
10
0.3263666535433071
20
1.1408242519685039
11
0.326173937007874
21
1.1409455118110237
0
LINE
8
BLACK
6
CONTINUOUS
10
0.326173937007874
20
1.1409455118110237
11
0.3260831102362204
21
1.1409758267716534
0
LINE
8
BLACK
6
CONTINUOUS
10
0.3260831102362204
20
1.1409758267716534
11
0.3259699212598425
21
1.141073937007874
0
LINE
8
BLACK
6
CONTINUOUS
10
0.3259699212598425
20
1.141073937007874
11
0.3253868897637795
21
1.1414409842519684
0
LINE
8
BLACK
6
CONTINUOUS
10
0.3253868897637795
20
1.1414409842519684
11
0.3249017322834646
21
1.1420003543307087
0
LINE
8
BLACK
6
CONTINUOUS
10
0.3249017322834646
20
1.1420003543307087
11
0.3243423622047244
21
1.1424855118110235
0
LINE
8
BLACK
6
CONTINUOUS
10
0.3243423622047244
20
1.1424855118110235
11
0.3241355118110236
21
1.1428838582677165
0
LINE
8
BLACK
6
CONTINUOUS
10
0.3241355118110236
20
1.1428838582677165
11
0.3238772047244095
21
1.1431817322834645
0
LINE
8
BLACK
6
CONTINUOUS
10
0.3238772047244095
20
1.1431817322834645
11
0.3236912204724409
21
1.1437395275590552
0
LINE
8
BLACK
6
CONTINUOUS
10
0.3236912204724409
20
1.1437395275590552
11
0.3209135039370078
21
1.1490895669291339
0
LINE
8
BLACK
6
CONTINUOUS
10
0.3209135039370078
20
1.1490895669291339
11
0.3204997244094488
21
1.1501708267716535
0
LINE
8
BLACK
6
CONTINUOUS
10
0.3204997244094488
20
1.1501708267716535
11
0.3204846850393701
21
1.150382440944882
0
LINE
8
BLACK
6
CONTINUOUS
10
0.3204846850393701
20
1.150382440944882
11
0.3204035039370079
21
1.150578464566929
0
LINE
8
BLACK
6
CONTINUOUS
10
0.3204035039370079
20
1.150578464566929
11
0.3203986220472441
21
1.1515935826771653
0
LINE
8
BLACK
6
CONTINUOUS
10
0.3203986220472441
20
1.1515935826771653
11
0.3203364173228346
21
1.1524692519685038
0
LINE
8
BLACK
6
CONTINUOUS
10
0.3203364173228346
20
1.1524692519685038
11
0.3203935826771653
21
1.1526407874015747
0
LINE
8
BLACK
6
CONTINUOUS
10
0.3203935826771653
20
1.1526407874015747
11
0.3203453543307087
21
1.1626963779527559
0
LINE
8
BLACK
6
CONTINUOUS
10
0.3203453543307087
20
1.1626963779527559
11
0.3202900393700787
21
1.1629730314960629
0
LINE
8
BLACK
6
CONTINUOUS
10
0.3202900393700787
20
1.1629730314960629
11
0.3203427559055118
21
1.1632394881889763
0
LINE
8
BLACK
6
CONTINUOUS
10
0.3203427559055118
20
1.1632394881889763
11
0.3202900393700787
21
1.1742277559055119
0
LINE
8
BLACK
6
CONTINUOUS
10
0.3202900393700787
20
1.1742277559055119
11
0.3204035039370079
21
1.1753798818897638
0
LINE
8
BLACK
6
CONTINUOUS
10
0.3204035039370079
20
1.1753798818897638
11
0.3204846850393701
21
1.1755758661417322
0
LINE
8
BLACK
6
CONTINUOUS
10
0.3204846850393701
20
1.1755758661417322
11
0.3204997244094488
21
1.1757875196850394
0
LINE
8
BLACK
6
CONTINUOUS
10
0.3204997244094488
20
1.1757875196850394
11
0.3210223622047244
21
1.176873937007874
0
LINE
8
BLACK
6
CONTINUOUS
10
0.3210223622047244
20
1.176873937007874
11
0.3212853149606299
21
1.1775087007874014
0
LINE
8
BLACK
6
CONTINUOUS
10
0.3212853149606299
20
1.1775087007874014
11
0.3213670866141732
21
1.1775904724409449
0
LINE
8
BLACK
6
CONTINUOUS
10
0.3213670866141732
20
1.1775904724409449
11
0.3237256299212599
21
1.1824930708661416
0
LINE
8
BLACK
6
CONTINUOUS
10
0.3237256299212599
20
1.1824930708661416
11
0.3238468897637795
21
1.1826857480314961
0
LINE
8
BLACK
6
CONTINUOUS
10
0.3238468897637795
20
1.1826857480314961
11
0.3238772047244095
21
1.1827766141732283
0
LINE
8
BLACK
6
CONTINUOUS
10
0.3238772047244095
20
1.1827766141732283
11
0.3239753149606299
21
1.1828897637795275
0
LINE
8
BLACK
6
CONTINUOUS
10
0.3239753149606299
20
1.1828897637795275
11
0.3243423622047244
21
1.1834728346456693
0
LINE
8
BLACK
6
CONTINUOUS
10
0.3243423622047244
20
1.1834728346456693
11
0.3249017322834646
21
1.1839579527559054
0
LINE
8
BLACK
6
CONTINUOUS
10
0.3249017322834646
20
1.1839579527559054
11
0.3253868897637795
21
1.1845173622047245
0
LINE
8
BLACK
6
CONTINUOUS
10
0.3253868897637795
20
1.1845173622047245
11
0.3257852362204725
21
1.1847241732283464
0
LINE
8
BLACK
6
CONTINUOUS
10
0.3257852362204725
20
1.1847241732283464
11
0.3260831102362204
21
1.1849825196850394
0
LINE
8
BLACK
6
CONTINUOUS
10
0.3260831102362204
20
1.1849825196850394
11
0.326640905511811
21
1.1851684251968504
0
LINE
8
BLACK
6
CONTINUOUS
10
0.326640905511811
20
1.1851684251968504
11
0.3319909842519685
21
1.1879462598425197
0
LINE
8
BLACK
6
CONTINUOUS
10
0.3319909842519685
20
1.1879462598425197
11
0.3330722047244095
21
1.1883600393700786
0
LINE
8
BLACK
6
CONTINUOUS
10
0.3330722047244095
20
1.1883600393700786
11
0.3332838976377953
21
1.1883750787401575
0
LINE
8
BLACK
6
CONTINUOUS
10
0.3332838976377953
20
1.1883750787401575
11
0.3334798818897638
21
1.1884562598425197
0
LINE
8
BLACK
6
CONTINUOUS
10
0.3334798818897638
20
1.1884562598425197
11
0.3345663385826771
21
1.1884661811023622
0
LINE
8
BLACK
6
CONTINUOUS
10
0.3345663385826771
20
1.1884661811023622
11
0.3353706299212598
21
1.1885233464566929
0
LINE
8
BLACK
6
CONTINUOUS
10
0.3353706299212598
20
1.1885233464566929
11
0.3355159842519685
21
1.1884748818897637
0
LINE
8
BLACK
6
CONTINUOUS
10
0.3355159842519685
20
1.1884748818897637
11
0.3458805905511811
21
1.1885697244094489
0
LINE
8
BLACK
6
CONTINUOUS
10
0.3458805905511811
20
1.1885697244094489
11
0.3470327165354331
21
1.1884562598425197
0
LINE
8
BLACK
6
CONTINUOUS
10
0.3358862598425197
20
1.1767701574803149
11
0.3333336220472441
21
1.1754448425196851
0
LINE
8
BLACK
6
CONTINUOUS
10
0.3333336220472441
20
1.1754448425196851
11
0.3320005511811023
21
1.1726738188976378
0
LINE
8
BLACK
6
CONTINUOUS
10
0.3320005511811023
20
1.1726738188976378
11
0.3320129921259842
21
1.1700813779527559
0
LINE
8
BLACK
6
CONTINUOUS
10
0.3320129921259842
20
1.1700813779527559
11
0.3482094094488189
21
1.1733848031496064
0
LINE
8
BLACK
6
CONTINUOUS
10
0.3482094094488189
20
1.1733848031496064
11
0.3470976377952756
21
1.175526062992126
0
LINE
8
BLACK
6
CONTINUOUS
10
0.3470976377952756
20
1.175526062992126
11
0.3443506692913386
21
1.1768475984251969
0
LINE
8
BLACK
6
CONTINUOUS
10
0.3443506692913386
20
1.1768475984251969
11
0.3358862598425197
21
1.1767701574803149
0
LINE
8
BLACK
6
CONTINUOUS
10
0.2756893700787402
20
1.2074797244094488
11
0.2774300787401575
21
1.20597
0
LINE
8
BLACK
6
CONTINUOUS
10
0.2774300787401575
20
1.20597
11
0.2784605511811024
21
1.2039090944881889
0
LINE
8
BLACK
6
CONTINUOUS
10
0.2784605511811024
20
1.2039090944881889
11
0.278623937007874
21
1.2016106692913386
0
LINE
8
BLACK
6
CONTINUOUS
10
0.278623937007874
20
1.2016106692913386
11
0.2586821653543307
21
1.1414266535433071
0
LINE
8
BLACK
6
CONTINUOUS
10
0.2586821653543307
20
1.1414266535433071
11
0.2582101968503937
21
1.1403695275590551
0
LINE
8
BLACK
6
CONTINUOUS
10
0.2582101968503937
20
1.1403695275590551
11
0.2579337007874016
21
1.1400507480314961
0
LINE
8
BLACK
6
CONTINUOUS
10
0.2579337007874016
20
1.1400507480314961
11
0.2577450393700788
21
1.1396733858267716
0
LINE
8
BLACK
6
CONTINUOUS
10
0.2577450393700788
20
1.1396733858267716
11
0.2571856299212598
21
1.139188188976378
0
LINE
8
BLACK
6
CONTINUOUS
10
0.2571856299212598
20
1.139188188976378
11
0.2567004724409448
21
1.1386288188976377
0
LINE
8
BLACK
6
CONTINUOUS
10
0.2567004724409448
20
1.1386288188976377
11
0.2563230708661417
21
1.1384401181102362
0
LINE
8
BLACK
6
CONTINUOUS
10
0.2563230708661417
20
1.1384401181102362
11
0.2560043307086614
21
1.1381636614173227
0
LINE
8
BLACK
6
CONTINUOUS
10
0.2560043307086614
20
1.1381636614173227
11
0.255301811023622
21
1.1379294488188976
0
LINE
8
BLACK
6
CONTINUOUS
10
0.255301811023622
20
1.1379294488188976
11
0.2546395669291339
21
1.1375983464566928
0
LINE
8
BLACK
6
CONTINUOUS
10
0.2546395669291339
20
1.1375983464566928
11
0.2542187401574803
21
1.1375684251968503
0
LINE
8
BLACK
6
CONTINUOUS
10
0.2542187401574803
20
1.1375684251968503
11
0.2538183464566929
21
1.1374349606299212
0
LINE
8
BLACK
6
CONTINUOUS
10
0.2538183464566929
20
1.1374349606299212
11
0.2530795275590551
21
1.1374874409448819
0
LINE
8
BLACK
6
CONTINUOUS
10
0.2530795275590551
20
1.1374874409448819
11
0.2523411023622047
21
1.137435
0
LINE
8
BLACK
6
CONTINUOUS
10
0.2523411023622047
20
1.137435
11
0.2519407874015748
21
1.1375684251968503
0
LINE
8
BLACK
6
CONTINUOUS
10
0.2519407874015748
20
1.1375684251968503
11
0.2515199212598425
21
1.1375983464566928
0
LINE
8
BLACK
6
CONTINUOUS
10
0.2515199212598425
20
1.1375983464566928
11
0.2508575590551181
21
1.1379294881889763
0
LINE
8
BLACK
6
CONTINUOUS
10
0.2508575590551181
20
1.1379294881889763
11
0.2501551181102362
21
1.1381636614173227
0
LINE
8
BLACK
6
CONTINUOUS
10
0.2501551181102362
20
1.1381636614173227
11
0.2498364173228347
21
1.1384400393700786
0
LINE
8
BLACK
6
CONTINUOUS
10
0.2498364173228347
20
1.1384400393700786
11
0.2494589763779528
21
1.1386287795275589
0
LINE
8
BLACK
6
CONTINUOUS
10
0.2494589763779528
20
1.1386287795275589
11
0.2489737007874016
21
1.1391882677165355
0
LINE
8
BLACK
6
CONTINUOUS
10
0.2489737007874016
20
1.1391882677165355
11
0.2484144094488189
21
1.1396733858267716
0
LINE
8
BLACK
6
CONTINUOUS
10
0.2484144094488189
20
1.1396733858267716
11
0.2482257086614173
21
1.1400507086614173
0
LINE
8
BLACK
6
CONTINUOUS
10
0.2482257086614173
20
1.1400507086614173
11
0.2479492519685039
21
1.1403695275590551
0
LINE
8
BLACK
6
CONTINUOUS
10
0.2479492519685039
20
1.1403695275590551
11
0.2477108267716535
21
1.1410804330708662
0
LINE
8
BLACK
6
CONTINUOUS
10
0.2477108267716535
20
1.1410804330708662
11
0.247383937007874
21
1.1417342913385826
0
LINE
8
BLACK
6
CONTINUOUS
10
0.247383937007874
20
1.1417342913385826
11
0.2473549606299213
21
1.1421417322834646
0
LINE
8
BLACK
6
CONTINUOUS
10
0.2473549606299213
20
1.1421417322834646
11
0.2277922440944882
21
1.2004817716535432
0
LINE
8
BLACK
6
CONTINUOUS
10
0.2277922440944882
20
1.2004817716535432
11
0.2275355511811024
21
1.2016106299212599
0
LINE
8
BLACK
6
CONTINUOUS
10
0.2275355511811024
20
1.2016106299212599
11
0.2276988976377953
21
1.2039090944881889
0
LINE
8
BLACK
6
CONTINUOUS
10
0.2276988976377953
20
1.2039090944881889
11
0.2287293700787401
21
1.20597
0
LINE
8
BLACK
6
CONTINUOUS
10
0.2287293700787401
20
1.20597
11
0.2304700787401575
21
1.2074797244094488
0
LINE
8
BLACK
6
CONTINUOUS
10
0.2304700787401575
20
1.2074797244094488
11
0.232656062992126
21
1.2082083858267716
0
LINE
8
BLACK
6
CONTINUOUS
10
0.232656062992126
20
1.2082083858267716
11
0.2349545275590551
21
1.2080450393700788
0
LINE
8
BLACK
6
CONTINUOUS
10
0.2349545275590551
20
1.2080450393700788
11
0.2370154330708661
21
1.2070145669291339
0
LINE
8
BLACK
6
CONTINUOUS
10
0.2370154330708661
20
1.2070145669291339
11
0.2385251574803149
21
1.2052738582677165
0
LINE
8
BLACK
6
CONTINUOUS
10
0.2385251574803149
20
1.2052738582677165
11
0.2531053149606299
21
1.1617928740157479
0
LINE
8
BLACK
6
CONTINUOUS
10
0.2531053149606299
20
1.1617928740157479
11
0.2671623228346456
21
1.2042167322834645
0
LINE
8
BLACK
6
CONTINUOUS
10
0.2671623228346456
20
1.2042167322834645
11
0.2676342913385827
21
1.2052738582677165
0
LINE
8
BLACK
6
CONTINUOUS
10
0.2676342913385827
20
1.2052738582677165
11
0.2691440157480315
21
1.2070146062992126
0
LINE
8
BLACK
6
CONTINUOUS
10
0.2691440157480315
20
1.2070146062992126
11
0.2712049606299213
21
1.2080450393700788
0
LINE
8
BLACK
6
CONTINUOUS
10
0.2712049606299213
20
1.2080450393700788
11
0.2735033858267716
21
1.2082084251968503
0
LINE
8
BLACK
6
CONTINUOUS
10
0.2735033858267716
20
1.2082084251968503
11
0.2756893700787402
21
1.2074797244094488
0
LINE
8
BLACK
6
CONTINUOUS
10
0.3104748031496063
20
1.1884562598425197
11
0.3126036220472441
21
1.1875744488188975
0
LINE
8
BLACK
6
CONTINUOUS
10
0.3126036220472441
20
1.1875744488188975
11
0.3142329133858268
21
1.185945157480315
0
LINE
8
BLACK
6
CONTINUOUS
10
0.3142329133858268
20
1.185945157480315
11
0.3151147244094488
21
1.1838163385826772
0
LINE
8
BLACK
6
CONTINUOUS
10
0.3151147244094488
20
1.1838163385826772
11
0.3151147244094488
21
1.1815120866141733
0
LINE
8
BLACK
6
CONTINUOUS
10
0.3151147244094488
20
1.1815120866141733
11
0.3142329133858268
21
1.1793832677165355
0
LINE
8
BLACK
6
CONTINUOUS
10
0.3142329133858268
20
1.1793832677165355
11
0.3126036220472441
21
1.1777539763779528
0
LINE
8
BLACK
6
CONTINUOUS
10
0.3126036220472441
20
1.1777539763779528
11
0.3104748031496063
21
1.1768721653543306
0
LINE
8
BLACK
6
CONTINUOUS
10
0.3104748031496063
20
1.1768721653543306
11
0.3049716141732283
21
1.1767799999999999
0
LINE
8
BLACK
6
CONTINUOUS
10
0.3049716141732283
20
1.1767799999999999
11
0.3014199212598425
21
1.1749359448818897
0
LINE
8
BLACK
6
CONTINUOUS
10
0.3014199212598425
20
1.1749359448818897
11
0.2999636220472441
21
1.1734137401574802
0
LINE
8
BLACK
6
CONTINUOUS
10
0.2999636220472441
20
1.1734137401574802
11
0.2982807086614173
21
1.1699155905511811
0
LINE
8
BLACK
6
CONTINUOUS
10
0.2982807086614173
20
1.1699155905511811
11
0.2983552755905512
21
1.1432941338582676
0
LINE
8
BLACK
6
CONTINUOUS
10
0.2983552755905512
20
1.1432941338582676
11
0.298241811023622
21
1.1421420078740157
0
LINE
8
BLACK
6
CONTINUOUS
10
0.298241811023622
20
1.1421420078740157
11
0.29736
21
1.1400131889763778
0
LINE
8
BLACK
6
CONTINUOUS
10
0.29736
20
1.1400131889763778
11
0.2957307086614173
21
1.1383838976377954
0
LINE
8
BLACK
6
CONTINUOUS
10
0.2957307086614173
20
1.1383838976377954
11
0.2936018897637795
21
1.1375020866141732
0
LINE
8
BLACK
6
CONTINUOUS
10
0.2936018897637795
20
1.1375020866141732
11
0.2912976377952756
21
1.1375020866141732
0
LINE
8
BLACK
6
CONTINUOUS
10
0.2912976377952756
20
1.1375020866141732
11
0.2891688188976378
21
1.1383838976377954
0
LINE
8
BLACK
6
CONTINUOUS
10
0.2891688188976378
20
1.1383838976377954
11
0.2875395275590551
21
1.1400131889763778
0
LINE
8
BLACK
6
CONTINUOUS
10
0.2875395275590551
20
1.1400131889763778
11
0.286657716535433
21
1.1421420078740157
0
LINE
8
BLACK
6
CONTINUOUS
10
0.286657716535433
20
1.1421420078740157
11
0.2865442519685039
21
1.1826642125984252
0
LINE
8
BLACK
6
CONTINUOUS
10
0.2865442519685039
20
1.1826642125984252
11
0.286657716535433
21
1.1838163385826772
0
LINE
8
BLACK
6
CONTINUOUS
10
0.286657716535433
20
1.1838163385826772
11
0.2875395275590551
21
1.185945157480315
0
LINE
8
BLACK
6
CONTINUOUS
10
0.2875395275590551
20
1.185945157480315
11
0.2891688188976378
21
1.1875744488188975
0
LINE
8
BLACK
6
CONTINUOUS
10
0.2891688188976378
20
1.1875744488188975
11
0.2912976377952756
21
1.1884562598425197
0
LINE
8
BLACK
6
CONTINUOUS
10
0.2912976377952756
20
1.1884562598425197
11
0.2936018897637795
21
1.1884562598425197
0
LINE
8
BLACK
6
CONTINUOUS
10
0.2936018897637795
20
1.1884562598425197
11
0.2957307086614173
21
1.1875744488188975
0
LINE
8
BLACK
6
CONTINUOUS
10
0.2957307086614173
20
1.1875744488188975
11
0.2973064173228346
21
1.1859987007874015
0
LINE
8
BLACK
6
CONTINUOUS
10
0.2973064173228346
20
1.1859987007874015
11
0.3010573228346456
21
1.1879462598425197
0
LINE
8
BLACK
6
CONTINUOUS
10
0.3010573228346456
20
1.1879462598425197
11
0.3021385826771654
21
1.1883600000000001
0
LINE
8
BLACK
6
CONTINUOUS
10
0.3021385826771654
20
1.1883600000000001
11
0.302350157480315
21
1.188375
0
LINE
8
BLACK
6
CONTINUOUS
10
0.302350157480315
20
1.188375
11
0.3025462598425197
21
1.1884562598425197
0
LINE
8
BLACK
6
CONTINUOUS
10
0.3025462598425197
20
1.1884562598425197
11
0.303784842519685
21
1.1884769685039369
0
LINE
8
BLACK
6
CONTINUOUS
10
0.303784842519685
20
1.1884769685039369
11
0.3044370078740157
21
1.1885233464566929
0
LINE
8
BLACK
6
CONTINUOUS
10
0.3044370078740157
20
1.1885233464566929
11
0.304538188976378
21
1.1884896062992125
0
LINE
8
BLACK
6
CONTINUOUS
10
0.304538188976378
20
1.1884896062992125
11
0.3093226771653543
21
1.1885697244094489
0
LINE
8
BLACK
6
CONTINUOUS
10
0.3093226771653543
20
1.1885697244094489
11
0.3104748031496063
21
1.1884562598425197
0
LINE
8
BLACK
6
CONTINUOUS
10
0.3948392125984252
20
1.2081412992125984
11
0.396968031496063
21
1.2072594881889764
0
LINE
8
BLACK
6
CONTINUOUS
10
0.396968031496063
20
1.2072594881889764
11
0.3985973228346457
21
1.2056301968503937
0
LINE
8
BLACK
6
CONTINUOUS
10
0.3985973228346457
20
1.2056301968503937
11
0.3994791338582677
21
1.2035013779527559
0
LINE
8
BLACK
6
CONTINUOUS
10
0.3994791338582677
20
1.2035013779527559
11
0.3994791338582677
21
1.201197125984252
0
LINE
8
BLACK
6
CONTINUOUS
10
0.3994791338582677
20
1.201197125984252
11
0.3985973228346457
21
1.1990683070866142
0
LINE
8
BLACK
6
CONTINUOUS
10
0.3985973228346457
20
1.1990683070866142
11
0.396968031496063
21
1.1974390157480315
0
LINE
8
BLACK
6
CONTINUOUS
10
0.396968031496063
20
1.1974390157480315
11
0.3948392125984252
21
1.1965572047244095
0
LINE
8
BLACK
6
CONTINUOUS
10
0.3948392125984252
20
1.1965572047244095
11
0.3893360236220472
21
1.1964650393700786
0
LINE
8
BLACK
6
CONTINUOUS
10
0.3893360236220472
20
1.1964650393700786
11
0.3867644488188977
21
1.195129842519685
0
LINE
8
BLACK
6
CONTINUOUS
10
0.3867644488188977
20
1.195129842519685
11
0.3854243307086614
21
1.1923442519685039
0
LINE
8
BLACK
6
CONTINUOUS
10
0.3854243307086614
20
1.1923442519685039
11
0.3854326771653543
21
1.1885301181102361
0
LINE
8
BLACK
6
CONTINUOUS
10
0.3854326771653543
20
1.1885301181102361
11
0.3936870866141732
21
1.1885697244094489
0
LINE
8
BLACK
6
CONTINUOUS
10
0.3936870866141732
20
1.1885697244094489
11
0.3948392125984252
21
1.1884562598425197
0
LINE
8
BLACK
6
CONTINUOUS
10
0.3948392125984252
20
1.1884562598425197
11
0.396968031496063
21
1.1875744488188975
0
LINE
8
BLACK
6
CONTINUOUS
10
0.396968031496063
20
1.1875744488188975
11
0.3985973228346457
21
1.185945157480315
0
LINE
8
BLACK
6
CONTINUOUS
10
0.3985973228346457
20
1.185945157480315
11
0.3994791338582677
21
1.1838163385826772
0
LINE
8
BLACK
6
CONTINUOUS
10
0.3994791338582677
20
1.1838163385826772
11
0.3994791338582677
21
1.1815120866141733
0
LINE
8
BLACK
6
CONTINUOUS
10
0.3994791338582677
20
1.1815120866141733
11
0.3985973228346457
21
1.1793832677165355
0
LINE
8
BLACK
6
CONTINUOUS
10
0.3985973228346457
20
1.1793832677165355
11
0.396968031496063
21
1.1777539763779528
0
LINE
8
BLACK
6
CONTINUOUS
10
0.396968031496063
20
1.1777539763779528
11
0.3948392125984252
21
1.1768721653543306
0
LINE
8
BLACK
6
CONTINUOUS
10
0.3948392125984252
20
1.1768721653543306
11
0.3854583464566929
21
1.176827125984252
0
LINE
8
BLACK
6
CONTINUOUS
10
0.3854583464566929
20
1.176827125984252
11
0.3855318503937008
21
1.1432941338582676
0
LINE
8
BLACK
6
CONTINUOUS
10
0.3855318503937008
20
1.1432941338582676
11
0.3854183858267716
21
1.1421420078740157
0
LINE
8
BLACK
6
CONTINUOUS
10
0.3854183858267716
20
1.1421420078740157
11
0.3845365748031496
21
1.1400131889763778
0
LINE
8
BLACK
6
CONTINUOUS
10
0.3845365748031496
20
1.1400131889763778
11
0.3829072834645669
21
1.1383838976377954
0
LINE
8
BLACK
6
CONTINUOUS
10
0.3829072834645669
20
1.1383838976377954
11
0.3807784645669291
21
1.1375020866141732
0
LINE
8
BLACK
6
CONTINUOUS
10
0.3807784645669291
20
1.1375020866141732
11
0.3784742125984252
21
1.1375020866141732
0
LINE
8
BLACK
6
CONTINUOUS
10
0.3784742125984252
20
1.1375020866141732
11
0.3763453937007874
21
1.1383838976377954
0
LINE
8
BLACK
6
CONTINUOUS
10
0.3763453937007874
20
1.1383838976377954
11
0.3747161023622047
21
1.1400131889763778
0
LINE
8
BLACK
6
CONTINUOUS
10
0.3747161023622047
20
1.1400131889763778
11
0.3738342913385826
21
1.1421420078740157
0
LINE
8
BLACK
6
CONTINUOUS
10
0.3738342913385826
20
1.1421420078740157
11
0.3737583858267716
21
1.1767710236220472
0
LINE
8
BLACK
6
CONTINUOUS
10
0.3737583858267716
20
1.1767710236220472
11
0.3711899212598425
21
1.1767587007874016
0
LINE
8
BLACK
6
CONTINUOUS
10
0.3711899212598425
20
1.1767587007874016
11
0.3700377952755906
21
1.1768721653543306
0
LINE
8
BLACK
6
CONTINUOUS
10
0.3700377952755906
20
1.1768721653543306
11
0.3679089763779527
21
1.1777539763779528
0
LINE
8
BLACK
6
CONTINUOUS
10
0.3679089763779527
20
1.1777539763779528
11
0.3662796850393701
21
1.1793832677165355
0
LINE
8
BLACK
6
CONTINUOUS
10
0.3662796850393701
20
1.1793832677165355
11
0.365397874015748
21
1.1815120866141733
0
LINE
8
BLACK
6
CONTINUOUS
10
0.365397874015748
20
1.1815120866141733
11
0.365397874015748
21
1.1838163385826772
0
LINE
8
BLACK
6
CONTINUOUS
10
0.365397874015748
20
1.1838163385826772
11
0.3662796850393701
21
1.185945157480315
0
LINE
8
BLACK
6
CONTINUOUS
10
0.3662796850393701
20
1.185945157480315
11
0.3679089763779527
21
1.1875744488188975
0
LINE
8
BLACK
6
CONTINUOUS
10
0.3679089763779527
20
1.1875744488188975
11
0.3700377952755906
21
1.1884562598425197
0
LINE
8
BLACK
6
CONTINUOUS
10
0.3700377952755906
20
1.1884562598425197
11
0.3737327165354331
21
1.1884739763779528
0
LINE
8
BLACK
6
CONTINUOUS
10
0.3737327165354331
20
1.1884739763779528
11
0.3737208267716535
21
1.1939127952755906
0
LINE
8
BLACK
6
CONTINUOUS
10
0.3737208267716535
20
1.1939127952755906
11
0.3738342913385826
21
1.1950649212598425
0
LINE
8
BLACK
6
CONTINUOUS
10
0.3738342913385826
20
1.1950649212598425
11
0.3739155118110236
21
1.1952609842519686
0
LINE
8
BLACK
6
CONTINUOUS
10
0.3739155118110236
20
1.1952609842519686
11
0.3739305511811024
21
1.1954725984251968
0
LINE
8
BLACK
6
CONTINUOUS
10
0.3739305511811024
20
1.1954725984251968
11
0.374453031496063
21
1.1965586220472442
0
LINE
8
BLACK
6
CONTINUOUS
10
0.374453031496063
20
1.1965586220472442
11
0.3747161023622047
21
1.1971937401574804
0
LINE
8
BLACK
6
CONTINUOUS
10
0.3747161023622047
20
1.1971937401574804
11
0.3747979133858267
21
1.1972755511811024
0
LINE
8
BLACK
6
CONTINUOUS
10
0.3747979133858267
20
1.1972755511811024
11
0.3771564566929134
21
1.2021781102362203
0
LINE
8
BLACK
6
CONTINUOUS
10
0.3771564566929134
20
1.2021781102362203
11
0.3772776377952756
21
1.2023706299212598
0
LINE
8
BLACK
6
CONTINUOUS
10
0.3772776377952756
20
1.2023706299212598
11
0.3773079921259843
21
1.202461653543307
0
LINE
8
BLACK
6
CONTINUOUS
10
0.3773079921259843
20
1.202461653543307
11
0.3774062598425197
21
1.2025749606299212
0
LINE
8
BLACK
6
CONTINUOUS
10
0.3774062598425197
20
1.2025749606299212
11
0.377773188976378
21
1.203157874015748
0
LINE
8
BLACK
6
CONTINUOUS
10
0.377773188976378
20
1.203157874015748
11
0.3783325196850393
21
1.2036429527559054
0
LINE
8
BLACK
6
CONTINUOUS
10
0.3783325196850393
20
1.2036429527559054
11
0.3788177165354331
21
1.2042024015748032
0
LINE
8
BLACK
6
CONTINUOUS
10
0.3788177165354331
20
1.2042024015748032
11
0.379216062992126
21
1.2044092125984251
0
LINE
8
BLACK
6
CONTINUOUS
10
0.379216062992126
20
1.2044092125984251
11
0.379513937007874
21
1.2046675590551181
0
LINE
8
BLACK
6
CONTINUOUS
10
0.379513937007874
20
1.2046675590551181
11
0.3800716535433071
21
1.2048534645669291
0
LINE
8
BLACK
6
CONTINUOUS
10
0.3800716535433071
20
1.2048534645669291
11
0.3854217322834645
21
1.2076312992125984
0
LINE
8
BLACK
6
CONTINUOUS
10
0.3854217322834645
20
1.2076312992125984
11
0.3865029921259843
21
1.2080450393700788
0
LINE
8
BLACK
6
CONTINUOUS
10
0.3865029921259843
20
1.2080450393700788
11
0.3867145669291339
21
1.2080600393700787
0
LINE
8
BLACK
6
CONTINUOUS
10
0.3867145669291339
20
1.2080600393700787
11
0.3869106692913385
21
1.2081412992125984
0
LINE
8
BLACK
6
CONTINUOUS
10
0.3869106692913385
20
1.2081412992125984
11
0.3881492519685039
21
1.2081620078740156
0
LINE
8
BLACK
6
CONTINUOUS
10
0.3881492519685039
20
1.2081620078740156
11
0.3888014173228346
21
1.2082083858267716
0
LINE
8
BLACK
6
CONTINUOUS
10
0.3888014173228346
20
1.2082083858267716
11
0.3889025984251969
21
1.2081746456692912
0
LINE
8
BLACK
6
CONTINUOUS
10
0.3889025984251969
20
1.2081746456692912
11
0.3936870866141732
21
1.2082547637795276
0
LINE
8
BLACK
6
CONTINUOUS
10
0.3936870866141732
20
1.2082547637795276
11
0.3948392125984252
21
1.2081412992125984
0
LINE
8
BLACK
6
CONTINUOUS
10
1.1643624015748031
20
1.1880261023622047
11
1.1680694881889764
21
1.1844795669291339
0
LINE
8
BLACK
6
CONTINUOUS
10
1.1680694881889764
20
1.1844795669291339
11
1.168803937007874
21
1.1835846456692913
0
LINE
8
BLACK
6
CONTINUOUS
10
1.168803937007874
20
1.1835846456692913
11
1.1688850787401575
21
1.1833887007874015
0
LINE
8
BLACK
6
CONTINUOUS
10
1.1688850787401575
20
1.1833887007874015
11
1.1690242125984251
21
1.1832283070866141
0
LINE
8
BLACK
6
CONTINUOUS
10
1.1690242125984251
20
1.1832283070866141
11
1.1693924015748032
21
1.1821638582677165
0
LINE
8
BLACK
6
CONTINUOUS
10
1.1693924015748032
20
1.1821638582677165
11
1.1696857086614172
21
1.1814558267716535
0
LINE
8
BLACK
6
CONTINUOUS
10
1.1696857086614172
20
1.1814558267716535
11
1.1696857086614172
21
1.181316062992126
0
LINE
8
BLACK
6
CONTINUOUS
10
1.1696857086614172
20
1.181316062992126
11
1.172308307086614
21
1.1737347244094487
0
LINE
8
BLACK
6
CONTINUOUS
10
1.172308307086614
20
1.1737347244094487
11
1.172438188976378
21
1.1731633464566928
0
LINE
8
BLACK
6
CONTINUOUS
10
1.172438188976378
20
1.1731633464566928
11
1.1724978740157479
21
1.1730193700787401
0
LINE
8
BLACK
6
CONTINUOUS
10
1.1724978740157479
20
1.1730193700787401
11
1.1724999999999999
21
1.1728916141732284
0
LINE
8
BLACK
6
CONTINUOUS
10
1.1724999999999999
20
1.1728916141732284
11
1.1725650000000001
21
1.1726058267716535
0
LINE
8
BLACK
6
CONTINUOUS
10
1.1725650000000001
20
1.1726058267716535
11
1.1725162598425196
21
1.1719203937007874
0
LINE
8
BLACK
6
CONTINUOUS
10
1.1725162598425196
20
1.1719203937007874
11
1.1726113385826771
21
1.1662429527559055
0
LINE
8
BLACK
6
CONTINUOUS
10
1.1726113385826771
20
1.1662429527559055
11
1.1725538976377952
21
1.1656600393700787
0
LINE
8
BLACK
6
CONTINUOUS
10
1.1725538976377952
20
1.1656600393700787
11
1.1725650000000001
21
1.1655043700787402
0
LINE
8
BLACK
6
CONTINUOUS
10
1.1725650000000001
20
1.1655043700787402
11
1.1725268897637795
21
1.1653856299212597
0
LINE
8
BLACK
6
CONTINUOUS
10
1.1725268897637795
20
1.1653856299212597
11
1.1724978740157479
21
1.1650908267716535
0
LINE
8
BLACK
6
CONTINUOUS
10
1.1724978740157479
20
1.1650908267716535
11
1.1722071259842519
21
1.1643889763779527
0
LINE
8
BLACK
6
CONTINUOUS
10
1.1722071259842519
20
1.1643889763779527
11
1.1694961811023621
21
1.1559390157480314
0
LINE
8
BLACK
6
CONTINUOUS
10
1.1694961811023621
20
1.1559390157480314
11
1.1690242125984251
21
1.1548818897637796
0
LINE
8
BLACK
6
CONTINUOUS
10
1.1690242125984251
20
1.1548818897637796
11
1.168885157480315
21
1.1547215748031496
0
LINE
8
BLACK
6
CONTINUOUS
10
1.168885157480315
20
1.1547215748031496
11
1.1688039763779527
21
1.1545255511811023
0
LINE
8
BLACK
6
CONTINUOUS
10
1.1688039763779527
20
1.1545255511811023
11
1.1680022440944882
21
1.1537035826771653
0
LINE
8
BLACK
6
CONTINUOUS
10
1.1680022440944882
20
1.1537035826771653
11
1.1675144488188975
21
1.1531411811023622
0
LINE
8
BLACK
6
CONTINUOUS
10
1.1675144488188975
20
1.1531411811023622
11
1.1673957874015748
21
1.1530818503937008
0
LINE
8
BLACK
6
CONTINUOUS
10
1.1673957874015748
20
1.1530818503937008
11
1.1624451968503937
21
1.1480063779527558
0
LINE
8
BLACK
6
CONTINUOUS
10
1.1624451968503937
20
1.1480063779527558
11
1.1619923622047243
21
1.1476347244094487
0
LINE
8
BLACK
6
CONTINUOUS
10
1.1619923622047243
20
1.1476347244094487
11
1.1618901574803149
21
1.1475168897637795
0
LINE
8
BLACK
6
CONTINUOUS
10
1.1618901574803149
20
1.1475168897637795
11
1.1617774409448818
21
1.147458346456693
0
LINE
8
BLACK
6
CONTINUOUS
10
1.1617774409448818
20
1.147458346456693
11
1.1615502755905511
21
1.1472719291338582
0
LINE
8
BLACK
6
CONTINUOUS
10
1.1615502755905511
20
1.1472719291338582
11
1.1608980314960631
21
1.1470017716535432
0
LINE
8
BLACK
6
CONTINUOUS
10
1.1608980314960631
20
1.1470017716535432
11
1.1552861023622047
21
1.1440879921259843
0
LINE
8
BLACK
6
CONTINUOUS
10
1.1552861023622047
20
1.1440879921259843
11
1.155201811023622
21
1.1440557086614174
0
LINE
8
BLACK
6
CONTINUOUS
10
1.155201811023622
20
1.1440557086614174
11
1.155167559055118
21
1.1440303543307087
0
LINE
8
BLACK
6
CONTINUOUS
10
1.155167559055118
20
1.1440303543307087
11
1.1550678740157481
21
1.1440044881889764
0
LINE
8
BLACK
6
CONTINUOUS
10
1.1550678740157481
20
1.1440044881889764
11
1.1542048818897637
21
1.1436742519685039
0
LINE
8
BLACK
6
CONTINUOUS
10
1.1542048818897637
20
1.1436742519685039
11
1.1536405905511811
21
1.1436341338582676
0
LINE
8
BLACK
6
CONTINUOUS
10
1.1536405905511811
20
1.1436341338582676
11
1.1428287795275591
21
1.1408287401574804
0
LINE
8
BLACK
6
CONTINUOUS
10
1.1428287795275591
20
1.1408287401574804
11
1.1426290944881889
21
1.1407992125984252
0
LINE
8
BLACK
6
CONTINUOUS
10
1.1426290944881889
20
1.1407992125984252
11
1.1425486220472441
21
1.1407658661417324
0
LINE
8
BLACK
6
CONTINUOUS
10
1.1425486220472441
20
1.1407658661417324
11
1.1423910236220471
21
1.1407639763779527
0
LINE
8
BLACK
6
CONTINUOUS
10
1.1423910236220471
20
1.1407639763779527
11
1.1416835433070867
21
1.1406593700787402
0
LINE
8
BLACK
6
CONTINUOUS
10
1.1416835433070867
20
1.1406593700787402
11
1.1410843307086613
21
1.1407485039370078
0
LINE
8
BLACK
6
CONTINUOUS
10
1.1410843307086613
20
1.1407485039370078
11
1.1329600393700787
21
1.1406524015748032
0
LINE
8
BLACK
6
CONTINUOUS
10
1.1329600393700787
20
1.1406524015748032
11
1.1327590944881889
21
1.1406721653543306
0
LINE
8
BLACK
6
CONTINUOUS
10
1.1327590944881889
20
1.1406721653543306
11
1.1326729921259842
21
1.1406593700787402
0
LINE
8
BLACK
6
CONTINUOUS
10
1.1326729921259842
20
1.1406593700787402
11
1.1325230708661418
21
1.1406954330708661
0
LINE
8
BLACK
6
CONTINUOUS
10
1.1325230708661418
20
1.1406954330708661
11
1.1318079133858268
21
1.1407658661417324
0
LINE
8
BLACK
6
CONTINUOUS
10
1.1318079133858268
20
1.1407658661417324
11
1.1312227952755904
21
1.1410082283464567
0
LINE
8
BLACK
6
CONTINUOUS
10
1.1312227952755904
20
1.1410082283464567
11
1.1202791732283464
21
1.1436408661417323
0
LINE
8
BLACK
6
CONTINUOUS
10
1.1202791732283464
20
1.1436408661417323
11
1.1201941732283465
21
1.1436712204724409
0
LINE
8
BLACK
6
CONTINUOUS
10
1.1201941732283465
20
1.1436712204724409
11
1.1201516535433071
21
1.1436742519685039
0
LINE
8
BLACK
6
CONTINUOUS
10
1.1201516535433071
20
1.1436742519685039
11
1.1200533070866141
21
1.1437215354330708
0
LINE
8
BLACK
6
CONTINUOUS
10
1.1200533070866141
20
1.1437215354330708
11
1.1191889763779528
21
1.1440303543307087
0
LINE
8
BLACK
6
CONTINUOUS
10
1.1191889763779528
20
1.1440303543307087
11
1.1187771259842521
21
1.1443354724409449
0
LINE
8
BLACK
6
CONTINUOUS
10
1.1187771259842521
20
1.1443354724409449
11
1.1134461417322834
21
1.146900157480315
0
LINE
8
BLACK
6
CONTINUOUS
10
1.1134461417322834
20
1.146900157480315
11
1.1129503937007874
21
1.1472122047244093
0
LINE
8
BLACK
6
CONTINUOUS
10
1.1129503937007874
20
1.1472122047244093
11
1.1128062204724409
21
1.1472719291338582
0
LINE
8
BLACK
6
CONTINUOUS
10
1.1128062204724409
20
1.1472719291338582
11
1.1127164566929133
21
1.1473594488188976
0
LINE
8
BLACK
6
CONTINUOUS
10
1.1127164566929133
20
1.1473594488188976
11
1.1124663779527559
21
1.1475168897637795
0
LINE
8
BLACK
6
CONTINUOUS
10
1.1124663779527559
20
1.1475168897637795
11
1.1119792913385826
21
1.1480784645669291
0
LINE
8
BLACK
6
CONTINUOUS
10
1.1119792913385826
20
1.1480784645669291
11
1.1062870472440944
21
1.1536306692913385
0
LINE
8
BLACK
6
CONTINUOUS
10
1.1062870472440944
20
1.1536306692913385
11
1.1055525984251968
21
1.1545255905511811
0
LINE
8
BLACK
6
CONTINUOUS
10
1.1055525984251968
20
1.1545255905511811
11
1.1054713779527559
21
1.1547216141732284
0
LINE
8
BLACK
6
CONTINUOUS
10
1.1054713779527559
20
1.1547216141732284
11
1.1053324015748032
21
1.1548818897637796
0
LINE
8
BLACK
6
CONTINUOUS
10
1.1053324015748032
20
1.1548818897637796
11
1.1049644488188977
21
1.1559454330708661
0
LINE
8
BLACK
6
CONTINUOUS
10
1.1049644488188977
20
1.1559454330708661
11
1.1046708267716536
21
1.1566544094488189
0
LINE
8
BLACK
6
CONTINUOUS
10
1.1046708267716536
20
1.1566544094488189
11
1.1046708267716536
21
1.1567943307086614
0
LINE
8
BLACK
6
CONTINUOUS
10
1.1046708267716536
20
1.1567943307086614
11
1.1020482677165353
21
1.1643754724409447
0
LINE
8
BLACK
6
CONTINUOUS
10
1.1020482677165353
20
1.1643754724409447
11
1.1019183858267716
21
1.1649466141732283
0
LINE
8
BLACK
6
CONTINUOUS
10
1.1019183858267716
20
1.1649466141732283
11
1.1018586614173229
21
1.1650908267716535
0
LINE
8
BLACK
6
CONTINUOUS
10
1.1018586614173229
20
1.1650908267716535
11
1.1018564960629922
21
1.1652187007874015
0
LINE
8
BLACK
6
CONTINUOUS
10
1.1018564960629922
20
1.1652187007874015
11
1.1017915748031495
21
1.1655043307086614
0
LINE
8
BLACK
6
CONTINUOUS
10
1.1017915748031495
20
1.1655043307086614
11
1.1018402362204724
21
1.1661894488188975
0
LINE
8
BLACK
6
CONTINUOUS
10
1.1018402362204724
20
1.1661894488188975
11
1.1017451968503937
21
1.1718672440944882
0
LINE
8
BLACK
6
CONTINUOUS
10
1.1017451968503937
20
1.1718672440944882
11
1.1018025984251969
21
1.1724503543307085
0
LINE
8
BLACK
6
CONTINUOUS
10
1.1018025984251969
20
1.1724503543307085
11
1.1017915748031495
21
1.1726058661417322
0
LINE
8
BLACK
6
CONTINUOUS
10
1.1017915748031495
20
1.1726058661417322
11
1.1018296062992126
21
1.1727244094488189
0
LINE
8
BLACK
6
CONTINUOUS
10
1.1018296062992126
20
1.1727244094488189
11
1.1018586614173229
21
1.1730193700787401
0
LINE
8
BLACK
6
CONTINUOUS
10
1.1018586614173229
20
1.1730193700787401
11
1.1021494881889764
21
1.173721496062992
0
LINE
8
BLACK
6
CONTINUOUS
10
1.1021494881889764
20
1.173721496062992
11
1.1048603937007875
21
1.1821711811023621
0
LINE
8
BLACK
6
CONTINUOUS
10
1.1048603937007875
20
1.1821711811023621
11
1.1053324015748032
21
1.1832283070866141
0
LINE
8
BLACK
6
CONTINUOUS
10
1.1053324015748032
20
1.1832283070866141
11
1.1054713779527559
21
1.1833885433070865
0
LINE
8
BLACK
6
CONTINUOUS
10
1.1054713779527559
20
1.1833885433070865
11
1.1055525984251968
21
1.1835846062992126
0
LINE
8
BLACK
6
CONTINUOUS
10
1.1055525984251968
20
1.1835846062992126
11
1.1065030314960629
21
1.1845780708661418
0
LINE
8
BLACK
6
CONTINUOUS
10
1.1065030314960629
20
1.1845780708661418
11
1.106842125984252
21
1.1849690157480315
0
LINE
8
BLACK
6
CONTINUOUS
10
1.106842125984252
20
1.1849690157480315
11
1.106909094488189
21
1.1850024803149606
0
LINE
8
BLACK
6
CONTINUOUS
10
1.106909094488189
20
1.1850024803149606
11
1.1090991732283464
21
1.1872916535433071
0
LINE
8
BLACK
6
CONTINUOUS
10
1.1090991732283464
20
1.1872916535433071
11
1.1099940551181102
21
1.1880261023622047
0
LINE
8
BLACK
6
CONTINUOUS
10
1.1099940551181102
20
1.1880261023622047
11
1.1121229133858268
21
1.1889078346456692
0
LINE
8
BLACK
6
CONTINUOUS
10
1.1121229133858268
20
1.1889078346456692
11
1.1144270866141732
21
1.1889078346456692
0
LINE
8
BLACK
6
CONTINUOUS
10
1.1144270866141732
20
1.1889078346456692
11
1.1165559055118111
21
1.1880261023622047
0
LINE
8
BLACK
6
CONTINUOUS
10
1.1165559055118111
20
1.1880261023622047
11
1.1181852755905513
21
1.1863967322834645
0
LINE
8
BLACK
6
CONTINUOUS
10
1.1181852755905513
20
1.1863967322834645
11
1.1190670078740157
21
1.1842679133858267
0
LINE
8
BLACK
6
CONTINUOUS
10
1.1190670078740157
20
1.1842679133858267
11
1.1190670078740157
21
1.1819637401574803
0
LINE
8
BLACK
6
CONTINUOUS
10
1.1190670078740157
20
1.1819637401574803
11
1.1181852755905513
21
1.1798348818897637
0
LINE
8
BLACK
6
CONTINUOUS
10
1.1181852755905513
20
1.1798348818897637
11
1.115512125984252
21
1.1770408267716534
0
LINE
8
BLACK
6
CONTINUOUS
10
1.115512125984252
20
1.1770408267716534
11
1.1134813779527559
21
1.1707111811023623
0
LINE
8
BLACK
6
CONTINUOUS
10
1.1134813779527559
20
1.1707111811023623
11
1.1135441732283464
21
1.1669619291338582
0
LINE
8
BLACK
6
CONTINUOUS
10
1.1135441732283464
20
1.1669619291338582
11
1.1156588976377952
21
1.1608487401574803
0
LINE
8
BLACK
6
CONTINUOUS
10
1.1156588976377952
20
1.1608487401574803
11
1.1197340551181103
21
1.1568738976377952
0
LINE
8
BLACK
6
CONTINUOUS
10
1.1197340551181103
20
1.1568738976377952
11
1.1241436614173228
21
1.1547525196850394
0
LINE
8
BLACK
6
CONTINUOUS
10
1.1241436614173228
20
1.1547525196850394
11
1.1340220472440945
21
1.1523761417322835
0
LINE
8
BLACK
6
CONTINUOUS
10
1.1340220472440945
20
1.1523761417322835
11
1.1410383070866141
21
1.1524591732283465
0
LINE
8
BLACK
6
CONTINUOUS
10
1.1410383070866141
20
1.1524591732283465
11
1.1509338582677164
21
1.1550268110236219
0
LINE
8
BLACK
6
CONTINUOUS
10
1.1509338582677164
20
1.1550268110236219
11
1.1549853149606299
21
1.1571303937007873
0
LINE
8
BLACK
6
CONTINUOUS
10
1.1549853149606299
20
1.1571303937007873
11
1.158852716535433
21
1.1610953149606298
0
LINE
8
BLACK
6
CONTINUOUS
10
1.158852716535433
20
1.1610953149606298
11
1.1608751181102361
21
1.1673990551181102
0
LINE
8
BLACK
6
CONTINUOUS
10
1.1608751181102361
20
1.1673990551181102
11
1.1608123228346456
21
1.1711481496062992
0
LINE
8
BLACK
6
CONTINUOUS
10
1.1608123228346456
20
1.1711481496062992
11
1.158716062992126
21
1.1772079921259841
0
LINE
8
BLACK
6
CONTINUOUS
10
1.158716062992126
20
1.1772079921259841
11
1.1569057480314959
21
1.1789399606299211
0
LINE
8
BLACK
6
CONTINUOUS
10
1.1569057480314959
20
1.1789399606299211
11
1.1561712992125983
21
1.1798348818897637
0
LINE
8
BLACK
6
CONTINUOUS
10
1.1561712992125983
20
1.1798348818897637
11
1.1552894881889764
21
1.1819637007874015
0
LINE
8
BLACK
6
CONTINUOUS
10
1.1552894881889764
20
1.1819637007874015
11
1.1552894881889764
21
1.184267874015748
0
LINE
8
BLACK
6
CONTINUOUS
10
1.1552894881889764
20
1.184267874015748
11
1.1561712598425196
21
1.1863966929133858
0
LINE
8
BLACK
6
CONTINUOUS
10
1.1561712598425196
20
1.1863966929133858
11
1.157800590551181
21
1.188026062992126
0
LINE
8
BLACK
6
CONTINUOUS
10
1.157800590551181
20
1.188026062992126
11
1.1599294094488188
21
1.1889078740157479
0
LINE
8
BLACK
6
CONTINUOUS
10
1.1599294094488188
20
1.1889078740157479
11
1.1622335826771653
21
1.1889078740157479
0
LINE
8
BLACK
6
CONTINUOUS
10
1.1622335826771653
20
1.1889078740157479
11
1.1643624015748031
21
1.1880261023622047
0
LINE
8
BLACK
6
CONTINUOUS
10
0.7515974015748031
20
1.1946258661417322
11
0.7516835433070866
21
1.1946387007874015
0
LINE
8
BLACK
6
CONTINUOUS
10
0.7516835433070866
20
1.1946387007874015
11
0.7518334251968504
21
1.1946025984251969
0
LINE
8
BLACK
6
CONTINUOUS
10
0.7518334251968504
20
1.1946025984251969
11
0.752548622047244
21
1.1945322047244094
0
LINE
8
BLACK
6
CONTINUOUS
10
0.752548622047244
20
1.1945322047244094
11
0.7531337007874016
21
1.1942898031496063
0
LINE
8
BLACK
6
CONTINUOUS
10
0.7531337007874016
20
1.1942898031496063
11
0.7640773622047244
21
1.1916572047244094
0
LINE
8
BLACK
6
CONTINUOUS
10
0.7640773622047244
20
1.1916572047244094
11
0.7641623228346457
21
1.1916268110236221
0
LINE
8
BLACK
6
CONTINUOUS
10
0.7641623228346457
20
1.1916268110236221
11
0.7642048818897638
21
1.1916238188976378
0
LINE
8
BLACK
6
CONTINUOUS
10
0.7642048818897638
20
1.1916238188976378
11
0.7643031889763779
21
1.1915764960629922
0
LINE
8
BLACK
6
CONTINUOUS
10
0.7643031889763779
20
1.1915764960629922
11
0.7651675590551181
21
1.1912677165354331
0
LINE
8
BLACK
6
CONTINUOUS
10
0.7651675590551181
20
1.1912677165354331
11
0.7655793700787401
21
1.1909625590551181
0
LINE
8
BLACK
6
CONTINUOUS
10
0.7655793700787401
20
1.1909625590551181
11
0.7709103937007874
21
1.1883979133858267
0
LINE
8
BLACK
6
CONTINUOUS
10
0.7709103937007874
20
1.1883979133858267
11
0.7714061811023621
21
1.1880857874015747
0
LINE
8
BLACK
6
CONTINUOUS
10
0.7714061811023621
20
1.1880857874015747
11
0.7715502755905511
21
1.1880261417322835
0
LINE
8
BLACK
6
CONTINUOUS
10
0.7715502755905511
20
1.1880261417322835
11
0.7716399212598425
21
1.1879386614173228
0
LINE
8
BLACK
6
CONTINUOUS
10
0.7716399212598425
20
1.1879386614173228
11
0.771890157480315
21
1.1877811811023622
0
LINE
8
BLACK
6
CONTINUOUS
10
0.771890157480315
20
1.1877811811023622
11
0.7723772834645669
21
1.1872194488188976
0
LINE
8
BLACK
6
CONTINUOUS
10
0.7723772834645669
20
1.1872194488188976
11
0.7780695275590551
21
1.1816674015748032
0
LINE
8
BLACK
6
CONTINUOUS
10
0.7780695275590551
20
1.1816674015748032
11
0.7788039763779527
21
1.1807725196850394
0
LINE
8
BLACK
6
CONTINUOUS
10
0.7788039763779527
20
1.1807725196850394
11
0.7788851574803149
21
1.1805764566929133
0
LINE
8
BLACK
6
CONTINUOUS
10
0.7788851574803149
20
1.1805764566929133
11
0.7790242125984251
21
1.1804161811023621
0
LINE
8
BLACK
6
CONTINUOUS
10
0.7790242125984251
20
1.1804161811023621
11
0.7793922440944882
21
1.1793521653543306
0
LINE
8
BLACK
6
CONTINUOUS
10
0.7793922440944882
20
1.1793521653543306
11
0.779685748031496
21
1.1786436614173228
0
LINE
8
BLACK
6
CONTINUOUS
10
0.779685748031496
20
1.1786436614173228
11
0.779685748031496
21
1.1785038188976378
0
LINE
8
BLACK
6
CONTINUOUS
10
0.779685748031496
20
1.1785038188976378
11
0.7823083070866141
21
1.1709225984251967
0
LINE
8
BLACK
6
CONTINUOUS
10
0.7823083070866141
20
1.1709225984251967
11
0.782438188976378
21
1.1703512204724409
0
LINE
8
BLACK
6
CONTINUOUS
10
0.782438188976378
20
1.1703512204724409
11
0.782497874015748
21
1.1702072440944882
0
LINE
8
BLACK
6
CONTINUOUS
10
0.782497874015748
20
1.1702072440944882
11
0.7824987795275591
21
1.1700848818897638
0
LINE
8
BLACK
6
CONTINUOUS
10
0.7824987795275591
20
1.1700848818897638
11
0.782565
21
1.1697937007874015
0
LINE
8
BLACK
6
CONTINUOUS
10
0.782565
20
1.1697937007874015
11
0.7825070078740157
21
1.1689783070866142
0
LINE
8
BLACK
6
CONTINUOUS
10
0.7825070078740157
20
1.1689783070866142
11
0.7826113385826772
21
1.1549943700787402
0
LINE
8
BLACK
6
CONTINUOUS
10
0.7826113385826772
20
1.1549943700787402
11
0.782497874015748
21
1.1538422440944882
0
LINE
8
BLACK
6
CONTINUOUS
10
0.782497874015748
20
1.1538422440944882
11
0.7816160629921259
21
1.1517134251968504
0
LINE
8
BLACK
6
CONTINUOUS
10
0.7816160629921259
20
1.1517134251968504
11
0.7799867716535432
21
1.1500841338582677
0
LINE
8
BLACK
6
CONTINUOUS
10
0.7799867716535432
20
1.1500841338582677
11
0.7778579527559055
21
1.1492023228346457
0
LINE
8
BLACK
6
CONTINUOUS
10
0.7778579527559055
20
1.1492023228346457
11
0.7176507086614173
21
1.1490888582677166
0
LINE
8
BLACK
6
CONTINUOUS
10
0.7176507086614173
20
1.1490888582677166
11
0.7164985826771654
21
1.1492023228346457
0
LINE
8
BLACK
6
CONTINUOUS
10
0.7164985826771654
20
1.1492023228346457
11
0.7143697637795275
21
1.1500841338582677
0
LINE
8
BLACK
6
CONTINUOUS
10
0.7143697637795275
20
1.1500841338582677
11
0.7127404724409448
21
1.1517134251968504
0
LINE
8
BLACK
6
CONTINUOUS
10
0.7127404724409448
20
1.1517134251968504
11
0.7118586614173228
21
1.1538422440944882
0
LINE
8
BLACK
6
CONTINUOUS
10
0.7118586614173228
20
1.1538422440944882
11
0.7117451968503937
21
1.1690551181102362
0
LINE
8
BLACK
6
CONTINUOUS
10
0.7117451968503937
20
1.1690551181102362
11
0.7118025984251969
21
1.1696382283464566
0
LINE
8
BLACK
6
CONTINUOUS
10
0.7118025984251969
20
1.1696382283464566
11
0.7117915748031496
21
1.1697937401574803
0
LINE
8
BLACK
6
CONTINUOUS
10
0.7117915748031496
20
1.1697937401574803
11
0.7118296062992125
21
1.169912283464567
0
LINE
8
BLACK
6
CONTINUOUS
10
0.7118296062992125
20
1.169912283464567
11
0.7118586614173228
21
1.1702072440944882
0
LINE
8
BLACK
6
CONTINUOUS
10
0.7118586614173228
20
1.1702072440944882
11
0.7121494881889764
21
1.1709093700787401
0
LINE
8
BLACK
6
CONTINUOUS
10
0.7121494881889764
20
1.1709093700787401
11
0.7148603937007874
21
1.1793590551181101
0
LINE
8
BLACK
6
CONTINUOUS
10
0.7148603937007874
20
1.1793590551181101
11
0.7153324015748032
21
1.1804161811023621
0
LINE
8
BLACK
6
CONTINUOUS
10
0.7153324015748032
20
1.1804161811023621
11
0.7154713779527558
21
1.1805764173228346
0
LINE
8
BLACK
6
CONTINUOUS
10
0.7154713779527558
20
1.1805764173228346
11
0.7155525984251968
21
1.1807724803149606
0
LINE
8
BLACK
6
CONTINUOUS
10
0.7155525984251968
20
1.1807724803149606
11
0.7163541732283465
21
1.1815942913385826
0
LINE
8
BLACK
6
CONTINUOUS
10
0.7163541732283465
20
1.1815942913385826
11
0.7168421259842519
21
1.1821568897637795
0
LINE
8
BLACK
6
CONTINUOUS
10
0.7168421259842519
20
1.1821568897637795
11
0.7169607874015748
21
1.1822162204724409
0
LINE
8
BLACK
6
CONTINUOUS
10
0.7169607874015748
20
1.1822162204724409
11
0.7219113385826772
21
1.1872916929133859
0
LINE
8
BLACK
6
CONTINUOUS
10
0.7219113385826772
20
1.1872916929133859
11
0.7223641732283465
21
1.1876633464566928
0
LINE
8
BLACK
6
CONTINUOUS
10
0.7223641732283465
20
1.1876633464566928
11
0.7224663779527559
21
1.1877811811023622
0
LINE
8
BLACK
6
CONTINUOUS
10
0.7224663779527559
20
1.1877811811023622
11
0.7225789763779528
21
1.1878396456692912
0
LINE
8
BLACK
6
CONTINUOUS
10
0.7225789763779528
20
1.1878396456692912
11
0.7228062204724409
21
1.1880261417322835
0
LINE
8
BLACK
6
CONTINUOUS
10
0.7228062204724409
20
1.1880261417322835
11
0.7234585826771653
21
1.1882963385826772
0
LINE
8
BLACK
6
CONTINUOUS
10
0.7234585826771653
20
1.1882963385826772
11
0.7290703937007874
21
1.1912100787401574
0
LINE
8
BLACK
6
CONTINUOUS
10
0.7290703937007874
20
1.1912100787401574
11
0.7291547244094488
21
1.1912423228346456
0
LINE
8
BLACK
6
CONTINUOUS
10
0.7291547244094488
20
1.1912423228346456
11
0.7291889763779528
21
1.1912677165354331
0
LINE
8
BLACK
6
CONTINUOUS
10
0.7291889763779528
20
1.1912677165354331
11
0.7292885039370078
21
1.1912935433070866
0
LINE
8
BLACK
6
CONTINUOUS
10
0.7292885039370078
20
1.1912935433070866
11
0.730151653543307
21
1.1916238188976378
0
LINE
8
BLACK
6
CONTINUOUS
10
0.730151653543307
20
1.1916238188976378
11
0.730715905511811
21
1.1916638976377953
0
LINE
8
BLACK
6
CONTINUOUS
10
0.730715905511811
20
1.1916638976377953
11
0.7415277559055118
21
1.1944693307086613
0
LINE
8
BLACK
6
CONTINUOUS
10
0.7415277559055118
20
1.1944693307086613
11
0.7417274015748031
21
1.1944988188976378
0
LINE
8
BLACK
6
CONTINUOUS
10
0.7417274015748031
20
1.1944988188976378
11
0.7418079133858267
21
1.1945322047244094
0
LINE
8
BLACK
6
CONTINUOUS
10
0.7418079133858267
20
1.1945322047244094
11
0.7419654724409449
21
1.1945340551181103
0
LINE
8
BLACK
6
CONTINUOUS
10
0.7419654724409449
20
1.1945340551181103
11
0.7426729921259843
21
1.1946387007874015
0
LINE
8
BLACK
6
CONTINUOUS
10
0.7426729921259843
20
1.1946387007874015
11
0.7432721653543307
21
1.1945495275590552
0
LINE
8
BLACK
6
CONTINUOUS
10
0.7432721653543307
20
1.1945495275590552
11
0.7513964960629921
21
1.1946456692913385
0
LINE
8
BLACK
6
CONTINUOUS
10
0.7513964960629921
20
1.1946456692913385
11
0.7515974015748031
21
1.1946258661417322
0
LINE
8
BLACK
6
CONTINUOUS
10
0.7433181889763779
20
1.1828388582677165
11
0.7334225984251969
21
1.1802712204724408
0
LINE
8
BLACK
6
CONTINUOUS
10
0.7334225984251969
20
1.1802712204724408
11
0.729371220472441
21
1.1781676771653542
0
LINE
8
BLACK
6
CONTINUOUS
10
0.729371220472441
20
1.1781676771653542
11
0.7255037795275591
21
1.1742026377952757
0
LINE
8
BLACK
6
CONTINUOUS
10
0.7255037795275591
20
1.1742026377952757
11
0.7234604330708662
21
1.1678337795275591
0
LINE
8
BLACK
6
CONTINUOUS
10
0.7234604330708662
20
1.1678337795275591
11
0.7235129133858268
21
1.1607996062992125
0
LINE
8
BLACK
6
CONTINUOUS
10
0.7235129133858268
20
1.1607996062992125
11
0.7708612204724409
21
1.1608888582677166
0
LINE
8
BLACK
6
CONTINUOUS
10
0.7708612204724409
20
1.1608888582677166
11
0.7708055118110236
21
1.1683557480314961
0
LINE
8
BLACK
6
CONTINUOUS
10
0.7708055118110236
20
1.1683557480314961
11
0.7686975984251968
21
1.1744493307086614
0
LINE
8
BLACK
6
CONTINUOUS
10
0.7686975984251968
20
1.1744493307086614
11
0.7646224409448819
21
1.1784241338582677
0
LINE
8
BLACK
6
CONTINUOUS
10
0.7646224409448819
20
1.1784241338582677
11
0.7602128346456692
21
1.1805455118110235
0
LINE
8
BLACK
6
CONTINUOUS
10
0.7602128346456692
20
1.1805455118110235
11
0.7503344488188977
21
1.1829218897637794
0
LINE
8
BLACK
6
CONTINUOUS
10
0.7503344488188977
20
1.1829218897637794
11
0.7433181889763779
21
1.1828388582677165
0
LINE
8
BLACK
6
CONTINUOUS
10
0.4555887401574803
20
1.2781973228346457
11
0.4557442519685039
21
1.2782083858267717
0
LINE
8
BLACK
6
CONTINUOUS
10
0.4557442519685039
20
1.2782083858267717
11
0.4558627952755905
21
1.2781703149606298
0
LINE
8
BLACK
6
CONTINUOUS
10
0.4558627952755905
20
1.2781703149606298
11
0.4561577559055118
21
1.2781412992125984
0
LINE
8
BLACK
6
CONTINUOUS
10
0.4561577559055118
20
1.2781412992125984
11
0.4568598818897638
21
1.2778504330708662
0
LINE
8
BLACK
6
CONTINUOUS
10
0.4568598818897638
20
1.2778504330708662
11
0.4653095669291338
21
1.2751395669291339
0
LINE
8
BLACK
6
CONTINUOUS
10
0.4653095669291338
20
1.2751395669291339
11
0.4663666929133858
21
1.274667559055118
0
LINE
8
BLACK
6
CONTINUOUS
10
0.4663666929133858
20
1.274667559055118
11
0.4681074015748031
21
1.2731578346456693
0
LINE
8
BLACK
6
CONTINUOUS
10
0.4681074015748031
20
1.2731578346456693
11
0.469137874015748
21
1.2710968897637795
0
LINE
8
BLACK
6
CONTINUOUS
10
0.469137874015748
20
1.2710968897637795
11
0.4693012204724409
21
1.268798464566929
0
LINE
8
BLACK
6
CONTINUOUS
10
0.4693012204724409
20
1.268798464566929
11
0.4685725590551181
21
1.2666124803149605
0
LINE
8
BLACK
6
CONTINUOUS
10
0.4685725590551181
20
1.2666124803149605
11
0.4670627952755905
21
1.2648717716535434
0
LINE
8
BLACK
6
CONTINUOUS
10
0.4670627952755905
20
1.2648717716535434
11
0.4650018897637795
21
1.2638412992125985
0
LINE
8
BLACK
6
CONTINUOUS
10
0.4650018897637795
20
1.2638412992125985
11
0.4627034645669291
21
1.2636779527559054
0
LINE
8
BLACK
6
CONTINUOUS
10
0.4627034645669291
20
1.2636779527559054
11
0.4537842913385827
21
1.2665394881889764
0
LINE
8
BLACK
6
CONTINUOUS
10
0.4537842913385827
20
1.2665394881889764
11
0.442195
21
1.2664530314960629
0
LINE
8
BLACK
6
CONTINUOUS
10
0.442195
20
1.2664530314960629
11
0.4386664173228346
21
1.2646209842519684
0
LINE
8
BLACK
6
CONTINUOUS
10
0.4386664173228346
20
1.2646209842519684
11
0.4372101574803149
21
1.2630988188976378
0
LINE
8
BLACK
6
CONTINUOUS
10
0.4372101574803149
20
1.2630988188976378
11
0.4355325590551181
21
1.2596116535433071
0
LINE
8
BLACK
6
CONTINUOUS
10
0.4355325590551181
20
1.2596116535433071
11
0.4355804724409449
21
1.2567495669291338
0
LINE
8
BLACK
6
CONTINUOUS
10
0.4355804724409449
20
1.2567495669291338
11
0.4374245275590551
21
1.2531978740157479
0
LINE
8
BLACK
6
CONTINUOUS
10
0.4374245275590551
20
1.2531978740157479
11
0.4389466929133858
21
1.2517416141732283
0
LINE
8
BLACK
6
CONTINUOUS
10
0.4389466929133858
20
1.2517416141732283
11
0.4433770866141732
21
1.2496102362204724
0
LINE
8
BLACK
6
CONTINUOUS
10
0.4433770866141732
20
1.2496102362204724
11
0.4536257480314961
21
1.2471448031496062
0
LINE
8
BLACK
6
CONTINUOUS
10
0.4536257480314961
20
1.2471448031496062
11
0.4537105905511811
21
1.2471144488188977
0
LINE
8
BLACK
6
CONTINUOUS
10
0.4537105905511811
20
1.2471144488188977
11
0.4537532677165354
21
1.2471114566929133
0
LINE
8
BLACK
6
CONTINUOUS
10
0.4537532677165354
20
1.2471114566929133
11
0.4538518897637795
21
1.2470639763779527
0
LINE
8
BLACK
6
CONTINUOUS
10
0.4538518897637795
20
1.2470639763779527
11
0.4547159448818898
21
1.2467553149606299
0
LINE
8
BLACK
6
CONTINUOUS
10
0.4547159448818898
20
1.2467553149606299
11
0.4551276377952756
21
1.2464502362204724
0
LINE
8
BLACK
6
CONTINUOUS
10
0.4551276377952756
20
1.2464502362204724
11
0.4604588188976378
21
1.2438855118110237
0
LINE
8
BLACK
6
CONTINUOUS
10
0.4604588188976378
20
1.2438855118110237
11
0.4609546062992126
21
1.2435733858267717
0
LINE
8
BLACK
6
CONTINUOUS
10
0.4609546062992126
20
1.2435733858267717
11
0.4610987007874016
21
1.2435137401574803
0
LINE
8
BLACK
6
CONTINUOUS
10
0.4610987007874016
20
1.2435137401574803
11
0.4611934645669291
21
1.243423031496063
0
LINE
8
BLACK
6
CONTINUOUS
10
0.4611934645669291
20
1.243423031496063
11
0.4614385826771654
21
1.243268779527559
0
LINE
8
BLACK
6
CONTINUOUS
10
0.4614385826771654
20
1.243268779527559
11
0.4618470866141732
21
1.2427977165354331
0
LINE
8
BLACK
6
CONTINUOUS
10
0.4618470866141732
20
1.2427977165354331
11
0.464805748031496
21
1.2399671653543307
0
LINE
8
BLACK
6
CONTINUOUS
10
0.464805748031496
20
1.2399671653543307
11
0.4651774015748031
21
1.2395142913385826
0
LINE
8
BLACK
6
CONTINUOUS
10
0.4651774015748031
20
1.2395142913385826
11
0.4652952362204724
21
1.2394121259842519
0
LINE
8
BLACK
6
CONTINUOUS
10
0.4652952362204724
20
1.2394121259842519
11
0.4653537007874016
21
1.2392994881889763
0
LINE
8
BLACK
6
CONTINUOUS
10
0.4653537007874016
20
1.2392994881889763
11
0.4655401968503937
21
1.2390722834645669
0
LINE
8
BLACK
6
CONTINUOUS
10
0.4655401968503937
20
1.2390722834645669
11
0.4658103543307087
21
1.2384199212598426
0
LINE
8
BLACK
6
CONTINUOUS
10
0.4658103543307087
20
1.2384199212598426
11
0.4687241338582677
21
1.232808031496063
0
LINE
8
BLACK
6
CONTINUOUS
10
0.4687241338582677
20
1.232808031496063
11
0.4691379133858268
21
1.2317268110236219
0
LINE
8
BLACK
6
CONTINUOUS
10
0.4691379133858268
20
1.2317268110236219
11
0.4691529527559055
21
1.2315150787401574
0
LINE
8
BLACK
6
CONTINUOUS
10
0.4691529527559055
20
1.2315150787401574
11
0.4692341338582677
21
1.2313191338582676
0
LINE
8
BLACK
6
CONTINUOUS
10
0.4692341338582677
20
1.2313191338582676
11
0.469254842519685
21
1.2300807086614174
0
LINE
8
BLACK
6
CONTINUOUS
10
0.469254842519685
20
1.2300807086614174
11
0.4693012204724409
21
1.2294283858267716
0
LINE
8
BLACK
6
CONTINUOUS
10
0.4693012204724409
20
1.2294283858267716
11
0.4692674803149606
21
1.2293271653543307
0
LINE
8
BLACK
6
CONTINUOUS
10
0.4692674803149606
20
1.2293271653543307
11
0.4693475984251969
21
1.224542716535433
0
LINE
8
BLACK
6
CONTINUOUS
10
0.4693475984251969
20
1.224542716535433
11
0.4692341338582677
21
1.223390590551181
0
LINE
8
BLACK
6
CONTINUOUS
10
0.4692341338582677
20
1.223390590551181
11
0.469152874015748
21
1.2231944881889762
0
LINE
8
BLACK
6
CONTINUOUS
10
0.469152874015748
20
1.2231944881889762
11
0.469137874015748
21
1.2229829133858268
0
LINE
8
BLACK
6
CONTINUOUS
10
0.469137874015748
20
1.2229829133858268
11
0.4686153543307087
21
1.2218968503937007
0
LINE
8
BLACK
6
CONTINUOUS
10
0.4686153543307087
20
1.2218968503937007
11
0.4683523228346457
21
1.2212617716535432
0
LINE
8
BLACK
6
CONTINUOUS
10
0.4683523228346457
20
1.2212617716535432
11
0.4682704724409449
21
1.2211799212598424
0
LINE
8
BLACK
6
CONTINUOUS
10
0.4682704724409449
20
1.2211799212598424
11
0.465911968503937
21
1.216277401574803
0
LINE
8
BLACK
6
CONTINUOUS
10
0.465911968503937
20
1.216277401574803
11
0.4655998818897638
21
1.215781653543307
0
LINE
8
BLACK
6
CONTINUOUS
10
0.4655998818897638
20
1.215781653543307
11
0.4655401968503937
21
1.2156374803149606
0
LINE
8
BLACK
6
CONTINUOUS
10
0.4655401968503937
20
1.2156374803149606
11
0.4654494488188976
21
1.2155425984251969
0
LINE
8
BLACK
6
CONTINUOUS
10
0.4654494488188976
20
1.2155425984251969
11
0.4652952362204724
21
1.2152976377952756
0
LINE
8
BLACK
6
CONTINUOUS
10
0.4652952362204724
20
1.2152976377952756
11
0.4648242913385827
21
1.2148892125984252
0
LINE
8
BLACK
6
CONTINUOUS
10
0.4648242913385827
20
1.2148892125984252
11
0.4619936220472441
21
1.2119304724409448
0
LINE
8
BLACK
6
CONTINUOUS
10
0.4619936220472441
20
1.2119304724409448
11
0.4615407874015748
21
1.2115588188976378
0
LINE
8
BLACK
6
CONTINUOUS
10
0.4615407874015748
20
1.2115588188976378
11
0.4614385826771654
21
1.2114409842519684
0
LINE
8
BLACK
6
CONTINUOUS
10
0.4614385826771654
20
1.2114409842519684
11
0.4613258661417323
21
1.2113824409448819
0
LINE
8
BLACK
6
CONTINUOUS
10
0.4613258661417323
20
1.2113824409448819
11
0.4610987007874016
21
1.2111960236220471
0
LINE
8
BLACK
6
CONTINUOUS
10
0.4610987007874016
20
1.2111960236220471
11
0.4604463779527559
21
1.2109258267716536
0
LINE
8
BLACK
6
CONTINUOUS
10
0.4604463779527559
20
1.2109258267716536
11
0.4548344881889764
21
1.2080120866141733
0
LINE
8
BLACK
6
CONTINUOUS
10
0.4548344881889764
20
1.2080120866141733
11
0.4537532677165354
21
1.2075983070866141
0
LINE
8
BLACK
6
CONTINUOUS
10
0.4537532677165354
20
1.2075983070866141
11
0.4535415354330709
21
1.2075832283464567
0
LINE
8
BLACK
6
CONTINUOUS
10
0.4535415354330709
20
1.2075832283464567
11
0.4533455905511811
21
1.2075020866141732
0
LINE
8
BLACK
6
CONTINUOUS
10
0.4533455905511811
20
1.2075020866141732
11
0.4522879921259843
21
1.2074941732283464
0
LINE
8
BLACK
6
CONTINUOUS
10
0.4522879921259843
20
1.2074941732283464
11
0.4514548031496063
21
1.207435
0
LINE
8
BLACK
6
CONTINUOUS
10
0.4514548031496063
20
1.207435
11
0.4512993307086614
21
1.2074868110236221
0
LINE
8
BLACK
6
CONTINUOUS
10
0.4512993307086614
20
1.2074868110236221
11
0.4381327559055118
21
1.2073886220472441
0
LINE
8
BLACK
6
CONTINUOUS
10
0.4381327559055118
20
1.2073886220472441
11
0.4375496062992126
21
1.2074460236220472
0
LINE
8
BLACK
6
CONTINUOUS
10
0.4375496062992126
20
1.2074460236220472
11
0.4373941338582677
21
1.207435
0
LINE
8
BLACK
6
CONTINUOUS
10
0.4373941338582677
20
1.207435
11
0.4372755511811023
21
1.2074730314960629
0
LINE
8
BLACK
6
CONTINUOUS
10
0.4372755511811023
20
1.2074730314960629
11
0.4369806299212599
21
1.2075020866141732
0
LINE
8
BLACK
6
CONTINUOUS
10
0.4369806299212599
20
1.2075020866141732
11
0.4362784251968504
21
1.2077929133858267
0
LINE
8
BLACK
6
CONTINUOUS
10
0.4362784251968504
20
1.2077929133858267
11
0.4278288188976378
21
1.2105038582677166
0
LINE
8
BLACK
6
CONTINUOUS
10
0.4278288188976378
20
1.2105038582677166
11
0.4267716929133858
21
1.2109758267716535
0
LINE
8
BLACK
6
CONTINUOUS
10
0.4267716929133858
20
1.2109758267716535
11
0.4250309448818897
21
1.2124855905511811
0
LINE
8
BLACK
6
CONTINUOUS
10
0.4250309448818897
20
1.2124855905511811
11
0.4240005118110236
21
1.2145464960629921
0
LINE
8
BLACK
6
CONTINUOUS
10
0.4240005118110236
20
1.2145464960629921
11
0.4238371653543307
21
1.2168449212598424
0
LINE
8
BLACK
6
CONTINUOUS
10
0.4238371653543307
20
1.2168449212598424
11
0.4245658267716536
21
1.2190309055118109
0
LINE
8
BLACK
6
CONTINUOUS
10
0.4245658267716536
20
1.2190309055118109
11
0.4260755905511811
21
1.2207716535433071
0
LINE
8
BLACK
6
CONTINUOUS
10
0.4260755905511811
20
1.2207716535433071
11
0.4281364960629921
21
1.2218020866141732
0
LINE
8
BLACK
6
CONTINUOUS
10
0.4281364960629921
20
1.2218020866141732
11
0.4304349212598425
21
1.221965433070866
0
LINE
8
BLACK
6
CONTINUOUS
10
0.4304349212598425
20
1.221965433070866
11
0.4393541732283465
21
1.2191038582677165
0
LINE
8
BLACK
6
CONTINUOUS
10
0.4393541732283465
20
1.2191038582677165
11
0.4509433464566929
21
1.2191903149606298
0
LINE
8
BLACK
6
CONTINUOUS
10
0.4509433464566929
20
1.2191903149606298
11
0.4544718897637795
21
1.2210223622047245
0
LINE
8
BLACK
6
CONTINUOUS
10
0.4544718897637795
20
1.2210223622047245
11
0.4559281889763779
21
1.2225445669291339
0
LINE
8
BLACK
6
CONTINUOUS
10
0.4559281889763779
20
1.2225445669291339
11
0.4576057874015748
21
1.2260316929133859
0
LINE
8
BLACK
6
CONTINUOUS
10
0.4576057874015748
20
1.2260316929133859
11
0.457557874015748
21
1.228893779527559
0
LINE
8
BLACK
6
CONTINUOUS
10
0.457557874015748
20
1.228893779527559
11
0.4557138582677165
21
1.2324453937007873
0
LINE
8
BLACK
6
CONTINUOUS
10
0.4557138582677165
20
1.2324453937007873
11
0.4541916535433071
21
1.2339016929133857
0
LINE
8
BLACK
6
CONTINUOUS
10
0.4541916535433071
20
1.2339016929133857
11
0.4497611811023622
21
1.2360331102362205
0
LINE
8
BLACK
6
CONTINUOUS
10
0.4497611811023622
20
1.2360331102362205
11
0.4395125984251969
21
1.2384985826771653
0
LINE
8
BLACK
6
CONTINUOUS
10
0.4395125984251969
20
1.2384985826771653
11
0.4394275984251969
21
1.238528937007874
0
LINE
8
BLACK
6
CONTINUOUS
10
0.4394275984251969
20
1.238528937007874
11
0.4393850787401575
21
1.2385319685039369
0
LINE
8
BLACK
6
CONTINUOUS
10
0.4393850787401575
20
1.2385319685039369
11
0.4392867322834645
21
1.2385792519685039
0
LINE
8
BLACK
6
CONTINUOUS
10
0.4392867322834645
20
1.2385792519685039
11
0.4384224015748032
21
1.2388880708661416
0
LINE
8
BLACK
6
CONTINUOUS
10
0.4384224015748032
20
1.2388880708661416
11
0.4380105511811023
21
1.2391931889763779
0
LINE
8
BLACK
6
CONTINUOUS
10
0.4380105511811023
20
1.2391931889763779
11
0.4326795669291338
21
1.241757874015748
0
LINE
8
BLACK
6
CONTINUOUS
10
0.4326795669291338
20
1.241757874015748
11
0.4321837401574803
21
1.2420699606299213
0
LINE
8
BLACK
6
CONTINUOUS
10
0.4321837401574803
20
1.2420699606299213
11
0.4320396850393701
21
1.2421296456692914
0
LINE
8
BLACK
6
CONTINUOUS
10
0.4320396850393701
20
1.2421296456692914
11
0.4319448818897638
21
1.2422203149606299
0
LINE
8
BLACK
6
CONTINUOUS
10
0.4319448818897638
20
1.2422203149606299
11
0.4316998031496063
21
1.2423746062992125
0
LINE
8
BLACK
6
CONTINUOUS
10
0.4316998031496063
20
1.2423746062992125
11
0.4312912598425196
21
1.2428456299212598
0
LINE
8
BLACK
6
CONTINUOUS
10
0.4312912598425196
20
1.2428456299212598
11
0.4283326377952756
21
1.2456761811023622
0
LINE
8
BLACK
6
CONTINUOUS
10
0.4283326377952756
20
1.2456761811023622
11
0.4279608661417323
21
1.2461291338582676
0
LINE
8
BLACK
6
CONTINUOUS
10
0.4279608661417323
20
1.2461291338582676
11
0.4278431102362205
21
1.2462312992125983
0
LINE
8
BLACK
6
CONTINUOUS
10
0.4278431102362205
20
1.2462312992125983
11
0.4277846062992126
21
1.2463438976377952
0
LINE
8
BLACK
6
CONTINUOUS
10
0.4277846062992126
20
1.2463438976377952
11
0.427598188976378
21
1.2465711023622046
0
LINE
8
BLACK
6
CONTINUOUS
10
0.427598188976378
20
1.2465711023622046
11
0.4273279133858268
21
1.2472235433070866
0
LINE
8
BLACK
6
CONTINUOUS
10
0.4273279133858268
20
1.2472235433070866
11
0.4244142519685039
21
1.2528353937007874
0
LINE
8
BLACK
6
CONTINUOUS
10
0.4244142519685039
20
1.2528353937007874
11
0.4240004724409449
21
1.2539166141732283
0
LINE
8
BLACK
6
CONTINUOUS
10
0.4240004724409449
20
1.2539166141732283
11
0.4239854330708661
21
1.2541282283464568
0
LINE
8
BLACK
6
CONTINUOUS
10
0.4239854330708661
20
1.2541282283464568
11
0.423904251968504
21
1.2543242519685038
0
LINE
8
BLACK
6
CONTINUOUS
10
0.423904251968504
20
1.2543242519685038
11
0.4238835039370079
21
1.2555626771653543
0
LINE
8
BLACK
6
CONTINUOUS
10
0.4238835039370079
20
1.2555626771653543
11
0.4238371653543307
21
1.2562150393700786
0
LINE
8
BLACK
6
CONTINUOUS
10
0.4238371653543307
20
1.2562150393700786
11
0.4238708661417322
21
1.256316220472441
0
LINE
8
BLACK
6
CONTINUOUS
10
0.4238708661417322
20
1.256316220472441
11
0.4237907874015748
21
1.2611006692913385
0
LINE
8
BLACK
6
CONTINUOUS
10
0.4237907874015748
20
1.2611006692913385
11
0.423904251968504
21
1.2622527952755904
0
LINE
8
BLACK
6
CONTINUOUS
10
0.423904251968504
20
1.2622527952755904
11
0.4239854330708661
21
1.262448779527559
0
LINE
8
BLACK
6
CONTINUOUS
10
0.4239854330708661
20
1.262448779527559
11
0.4240004724409449
21
1.2626604330708662
0
LINE
8
BLACK
6
CONTINUOUS
10
0.4240004724409449
20
1.2626604330708662
11
0.4245231102362205
21
1.2637468503937008
0
LINE
8
BLACK
6
CONTINUOUS
10
0.4245231102362205
20
1.2637468503937008
11
0.424786062992126
21
1.2643816141732283
0
LINE
8
BLACK
6
CONTINUOUS
10
0.424786062992126
20
1.2643816141732283
11
0.4248678346456693
21
1.2644633858267715
0
LINE
8
BLACK
6
CONTINUOUS
10
0.4248678346456693
20
1.2644633858267715
11
0.4272263779527559
21
1.2693659842519684
0
LINE
8
BLACK
6
CONTINUOUS
10
0.4272263779527559
20
1.2693659842519684
11
0.4275385039370079
21
1.2698618503937007
0
LINE
8
BLACK
6
CONTINUOUS
10
0.4275385039370079
20
1.2698618503937007
11
0.427598188976378
21
1.2700059055118109
0
LINE
8
BLACK
6
CONTINUOUS
10
0.427598188976378
20
1.2700059055118109
11
0.4276888188976378
21
1.2701006299212598
0
LINE
8
BLACK
6
CONTINUOUS
10
0.4276888188976378
20
1.2701006299212598
11
0.4278431102362205
21
1.2703457480314961
0
LINE
8
BLACK
6
CONTINUOUS
10
0.4278431102362205
20
1.2703457480314961
11
0.4283141732283465
21
1.2707542913385828
0
LINE
8
BLACK
6
CONTINUOUS
10
0.4283141732283465
20
1.2707542913385828
11
0.4311448031496063
21
1.2737129527559055
0
LINE
8
BLACK
6
CONTINUOUS
10
0.4311448031496063
20
1.2737129527559055
11
0.4315975590551181
21
1.2740845275590551
0
LINE
8
BLACK
6
CONTINUOUS
10
0.4315975590551181
20
1.2740845275590551
11
0.4316998031496063
21
1.274202401574803
0
LINE
8
BLACK
6
CONTINUOUS
10
0.4316998031496063
20
1.274202401574803
11
0.4318124803149606
21
1.274260905511811
0
LINE
8
BLACK
6
CONTINUOUS
10
0.4318124803149606
20
1.274260905511811
11
0.4320396850393701
21
1.2744473622047243
0
LINE
8
BLACK
6
CONTINUOUS
10
0.4320396850393701
20
1.2744473622047243
11
0.4326918503937008
21
1.2747174803149606
0
LINE
8
BLACK
6
CONTINUOUS
10
0.4326918503937008
20
1.2747174803149606
11
0.4383038188976378
21
1.2776312992125984
0
LINE
8
BLACK
6
CONTINUOUS
10
0.4383038188976378
20
1.2776312992125984
11
0.4393850787401575
21
1.2780450393700786
0
LINE
8
BLACK
6
CONTINUOUS
10
0.4393850787401575
20
1.2780450393700786
11
0.4395966535433071
21
1.2780600393700787
0
LINE
8
BLACK
6
CONTINUOUS
10
0.4395966535433071
20
1.2780600393700787
11
0.4397927559055118
21
1.2781412992125984
0
LINE
8
BLACK
6
CONTINUOUS
10
0.4397927559055118
20
1.2781412992125984
11
0.4408505118110236
21
1.2781491732283465
0
LINE
8
BLACK
6
CONTINUOUS
10
0.4408505118110236
20
1.2781491732283465
11
0.4416835039370078
21
1.2782083858267717
0
LINE
8
BLACK
6
CONTINUOUS
10
0.4416835039370078
20
1.2782083858267717
11
0.4418389763779527
21
1.2781565354330708
0
LINE
8
BLACK
6
CONTINUOUS
10
0.4418389763779527
20
1.2781565354330708
11
0.4550056299212598
21
1.2782547637795276
0
LINE
8
BLACK
6
CONTINUOUS
10
0.4550056299212598
20
1.2782547637795276
11
0.4555887401574803
21
1.2781973228346457
0
LINE
8
BLACK
6
CONTINUOUS
10
0.5118316929133858
20
1.2781973228346457
11
0.5119872047244094
21
1.2782083858267717
0
LINE
8
BLACK
6
CONTINUOUS
10
0.5119872047244094
20
1.2782083858267717
11
0.512105748031496
21
1.2781703149606298
0
LINE
8
BLACK
6
CONTINUOUS
10
0.512105748031496
20
1.2781703149606298
11
0.5124007086614173
21
1.2781412992125984
0
LINE
8
BLACK
6
CONTINUOUS
10
0.5124007086614173
20
1.2781412992125984
11
0.5131028346456693
21
1.2778504330708662
0
LINE
8
BLACK
6
CONTINUOUS
10
0.5131028346456693
20
1.2778504330708662
11
0.5215525196850394
21
1.2751395669291339
0
LINE
8
BLACK
6
CONTINUOUS
10
0.5215525196850394
20
1.2751395669291339
11
0.5226096456692914
21
1.274667559055118
0
LINE
8
BLACK
6
CONTINUOUS
10
0.5226096456692914
20
1.274667559055118
11
0.5227698818897638
21
1.2745285433070865
0
LINE
8
BLACK
6
CONTINUOUS
10
0.5227698818897638
20
1.2745285433070865
11
0.5229659448818897
21
1.2744473622047243
0
LINE
8
BLACK
6
CONTINUOUS
10
0.5229659448818897
20
1.2744473622047243
11
0.5239594094488189
21
1.2734968897637795
0
LINE
8
BLACK
6
CONTINUOUS
10
0.5239594094488189
20
1.2734968897637795
11
0.5243503543307086
21
1.2731578346456693
0
LINE
8
BLACK
6
CONTINUOUS
10
0.5243503543307086
20
1.2731578346456693
11
0.5243838188976377
21
1.2730908267716534
0
LINE
8
BLACK
6
CONTINUOUS
10
0.5243838188976377
20
1.2730908267716534
11
0.5266729921259843
21
1.2709007874015747
0
LINE
8
BLACK
6
CONTINUOUS
10
0.5266729921259843
20
1.2709007874015747
11
0.5274074409448819
21
1.2700059055118109
0
LINE
8
BLACK
6
CONTINUOUS
10
0.5274074409448819
20
1.2700059055118109
11
0.5282891732283465
21
1.2678770472440946
0
LINE
8
BLACK
6
CONTINUOUS
10
0.5282891732283465
20
1.2678770472440946
11
0.5282891732283465
21
1.2655728740157479
0
LINE
8
BLACK
6
CONTINUOUS
10
0.5282891732283465
20
1.2655728740157479
11
0.5274074409448819
21
1.2634440551181103
0
LINE
8
BLACK
6
CONTINUOUS
10
0.5274074409448819
20
1.2634440551181103
11
0.5257780708661417
21
1.2618146850393701
0
LINE
8
BLACK
6
CONTINUOUS
10
0.5257780708661417
20
1.2618146850393701
11
0.5236492519685039
21
1.2609329527559054
0
LINE
8
BLACK
6
CONTINUOUS
10
0.5236492519685039
20
1.2609329527559054
11
0.5213450787401575
21
1.2609329527559054
0
LINE
8
BLACK
6
CONTINUOUS
10
0.5213450787401575
20
1.2609329527559054
11
0.519216220472441
21
1.2618146850393701
0
LINE
8
BLACK
6
CONTINUOUS
10
0.519216220472441
20
1.2618146850393701
11
0.5164221653543307
21
1.2644877952755906
0
LINE
8
BLACK
6
CONTINUOUS
10
0.5164221653543307
20
1.2644877952755906
11
0.5100925196850393
21
1.2665185433070867
0
LINE
8
BLACK
6
CONTINUOUS
10
0.5100925196850393
20
1.2665185433070867
11
0.5063432283464567
21
1.266455748031496
0
LINE
8
BLACK
6
CONTINUOUS
10
0.5063432283464567
20
1.266455748031496
11
0.500230157480315
21
1.2643410236220471
0
LINE
8
BLACK
6
CONTINUOUS
10
0.500230157480315
20
1.2643410236220471
11
0.4962552362204724
21
1.2602658267716536
0
LINE
8
BLACK
6
CONTINUOUS
10
0.4962552362204724
20
1.2602658267716536
11
0.4941338582677165
21
1.2558562598425196
0
LINE
8
BLACK
6
CONTINUOUS
10
0.4941338582677165
20
1.2558562598425196
11
0.4917574803149606
21
1.2459778740157481
0
LINE
8
BLACK
6
CONTINUOUS
10
0.4917574803149606
20
1.2459778740157481
11
0.4918405118110236
21
1.2389616141732283
0
LINE
8
BLACK
6
CONTINUOUS
10
0.4918405118110236
20
1.2389616141732283
11
0.4944081496062992
21
1.229066062992126
0
LINE
8
BLACK
6
CONTINUOUS
10
0.4944081496062992
20
1.229066062992126
11
0.4965117322834646
21
1.2250145669291339
0
LINE
8
BLACK
6
CONTINUOUS
10
0.4965117322834646
20
1.2250145669291339
11
0.5004766929133858
21
1.2211472047244094
0
LINE
8
BLACK
6
CONTINUOUS
10
0.5004766929133858
20
1.2211472047244094
11
0.5067804330708662
21
1.2191248031496063
0
LINE
8
BLACK
6
CONTINUOUS
10
0.5067804330708662
20
1.2191248031496063
11
0.5105295669291339
21
1.2191875984251968
0
LINE
8
BLACK
6
CONTINUOUS
10
0.5105295669291339
20
1.2191875984251968
11
0.5165892913385827
21
1.2212838582677166
0
LINE
8
BLACK
6
CONTINUOUS
10
0.5165892913385827
20
1.2212838582677166
11
0.5183213385826771
21
1.223094251968504
0
LINE
8
BLACK
6
CONTINUOUS
10
0.5183213385826771
20
1.223094251968504
11
0.519216220472441
21
1.2238287007874016
0
LINE
8
BLACK
6
CONTINUOUS
10
0.519216220472441
20
1.2238287007874016
11
0.5213450787401575
21
1.224710433070866
0
LINE
8
BLACK
6
CONTINUOUS
10
0.5213450787401575
20
1.224710433070866
11
0.5236492519685039
21
1.224710433070866
0
LINE
8
BLACK
6
CONTINUOUS
10
0.5236492519685039
20
1.224710433070866
11
0.5257780708661417
21
1.2238287007874016
0
LINE
8
BLACK
6
CONTINUOUS
10
0.5257780708661417
20
1.2238287007874016
11
0.5274074409448819
21
1.2221993307086614
0
LINE
8
BLACK
6
CONTINUOUS
10
0.5274074409448819
20
1.2221993307086614
11
0.5282891732283465
21
1.2200705118110236
0
LINE
8
BLACK
6
CONTINUOUS
10
0.5282891732283465
20
1.2200705118110236
11
0.5282891732283465
21
1.2177663385826771
0
LINE
8
BLACK
6
CONTINUOUS
10
0.5282891732283465
20
1.2177663385826771
11
0.5274074409448819
21
1.2156374803149606
0
LINE
8
BLACK
6
CONTINUOUS
10
0.5274074409448819
20
1.2156374803149606
11
0.5238608661417322
21
1.2119304724409448
0
LINE
8
BLACK
6
CONTINUOUS
10
0.5238608661417322
20
1.2119304724409448
11
0.5229659448818897
21
1.2111960236220471
0
LINE
8
BLACK
6
CONTINUOUS
10
0.5229659448818897
20
1.2111960236220471
11
0.5227698818897638
21
1.2111148031496062
0
LINE
8
BLACK
6
CONTINUOUS
10
0.5227698818897638
20
1.2111148031496062
11
0.5226096456692914
21
1.2109758267716535
0
LINE
8
BLACK
6
CONTINUOUS
10
0.5226096456692914
20
1.2109758267716535
11
0.521546062992126
21
1.210607874015748
0
LINE
8
BLACK
6
CONTINUOUS
10
0.521546062992126
20
1.210607874015748
11
0.5208371259842519
21
1.210314251968504
0
LINE
8
BLACK
6
CONTINUOUS
10
0.5208371259842519
20
1.210314251968504
11
0.5206972047244094
21
1.210314251968504
0
LINE
8
BLACK
6
CONTINUOUS
10
0.5206972047244094
20
1.210314251968504
11
0.513116062992126
21
1.2076916929133859
0
LINE
8
BLACK
6
CONTINUOUS
10
0.513116062992126
20
1.2076916929133859
11
0.5125448818897638
21
1.2075618110236219
0
LINE
8
BLACK
6
CONTINUOUS
10
0.5125448818897638
20
1.2075618110236219
11
0.5124007086614173
21
1.2075020866141732
0
LINE
8
BLACK
6
CONTINUOUS
10
0.5124007086614173
20
1.2075020866141732
11
0.5122727952755906
21
1.2074999212598425
0
LINE
8
BLACK
6
CONTINUOUS
10
0.5122727952755906
20
1.2074999212598425
11
0.5119872047244094
21
1.207435
0
LINE
8
BLACK
6
CONTINUOUS
10
0.5119872047244094
20
1.207435
11
0.5113020472440944
21
1.2074836614173228
0
LINE
8
BLACK
6
CONTINUOUS
10
0.5113020472440944
20
1.2074836614173228
11
0.5056242913385827
21
1.2073886220472441
0
LINE
8
BLACK
6
CONTINUOUS
10
0.5056242913385827
20
1.2073886220472441
11
0.5050411417322834
21
1.2074460236220472
0
LINE
8
BLACK
6
CONTINUOUS
10
0.5050411417322834
20
1.2074460236220472
11
0.5048856692913386
21
1.207435
0
LINE
8
BLACK
6
CONTINUOUS
10
0.5048856692913386
20
1.207435
11
0.5047670866141732
21
1.2074730314960629
0
LINE
8
BLACK
6
CONTINUOUS
10
0.5047670866141732
20
1.2074730314960629
11
0.5044721653543307
21
1.2075020866141732
0
LINE
8
BLACK
6
CONTINUOUS
10
0.5044721653543307
20
1.2075020866141732
11
0.5037699606299213
21
1.2077929133858267
0
LINE
8
BLACK
6
CONTINUOUS
10
0.5037699606299213
20
1.2077929133858267
11
0.4953203543307086
21
1.2105038582677166
0
LINE
8
BLACK
6
CONTINUOUS
10
0.4953203543307086
20
1.2105038582677166
11
0.4942632283464567
21
1.2109758267716535
0
LINE
8
BLACK
6
CONTINUOUS
10
0.4942632283464567
20
1.2109758267716535
11
0.4941029921259842
21
1.2111147637795274
0
LINE
8
BLACK
6
CONTINUOUS
10
0.4941029921259842
20
1.2111147637795274
11
0.4939068897637795
21
1.2111960236220471
0
LINE
8
BLACK
6
CONTINUOUS
10
0.4939068897637795
20
1.2111960236220471
11
0.4930847244094488
21
1.2119979133858267
0
LINE
8
BLACK
6
CONTINUOUS
10
0.4930847244094488
20
1.2119979133858267
11
0.4925224803149606
21
1.2124855905511811
0
LINE
8
BLACK
6
CONTINUOUS
10
0.4925224803149606
20
1.2124855905511811
11
0.4924631496062992
21
1.2126042125984251
0
LINE
8
BLACK
6
CONTINUOUS
10
0.4924631496062992
20
1.2126042125984251
11
0.4873877165354331
21
1.2175547637795274
0
LINE
8
BLACK
6
CONTINUOUS
10
0.4873877165354331
20
1.2175547637795274
11
0.487016062992126
21
1.218007559055118
0
LINE
8
BLACK
6
CONTINUOUS
10
0.487016062992126
20
1.218007559055118
11
0.4868982283464567
21
1.2181098031496063
0
LINE
8
BLACK
6
CONTINUOUS
10
0.4868982283464567
20
1.2181098031496063
11
0.4868396850393701
21
1.2182224803149606
0
LINE
8
BLACK
6
CONTINUOUS
10
0.4868396850393701
20
1.2182224803149606
11
0.4866532677165354
21
1.21844968503937
0
LINE
8
BLACK
6
CONTINUOUS
10
0.4866532677165354
20
1.21844968503937
11
0.4863830708661417
21
1.2191019291338583
0
LINE
8
BLACK
6
CONTINUOUS
10
0.4863830708661417
20
1.2191019291338583
11
0.4834693307086614
21
1.2247138582677166
0
LINE
8
BLACK
6
CONTINUOUS
10
0.4834693307086614
20
1.2247138582677166
11
0.4834370472440945
21
1.2247981102362204
0
LINE
8
BLACK
6
CONTINUOUS
10
0.4834370472440945
20
1.2247981102362204
11
0.4834116929133858
21
1.2248324015748031
0
LINE
8
BLACK
6
CONTINUOUS
10
0.4834116929133858
20
1.2248324015748031
11
0.4833858267716535
21
1.2249320472440945
0
LINE
8
BLACK
6
CONTINUOUS
10
0.4833858267716535
20
1.2249320472440945
11
0.4830555905511811
21
1.2257950787401575
0
LINE
8
BLACK
6
CONTINUOUS
10
0.4830555905511811
20
1.2257950787401575
11
0.4830154724409449
21
1.2263593307086613
0
LINE
8
BLACK
6
CONTINUOUS
10
0.4830154724409449
20
1.2263593307086613
11
0.4802100787401575
21
1.2371711811023622
0
LINE
8
BLACK
6
CONTINUOUS
10
0.4802100787401575
20
1.2371711811023622
11
0.4801805511811024
21
1.2373708267716534
0
LINE
8
BLACK
6
CONTINUOUS
10
0.4801805511811024
20
1.2373708267716534
11
0.4801472047244094
21
1.2374513385826771
0
LINE
8
BLACK
6
CONTINUOUS
10
0.4801472047244094
20
1.2374513385826771
11
0.4801453149606299
21
1.2376088976377952
0
LINE
8
BLACK
6
CONTINUOUS
10
0.4801453149606299
20
1.2376088976377952
11
0.4800407086614173
21
1.2383164173228347
0
LINE
8
BLACK
6
CONTINUOUS
10
0.4800407086614173
20
1.2383164173228347
11
0.480129842519685
21
1.2389155905511811
0
LINE
8
BLACK
6
CONTINUOUS
10
0.480129842519685
20
1.2389155905511811
11
0.4800337401574803
21
1.2470399212598424
0
LINE
8
BLACK
6
CONTINUOUS
10
0.4800337401574803
20
1.2470399212598424
11
0.4800535039370079
21
1.2472408267716535
0
LINE
8
BLACK
6
CONTINUOUS
10
0.4800535039370079
20
1.2472408267716535
11
0.4800407086614173
21
1.247326968503937
0
LINE
8
BLACK
6
CONTINUOUS
10
0.4800407086614173
20
1.247326968503937
11
0.4800767716535433
21
1.2474768503937008
0
LINE
8
BLACK
6
CONTINUOUS
10
0.4800767716535433
20
1.2474768503937008
11
0.4801472047244094
21
1.2481920472440944
0
LINE
8
BLACK
6
CONTINUOUS
10
0.4801472047244094
20
1.2481920472440944
11
0.4803895669291339
21
1.2487771259842519
0
LINE
8
BLACK
6
CONTINUOUS
10
0.4803895669291339
20
1.2487771259842519
11
0.4830222047244094
21
1.2597207874015748
0
LINE
8
BLACK
6
CONTINUOUS
10
0.4830222047244094
20
1.2597207874015748
11
0.4830525590551181
21
1.2598057480314961
0
LINE
8
BLACK
6
CONTINUOUS
10
0.4830525590551181
20
1.2598057480314961
11
0.4830555905511811
21
1.2598483070866142
0
LINE
8
BLACK
6
CONTINUOUS
10
0.4830555905511811
20
1.2598483070866142
11
0.483102874015748
21
1.2599466141732283
0
LINE
8
BLACK
6
CONTINUOUS
10
0.483102874015748
20
1.2599466141732283
11
0.4834116929133858
21
1.2608109842519686
0
LINE
8
BLACK
6
CONTINUOUS
10
0.4834116929133858
20
1.2608109842519686
11
0.483716811023622
21
1.2612227952755906
0
LINE
8
BLACK
6
CONTINUOUS
10
0.483716811023622
20
1.2612227952755906
11
0.4862814960629921
21
1.2665538188976377
0
LINE
8
BLACK
6
CONTINUOUS
10
0.4862814960629921
20
1.2665538188976377
11
0.4865935826771653
21
1.2670496062992125
0
LINE
8
BLACK
6
CONTINUOUS
10
0.4865935826771653
20
1.2670496062992125
11
0.4866532677165354
21
1.2671937007874015
0
LINE
8
BLACK
6
CONTINUOUS
10
0.4866532677165354
20
1.2671937007874015
11
0.4867407086614173
21
1.2672833464566928
0
LINE
8
BLACK
6
CONTINUOUS
10
0.4867407086614173
20
1.2672833464566928
11
0.4868982283464567
21
1.2675335826771654
0
LINE
8
BLACK
6
CONTINUOUS
10
0.4868982283464567
20
1.2675335826771654
11
0.4874599606299213
21
1.268020748031496
0
LINE
8
BLACK
6
CONTINUOUS
10
0.4874599606299213
20
1.268020748031496
11
0.4930120078740157
21
1.2737129133858267
0
LINE
8
BLACK
6
CONTINUOUS
10
0.4930120078740157
20
1.2737129133858267
11
0.4939068897637795
21
1.2744473622047243
0
LINE
8
BLACK
6
CONTINUOUS
10
0.4939068897637795
20
1.2744473622047243
11
0.4941029921259842
21
1.2745285826771653
0
LINE
8
BLACK
6
CONTINUOUS
10
0.4941029921259842
20
1.2745285826771653
11
0.4942632283464567
21
1.274667559055118
0
LINE
8
BLACK
6
CONTINUOUS
10
0.4942632283464567
20
1.274667559055118
11
0.4953267322834646
21
1.2750354330708662
0
LINE
8
BLACK
6
CONTINUOUS
10
0.4953267322834646
20
1.2750354330708662
11
0.496035748031496
21
1.2753291338582677
0
LINE
8
BLACK
6
CONTINUOUS
10
0.496035748031496
20
1.2753291338582677
11
0.4961756692913386
21
1.2753291338582677
0
LINE
8
BLACK
6
CONTINUOUS
10
0.4961756692913386
20
1.2753291338582677
11
0.5037567716535433
21
1.2779516929133858
0
LINE
8
BLACK
6
CONTINUOUS
10
0.5037567716535433
20
1.2779516929133858
11
0.5043279921259842
21
1.2780815748031495
0
LINE
8
BLACK
6
CONTINUOUS
10
0.5043279921259842
20
1.2780815748031495
11
0.5044721653543307
21
1.2781412992125984
0
LINE
8
BLACK
6
CONTINUOUS
10
0.5044721653543307
20
1.2781412992125984
11
0.5046000393700787
21
1.2781434251968504
0
LINE
8
BLACK
6
CONTINUOUS
10
0.5046000393700787
20
1.2781434251968504
11
0.5048856692913386
21
1.2782083858267717
0
LINE
8
BLACK
6
CONTINUOUS
10
0.5048856692913386
20
1.2782083858267717
11
0.5055707874015748
21
1.2781596850393699
0
LINE
8
BLACK
6
CONTINUOUS
10
0.5055707874015748
20
1.2781596850393699
11
0.5112485826771653
21
1.2782547637795276
0
LINE
8
BLACK
6
CONTINUOUS
10
0.5112485826771653
20
1.2782547637795276
11
0.5118316929133858
21
1.2781973228346457
0
LINE
8
BLACK
6
CONTINUOUS
10
0.5510874409448818
20
1.2772594881889763
11
0.5527167322834645
21
1.2756301968503936
0
LINE
8
BLACK
6
CONTINUOUS
10
0.5527167322834645
20
1.2756301968503936
11
0.5535985433070866
21
1.273501377952756
0
LINE
8
BLACK
6
CONTINUOUS
10
0.5535985433070866
20
1.273501377952756
11
0.5537010236220472
21
1.219113464566929
0
LINE
8
BLACK
6
CONTINUOUS
10
0.5537010236220472
20
1.219113464566929
11
0.5759279921259842
21
1.2191996456692913
0
LINE
8
BLACK
6
CONTINUOUS
10
0.5759279921259842
20
1.2191996456692913
11
0.5770801181102362
21
1.2190861811023621
0
LINE
8
BLACK
6
CONTINUOUS
10
0.5770801181102362
20
1.2190861811023621
11
0.579208937007874
21
1.2182043700787402
0
LINE
8
BLACK
6
CONTINUOUS
10
0.579208937007874
20
1.2182043700787402
11
0.5808382283464567
21
1.2165750787401575
0
LINE
8
BLACK
6
CONTINUOUS
10
0.5808382283464567
20
1.2165750787401575
11
0.5817200393700788
21
1.2144462598425196
0
LINE
8
BLACK
6
CONTINUOUS
10
0.5817200393700788
20
1.2144462598425196
11
0.5817200393700788
21
1.2121420078740157
0
LINE
8
BLACK
6
CONTINUOUS
10
0.5817200393700788
20
1.2121420078740157
11
0.5808382283464567
21
1.2100131889763779
0
LINE
8
BLACK
6
CONTINUOUS
10
0.5808382283464567
20
1.2100131889763779
11
0.579208937007874
21
1.2083838976377952
0
LINE
8
BLACK
6
CONTINUOUS
10
0.579208937007874
20
1.2083838976377952
11
0.5770801181102362
21
1.2075020866141732
0
LINE
8
BLACK
6
CONTINUOUS
10
0.5770801181102362
20
1.2075020866141732
11
0.5478064960629921
21
1.2073886220472441
0
LINE
8
BLACK
6
CONTINUOUS
10
0.5478064960629921
20
1.2073886220472441
11
0.5466543700787402
21
1.2075020866141732
0
LINE
8
BLACK
6
CONTINUOUS
10
0.5466543700787402
20
1.2075020866141732
11
0.5445255511811024
21
1.2083838976377952
0
LINE
8
BLACK
6
CONTINUOUS
10
0.5445255511811024
20
1.2083838976377952
11
0.5428962598425197
21
1.2100131889763779
0
LINE
8
BLACK
6
CONTINUOUS
10
0.5428962598425197
20
1.2100131889763779
11
0.5420144488188976
21
1.2121420078740157
0
LINE
8
BLACK
6
CONTINUOUS
10
0.5420144488188976
20
1.2121420078740157
11
0.5419009842519685
21
1.272349251968504
0
LINE
8
BLACK
6
CONTINUOUS
10
0.5419009842519685
20
1.272349251968504
11
0.5420144488188976
21
1.273501377952756
0
LINE
8
BLACK
6
CONTINUOUS
10
0.5420144488188976
20
1.273501377952756
11
0.5428962598425197
21
1.2756301968503936
0
LINE
8
BLACK
6
CONTINUOUS
10
0.5428962598425197
20
1.2756301968503936
11
0.5445255511811024
21
1.2772594881889763
0
LINE
8
BLACK
6
CONTINUOUS
10
0.5445255511811024
20
1.2772594881889763
11
0.5466543700787402
21
1.2781412992125984
0
LINE
8
BLACK
6
CONTINUOUS
10
0.5466543700787402
20
1.2781412992125984
11
0.5489586220472441
21
1.2781412992125984
0
LINE
8
BLACK
6
CONTINUOUS
10
0.5489586220472441
20
1.2781412992125984
11
0.5510874409448818
21
1.2772594881889763
0
LINE
8
BLACK
6
CONTINUOUS
10
0.6541826771653543
20
1.2781973228346457
11
0.654338188976378
21
1.2782083858267717
0
LINE
8
BLACK
6
CONTINUOUS
10
0.654338188976378
20
1.2782083858267717
11
0.6544567322834646
21
1.2781703149606298
0
LINE
8
BLACK
6
CONTINUOUS
10
0.6544567322834646
20
1.2781703149606298
11
0.6547516929133859
21
1.2781412992125984
0
LINE
8
BLACK
6
CONTINUOUS
10
0.6547516929133859
20
1.2781412992125984
11
0.6554538188976378
21
1.2778504330708662
0
LINE
8
BLACK
6
CONTINUOUS
10
0.6554538188976378
20
1.2778504330708662
11
0.6639035039370078
21
1.2751395669291339
0
LINE
8
BLACK
6
CONTINUOUS
10
0.6639035039370078
20
1.2751395669291339
11
0.6649606299212598
21
1.274667559055118
0
LINE
8
BLACK
6
CONTINUOUS
10
0.6649606299212598
20
1.274667559055118
11
0.6667013385826771
21
1.2731578346456693
0
LINE
8
BLACK
6
CONTINUOUS
10
0.6667013385826771
20
1.2731578346456693
11
0.667731811023622
21
1.2710968897637795
0
LINE
8
BLACK
6
CONTINUOUS
10
0.667731811023622
20
1.2710968897637795
11
0.6678951574803149
21
1.268798464566929
0
LINE
8
BLACK
6
CONTINUOUS
10
0.6678951574803149
20
1.268798464566929
11
0.6671664960629922
21
1.2666124803149605
0
LINE
8
BLACK
6
CONTINUOUS
10
0.6671664960629922
20
1.2666124803149605
11
0.6656567322834646
21
1.2648717716535434
0
LINE
8
BLACK
6
CONTINUOUS
10
0.6656567322834646
20
1.2648717716535434
11
0.6635958267716535
21
1.2638412992125985
0
LINE
8
BLACK
6
CONTINUOUS
10
0.6635958267716535
20
1.2638412992125985
11
0.6612974015748031
21
1.2636779527559054
0
LINE
8
BLACK
6
CONTINUOUS
10
0.6612974015748031
20
1.2636779527559054
11
0.6523782283464566
21
1.2665394881889764
0
LINE
8
BLACK
6
CONTINUOUS
10
0.6523782283464566
20
1.2665394881889764
11
0.640788937007874
21
1.2664530314960629
0
LINE
8
BLACK
6
CONTINUOUS
10
0.640788937007874
20
1.2664530314960629
11
0.6372603543307086
21
1.2646209842519684
0
LINE
8
BLACK
6
CONTINUOUS
10
0.6372603543307086
20
1.2646209842519684
11
0.635804094488189
21
1.2630988188976378
0
LINE
8
BLACK
6
CONTINUOUS
10
0.635804094488189
20
1.2630988188976378
11
0.6341264960629921
21
1.2596116535433071
0
LINE
8
BLACK
6
CONTINUOUS
10
0.6341264960629921
20
1.2596116535433071
11
0.6341744094488189
21
1.2567495669291338
0
LINE
8
BLACK
6
CONTINUOUS
10
0.6341744094488189
20
1.2567495669291338
11
0.6360184645669291
21
1.2531978740157479
0
LINE
8
BLACK
6
CONTINUOUS
10
0.6360184645669291
20
1.2531978740157479
11
0.6375406299212598
21
1.2517416141732283
0
LINE
8
BLACK
6
CONTINUOUS
10
0.6375406299212598
20
1.2517416141732283
11
0.6419710236220473
21
1.2496102362204724
0
LINE
8
BLACK
6
CONTINUOUS
10
0.6419710236220473
20
1.2496102362204724
11
0.6522196850393701
21
1.2471448031496062
0
LINE
8
BLACK
6
CONTINUOUS
10
0.6522196850393701
20
1.2471448031496062
11
0.6523045275590551
21
1.2471144488188977
0
LINE
8
BLACK
6
CONTINUOUS
10
0.6523045275590551
20
1.2471144488188977
11
0.6523472047244094
21
1.2471114566929133
0
LINE
8
BLACK
6
CONTINUOUS
10
0.6523472047244094
20
1.2471114566929133
11
0.6524458267716535
21
1.2470639763779527
0
LINE
8
BLACK
6
CONTINUOUS
10
0.6524458267716535
20
1.2470639763779527
11
0.6533098818897638
21
1.2467553149606299
0
LINE
8
BLACK
6
CONTINUOUS
10
0.6533098818897638
20
1.2467553149606299
11
0.6537215748031496
21
1.2464502362204724
0
LINE
8
BLACK
6
CONTINUOUS
10
0.6537215748031496
20
1.2464502362204724
11
0.6590527559055118
21
1.2438855118110237
0
LINE
8
BLACK
6
CONTINUOUS
10
0.6590527559055118
20
1.2438855118110237
11
0.6595485433070866
21
1.2435733858267717
0
LINE
8
BLACK
6
CONTINUOUS
10
0.6595485433070866
20
1.2435733858267717
11
0.6596926377952755
21
1.2435137401574803
0
LINE
8
BLACK
6
CONTINUOUS
10
0.6596926377952755
20
1.2435137401574803
11
0.6597874015748031
21
1.243423031496063
0
LINE
8
BLACK
6
CONTINUOUS
10
0.6597874015748031
20
1.243423031496063
11
0.6600325196850394
21
1.243268779527559
0
LINE
8
BLACK
6
CONTINUOUS
10
0.6600325196850394
20
1.243268779527559
11
0.6604410236220473
21
1.2427977165354331
0
LINE
8
BLACK
6
CONTINUOUS
10
0.6604410236220473
20
1.2427977165354331
11
0.6633996850393701
21
1.2399671653543307
0
LINE
8
BLACK
6
CONTINUOUS
10
0.6633996850393701
20
1.2399671653543307
11
0.6637713385826771
21
1.2395142913385826
0
LINE
8
BLACK
6
CONTINUOUS
10
0.6637713385826771
20
1.2395142913385826
11
0.6638891732283464
21
1.2394121259842519
0
LINE
8
BLACK
6
CONTINUOUS
10
0.6638891732283464
20
1.2394121259842519
11
0.6639476377952755
21
1.2392994881889763
0
LINE
8
BLACK
6
CONTINUOUS
10
0.6639476377952755
20
1.2392994881889763
11
0.6641341338582677
21
1.2390722834645669
0
LINE
8
BLACK
6
CONTINUOUS
10
0.6641341338582677
20
1.2390722834645669
11
0.6644042913385827
21
1.2384199212598426
0
LINE
8
BLACK
6
CONTINUOUS
10
0.6644042913385827
20
1.2384199212598426
11
0.6673180708661417
21
1.232808031496063
0
LINE
8
BLACK
6
CONTINUOUS
10
0.6673180708661417
20
1.232808031496063
11
0.6677318503937008
21
1.2317268110236219
0
LINE
8
BLACK
6
CONTINUOUS
10
0.6677318503937008
20
1.2317268110236219
11
0.6677468897637795
21
1.2315150787401574
0
LINE
8
BLACK
6
CONTINUOUS
10
0.6677468897637795
20
1.2315150787401574
11
0.6678280708661417
21
1.2313191338582676
0
LINE
8
BLACK
6
CONTINUOUS
10
0.6678280708661417
20
1.2313191338582676
11
0.6678487795275591
21
1.2300807086614174
0
LINE
8
BLACK
6
CONTINUOUS
10
0.6678487795275591
20
1.2300807086614174
11
0.6678951574803149
21
1.2294283858267716
0
LINE
8
BLACK
6
CONTINUOUS
10
0.6678951574803149
20
1.2294283858267716
11
0.6678614173228347
21
1.2293271653543307
0
LINE
8
BLACK
6
CONTINUOUS
10
0.6678614173228347
20
1.2293271653543307
11
0.6679415354330709
21
1.224542716535433
0
LINE
8
BLACK
6
CONTINUOUS
10
0.6679415354330709
20
1.224542716535433
11
0.6678280708661417
21
1.223390590551181
0
LINE
8
BLACK
6
CONTINUOUS
10
0.6678280708661417
20
1.223390590551181
11
0.667746811023622
21
1.2231944881889762
0
LINE
8
BLACK
6
CONTINUOUS
10
0.667746811023622
20
1.2231944881889762
11
0.667731811023622
21
1.2229829133858268
0
LINE
8
BLACK
6
CONTINUOUS
10
0.667731811023622
20
1.2229829133858268
11
0.6672092913385826
21
1.2218968503937007
0
LINE
8
BLACK
6
CONTINUOUS
10
0.6672092913385826
20
1.2218968503937007
11
0.6669462598425197
21
1.2212617716535432
0
LINE
8
BLACK
6
CONTINUOUS
10
0.6669462598425197
20
1.2212617716535432
11
0.6668644094488189
21
1.2211799212598424
0
LINE
8
BLACK
6
CONTINUOUS
10
0.6668644094488189
20
1.2211799212598424
11
0.664505905511811
21
1.216277401574803
0
LINE
8
BLACK
6
CONTINUOUS
10
0.664505905511811
20
1.216277401574803
11
0.6641938188976377
21
1.215781653543307
0
LINE
8
BLACK
6
CONTINUOUS
10
0.6641938188976377
20
1.215781653543307
11
0.6641341338582677
21
1.2156374803149606
0
LINE
8
BLACK
6
CONTINUOUS
10
0.6641341338582677
20
1.2156374803149606
11
0.6640433858267717
21
1.2155425984251969
0
LINE
8
BLACK
6
CONTINUOUS
10
0.6640433858267717
20
1.2155425984251969
11
0.6638891732283464
21
1.2152976377952756
0
LINE
8
BLACK
6
CONTINUOUS
10
0.6638891732283464
20
1.2152976377952756
11
0.6634182283464567
21
1.2148892125984252
0
LINE
8
BLACK
6
CONTINUOUS
10
0.6634182283464567
20
1.2148892125984252
11
0.6605875590551181
21
1.2119304724409448
0
LINE
8
BLACK
6
CONTINUOUS
10
0.6605875590551181
20
1.2119304724409448
11
0.6601347244094488
21
1.2115588188976378
0
LINE
8
BLACK
6
CONTINUOUS
10
0.6601347244094488
20
1.2115588188976378
11
0.6600325196850394
21
1.2114409842519684
0
LINE
8
BLACK
6
CONTINUOUS
10
0.6600325196850394
20
1.2114409842519684
11
0.6599198031496063
21
1.2113824409448819
0
LINE
8
BLACK
6
CONTINUOUS
10
0.6599198031496063
20
1.2113824409448819
11
0.6596926377952755
21
1.2111960236220471
0
LINE
8
BLACK
6
CONTINUOUS
10
0.6596926377952755
20
1.2111960236220471
11
0.6590403149606299
21
1.2109258267716536
0
LINE
8
BLACK
6
CONTINUOUS
10
0.6590403149606299
20
1.2109258267716536
11
0.6534284251968504
21
1.2080120866141733
0
LINE
8
BLACK
6
CONTINUOUS
10
0.6534284251968504
20
1.2080120866141733
11
0.6523472047244094
21
1.2075983070866141
0
LINE
8
BLACK
6
CONTINUOUS
10
0.6523472047244094
20
1.2075983070866141
11
0.6521354724409448
21
1.2075832283464567
0
LINE
8
BLACK
6
CONTINUOUS
10
0.6521354724409448
20
1.2075832283464567
11
0.6519395275590552
21
1.2075020866141732
0
LINE
8
BLACK
6
CONTINUOUS
10
0.6519395275590552
20
1.2075020866141732
11
0.6508819291338582
21
1.2074941732283464
0
LINE
8
BLACK
6
CONTINUOUS
10
0.6508819291338582
20
1.2074941732283464
11
0.6500487401574803
21
1.207435
0
LINE
8
BLACK
6
CONTINUOUS
10
0.6500487401574803
20
1.207435
11
0.6498932677165354
21
1.2074868110236221
0
LINE
8
BLACK
6
CONTINUOUS
10
0.6498932677165354
20
1.2074868110236221
11
0.6367266929133858
21
1.2073886220472441
0
LINE
8
BLACK
6
CONTINUOUS
10
0.6367266929133858
20
1.2073886220472441
11
0.6361435433070866
21
1.2074460236220472
0
LINE
8
BLACK
6
CONTINUOUS
10
0.6361435433070866
20
1.2074460236220472
11
0.6359880708661417
21
1.207435
0
LINE
8
BLACK
6
CONTINUOUS
10
0.6359880708661417
20
1.207435
11
0.6358694881889764
21
1.2074730314960629
0
LINE
8
BLACK
6
CONTINUOUS
10
0.6358694881889764
20
1.2074730314960629
11
0.6355745669291338
21
1.2075020866141732
0
LINE
8
BLACK
6
CONTINUOUS
10
0.6355745669291338
20
1.2075020866141732
11
0.6348723622047244
21
1.2077929133858267
0
LINE
8
BLACK
6
CONTINUOUS
10
0.6348723622047244
20
1.2077929133858267
11
0.6264227559055118
21
1.2105038582677166
0
LINE
8
BLACK
6
CONTINUOUS
10
0.6264227559055118
20
1.2105038582677166
11
0.6253656299212599
21
1.2109758267716535
0
LINE
8
BLACK
6
CONTINUOUS
10
0.6253656299212599
20
1.2109758267716535
11
0.6236248818897637
21
1.2124855905511811
0
LINE
8
BLACK
6
CONTINUOUS
10
0.6236248818897637
20
1.2124855905511811
11
0.6225944488188976
21
1.2145464960629921
0
LINE
8
BLACK
6
CONTINUOUS
10
0.6225944488188976
20
1.2145464960629921
11
0.6224311023622047
21
1.2168449212598424
0
LINE
8
BLACK
6
CONTINUOUS
10
0.6224311023622047
20
1.2168449212598424
11
0.6231597637795275
21
1.2190309055118109
0
LINE
8
BLACK
6
CONTINUOUS
10
0.6231597637795275
20
1.2190309055118109
11
0.6246695275590551
21
1.2207716535433071
0
LINE
8
BLACK
6
CONTINUOUS
10
0.6246695275590551
20
1.2207716535433071
11
0.6267304330708662
21
1.2218020866141732
0
LINE
8
BLACK
6
CONTINUOUS
10
0.6267304330708662
20
1.2218020866141732
11
0.6290288582677165
21
1.221965433070866
0
LINE
8
BLACK
6
CONTINUOUS
10
0.6290288582677165
20
1.221965433070866
11
0.6379481102362204
21
1.2191038582677165
0
LINE
8
BLACK
6
CONTINUOUS
10
0.6379481102362204
20
1.2191038582677165
11
0.649537283464567
21
1.2191903149606298
0
LINE
8
BLACK
6
CONTINUOUS
10
0.649537283464567
20
1.2191903149606298
11
0.6530658267716535
21
1.2210223622047245
0
LINE
8
BLACK
6
CONTINUOUS
10
0.6530658267716535
20
1.2210223622047245
11
0.654522125984252
21
1.2225445669291339
0
LINE
8
BLACK
6
CONTINUOUS
10
0.654522125984252
20
1.2225445669291339
11
0.6561997244094488
21
1.2260316929133859
0
LINE
8
BLACK
6
CONTINUOUS
10
0.6561997244094488
20
1.2260316929133859
11
0.6561518110236221
21
1.228893779527559
0
LINE
8
BLACK
6
CONTINUOUS
10
0.6561518110236221
20
1.228893779527559
11
0.6543077952755906
21
1.2324453937007873
0
LINE
8
BLACK
6
CONTINUOUS
10
0.6543077952755906
20
1.2324453937007873
11
0.6527855905511811
21
1.2339016929133857
0
LINE
8
BLACK
6
CONTINUOUS
10
0.6527855905511811
20
1.2339016929133857
11
0.6483551181102362
21
1.2360331102362205
0
LINE
8
BLACK
6
CONTINUOUS
10
0.6483551181102362
20
1.2360331102362205
11
0.6381065354330708
21
1.2384985826771653
0
LINE
8
BLACK
6
CONTINUOUS
10
0.6381065354330708
20
1.2384985826771653
11
0.6380215354330708
21
1.238528937007874
0
LINE
8
BLACK
6
CONTINUOUS
10
0.6380215354330708
20
1.238528937007874
11
0.6379790157480315
21
1.2385319685039369
0
LINE
8
BLACK
6
CONTINUOUS
10
0.6379790157480315
20
1.2385319685039369
11
0.6378806692913386
21
1.2385792519685039
0
LINE
8
BLACK
6
CONTINUOUS
10
0.6378806692913386
20
1.2385792519685039
11
0.6370163385826771
21
1.2388880708661416
0
LINE
8
BLACK
6
CONTINUOUS
10
0.6370163385826771
20
1.2388880708661416
11
0.6366044881889764
21
1.2391931889763779
0
LINE
8
BLACK
6
CONTINUOUS
10
0.6366044881889764
20
1.2391931889763779
11
0.6312735039370079
21
1.241757874015748
0
LINE
8
BLACK
6
CONTINUOUS
10
0.6312735039370079
20
1.241757874015748
11
0.6307776771653543
21
1.2420699606299213
0
LINE
8
BLACK
6
CONTINUOUS
10
0.6307776771653543
20
1.2420699606299213
11
0.630633622047244
21
1.2421296456692914
0
LINE
8
BLACK
6
CONTINUOUS
10
0.630633622047244
20
1.2421296456692914
11
0.6305388188976377
21
1.2422203149606299
0
LINE
8
BLACK
6
CONTINUOUS
10
0.6305388188976377
20
1.2422203149606299
11
0.6302937401574803
21
1.2423746062992125
0
LINE
8
BLACK
6
CONTINUOUS
10
0.6302937401574803
20
1.2423746062992125
11
0.6298851968503937
21
1.2428456299212598
0
LINE
8
BLACK
6
CONTINUOUS
10
0.6298851968503937
20
1.2428456299212598
11
0.6269265748031496
21
1.2456761811023622
0
LINE
8
BLACK
6
CONTINUOUS
10
0.6269265748031496
20
1.2456761811023622
11
0.6265548031496063
21
1.2461291338582676
0
LINE
8
BLACK
6
CONTINUOUS
10
0.6265548031496063
20
1.2461291338582676
11
0.6264370472440944
21
1.2462312992125983
0
LINE
8
BLACK
6
CONTINUOUS
10
0.6264370472440944
20
1.2462312992125983
11
0.6263785433070866
21
1.2463438976377952
0
LINE
8
BLACK
6
CONTINUOUS
10
0.6263785433070866
20
1.2463438976377952
11
0.626192125984252
21
1.2465711023622046
0
LINE
8
BLACK
6
CONTINUOUS
10
0.626192125984252
20
1.2465711023622046
11
0.6259218503937007
21
1.2472235433070866
0
LINE
8
BLACK
6
CONTINUOUS
10
0.6259218503937007
20
1.2472235433070866
11
0.6230081889763779
21
1.2528353937007874
0
LINE
8
BLACK
6
CONTINUOUS
10
0.6230081889763779
20
1.2528353937007874
11
0.6225944094488188
21
1.2539166141732283
0
LINE
8
BLACK
6
CONTINUOUS
10
0.6225944094488188
20
1.2539166141732283
11
0.6225793700787401
21
1.2541282283464568
0
LINE
8
BLACK
6
CONTINUOUS
10
0.6225793700787401
20
1.2541282283464568
11
0.622498188976378
21
1.2543242519685038
0
LINE
8
BLACK
6
CONTINUOUS
10
0.622498188976378
20
1.2543242519685038
11
0.6224774409448819
21
1.2555626771653543
0
LINE
8
BLACK
6
CONTINUOUS
10
0.6224774409448819
20
1.2555626771653543
11
0.6224311023622047
21
1.2562150393700786
0
LINE
8
BLACK
6
CONTINUOUS
10
0.6224311023622047
20
1.2562150393700786
11
0.6224648031496063
21
1.256316220472441
0
LINE
8
BLACK
6
CONTINUOUS
10
0.6224648031496063
20
1.256316220472441
11
0.6223847244094488
21
1.2611006692913385
0
LINE
8
BLACK
6
CONTINUOUS
10
0.6223847244094488
20
1.2611006692913385
11
0.622498188976378
21
1.2622527952755904
0
LINE
8
BLACK
6
CONTINUOUS
10
0.622498188976378
20
1.2622527952755904
11
0.6225793700787401
21
1.262448779527559
0
LINE
8
BLACK
6
CONTINUOUS
10
0.6225793700787401
20
1.262448779527559
11
0.6225944094488188
21
1.2626604330708662
0
LINE
8
BLACK
6
CONTINUOUS
10
0.6225944094488188
20
1.2626604330708662
11
0.6231170472440944
21
1.2637468503937008
0
LINE
8
BLACK
6
CONTINUOUS
10
0.6231170472440944
20
1.2637468503937008
11
0.6233799999999999
21
1.2643816141732283
0
LINE
8
BLACK
6
CONTINUOUS
10
0.6233799999999999
20
1.2643816141732283
11
0.6234617716535433
21
1.2644633858267715
0
LINE
8
BLACK
6
CONTINUOUS
10
0.6234617716535433
20
1.2644633858267715
11
0.62582031496063
21
1.2693659842519684
0
LINE
8
BLACK
6
CONTINUOUS
10
0.62582031496063
20
1.2693659842519684
11
0.6261324409448819
21
1.2698618503937007
0
LINE
8
BLACK
6
CONTINUOUS
10
0.6261324409448819
20
1.2698618503937007
11
0.626192125984252
21
1.2700059055118109
0
LINE
8
BLACK
6
CONTINUOUS
10
0.626192125984252
20
1.2700059055118109
11
0.6262827559055117
21
1.2701006299212598
0
LINE
8
BLACK
6
CONTINUOUS
10
0.6262827559055117
20
1.2701006299212598
11
0.6264370472440944
21
1.2703457480314961
0
LINE
8
BLACK
6
CONTINUOUS
10
0.6264370472440944
20
1.2703457480314961
11
0.6269081102362205
21
1.2707542913385828
0
LINE
8
BLACK
6
CONTINUOUS
10
0.6269081102362205
20
1.2707542913385828
11
0.6297387401574803
21
1.2737129527559055
0
LINE
8
BLACK
6
CONTINUOUS
10
0.6297387401574803
20
1.2737129527559055
11
0.6301914960629921
21
1.2740845275590551
0
LINE
8
BLACK
6
CONTINUOUS
10
0.6301914960629921
20
1.2740845275590551
11
0.6302937401574803
21
1.274202401574803
0
LINE
8
BLACK
6
CONTINUOUS
10
0.6302937401574803
20
1.274202401574803
11
0.6304064173228346
21
1.274260905511811
0
LINE
8
BLACK
6
CONTINUOUS
10
0.6304064173228346
20
1.274260905511811
11
0.630633622047244
21
1.2744473622047243
0
LINE
8
BLACK
6
CONTINUOUS
10
0.630633622047244
20
1.2744473622047243
11
0.6312857874015748
21
1.2747174803149606
0
LINE
8
BLACK
6
CONTINUOUS
10
0.6312857874015748
20
1.2747174803149606
11
0.6368977559055118
21
1.2776312992125984
0
LINE
8
BLACK
6
CONTINUOUS
10
0.6368977559055118
20
1.2776312992125984
11
0.6379790157480315
21
1.2780450393700786
0
LINE
8
BLACK
6
CONTINUOUS
10
0.6379790157480315
20
1.2780450393700786
11
0.6381905905511811
21
1.2780600393700787
0
LINE
8
BLACK
6
CONTINUOUS
10
0.6381905905511811
20
1.2780600393700787
11
0.6383866929133858
21
1.2781412992125984
0
LINE
8
BLACK
6
CONTINUOUS
10
0.6383866929133858
20
1.2781412992125984
11
0.6394444488188976
21
1.2781491732283465
0
LINE
8
BLACK
6
CONTINUOUS
10
0.6394444488188976
20
1.2781491732283465
11
0.6402774409448819
21
1.2782083858267717
0
LINE
8
BLACK
6
CONTINUOUS
10
0.6402774409448819
20
1.2782083858267717
11
0.6404329133858268
21
1.2781565354330708
0
LINE
8
BLACK
6
CONTINUOUS
10
0.6404329133858268
20
1.2781565354330708
11
0.6535995669291338
21
1.2782547637795276
0
LINE
8
BLACK
6
CONTINUOUS
10
0.6535995669291338
20
1.2782547637795276
11
0.6541826771653543
21
1.2781973228346457
0
LINE
8
BLACK
6
CONTINUOUS
10
0.7019891732283464
20
1.2781973228346457
11
0.7021446850393701
21
1.2782083858267717
0
LINE
8
BLACK
6
CONTINUOUS
10
0.7021446850393701
20
1.2782083858267717
11
0.7022632283464567
21
1.2781703149606298
0
LINE
8
BLACK
6
CONTINUOUS
10
0.7022632283464567
20
1.2781703149606298
11
0.7025581889763779
21
1.2781412992125984
0
LINE
8
BLACK
6
CONTINUOUS
10
0.7025581889763779
20
1.2781412992125984
11
0.7032603149606299
21
1.2778504330708662
0
LINE
8
BLACK
6
CONTINUOUS
10
0.7032603149606299
20
1.2778504330708662
11
0.71171
21
1.2751395669291339
0
LINE
8
BLACK
6
CONTINUOUS
10
0.71171
20
1.2751395669291339
11
0.712767125984252
21
1.274667559055118
0
LINE
8
BLACK
6
CONTINUOUS
10
0.712767125984252
20
1.274667559055118
11
0.7129273622047244
21
1.2745285433070865
0
LINE
8
BLACK
6
CONTINUOUS
10
0.7129273622047244
20
1.2745285433070865
11
0.7131234251968503
21
1.2744473622047243
0
LINE
8
BLACK
6
CONTINUOUS
10
0.7131234251968503
20
1.2744473622047243
11
0.7139452362204725
21
1.273645748031496
0
LINE
8
BLACK
6
CONTINUOUS
10
0.7139452362204725
20
1.273645748031496
11
0.7145078346456692
21
1.2731578346456693
0
LINE
8
BLACK
6
CONTINUOUS
10
0.7145078346456692
20
1.2731578346456693
11
0.7145671653543307
21
1.2730391338582676
0
LINE
8
BLACK
6
CONTINUOUS
10
0.7145671653543307
20
1.2730391338582676
11
0.7196426377952756
21
1.268088622047244
0
LINE
8
BLACK
6
CONTINUOUS
10
0.7196426377952756
20
1.268088622047244
11
0.7200142913385826
21
1.2676357480314959
0
LINE
8
BLACK
6
CONTINUOUS
10
0.7200142913385826
20
1.2676357480314959
11
0.7201321259842519
21
1.2675335826771654
0
LINE
8
BLACK
6
CONTINUOUS
10
0.7201321259842519
20
1.2675335826771654
11
0.7201905905511811
21
1.2674209448818898
0
LINE
8
BLACK
6
CONTINUOUS
10
0.7201905905511811
20
1.2674209448818898
11
0.7203770866141732
21
1.2671937401574802
0
LINE
8
BLACK
6
CONTINUOUS
10
0.7203770866141732
20
1.2671937401574802
11
0.720647283464567
21
1.2665413385826771
0
LINE
8
BLACK
6
CONTINUOUS
10
0.720647283464567
20
1.2665413385826771
11
0.7235610236220472
21
1.2609295669291338
0
LINE
8
BLACK
6
CONTINUOUS
10
0.7235610236220472
20
1.2609295669291338
11
0.7235932677165354
21
1.2608451968503938
0
LINE
8
BLACK
6
CONTINUOUS
10
0.7235932677165354
20
1.2608451968503938
11
0.7236186614173228
21
1.2608109842519686
0
LINE
8
BLACK
6
CONTINUOUS
10
0.7236186614173228
20
1.2608109842519686
11
0.7236444881889763
21
1.2607114173228346
0
LINE
8
BLACK
6
CONTINUOUS
10
0.7236444881889763
20
1.2607114173228346
11
0.7239747637795275
21
1.2598483070866142
0
LINE
8
BLACK
6
CONTINUOUS
10
0.7239747637795275
20
1.2598483070866142
11
0.7240148425196851
21
1.2592840157480314
0
LINE
8
BLACK
6
CONTINUOUS
10
0.7240148425196851
20
1.2592840157480314
11
0.7268202755905512
21
1.2484722047244095
0
LINE
8
BLACK
6
CONTINUOUS
10
0.7268202755905512
20
1.2484722047244095
11
0.7268497637795276
21
1.2482725196850393
0
LINE
8
BLACK
6
CONTINUOUS
10
0.7268497637795276
20
1.2482725196850393
11
0.7268831496062992
21
1.2481920472440944
0
LINE
8
BLACK
6
CONTINUOUS
10
0.7268831496062992
20
1.2481920472440944
11
0.726885
21
1.2480344488188977
0
LINE
8
BLACK
6
CONTINUOUS
10
0.726885
20
1.2480344488188977
11
0.7269896456692914
21
1.247326968503937
0
LINE
8
BLACK
6
CONTINUOUS
10
0.7269896456692914
20
1.247326968503937
11
0.7269004724409449
21
1.2467277559055119
0
LINE
8
BLACK
6
CONTINUOUS
10
0.7269004724409449
20
1.2467277559055119
11
0.7269966141732284
21
1.238603464566929
0
LINE
8
BLACK
6
CONTINUOUS
10
0.7269966141732284
20
1.238603464566929
11
0.726976811023622
21
1.2384025196850394
0
LINE
8
BLACK
6
CONTINUOUS
10
0.726976811023622
20
1.2384025196850394
11
0.7269896456692914
21
1.2383164173228347
0
LINE
8
BLACK
6
CONTINUOUS
10
0.7269896456692914
20
1.2383164173228347
11
0.7269535433070866
21
1.2381664960629921
0
LINE
8
BLACK
6
CONTINUOUS
10
0.7269535433070866
20
1.2381664960629921
11
0.7268831496062992
21
1.2374513385826771
0
LINE
8
BLACK
6
CONTINUOUS
10
0.7268831496062992
20
1.2374513385826771
11
0.726640748031496
21
1.236866220472441
0
LINE
8
BLACK
6
CONTINUOUS
10
0.726640748031496
20
1.236866220472441
11
0.7240081496062992
21
1.2259225984251969
0
LINE
8
BLACK
6
CONTINUOUS
10
0.7240081496062992
20
1.2259225984251969
11
0.7239777559055118
21
1.2258375984251968
0
LINE
8
BLACK
6
CONTINUOUS
10
0.7239777559055118
20
1.2258375984251968
11
0.7239747637795275
21
1.2257950787401575
0
LINE
8
BLACK
6
CONTINUOUS
10
0.7239747637795275
20
1.2257950787401575
11
0.7239274409448819
21
1.2256967322834644
0
LINE
8
BLACK
6
CONTINUOUS
10
0.7239274409448819
20
1.2256967322834644
11
0.7236186614173228
21
1.2248324015748031
0
LINE
8
BLACK
6
CONTINUOUS
10
0.7236186614173228
20
1.2248324015748031
11
0.7233135039370079
21
1.2244205511811024
0
LINE
8
BLACK
6
CONTINUOUS
10
0.7233135039370079
20
1.2244205511811024
11
0.7207488582677165
21
1.2190895669291337
0
LINE
8
BLACK
6
CONTINUOUS
10
0.7207488582677165
20
1.2190895669291337
11
0.7204367716535433
21
1.2185938188976377
0
LINE
8
BLACK
6
CONTINUOUS
10
0.7204367716535433
20
1.2185938188976377
11
0.7203770866141732
21
1.2184496456692913
0
LINE
8
BLACK
6
CONTINUOUS
10
0.7203770866141732
20
1.2184496456692913
11
0.7202895275590551
21
1.2183598818897639
0
LINE
8
BLACK
6
CONTINUOUS
10
0.7202895275590551
20
1.2183598818897639
11
0.7201321259842519
21
1.2181098031496063
0
LINE
8
BLACK
6
CONTINUOUS
10
0.7201321259842519
20
1.2181098031496063
11
0.7195705118110236
21
1.217622716535433
0
LINE
8
BLACK
6
CONTINUOUS
10
0.7195705118110236
20
1.217622716535433
11
0.7140183464566929
21
1.2119304724409448
0
LINE
8
BLACK
6
CONTINUOUS
10
0.7140183464566929
20
1.2119304724409448
11
0.7131234251968503
21
1.2111960236220471
0
LINE
8
BLACK
6
CONTINUOUS
10
0.7131234251968503
20
1.2111960236220471
11
0.7129273622047244
21
1.2111148031496062
0
LINE
8
BLACK
6
CONTINUOUS
10
0.7129273622047244
20
1.2111148031496062
11
0.712767125984252
21
1.2109758267716535
0
LINE
8
BLACK
6
CONTINUOUS
10
0.712767125984252
20
1.2109758267716535
11
0.7117035433070866
21
1.210607874015748
0
LINE
8
BLACK
6
CONTINUOUS
10
0.7117035433070866
20
1.210607874015748
11
0.7109946062992126
21
1.210314251968504
0
LINE
8
BLACK
6
CONTINUOUS
10
0.7109946062992126
20
1.210314251968504
11
0.7108546850393701
21
1.210314251968504
0
LINE
8
BLACK
6
CONTINUOUS
10
0.7108546850393701
20
1.210314251968504
11
0.7032735433070866
21
1.2076916929133859
0
LINE
8
BLACK
6
CONTINUOUS
10
0.7032735433070866
20
1.2076916929133859
11
0.7027023622047244
21
1.2075618110236219
0
LINE
8
BLACK
6
CONTINUOUS
10
0.7027023622047244
20
1.2075618110236219
11
0.7025581889763779
21
1.2075020866141732
0
LINE
8
BLACK
6
CONTINUOUS
10
0.7025581889763779
20
1.2075020866141732
11
0.7024356692913386
21
1.2075011417322834
0
LINE
8
BLACK
6
CONTINUOUS
10
0.7024356692913386
20
1.2075011417322834
11
0.7021446850393701
21
1.207435
0
LINE
8
BLACK
6
CONTINUOUS
10
0.7021446850393701
20
1.207435
11
0.7013296456692913
21
1.2074929133858268
0
LINE
8
BLACK
6
CONTINUOUS
10
0.7013296456692913
20
1.2074929133858268
11
0.6873453149606299
21
1.2073886220472441
0
LINE
8
BLACK
6
CONTINUOUS
10
0.6873453149606299
20
1.2073886220472441
11
0.6861931889763779
21
1.2075020866141732
0
LINE
8
BLACK
6
CONTINUOUS
10
0.6861931889763779
20
1.2075020866141732
11
0.6840643700787401
21
1.2083838976377952
0
LINE
8
BLACK
6
CONTINUOUS
10
0.6840643700787401
20
1.2083838976377952
11
0.6824350787401575
21
1.2100131889763779
0
LINE
8
BLACK
6
CONTINUOUS
10
0.6824350787401575
20
1.2100131889763779
11
0.6815532677165355
21
1.2121420078740157
0
LINE
8
BLACK
6
CONTINUOUS
10
0.6815532677165355
20
1.2121420078740157
11
0.6814398031496063
21
1.272349251968504
0
LINE
8
BLACK
6
CONTINUOUS
10
0.6814398031496063
20
1.272349251968504
11
0.6815532677165355
21
1.273501377952756
0
LINE
8
BLACK
6
CONTINUOUS
10
0.6815532677165355
20
1.273501377952756
11
0.6824350787401575
21
1.2756301968503936
0
LINE
8
BLACK
6
CONTINUOUS
10
0.6824350787401575
20
1.2756301968503936
11
0.6840643700787401
21
1.2772594881889763
0
LINE
8
BLACK
6
CONTINUOUS
10
0.6840643700787401
20
1.2772594881889763
11
0.6861931889763779
21
1.2781412992125984
0
LINE
8
BLACK
6
CONTINUOUS
10
0.6861931889763779
20
1.2781412992125984
11
0.7014060629921259
21
1.2782547637795276
0
LINE
8
BLACK
6
CONTINUOUS
10
0.7014060629921259
20
1.2782547637795276
11
0.7019891732283464
21
1.2781973228346457
0
LINE
8
BLACK
6
CONTINUOUS
10
0.6931505511811024
20
1.2664870078740158
11
0.6932398031496063
21
1.2191387007874015
0
LINE
8
BLACK
6
CONTINUOUS
10
0.6932398031496063
20
1.2191387007874015
11
0.7007067716535433
21
1.219194409448819
0
LINE
8
BLACK
6
CONTINUOUS
10
0.7007067716535433
20
1.219194409448819
11
0.7068002362204724
21
1.2213023228346456
0
LINE
8
BLACK
6
CONTINUOUS
10
0.7068002362204724
20
1.2213023228346456
11
0.7107750787401574
21
1.2253774803149606
0
LINE
8
BLACK
6
CONTINUOUS
10
0.7107750787401574
20
1.2253774803149606
11
0.7128964566929133
21
1.2297870866141731
0
LINE
8
BLACK
6
CONTINUOUS
10
0.7128964566929133
20
1.2297870866141731
11
0.7152728346456693
21
1.2396654724409448
0
LINE
8
BLACK
6
CONTINUOUS
10
0.7152728346456693
20
1.2396654724409448
11
0.7151898031496062
21
1.2466817322834645
0
LINE
8
BLACK
6
CONTINUOUS
10
0.7151898031496062
20
1.2466817322834645
11
0.7126221653543307
21
1.2565773228346457
0
LINE
8
BLACK
6
CONTINUOUS
10
0.7126221653543307
20
1.2565773228346457
11
0.710518622047244
21
1.2606287007874015
0
LINE
8
BLACK
6
CONTINUOUS
10
0.710518622047244
20
1.2606287007874015
11
0.7065535826771654
21
1.2644961417322835
0
LINE
8
BLACK
6
CONTINUOUS
10
0.7065535826771654
20
1.2644961417322835
11
0.7001847244094488
21
1.2665394881889764
0
LINE
8
BLACK
6
CONTINUOUS
10
0.7001847244094488
20
1.2665394881889764
11
0.6931505511811024
21
1.2664870078740158
0
LINE
8
BLACK
6
CONTINUOUS
10
0.7587880708661418
20
1.2780749212598426
11
0.7592088976377953
21
1.2780450393700786
0
LINE
8
BLACK
6
CONTINUOUS
10
0.7592088976377953
20
1.2780450393700786
11
0.7598711417322834
21
1.2777138976377953
0
LINE
8
BLACK
6
CONTINUOUS
10
0.7598711417322834
20
1.2777138976377953
11
0.7605736614173229
21
1.2774797244094487
0
LINE
8
BLACK
6
CONTINUOUS
10
0.7605736614173229
20
1.2774797244094487
11
0.7608924015748031
21
1.2772032283464567
0
LINE
8
BLACK
6
CONTINUOUS
10
0.7608924015748031
20
1.2772032283464567
11
0.7612698031496062
21
1.2770145669291337
0
LINE
8
BLACK
6
CONTINUOUS
10
0.7612698031496062
20
1.2770145669291337
11
0.7617549606299212
21
1.2764551574803149
0
LINE
8
BLACK
6
CONTINUOUS
10
0.7617549606299212
20
1.2764551574803149
11
0.7623143700787401
21
1.27597
0
LINE
8
BLACK
6
CONTINUOUS
10
0.7623143700787401
20
1.27597
11
0.762503031496063
21
1.2755925984251968
0
LINE
8
BLACK
6
CONTINUOUS
10
0.762503031496063
20
1.2755925984251968
11
0.7627795275590551
21
1.2752738582677166
0
LINE
8
BLACK
6
CONTINUOUS
10
0.7627795275590551
20
1.2752738582677166
11
0.7630179133858268
21
1.2745629133858267
0
LINE
8
BLACK
6
CONTINUOUS
10
0.7630179133858268
20
1.2745629133858267
11
0.763344842519685
21
1.273909094488189
0
LINE
8
BLACK
6
CONTINUOUS
10
0.763344842519685
20
1.273909094488189
11
0.763373779527559
21
1.2735015748031495
0
LINE
8
BLACK
6
CONTINUOUS
10
0.763373779527559
20
1.2735015748031495
11
0.7829365748031496
21
1.2151616141732282
0
LINE
8
BLACK
6
CONTINUOUS
10
0.7829365748031496
20
1.2151616141732282
11
0.7831932677165354
21
1.214032716535433
0
LINE
8
BLACK
6
CONTINUOUS
10
0.7831932677165354
20
1.214032716535433
11
0.7830298818897637
21
1.2117342913385827
0
LINE
8
BLACK
6
CONTINUOUS
10
0.7830298818897637
20
1.2117342913385827
11
0.7819994094488188
21
1.2096733858267716
0
LINE
8
BLACK
6
CONTINUOUS
10
0.7819994094488188
20
1.2096733858267716
11
0.7802587007874016
21
1.2081636614173228
0
LINE
8
BLACK
6
CONTINUOUS
10
0.7802587007874016
20
1.2081636614173228
11
0.7780727165354331
21
1.2074349606299213
0
LINE
8
BLACK
6
CONTINUOUS
10
0.7780727165354331
20
1.2074349606299213
11
0.7757742913385827
21
1.2075983464566928
0
LINE
8
BLACK
6
CONTINUOUS
10
0.7757742913385827
20
1.2075983464566928
11
0.7737133464566929
21
1.208628779527559
0
LINE
8
BLACK
6
CONTINUOUS
10
0.7737133464566929
20
1.208628779527559
11
0.7722036220472441
21
1.2103695275590551
0
LINE
8
BLACK
6
CONTINUOUS
10
0.7722036220472441
20
1.2103695275590551
11
0.7675142125984252
21
1.2243542125984253
0
LINE
8
BLACK
6
CONTINUOUS
10
0.7675142125984252
20
1.2243542125984253
11
0.7478246456692913
21
1.2242779133858268
0
LINE
8
BLACK
6
CONTINUOUS
10
0.7478246456692913
20
1.2242779133858268
11
0.7435664566929133
21
1.2114266535433071
0
LINE
8
BLACK
6
CONTINUOUS
10
0.7435664566929133
20
1.2114266535433071
11
0.7430944881889764
21
1.2103695275590551
0
LINE
8
BLACK
6
CONTINUOUS
10
0.7430944881889764
20
1.2103695275590551
11
0.7415847637795275
21
1.2086288188976377
0
LINE
8
BLACK
6
CONTINUOUS
10
0.7415847637795275
20
1.2086288188976377
11
0.7395238582677165
21
1.2075983464566928
0
LINE
8
BLACK
6
CONTINUOUS
10
0.7395238582677165
20
1.2075983464566928
11
0.7372253937007874
21
1.207435
0
LINE
8
BLACK
6
CONTINUOUS
10
0.7372253937007874
20
1.207435
11
0.7350394094488188
21
1.2081636614173228
0
LINE
8
BLACK
6
CONTINUOUS
10
0.7350394094488188
20
1.2081636614173228
11
0.7332987007874016
21
1.2096733858267716
0
LINE
8
BLACK
6
CONTINUOUS
10
0.7332987007874016
20
1.2096733858267716
11
0.7322682283464567
21
1.2117342913385827
0
LINE
8
BLACK
6
CONTINUOUS
10
0.7322682283464567
20
1.2117342913385827
11
0.7321048818897637
21
1.2140327559055117
0
LINE
8
BLACK
6
CONTINUOUS
10
0.7321048818897637
20
1.2140327559055117
11
0.7377962598425196
21
1.2312092519685038
0
LINE
8
BLACK
6
CONTINUOUS
10
0.7377962598425196
20
1.2312092519685038
11
0.7377962598425196
21
1.2313191338582676
0
LINE
8
BLACK
6
CONTINUOUS
10
0.7377962598425196
20
1.2313191338582676
11
0.7379781496062991
21
1.2317582677165355
0
LINE
8
BLACK
6
CONTINUOUS
10
0.7379781496062991
20
1.2317582677165355
11
0.7520466141732284
21
1.2742167322834645
0
LINE
8
BLACK
6
CONTINUOUS
10
0.7520466141732284
20
1.2742167322834645
11
0.7525185826771653
21
1.2752738582677166
0
LINE
8
BLACK
6
CONTINUOUS
10
0.7525185826771653
20
1.2752738582677166
11
0.7527950393700787
21
1.2755926377952755
0
LINE
8
BLACK
6
CONTINUOUS
10
0.7527950393700787
20
1.2755926377952755
11
0.7529837401574803
21
1.27597
0
LINE
8
BLACK
6
CONTINUOUS
10
0.7529837401574803
20
1.27597
11
0.7535430314960629
21
1.2764550787401574
0
LINE
8
BLACK
6
CONTINUOUS
10
0.7535430314960629
20
1.2764550787401574
11
0.7540283070866142
21
1.2770146062992125
0
LINE
8
BLACK
6
CONTINUOUS
10
0.7540283070866142
20
1.2770146062992125
11
0.7544057480314961
21
1.2772033070866142
0
LINE
8
BLACK
6
CONTINUOUS
10
0.7544057480314961
20
1.2772033070866142
11
0.7547244488188977
21
1.2774797244094487
0
LINE
8
BLACK
6
CONTINUOUS
10
0.7547244488188977
20
1.2774797244094487
11
0.7554268897637795
21
1.2777138582677166
0
LINE
8
BLACK
6
CONTINUOUS
10
0.7554268897637795
20
1.2777138582677166
11
0.756089251968504
21
1.2780450393700786
0
LINE
8
BLACK
6
CONTINUOUS
10
0.756089251968504
20
1.2780450393700786
11
0.7565101181102362
21
1.2780749212598426
0
LINE
8
BLACK
6
CONTINUOUS
10
0.7565101181102362
20
1.2780749212598426
11
0.7569104330708661
21
1.2782083858267717
0
LINE
8
BLACK
6
CONTINUOUS
10
0.7569104330708661
20
1.2782083858267717
11
0.7576488582677166
21
1.278155905511811
0
LINE
8
BLACK
6
CONTINUOUS
10
0.7576488582677166
20
1.278155905511811
11
0.7583876771653543
21
1.2782084251968504
0
LINE
8
BLACK
6
CONTINUOUS
10
0.7583876771653543
20
1.2782084251968504
11
0.7587880708661418
21
1.2780749212598426
0
LINE
8
BLACK
6
CONTINUOUS
10
0.7517070866141732
20
1.2359949606299212
11
0.7635953543307087
21
1.2360410629921259
0
LINE
8
BLACK
6
CONTINUOUS
10
0.7635953543307087
20
1.2360410629921259
11
0.7576234251968503
21
1.2538504724409449
0
LINE
8
BLACK
6
CONTINUOUS
10
0.7576234251968503
20
1.2538504724409449
11
0.7517070866141732
21
1.2359949606299212
0
LINE
8
BLACK
6
CONTINUOUS
10
0.8891826771653543
20
1.2881973228346457
11
0.889338188976378
21
1.2882083858267717
0
LINE
8
BLACK
6
CONTINUOUS
10
0.889338188976378
20
1.2882083858267717
11
0.8894567322834646
21
1.2881703149606298
0
LINE
8
BLACK
6
CONTINUOUS
10
0.8894567322834646
20
1.2881703149606298
11
0.8897516929133858
21
1.2881412992125985
0
LINE
8
BLACK
6
CONTINUOUS
10
0.8897516929133858
20
1.2881412992125985
11
0.8904538188976377
21
1.2878504330708662
0
LINE
8
BLACK
6
CONTINUOUS
10
0.8904538188976377
20
1.2878504330708662
11
0.8989035039370079
21
1.2851395669291339
0
LINE
8
BLACK
6
CONTINUOUS
10
0.8989035039370079
20
1.2851395669291339
11
0.8999606299212598
21
1.284667559055118
0
LINE
8
BLACK
6
CONTINUOUS
10
0.8999606299212598
20
1.284667559055118
11
0.9001208661417323
21
1.2845285433070865
0
LINE
8
BLACK
6
CONTINUOUS
10
0.9001208661417323
20
1.2845285433070865
11
0.9003169291338583
21
1.2844473622047243
0
LINE
8
BLACK
6
CONTINUOUS
10
0.9003169291338583
20
1.2844473622047243
11
0.9013103937007874
21
1.2834968897637795
0
LINE
8
BLACK
6
CONTINUOUS
10
0.9013103937007874
20
1.2834968897637795
11
0.9017013385826771
21
1.2831578346456693
0
LINE
8
BLACK
6
CONTINUOUS
10
0.9017013385826771
20
1.2831578346456693
11
0.9017348031496063
21
1.2830908267716534
0
LINE
8
BLACK
6
CONTINUOUS
10
0.9017348031496063
20
1.2830908267716534
11
0.9040239763779527
21
1.2809007874015748
0
LINE
8
BLACK
6
CONTINUOUS
10
0.9040239763779527
20
1.2809007874015748
11
0.9047584251968503
21
1.2800059055118109
0
LINE
8
BLACK
6
CONTINUOUS
10
0.9047584251968503
20
1.2800059055118109
11
0.9056401574803149
21
1.2778770472440946
0
LINE
8
BLACK
6
CONTINUOUS
10
0.9056401574803149
20
1.2778770472440946
11
0.9056401574803149
21
1.2755728740157479
0
LINE
8
BLACK
6
CONTINUOUS
10
0.9056401574803149
20
1.2755728740157479
11
0.9047584251968503
21
1.2734440551181101
0
LINE
8
BLACK
6
CONTINUOUS
10
0.9047584251968503
20
1.2734440551181101
11
0.9031290551181103
21
1.2718146850393701
0
LINE
8
BLACK
6
CONTINUOUS
10
0.9031290551181103
20
1.2718146850393701
11
0.9010002362204724
21
1.2709329527559055
0
LINE
8
BLACK
6
CONTINUOUS
10
0.9010002362204724
20
1.2709329527559055
11
0.898696062992126
21
1.2709329527559055
0
LINE
8
BLACK
6
CONTINUOUS
10
0.898696062992126
20
1.2709329527559055
11
0.8965672047244094
21
1.2718146850393701
0
LINE
8
BLACK
6
CONTINUOUS
10
0.8965672047244094
20
1.2718146850393701
11
0.8937731496062992
21
1.2744877952755904
0
LINE
8
BLACK
6
CONTINUOUS
10
0.8937731496062992
20
1.2744877952755904
11
0.8874435039370079
21
1.2765185433070867
0
LINE
8
BLACK
6
CONTINUOUS
10
0.8874435039370079
20
1.2765185433070867
11
0.8836942125984252
21
1.276455748031496
0
LINE
8
BLACK
6
CONTINUOUS
10
0.8836942125984252
20
1.276455748031496
11
0.8775811417322834
21
1.2743410236220472
0
LINE
8
BLACK
6
CONTINUOUS
10
0.8775811417322834
20
1.2743410236220472
11
0.873606220472441
21
1.2702658267716536
0
LINE
8
BLACK
6
CONTINUOUS
10
0.873606220472441
20
1.2702658267716536
11
0.8714848425196851
21
1.2658562598425196
0
LINE
8
BLACK
6
CONTINUOUS
10
0.8714848425196851
20
1.2658562598425196
11
0.8691084645669291
21
1.2559778740157479
0
LINE
8
BLACK
6
CONTINUOUS
10
0.8691084645669291
20
1.2559778740157479
11
0.8691914960629921
21
1.2489616141732283
0
LINE
8
BLACK
6
CONTINUOUS
10
0.8691914960629921
20
1.2489616141732283
11
0.8717591338582676
21
1.239066062992126
0
LINE
8
BLACK
6
CONTINUOUS
10
0.8717591338582676
20
1.239066062992126
11
0.873862716535433
21
1.2350145669291339
0
LINE
8
BLACK
6
CONTINUOUS
10
0.873862716535433
20
1.2350145669291339
11
0.8778276771653543
21
1.2311472047244094
0
LINE
8
BLACK
6
CONTINUOUS
10
0.8778276771653543
20
1.2311472047244094
11
0.8841314173228346
21
1.2291248031496063
0
LINE
8
BLACK
6
CONTINUOUS
10
0.8841314173228346
20
1.2291248031496063
11
0.8878805511811023
21
1.2291875984251968
0
LINE
8
BLACK
6
CONTINUOUS
10
0.8878805511811023
20
1.2291875984251968
11
0.8939402755905511
21
1.2312838582677166
0
LINE
8
BLACK
6
CONTINUOUS
10
0.8939402755905511
20
1.2312838582677166
11
0.8956723228346456
21
1.233094251968504
0
LINE
8
BLACK
6
CONTINUOUS
10
0.8956723228346456
20
1.233094251968504
11
0.8965672047244094
21
1.2338287007874016
0
LINE
8
BLACK
6
CONTINUOUS
10
0.8965672047244094
20
1.2338287007874016
11
0.898696062992126
21
1.234710433070866
0
LINE
8
BLACK
6
CONTINUOUS
10
0.898696062992126
20
1.234710433070866
11
0.9010002362204724
21
1.234710433070866
0
LINE
8
BLACK
6
CONTINUOUS
10
0.9010002362204724
20
1.234710433070866
11
0.9031290551181103
21
1.2338287007874016
0
LINE
8
BLACK
6
CONTINUOUS
10
0.9031290551181103
20
1.2338287007874016
11
0.9047584251968503
21
1.2321993307086614
0
LINE
8
BLACK
6
CONTINUOUS
10
0.9047584251968503
20
1.2321993307086614
11
0.9056401574803149
21
1.2300705118110236
0
LINE
8
BLACK
6
CONTINUOUS
10
0.9056401574803149
20
1.2300705118110236
11
0.9056401574803149
21
1.2277663385826771
0
LINE
8
BLACK
6
CONTINUOUS
10
0.9056401574803149
20
1.2277663385826771
11
0.9047584251968503
21
1.2256374803149606
0
LINE
8
BLACK
6
CONTINUOUS
10
0.9047584251968503
20
1.2256374803149606
11
0.9012118503937008
21
1.2219304724409448
0
LINE
8
BLACK
6
CONTINUOUS
10
0.9012118503937008
20
1.2219304724409448
11
0.9003169291338583
21
1.2211960236220472
0
LINE
8
BLACK
6
CONTINUOUS
10
0.9003169291338583
20
1.2211960236220472
11
0.9001208661417323
21
1.2211148031496062
0
LINE
8
BLACK
6
CONTINUOUS
10
0.9001208661417323
20
1.2211148031496062
11
0.8999606299212598
21
1.2209758267716535
0
LINE
8
BLACK
6
CONTINUOUS
10
0.8999606299212598
20
1.2209758267716535
11
0.8988970472440945
21
1.220607874015748
0
LINE
8
BLACK
6
CONTINUOUS
10
0.8988970472440945
20
1.220607874015748
11
0.8981881102362205
21
1.220314251968504
0
LINE
8
BLACK
6
CONTINUOUS
10
0.8981881102362205
20
1.220314251968504
11
0.8980481889763779
21
1.220314251968504
0
LINE
8
BLACK
6
CONTINUOUS
10
0.8980481889763779
20
1.220314251968504
11
0.8904670472440944
21
1.2176916929133859
0
LINE
8
BLACK
6
CONTINUOUS
10
0.8904670472440944
20
1.2176916929133859
11
0.8898958661417322
21
1.2175618110236219
0
LINE
8
BLACK
6
CONTINUOUS
10
0.8898958661417322
20
1.2175618110236219
11
0.8897516929133858
21
1.2175020866141733
0
LINE
8
BLACK
6
CONTINUOUS
10
0.8897516929133858
20
1.2175020866141733
11
0.889623779527559
21
1.2174999212598425
0
LINE
8
BLACK
6
CONTINUOUS
10
0.889623779527559
20
1.2174999212598425
11
0.889338188976378
21
1.217435
0
LINE
8
BLACK
6
CONTINUOUS
10
0.889338188976378
20
1.217435
11
0.888653031496063
21
1.2174836614173228
0
LINE
8
BLACK
6
CONTINUOUS
10
0.888653031496063
20
1.2174836614173228
11
0.8829752755905511
21
1.2173886220472441
0
LINE
8
BLACK
6
CONTINUOUS
10
0.8829752755905511
20
1.2173886220472441
11
0.882392125984252
21
1.2174460236220472
0
LINE
8
BLACK
6
CONTINUOUS
10
0.882392125984252
20
1.2174460236220472
11
0.882236653543307
21
1.217435
0
LINE
8
BLACK
6
CONTINUOUS
10
0.882236653543307
20
1.217435
11
0.8821180708661417
21
1.2174730314960629
0
LINE
8
BLACK
6
CONTINUOUS
10
0.8821180708661417
20
1.2174730314960629
11
0.8818231496062992
21
1.2175020866141733
0
LINE
8
BLACK
6
CONTINUOUS
10
0.8818231496062992
20
1.2175020866141733
11
0.8811209448818897
21
1.2177929133858267
0
LINE
8
BLACK
6
CONTINUOUS
10
0.8811209448818897
20
1.2177929133858267
11
0.8726713385826771
21
1.2205038582677166
0
LINE
8
BLACK
6
CONTINUOUS
10
0.8726713385826771
20
1.2205038582677166
11
0.8716142125984252
21
1.2209758267716535
0
LINE
8
BLACK
6
CONTINUOUS
10
0.8716142125984252
20
1.2209758267716535
11
0.8714539763779527
21
1.2211147637795274
0
LINE
8
BLACK
6
CONTINUOUS
10
0.8714539763779527
20
1.2211147637795274
11
0.8712578740157481
21
1.2211960236220472
0
LINE
8
BLACK
6
CONTINUOUS
10
0.8712578740157481
20
1.2211960236220472
11
0.8704357086614173
21
1.2219979133858268
0
LINE
8
BLACK
6
CONTINUOUS
10
0.8704357086614173
20
1.2219979133858268
11
0.8698734645669292
21
1.2224855905511811
0
LINE
8
BLACK
6
CONTINUOUS
10
0.8698734645669292
20
1.2224855905511811
11
0.8698141338582677
21
1.2226042125984251
0
LINE
8
BLACK
6
CONTINUOUS
10
0.8698141338582677
20
1.2226042125984251
11
0.8647387007874016
21
1.2275547637795274
0
LINE
8
BLACK
6
CONTINUOUS
10
0.8647387007874016
20
1.2275547637795274
11
0.8643670472440945
21
1.228007559055118
0
LINE
8
BLACK
6
CONTINUOUS
10
0.8643670472440945
20
1.228007559055118
11
0.8642492125984251
21
1.2281098031496063
0
LINE
8
BLACK
6
CONTINUOUS
10
0.8642492125984251
20
1.2281098031496063
11
0.8641906692913386
21
1.2282224803149606
0
LINE
8
BLACK
6
CONTINUOUS
10
0.8641906692913386
20
1.2282224803149606
11
0.8640042519685039
21
1.22844968503937
0
LINE
8
BLACK
6
CONTINUOUS
10
0.8640042519685039
20
1.22844968503937
11
0.8637340551181102
21
1.2291019291338583
0
LINE
8
BLACK
6
CONTINUOUS
10
0.8637340551181102
20
1.2291019291338583
11
0.8608203149606299
21
1.2347138582677164
0
LINE
8
BLACK
6
CONTINUOUS
10
0.8608203149606299
20
1.2347138582677164
11
0.860788031496063
21
1.2347981102362204
0
LINE
8
BLACK
6
CONTINUOUS
10
0.860788031496063
20
1.2347981102362204
11
0.8607626771653543
21
1.2348324015748031
0
LINE
8
BLACK
6
CONTINUOUS
10
0.8607626771653543
20
1.2348324015748031
11
0.860736811023622
21
1.2349320472440946
0
LINE
8
BLACK
6
CONTINUOUS
10
0.860736811023622
20
1.2349320472440946
11
0.8604065748031496
21
1.2357950787401575
0
LINE
8
BLACK
6
CONTINUOUS
10
0.8604065748031496
20
1.2357950787401575
11
0.8603664566929133
21
1.2363593307086613
0
LINE
8
BLACK
6
CONTINUOUS
10
0.8603664566929133
20
1.2363593307086613
11
0.857561062992126
21
1.2471711811023622
0
LINE
8
BLACK
6
CONTINUOUS
10
0.857561062992126
20
1.2471711811023622
11
0.8575315354330708
21
1.2473708267716535
0
LINE
8
BLACK
6
CONTINUOUS
10
0.8575315354330708
20
1.2473708267716535
11
0.857498188976378
21
1.2474513385826771
0
LINE
8
BLACK
6
CONTINUOUS
10
0.857498188976378
20
1.2474513385826771
11
0.8574962992125984
21
1.2476088976377953
0
LINE
8
BLACK
6
CONTINUOUS
10
0.8574962992125984
20
1.2476088976377953
11
0.8573916929133858
21
1.2483164173228347
0
LINE
8
BLACK
6
CONTINUOUS
10
0.8573916929133858
20
1.2483164173228347
11
0.8574808267716535
21
1.2489155905511811
0
LINE
8
BLACK
6
CONTINUOUS
10
0.8574808267716535
20
1.2489155905511811
11
0.8573847244094488
21
1.2570399212598424
0
LINE
8
BLACK
6
CONTINUOUS
10
0.8573847244094488
20
1.2570399212598424
11
0.8574044881889764
21
1.2572408267716535
0
LINE
8
BLACK
6
CONTINUOUS
10
0.8574044881889764
20
1.2572408267716535
11
0.8573916929133858
21
1.257326968503937
0
LINE
8
BLACK
6
CONTINUOUS
10
0.8573916929133858
20
1.257326968503937
11
0.8574277559055118
21
1.2574768503937008
0
LINE
8
BLACK
6
CONTINUOUS
10
0.8574277559055118
20
1.2574768503937008
11
0.857498188976378
21
1.2581920472440944
0
LINE
8
BLACK
6
CONTINUOUS
10
0.857498188976378
20
1.2581920472440944
11
0.8577405511811024
21
1.258777125984252
0
LINE
8
BLACK
6
CONTINUOUS
10
0.8577405511811024
20
1.258777125984252
11
0.8603731889763779
21
1.2697207874015748
0
LINE
8
BLACK
6
CONTINUOUS
10
0.8603731889763779
20
1.2697207874015748
11
0.8604035433070866
21
1.2698057480314959
0
LINE
8
BLACK
6
CONTINUOUS
10
0.8604035433070866
20
1.2698057480314959
11
0.8604065748031496
21
1.2698483070866142
0
LINE
8
BLACK
6
CONTINUOUS
10
0.8604065748031496
20
1.2698483070866142
11
0.8604538582677165
21
1.2699466141732283
0
LINE
8
BLACK
6
CONTINUOUS
10
0.8604538582677165
20
1.2699466141732283
11
0.8607626771653543
21
1.2708109842519684
0
LINE
8
BLACK
6
CONTINUOUS
10
0.8607626771653543
20
1.2708109842519684
11
0.8610677952755905
21
1.2712227952755906
0
LINE
8
BLACK
6
CONTINUOUS
10
0.8610677952755905
20
1.2712227952755906
11
0.8636324803149606
21
1.2765538188976377
0
LINE
8
BLACK
6
CONTINUOUS
10
0.8636324803149606
20
1.2765538188976377
11
0.8639445669291338
21
1.2770496062992125
0
LINE
8
BLACK
6
CONTINUOUS
10
0.8639445669291338
20
1.2770496062992125
11
0.8640042519685039
21
1.2771937007874015
0
LINE
8
BLACK
6
CONTINUOUS
10
0.8640042519685039
20
1.2771937007874015
11
0.8640916929133858
21
1.2772833464566928
0
LINE
8
BLACK
6
CONTINUOUS
10
0.8640916929133858
20
1.2772833464566928
11
0.8642492125984251
21
1.2775335826771654
0
LINE
8
BLACK
6
CONTINUOUS
10
0.8642492125984251
20
1.2775335826771654
11
0.8648109448818897
21
1.278020748031496
0
LINE
8
BLACK
6
CONTINUOUS
10
0.8648109448818897
20
1.278020748031496
11
0.8703629921259842
21
1.2837129133858267
0
LINE
8
BLACK
6
CONTINUOUS
10
0.8703629921259842
20
1.2837129133858267
11
0.8712578740157481
21
1.2844473622047243
0
LINE
8
BLACK
6
CONTINUOUS
10
0.8712578740157481
20
1.2844473622047243
11
0.8714539763779527
21
1.2845285826771653
0
LINE
8
BLACK
6
CONTINUOUS
10
0.8714539763779527
20
1.2845285826771653
11
0.8716142125984252
21
1.284667559055118
0
LINE
8
BLACK
6
CONTINUOUS
10
0.8716142125984252
20
1.284667559055118
11
0.872677716535433
21
1.2850354330708662
0
LINE
8
BLACK
6
CONTINUOUS
10
0.872677716535433
20
1.2850354330708662
11
0.8733867322834645
21
1.2853291338582677
0
LINE
8
BLACK
6
CONTINUOUS
10
0.8733867322834645
20
1.2853291338582677
11
0.8735266535433071
21
1.2853291338582677
0
LINE
8
BLACK
6
CONTINUOUS
10
0.8735266535433071
20
1.2853291338582677
11
0.8811077559055118
21
1.2879516929133858
0
LINE
8
BLACK
6
CONTINUOUS
10
0.8811077559055118
20
1.2879516929133858
11
0.8816789763779528
21
1.2880815748031496
0
LINE
8
BLACK
6
CONTINUOUS
10
0.8816789763779528
20
1.2880815748031496
11
0.8818231496062992
21
1.2881412992125985
0
LINE
8
BLACK
6
CONTINUOUS
10
0.8818231496062992
20
1.2881412992125985
11
0.8819510236220472
21
1.2881434251968504
0
LINE
8
BLACK
6
CONTINUOUS
10
0.8819510236220472
20
1.2881434251968504
11
0.882236653543307
21
1.2882083858267717
0
LINE
8
BLACK
6
CONTINUOUS
10
0.882236653543307
20
1.2882083858267717
11
0.8829217716535432
21
1.28815968503937
0
LINE
8
BLACK
6
CONTINUOUS
10
0.8829217716535432
20
1.28815968503937
11
0.8885995669291339
21
1.2882547637795276
0
LINE
8
BLACK
6
CONTINUOUS
10
0.8885995669291339
20
1.2882547637795276
11
0.8891826771653543
21
1.2881973228346457
0
LINE
8
BLACK
6
CONTINUOUS
10
0.9904043307086614
20
1.2881412992125985
11
0.9909890157480314
21
1.2881412992125985
0
LINE
8
BLACK
6
CONTINUOUS
10
0.9909890157480314
20
1.2881412992125985
11
0.9915234251968503
21
1.2879199212598424
0
LINE
8
BLACK
6
CONTINUOUS
10
0.9915234251968503
20
1.2879199212598424
11
0.9920911023622047
21
1.2878076377952756
0
LINE
8
BLACK
6
CONTINUOUS
10
0.9920911023622047
20
1.2878076377952756
11
0.992577716535433
21
1.2874831889763778
0
LINE
8
BLACK
6
CONTINUOUS
10
0.992577716535433
20
1.2874831889763778
11
0.9931178346456693
21
1.2872594881889763
0
LINE
8
BLACK
6
CONTINUOUS
10
0.9931178346456693
20
1.2872594881889763
11
0.9935268503937008
21
1.2868504724409449
0
LINE
8
BLACK
6
CONTINUOUS
10
0.9935268503937008
20
1.2868504724409449
11
0.9940083858267716
21
1.2865294488188976
0
LINE
8
BLACK
6
CONTINUOUS
10
0.9940083858267716
20
1.2865294488188976
11
0.9943337795275591
21
1.2860435039370079
0
LINE
8
BLACK
6
CONTINUOUS
10
0.9943337795275591
20
1.2860435039370079
11
0.994747125984252
21
1.2856301968503936
0
LINE
8
BLACK
6
CONTINUOUS
10
0.994747125984252
20
1.2856301968503936
11
0.9949685039370079
21
1.2850956692913384
0
LINE
8
BLACK
6
CONTINUOUS
10
0.9949685039370079
20
1.2850956692913384
11
0.9952905118110236
21
1.2846148818897638
0
LINE
8
BLACK
6
CONTINUOUS
10
0.9952905118110236
20
1.2846148818897638
11
0.9954051574803149
21
1.2840415354330708
0
LINE
8
BLACK
6
CONTINUOUS
10
0.9954051574803149
20
1.2840415354330708
11
0.995628937007874
21
1.283501377952756
0
LINE
8
BLACK
6
CONTINUOUS
10
0.995628937007874
20
1.283501377952756
11
0.99563
21
1.2829172440944883
0
LINE
8
BLACK
6
CONTINUOUS
10
0.99563
20
1.2829172440944883
11
0.9957424015748031
21
1.2823554724409449
0
LINE
8
BLACK
6
CONTINUOUS
10
0.9957424015748031
20
1.2823554724409449
11
0.995632125984252
21
1.2817980708661416
0
LINE
8
BLACK
6
CONTINUOUS
10
0.995632125984252
20
1.2817980708661416
11
0.9957313385826772
21
1.229163937007874
0
LINE
8
BLACK
6
CONTINUOUS
10
0.9957313385826772
20
1.229163937007874
11
1.0067098031496062
21
1.2291996456692913
0
LINE
8
BLACK
6
CONTINUOUS
10
1.0067098031496062
20
1.2291996456692913
11
1.0078619291338582
21
1.2290861811023621
0
LINE
8
BLACK
6
CONTINUOUS
10
1.0078619291338582
20
1.2290861811023621
11
1.009990748031496
21
1.2282043700787402
0
LINE
8
BLACK
6
CONTINUOUS
10
1.009990748031496
20
1.2282043700787402
11
1.0116200393700787
21
1.2265750787401575
0
LINE
8
BLACK
6
CONTINUOUS
10
1.0116200393700787
20
1.2265750787401575
11
1.0125018503937007
21
1.2244462598425196
0
LINE
8
BLACK
6
CONTINUOUS
10
1.0125018503937007
20
1.2244462598425196
11
1.0125018503937007
21
1.2221420078740157
0
LINE
8
BLACK
6
CONTINUOUS
10
1.0125018503937007
20
1.2221420078740157
11
1.0116200393700787
21
1.2200131889763779
0
LINE
8
BLACK
6
CONTINUOUS
10
1.0116200393700787
20
1.2200131889763779
11
1.009990748031496
21
1.2183838976377952
0
LINE
8
BLACK
6
CONTINUOUS
10
1.009990748031496
20
1.2183838976377952
11
1.0078619291338582
21
1.2175020866141733
0
LINE
8
BLACK
6
CONTINUOUS
10
1.0078619291338582
20
1.2175020866141733
11
0.9729640157480315
21
1.2173886220472441
0
LINE
8
BLACK
6
CONTINUOUS
10
0.9729640157480315
20
1.2173886220472441
11
0.9718118897637795
21
1.2175020866141733
0
LINE
8
BLACK
6
CONTINUOUS
10
0.9718118897637795
20
1.2175020866141733
11
0.9696830708661417
21
1.2183838976377952
0
LINE
8
BLACK
6
CONTINUOUS
10
0.9696830708661417
20
1.2183838976377952
11
0.968053779527559
21
1.2200131889763779
0
LINE
8
BLACK
6
CONTINUOUS
10
0.968053779527559
20
1.2200131889763779
11
0.9671719685039369
21
1.2221420078740157
0
LINE
8
BLACK
6
CONTINUOUS
10
0.9671719685039369
20
1.2221420078740157
11
0.9671719685039369
21
1.2244462598425196
0
LINE
8
BLACK
6
CONTINUOUS
10
0.9671719685039369
20
1.2244462598425196
11
0.968053779527559
21
1.2265750787401575
0
LINE
8
BLACK
6
CONTINUOUS
10
0.968053779527559
20
1.2265750787401575
11
0.9696830708661417
21
1.2282043700787402
0
LINE
8
BLACK
6
CONTINUOUS
10
0.9696830708661417
20
1.2282043700787402
11
0.9718118897637795
21
1.2290861811023621
0
LINE
8
BLACK
6
CONTINUOUS
10
0.9718118897637795
20
1.2290861811023621
11
0.984031653543307
21
1.2291259055118109
0
LINE
8
BLACK
6
CONTINUOUS
10
0.984031653543307
20
1.2291259055118109
11
0.9839634251968503
21
1.2653422047244094
0
LINE
8
BLACK
6
CONTINUOUS
10
0.9839634251968503
20
1.2653422047244094
11
0.9827641338582677
21
1.2641126771653544
0
LINE
8
BLACK
6
CONTINUOUS
10
0.9827641338582677
20
1.2641126771653544
11
0.9823112992125984
21
1.2637410236220472
0
LINE
8
BLACK
6
CONTINUOUS
10
0.9823112992125984
20
1.2637410236220472
11
0.9822090944881889
21
1.2636231889763778
0
LINE
8
BLACK
6
CONTINUOUS
10
0.9822090944881889
20
1.2636231889763778
11
0.9820963779527558
21
1.2635646456692913
0
LINE
8
BLACK
6
CONTINUOUS
10
0.9820963779527558
20
1.2635646456692913
11
0.9818692125984252
21
1.2633782283464567
0
LINE
8
BLACK
6
CONTINUOUS
10
0.9818692125984252
20
1.2633782283464567
11
0.9812168897637795
21
1.263108031496063
0
LINE
8
BLACK
6
CONTINUOUS
10
0.9812168897637795
20
1.263108031496063
11
0.9756050393700787
21
1.2601943307086614
0
LINE
8
BLACK
6
CONTINUOUS
10
0.9756050393700787
20
1.2601943307086614
11
0.9745237795275591
21
1.2597805511811024
0
LINE
8
BLACK
6
CONTINUOUS
10
0.9745237795275591
20
1.2597805511811024
11
0.9722253543307087
21
1.2596172440944882
0
LINE
8
BLACK
6
CONTINUOUS
10
0.9722253543307087
20
1.2596172440944882
11
0.9700394488188976
21
1.2603459055118109
0
LINE
8
BLACK
6
CONTINUOUS
10
0.9700394488188976
20
1.2603459055118109
11
0.9682987007874015
21
1.2618556299212598
0
LINE
8
BLACK
6
CONTINUOUS
10
0.9682987007874015
20
1.2618556299212598
11
0.9672681889763779
21
1.2639166141732283
0
LINE
8
BLACK
6
CONTINUOUS
10
0.9672681889763779
20
1.2639166141732283
11
0.9671048818897637
21
1.2662150393700786
0
LINE
8
BLACK
6
CONTINUOUS
10
0.9671048818897637
20
1.2662150393700786
11
0.9678335433070866
21
1.2684009448818898
0
LINE
8
BLACK
6
CONTINUOUS
10
0.9678335433070866
20
1.2684009448818898
11
0.9693432677165355
21
1.2701416929133857
0
LINE
8
BLACK
6
CONTINUOUS
10
0.9693432677165355
20
1.2701416929133857
11
0.9753042125984251
21
1.2732366535433071
0
LINE
8
BLACK
6
CONTINUOUS
10
0.9753042125984251
20
1.2732366535433071
11
0.9799487401574803
21
1.2779983858267716
0
LINE
8
BLACK
6
CONTINUOUS
10
0.9799487401574803
20
1.2779983858267716
11
0.9849232283464566
21
1.2856250393700788
0
LINE
8
BLACK
6
CONTINUOUS
10
0.9849232283464566
20
1.2856250393700788
11
0.9849258267716535
21
1.2856281889763779
0
LINE
8
BLACK
6
CONTINUOUS
10
0.9849258267716535
20
1.2856281889763779
11
0.9849266535433071
21
1.2856301968503936
0
LINE
8
BLACK
6
CONTINUOUS
10
0.9849266535433071
20
1.2856301968503936
11
0.9849310236220472
21
1.2856345669291338
0
LINE
8
BLACK
6
CONTINUOUS
10
0.9849310236220472
20
1.2856345669291338
11
0.9856566929133858
21
1.286520748031496
0
LINE
8
BLACK
6
CONTINUOUS
10
0.9856566929133858
20
1.286520748031496
11
0.9861425984251968
21
1.2868461417322834
0
LINE
8
BLACK
6
CONTINUOUS
10
0.9861425984251968
20
1.2868461417322834
11
0.9865559448818897
21
1.2872594881889763
0
LINE
8
BLACK
6
CONTINUOUS
10
0.9865559448818897
20
1.2872594881889763
11
0.9870904330708661
21
1.2874808661417323
0
LINE
8
BLACK
6
CONTINUOUS
10
0.9870904330708661
20
1.2874808661417323
11
0.9875712598425197
21
1.2878028740157481
0
LINE
8
BLACK
6
CONTINUOUS
10
0.9875712598425197
20
1.2878028740157481
11
0.9881445275590551
21
1.2879175196850394
0
LINE
8
BLACK
6
CONTINUOUS
10
0.9881445275590551
20
1.2879175196850394
11
0.9886847637795275
21
1.2881412992125985
0
LINE
8
BLACK
6
CONTINUOUS
10
0.9886847637795275
20
1.2881412992125985
11
0.9892633858267716
21
1.2881412992125985
0
LINE
8
BLACK
6
CONTINUOUS
10
0.9892633858267716
20
1.2881412992125985
11
0.9898307086614173
21
1.2882547637795276
0
LINE
8
BLACK
6
CONTINUOUS
10
0.9898307086614173
20
1.2882547637795276
11
0.9904043307086614
21
1.2881412992125985
0
LINE
8
BLACK
6
CONTINUOUS
10
0.9375451181102362
20
1.2880749212598426
11
0.9379659448818898
21
1.2880450393700786
0
LINE
8
BLACK
6
CONTINUOUS
10
0.9379659448818898
20
1.2880450393700786
11
0.9386281889763779
21
1.2877138976377953
0
LINE
8
BLACK
6
CONTINUOUS
10
0.9386281889763779
20
1.2877138976377953
11
0.9393307086614173
21
1.2874797244094487
0
LINE
8
BLACK
6
CONTINUOUS
10
0.9393307086614173
20
1.2874797244094487
11
0.9396494488188977
21
1.2872032283464567
0
LINE
8
BLACK
6
CONTINUOUS
10
0.9396494488188977
20
1.2872032283464567
11
0.9400268503937008
21
1.2870145669291337
0
LINE
8
BLACK
6
CONTINUOUS
10
0.9400268503937008
20
1.2870145669291337
11
0.9405120078740157
21
1.2864551574803149
0
LINE
8
BLACK
6
CONTINUOUS
10
0.9405120078740157
20
1.2864551574803149
11
0.9410714173228346
21
1.2859700000000001
0
LINE
8
BLACK
6
CONTINUOUS
10
0.9410714173228346
20
1.2859700000000001
11
0.9412600787401575
21
1.2855925984251968
0
LINE
8
BLACK
6
CONTINUOUS
10
0.9412600787401575
20
1.2855925984251968
11
0.9415365748031496
21
1.2852738582677166
0
LINE
8
BLACK
6
CONTINUOUS
10
0.9415365748031496
20
1.2852738582677166
11
0.9417749606299213
21
1.2845629133858267
0
LINE
8
BLACK
6
CONTINUOUS
10
0.9417749606299213
20
1.2845629133858267
11
0.9421018897637795
21
1.283909094488189
0
LINE
8
BLACK
6
CONTINUOUS
10
0.9421018897637795
20
1.283909094488189
11
0.9421308267716535
21
1.2835015748031495
0
LINE
8
BLACK
6
CONTINUOUS
10
0.9421308267716535
20
1.2835015748031495
11
0.9616936220472441
21
1.2251616141732282
0
LINE
8
BLACK
6
CONTINUOUS
10
0.9616936220472441
20
1.2251616141732282
11
0.9619503149606299
21
1.224032716535433
0
LINE
8
BLACK
6
CONTINUOUS
10
0.9619503149606299
20
1.224032716535433
11
0.9617869291338582
21
1.2217342913385827
0
LINE
8
BLACK
6
CONTINUOUS
10
0.9617869291338582
20
1.2217342913385827
11
0.9607564566929133
21
1.2196733858267716
0
LINE
8
BLACK
6
CONTINUOUS
10
0.9607564566929133
20
1.2196733858267716
11
0.959015748031496
21
1.2181636614173228
0
LINE
8
BLACK
6
CONTINUOUS
10
0.959015748031496
20
1.2181636614173228
11
0.9568297637795276
21
1.2174349606299213
0
LINE
8
BLACK
6
CONTINUOUS
10
0.9568297637795276
20
1.2174349606299213
11
0.9545313385826771
21
1.2175983464566928
0
LINE
8
BLACK
6
CONTINUOUS
10
0.9545313385826771
20
1.2175983464566928
11
0.9524703937007873
21
1.218628779527559
0
LINE
8
BLACK
6
CONTINUOUS
10
0.9524703937007873
20
1.218628779527559
11
0.9509606692913386
21
1.2203695275590551
0
LINE
8
BLACK
6
CONTINUOUS
10
0.9509606692913386
20
1.2203695275590551
11
0.9462712598425197
21
1.2343542125984253
0
LINE
8
BLACK
6
CONTINUOUS
10
0.9462712598425197
20
1.2343542125984253
11
0.9265816929133858
21
1.2342779133858268
0
LINE
8
BLACK
6
CONTINUOUS
10
0.9265816929133858
20
1.2342779133858268
11
0.9223235039370079
21
1.2214266535433072
0
LINE
8
BLACK
6
CONTINUOUS
10
0.9223235039370079
20
1.2214266535433072
11
0.9218515354330709
21
1.2203695275590551
0
LINE
8
BLACK
6
CONTINUOUS
10
0.9218515354330709
20
1.2203695275590551
11
0.920341811023622
21
1.2186288188976377
0
LINE
8
BLACK
6
CONTINUOUS
10
0.920341811023622
20
1.2186288188976377
11
0.918280905511811
21
1.2175983464566928
0
LINE
8
BLACK
6
CONTINUOUS
10
0.918280905511811
20
1.2175983464566928
11
0.9159824409448819
21
1.217435
0
LINE
8
BLACK
6
CONTINUOUS
10
0.9159824409448819
20
1.217435
11
0.9137964566929133
21
1.2181636614173228
0
LINE
8
BLACK
6
CONTINUOUS
10
0.9137964566929133
20
1.2181636614173228
11
0.912055748031496
21
1.2196733858267716
0
LINE
8
BLACK
6
CONTINUOUS
10
0.912055748031496
20
1.2196733858267716
11
0.9110252755905511
21
1.2217342913385827
0
LINE
8
BLACK
6
CONTINUOUS
10
0.9110252755905511
20
1.2217342913385827
11
0.9108619291338582
21
1.2240327559055117
0
LINE
8
BLACK
6
CONTINUOUS
10
0.9108619291338582
20
1.2240327559055117
11
0.9165533070866142
21
1.2412092519685038
0
LINE
8
BLACK
6
CONTINUOUS
10
0.9165533070866142
20
1.2412092519685038
11
0.9165533070866142
21
1.2413191338582676
0
LINE
8
BLACK
6
CONTINUOUS
10
0.9165533070866142
20
1.2413191338582676
11
0.9167351968503937
21
1.2417582677165353
0
LINE
8
BLACK
6
CONTINUOUS
10
0.9167351968503937
20
1.2417582677165353
11
0.9308036614173228
21
1.2842167322834646
0
LINE
8
BLACK
6
CONTINUOUS
10
0.9308036614173228
20
1.2842167322834646
11
0.9312756299212598
21
1.2852738582677166
0
LINE
8
BLACK
6
CONTINUOUS
10
0.9312756299212598
20
1.2852738582677166
11
0.9315520866141732
21
1.2855926377952756
0
LINE
8
BLACK
6
CONTINUOUS
10
0.9315520866141732
20
1.2855926377952756
11
0.9317407874015747
21
1.2859700000000001
0
LINE
8
BLACK
6
CONTINUOUS
10
0.9317407874015747
20
1.2859700000000001
11
0.9323000787401574
21
1.2864550787401574
0
LINE
8
BLACK
6
CONTINUOUS
10
0.9323000787401574
20
1.2864550787401574
11
0.9327853543307086
21
1.2870146062992125
0
LINE
8
BLACK
6
CONTINUOUS
10
0.9327853543307086
20
1.2870146062992125
11
0.9331627952755905
21
1.2872033070866142
0
LINE
8
BLACK
6
CONTINUOUS
10
0.9331627952755905
20
1.2872033070866142
11
0.9334814960629921
21
1.2874797244094487
0
LINE
8
BLACK
6
CONTINUOUS
10
0.9334814960629921
20
1.2874797244094487
11
0.9341839370078739
21
1.2877138582677166
0
LINE
8
BLACK
6
CONTINUOUS
10
0.9341839370078739
20
1.2877138582677166
11
0.9348462992125984
21
1.2880450393700786
0
LINE
8
BLACK
6
CONTINUOUS
10
0.9348462992125984
20
1.2880450393700786
11
0.9352671653543307
21
1.2880749212598426
0
LINE
8
BLACK
6
CONTINUOUS
10
0.9352671653543307
20
1.2880749212598426
11
0.9356674803149606
21
1.2882083858267717
0
LINE
8
BLACK
6
CONTINUOUS
10
0.9356674803149606
20
1.2882083858267717
11
0.936405905511811
21
1.288155905511811
0
LINE
8
BLACK
6
CONTINUOUS
10
0.936405905511811
20
1.288155905511811
11
0.9371447244094488
21
1.2882084251968504
0
LINE
8
BLACK
6
CONTINUOUS
10
0.9371447244094488
20
1.2882084251968504
11
0.9375451181102362
21
1.2880749212598426
0
LINE
8
BLACK
6
CONTINUOUS
10
0.9304641338582677
20
1.2459949606299212
11
0.9423524015748032
21
1.2460410629921259
0
LINE
8
BLACK
6
CONTINUOUS
10
0.9423524015748032
20
1.2460410629921259
11
0.9363804724409449
21
1.2638504724409449
0
LINE
8
BLACK
6
CONTINUOUS
10
0.9363804724409449
20
1.2638504724409449
11
0.9304641338582677
21
1.2459949606299212
0
LINE
8
BLACK
6
CONTINUOUS
10
0.43
20
1.3174999999999999
11
0.37
21
1.3174999999999999
0
LINE
8
BLACK
6
CONTINUOUS
10
0.37
20
1.3174999999999999
11
0.37
21
1.3774999999999999
0
LINE
8
BLACK
6
CONTINUOUS
10
0.37
20
1.3774999999999999
11
0.43
21
1.3774999999999999
0
LINE
8
BLACK
6
CONTINUOUS
10
0.43
20
1.3774999999999999
11
0.43
21
1.3174999999999999
0
LINE
8
BLACK
6
CONTINUOUS
10
0.53
20
1.3174999999999999
11
0.47
21
1.3174999999999999
0
LINE
8
BLACK
6
CONTINUOUS
10
0.47
20
1.3174999999999999
11
0.47
21
1.3774999999999999
0
LINE
8
BLACK
6
CONTINUOUS
10
0.47
20
1.3774999999999999
11
0.53
21
1.3774999999999999
0
LINE
8
BLACK
6
CONTINUOUS
10
0.53
20
1.3774999999999999
11
0.53
21
1.3174999999999999
0
LINE
8
BLACK
6
CONTINUOUS
10
0.63
20
1.3174999999999999
11
0.57
21
1.3174999999999999
0
LINE
8
BLACK
6
CONTINUOUS
10
0.57
20
1.3174999999999999
11
0.57
21
1.3774999999999999
0
LINE
8
BLACK
6
CONTINUOUS
10
0.57
20
1.3774999999999999
11
0.63
21
1.3774999999999999
0
LINE
8
BLACK
6
CONTINUOUS
10
0.63
20
1.3774999999999999
11
0.63
21
1.3174999999999999
0
LINE
8
BLACK
6
CONTINUOUS
10
0.73
20
1.3174999999999999
11
0.67
21
1.3174999999999999
0
LINE
8
BLACK
6
CONTINUOUS
10
0.67
20
1.3174999999999999
11
0.67
21
1.3774999999999999
0
LINE
8
BLACK
6
CONTINUOUS
10
0.67
20
1.3774999999999999
11
0.73
21
1.3774999999999999
0
LINE
8
BLACK
6
CONTINUOUS
10
0.73
20
1.3774999999999999
11
0.73
21
1.3174999999999999
0
LINE
8
BLACK
6
CONTINUOUS
10
0.83
20
1.3174999999999999
11
0.77
21
1.3174999999999999
0
LINE
8
BLACK
6
CONTINUOUS
10
0.77
20
1.3174999999999999
11
0.77
21
1.3774999999999999
0
LINE
8
BLACK
6
CONTINUOUS
10
0.77
20
1.3774999999999999
11
0.83
21
1.3774999999999999
0
LINE
8
BLACK
6
CONTINUOUS
10
0.83
20
1.3774999999999999
11
0.83
21
1.3174999999999999
0
LINE
8
BLACK
6
CONTINUOUS
10
0.43
20
1.4175
11
0.37
21
1.4175
0
LINE
8
BLACK
6
CONTINUOUS
10
0.37
20
1.4175
11
0.37
21
1.4775
0
LINE
8
BLACK
6
CONTINUOUS
10
0.37
20
1.4775
11
0.43
21
1.4775
0
LINE
8
BLACK
6
CONTINUOUS
10
0.43
20
1.4775
11
0.43
21
1.4175
0
LINE
8
BLACK
6
CONTINUOUS
10
0.53
20
1.4175
11
0.47
21
1.4175
0
LINE
8
BLACK
6
CONTINUOUS
10
0.47
20
1.4175
11
0.47
21
1.4775
0
LINE
8
BLACK
6
CONTINUOUS
10
0.47
20
1.4775
11
0.53
21
1.4775
0
LINE
8
BLACK
6
CONTINUOUS
10
0.53
20
1.4775
11
0.53
21
1.4175
0
LINE
8
BLACK
6
CONTINUOUS
10
0.63
20
1.4175
11
0.57
21
1.4175
0
LINE
8
BLACK
6
CONTINUOUS
10
0.57
20
1.4175
11
0.57
21
1.4775
0
LINE
8
BLACK
6
CONTINUOUS
10
0.57
20
1.4775
11
0.63
21
1.4775
0
LINE
8
BLACK
6
CONTINUOUS
10
0.63
20
1.4775
11
0.63
21
1.4175
0
LINE
8
BLACK
6
CONTINUOUS
10
0.73
20
1.4175
11
0.67
21
1.4175
0
LINE
8
BLACK
6
CONTINUOUS
10
0.67
20
1.4175
11
0.67
21
1.4775
0
LINE
8
BLACK
6
CONTINUOUS
10
0.67
20
1.4775
11
0.73
21
1.4775
0
LINE
8
BLACK
6
CONTINUOUS
10
0.73
20
1.4775
11
0.73
21
1.4175
0
LINE
8
BLACK
6
CONTINUOUS
10
0.83
20
1.4175
11
0.77
21
1.4175
0
LINE
8
BLACK
6
CONTINUOUS
10
0.77
20
1.4175
11
0.77
21
1.4775
0
LINE
8
BLACK
6
CONTINUOUS
10
0.77
20
1.4775
11
0.83
21
1.4775
0
LINE
8
BLACK
6
CONTINUOUS
10
0.83
20
1.4775
11
0.83
21
1.4175
0
LINE
8
BLACK
6
CONTINUOUS
10
0.850576062992126
20
1.5003960236220473
11
0.8516404724409449
21
1.4999551181102362
0
LINE
8
BLACK
6
CONTINUOUS
10
0.8516404724409449
20
1.4999551181102362
11
0.8524551181102362
21
1.4991404724409449
0
LINE
8
BLACK
6
CONTINUOUS
10
0.8524551181102362
20
1.4991404724409449
11
0.8528960236220472
21
1.4980760629921259
0
LINE
8
BLACK
6
CONTINUOUS
10
0.8528960236220472
20
1.4980760629921259
11
0.8529527559055118
21
1.2974999999999999
0
LINE
8
BLACK
6
CONTINUOUS
10
0.8529527559055118
20
1.2974999999999999
11
0.8528960236220472
21
1.296923937007874
0
LINE
8
BLACK
6
CONTINUOUS
10
0.8528960236220472
20
1.296923937007874
11
0.8524551181102362
21
1.295859527559055
0
LINE
8
BLACK
6
CONTINUOUS
10
0.8524551181102362
20
1.295859527559055
11
0.8516404724409449
21
1.2950448818897637
0
LINE
8
BLACK
6
CONTINUOUS
10
0.8516404724409449
20
1.2950448818897637
11
0.850576062992126
21
1.2946039763779527
0
LINE
8
BLACK
6
CONTINUOUS
10
0.850576062992126
20
1.2946039763779527
11
0.35
21
1.2945472440944881
0
LINE
8
BLACK
6
CONTINUOUS
10
0.35
20
1.2945472440944881
11
0.349423937007874
21
1.2946039763779527
0
LINE
8
BLACK
6
CONTINUOUS
10
0.349423937007874
20
1.2946039763779527
11
0.3483595275590551
21
1.2950448818897637
0
LINE
8
BLACK
6
CONTINUOUS
10
0.3483595275590551
20
1.2950448818897637
11
0.3475448818897638
21
1.295859527559055
0
LINE
8
BLACK
6
CONTINUOUS
10
0.3475448818897638
20
1.295859527559055
11
0.3471039763779528
21
1.296923937007874
0
LINE
8
BLACK
6
CONTINUOUS
10
0.3471039763779528
20
1.296923937007874
11
0.3470472440944882
21
1.4975000000000001
0
LINE
8
BLACK
6
CONTINUOUS
10
0.3470472440944882
20
1.4975000000000001
11
0.3471039763779528
21
1.4980760629921259
0
LINE
8
BLACK
6
CONTINUOUS
10
0.3471039763779528
20
1.4980760629921259
11
0.3475448818897638
21
1.4991404724409449
0
LINE
8
BLACK
6
CONTINUOUS
10
0.3475448818897638
20
1.4991404724409449
11
0.3483595275590551
21
1.4999551181102362
0
LINE
8
BLACK
6
CONTINUOUS
10
0.3483595275590551
20
1.4999551181102362
11
0.349423937007874
21
1.5003960236220473
0
LINE
8
BLACK
6
CONTINUOUS
10
0.349423937007874
20
1.5003960236220473
11
0.85
21
1.5004527559055119
0
LINE
8
BLACK
6
CONTINUOUS
10
0.85
20
1.5004527559055119
11
0.850576062992126
21
1.5003960236220473
0
LINE
8
BLACK
6
CONTINUOUS
10
0.3528970078740157
20
1.494547559055118
11
0.3529519291338583
21
1.3003964173228346
0
LINE
8
BLACK
6
CONTINUOUS
10
0.3529519291338583
20
1.3003964173228346
11
0.8471029527559055
21
1.3004524015748031
0
LINE
8
BLACK
6
CONTINUOUS
10
0.8471029527559055
20
1.3004524015748031
11
0.847048031496063
21
1.4946035433070866
0
LINE
8
BLACK
6
CONTINUOUS
10
0.847048031496063
20
1.4946035433070866
11
0.3528970078740157
21
1.494547559055118
0
LINE
8
BLACK
6
CONTINUOUS
10
0.7685334645669292
20
1.5761412992125985
11
0.7687295275590551
21
1.5760600393700788
0
LINE
8
BLACK
6
CONTINUOUS
10
0.7687295275590551
20
1.5760600393700788
11
0.7689411417322835
21
1.5760450393700787
0
LINE
8
BLACK
6
CONTINUOUS
10
0.7689411417322835
20
1.5760450393700787
11
0.7700271653543307
21
1.5755225196850393
0
LINE
8
BLACK
6
CONTINUOUS
10
0.7700271653543307
20
1.5755225196850393
11
0.7706622834645669
21
1.5752594881889763
0
LINE
8
BLACK
6
CONTINUOUS
10
0.7706622834645669
20
1.5752594881889763
11
0.7707440944881889
21
1.5751776377952755
0
LINE
8
BLACK
6
CONTINUOUS
10
0.7707440944881889
20
1.5751776377952755
11
0.7756466535433071
21
1.5728191338582678
0
LINE
8
BLACK
6
CONTINUOUS
10
0.7756466535433071
20
1.5728191338582678
11
0.7766264173228347
21
1.5722024015748031
0
LINE
8
BLACK
6
CONTINUOUS
10
0.7766264173228347
20
1.5722024015748031
11
0.7781361023622047
21
1.5704616535433071
0
LINE
8
BLACK
6
CONTINUOUS
10
0.7781361023622047
20
1.5704616535433071
11
0.7788647637795275
21
1.5682757086614172
0
LINE
8
BLACK
6
CONTINUOUS
10
0.7788647637795275
20
1.5682757086614172
11
0.7787014173228346
21
1.5659772834645669
0
LINE
8
BLACK
6
CONTINUOUS
10
0.7787014173228346
20
1.5659772834645669
11
0.7776709448818897
21
1.5639162992125983
0
LINE
8
BLACK
6
CONTINUOUS
10
0.7776709448818897
20
1.5639162992125983
11
0.7759301574803149
21
1.5624065748031495
0
LINE
8
BLACK
6
CONTINUOUS
10
0.7759301574803149
20
1.5624065748031495
11
0.7737442519685039
21
1.5616779527559055
0
LINE
8
BLACK
6
CONTINUOUS
10
0.7737442519685039
20
1.5616779527559055
11
0.7714458267716535
21
1.5618412992125983
0
LINE
8
BLACK
6
CONTINUOUS
10
0.7714458267716535
20
1.5618412992125983
11
0.7658660236220473
21
1.5645256299212598
0
LINE
8
BLACK
6
CONTINUOUS
10
0.7658660236220473
20
1.5645256299212598
11
0.7596532677165354
21
1.5644520866141731
0
LINE
8
BLACK
6
CONTINUOUS
10
0.7596532677165354
20
1.5644520866141731
11
0.753550748031496
21
1.5623410236220472
0
LINE
8
BLACK
6
CONTINUOUS
10
0.753550748031496
20
1.5623410236220472
11
0.7495758267716536
21
1.5582658267716536
0
LINE
8
BLACK
6
CONTINUOUS
10
0.7495758267716536
20
1.5582658267716536
11
0.7474544488188977
21
1.5538562598425196
0
LINE
8
BLACK
6
CONTINUOUS
10
0.7474544488188977
20
1.5538562598425196
11
0.7450780708661418
21
1.5439778740157479
0
LINE
8
BLACK
6
CONTINUOUS
10
0.7450780708661418
20
1.5439778740157479
11
0.7451611023622047
21
1.5369616141732283
0
LINE
8
BLACK
6
CONTINUOUS
10
0.7451611023622047
20
1.5369616141732283
11
0.7477287401574803
21
1.527066062992126
0
LINE
8
BLACK
6
CONTINUOUS
10
0.7477287401574803
20
1.527066062992126
11
0.7498323228346456
21
1.5230145669291337
0
LINE
8
BLACK
6
CONTINUOUS
10
0.7498323228346456
20
1.5230145669291337
11
0.7537972834645669
21
1.5191472047244095
0
LINE
8
BLACK
6
CONTINUOUS
10
0.7537972834645669
20
1.5191472047244095
11
0.7601010236220472
21
1.5171248031496063
0
LINE
8
BLACK
6
CONTINUOUS
10
0.7601010236220472
20
1.5171248031496063
11
0.7638501574803149
21
1.5171875984251968
0
LINE
8
BLACK
6
CONTINUOUS
10
0.7638501574803149
20
1.5171875984251968
11
0.7699098818897637
21
1.5192838582677164
0
LINE
8
BLACK
6
CONTINUOUS
10
0.7699098818897637
20
1.5192838582677164
11
0.7700059842519685
21
1.5193842913385827
0
LINE
8
BLACK
6
CONTINUOUS
10
0.7700059842519685
20
1.5193842913385827
11
0.769944094488189
21
1.530747125984252
0
LINE
8
BLACK
6
CONTINUOUS
10
0.769944094488189
20
1.530747125984252
11
0.7645691732283464
21
1.5306979527559055
0
LINE
8
BLACK
6
CONTINUOUS
10
0.7645691732283464
20
1.5306979527559055
11
0.7634170472440944
21
1.5308114173228347
0
LINE
8
BLACK
6
CONTINUOUS
10
0.7634170472440944
20
1.5308114173228347
11
0.7612882283464567
21
1.5316932283464566
0
LINE
8
BLACK
6
CONTINUOUS
10
0.7612882283464567
20
1.5316932283464566
11
0.759658937007874
21
1.5333225196850393
0
LINE
8
BLACK
6
CONTINUOUS
10
0.759658937007874
20
1.5333225196850393
11
0.758777125984252
21
1.5354513385826771
0
LINE
8
BLACK
6
CONTINUOUS
10
0.758777125984252
20
1.5354513385826771
11
0.758777125984252
21
1.5377555905511811
0
LINE
8
BLACK
6
CONTINUOUS
10
0.758777125984252
20
1.5377555905511811
11
0.759658937007874
21
1.5398844094488189
0
LINE
8
BLACK
6
CONTINUOUS
10
0.759658937007874
20
1.5398844094488189
11
0.7612882283464567
21
1.5415137007874016
0
LINE
8
BLACK
6
CONTINUOUS
10
0.7612882283464567
20
1.5415137007874016
11
0.7634170472440944
21
1.5423955118110235
0
LINE
8
BLACK
6
CONTINUOUS
10
0.7634170472440944
20
1.5423955118110235
11
0.7758177559055118
21
1.5425089763779527
0
LINE
8
BLACK
6
CONTINUOUS
10
0.7758177559055118
20
1.5425089763779527
11
0.7769698818897638
21
1.5423955118110235
0
LINE
8
BLACK
6
CONTINUOUS
10
0.7769698818897638
20
1.5423955118110235
11
0.7790987007874015
21
1.5415137007874016
0
LINE
8
BLACK
6
CONTINUOUS
10
0.7790987007874015
20
1.5415137007874016
11
0.7807279921259842
21
1.5398844094488189
0
LINE
8
BLACK
6
CONTINUOUS
10
0.7807279921259842
20
1.5398844094488189
11
0.7816098031496063
21
1.5377555905511811
0
LINE
8
BLACK
6
CONTINUOUS
10
0.7816098031496063
20
1.5377555905511811
11
0.7817232677165354
21
1.5169184251968504
0
LINE
8
BLACK
6
CONTINUOUS
10
0.7817232677165354
20
1.5169184251968504
11
0.7816098031496063
21
1.5157662992125984
0
LINE
8
BLACK
6
CONTINUOUS
10
0.7816098031496063
20
1.5157662992125984
11
0.7812281496062992
21
1.5148449212598425
0
LINE
8
BLACK
6
CONTINUOUS
10
0.7812281496062992
20
1.5148449212598425
11
0.780728031496063
21
1.5136374803149606
0
LINE
8
BLACK
6
CONTINUOUS
10
0.780728031496063
20
1.5136374803149606
11
0.7771814566929134
21
1.5099304724409448
0
LINE
8
BLACK
6
CONTINUOUS
10
0.7771814566929134
20
1.5099304724409448
11
0.7762865354330708
21
1.5091960236220472
0
LINE
8
BLACK
6
CONTINUOUS
10
0.7762865354330708
20
1.5091960236220472
11
0.7760904724409449
21
1.5091148031496062
0
LINE
8
BLACK
6
CONTINUOUS
10
0.7760904724409449
20
1.5091148031496062
11
0.7759302362204724
21
1.5089758267716535
0
LINE
8
BLACK
6
CONTINUOUS
10
0.7759302362204724
20
1.5089758267716535
11
0.7748666535433071
21
1.508607874015748
0
LINE
8
BLACK
6
CONTINUOUS
10
0.7748666535433071
20
1.508607874015748
11
0.7741577165354331
21
1.508314251968504
0
LINE
8
BLACK
6
CONTINUOUS
10
0.7741577165354331
20
1.508314251968504
11
0.7740177952755906
21
1.508314251968504
0
LINE
8
BLACK
6
CONTINUOUS
10
0.7740177952755906
20
1.508314251968504
11
0.766436653543307
21
1.5056916929133859
0
LINE
8
BLACK
6
CONTINUOUS
10
0.766436653543307
20
1.5056916929133859
11
0.7658654724409448
21
1.505561811023622
0
LINE
8
BLACK
6
CONTINUOUS
10
0.7658654724409448
20
1.505561811023622
11
0.7657212992125985
21
1.5055020866141733
0
LINE
8
BLACK
6
CONTINUOUS
10
0.7657212992125985
20
1.5055020866141733
11
0.7655933858267716
21
1.5054999212598426
0
LINE
8
BLACK
6
CONTINUOUS
10
0.7655933858267716
20
1.5054999212598426
11
0.7653077952755906
21
1.5054349999999999
0
LINE
8
BLACK
6
CONTINUOUS
10
0.7653077952755906
20
1.5054349999999999
11
0.7646226377952756
21
1.5054836614173228
0
LINE
8
BLACK
6
CONTINUOUS
10
0.7646226377952756
20
1.5054836614173228
11
0.7589448818897637
21
1.5053886220472441
0
LINE
8
BLACK
6
CONTINUOUS
10
0.7589448818897637
20
1.5053886220472441
11
0.7583617322834646
21
1.5054460236220473
0
LINE
8
BLACK
6
CONTINUOUS
10
0.7583617322834646
20
1.5054460236220473
11
0.7582062598425197
21
1.5054349999999999
0
LINE
8
BLACK
6
CONTINUOUS
10
0.7582062598425197
20
1.5054349999999999
11
0.7580876771653543
21
1.5054730314960629
0
LINE
8
BLACK
6
CONTINUOUS
10
0.7580876771653543
20
1.5054730314960629
11
0.7577927559055118
21
1.5055020866141733
0
LINE
8
BLACK
6
CONTINUOUS
10
0.7577927559055118
20
1.5055020866141733
11
0.7570905511811024
21
1.5057929133858268
0
LINE
8
BLACK
6
CONTINUOUS
10
0.7570905511811024
20
1.5057929133858268
11
0.7486409448818897
21
1.5085038582677166
0
LINE
8
BLACK
6
CONTINUOUS
10
0.7486409448818897
20
1.5085038582677166
11
0.7475838188976378
21
1.5089758267716535
0
LINE
8
BLACK
6
CONTINUOUS
10
0.7475838188976378
20
1.5089758267716535
11
0.7474235826771654
21
1.5091147637795275
0
LINE
8
BLACK
6
CONTINUOUS
10
0.7474235826771654
20
1.5091147637795275
11
0.7472274803149607
21
1.5091960236220472
0
LINE
8
BLACK
6
CONTINUOUS
10
0.7472274803149607
20
1.5091960236220472
11
0.7464053149606299
21
1.5099979133858268
0
LINE
8
BLACK
6
CONTINUOUS
10
0.7464053149606299
20
1.5099979133858268
11
0.7458430708661418
21
1.5104855905511811
0
LINE
8
BLACK
6
CONTINUOUS
10
0.7458430708661418
20
1.5104855905511811
11
0.7457837401574803
21
1.5106042125984251
0
LINE
8
BLACK
6
CONTINUOUS
10
0.7457837401574803
20
1.5106042125984251
11
0.7407083070866142
21
1.5155547637795275
0
LINE
8
BLACK
6
CONTINUOUS
10
0.7407083070866142
20
1.5155547637795275
11
0.740336653543307
21
1.5160075590551181
0
LINE
8
BLACK
6
CONTINUOUS
10
0.740336653543307
20
1.5160075590551181
11
0.7402188188976377
21
1.5161098031496063
0
LINE
8
BLACK
6
CONTINUOUS
10
0.7402188188976377
20
1.5161098031496063
11
0.7401602755905512
21
1.5162224803149607
0
LINE
8
BLACK
6
CONTINUOUS
10
0.7401602755905512
20
1.5162224803149607
11
0.7399738582677166
21
1.5164496850393701
0
LINE
8
BLACK
6
CONTINUOUS
10
0.7399738582677166
20
1.5164496850393701
11
0.7397036614173228
21
1.5171019291338583
0
LINE
8
BLACK
6
CONTINUOUS
10
0.7397036614173228
20
1.5171019291338583
11
0.7367899212598426
21
1.5227138582677164
0
LINE
8
BLACK
6
CONTINUOUS
10
0.7367899212598426
20
1.5227138582677164
11
0.7367576377952756
21
1.5227981102362205
0
LINE
8
BLACK
6
CONTINUOUS
10
0.7367576377952756
20
1.5227981102362205
11
0.7367322834645669
21
1.5228324015748032
0
LINE
8
BLACK
6
CONTINUOUS
10
0.7367322834645669
20
1.5228324015748032
11
0.7367064173228346
21
1.5229320472440944
0
LINE
8
BLACK
6
CONTINUOUS
10
0.7367064173228346
20
1.5229320472440944
11
0.7363761811023621
21
1.5237950787401575
0
LINE
8
BLACK
6
CONTINUOUS
10
0.7363761811023621
20
1.5237950787401575
11
0.736336062992126
21
1.5243593307086614
0
LINE
8
BLACK
6
CONTINUOUS
10
0.736336062992126
20
1.5243593307086614
11
0.7335306692913386
21
1.5351711811023621
0
LINE
8
BLACK
6
CONTINUOUS
10
0.7335306692913386
20
1.5351711811023621
11
0.7335011417322834
21
1.5353708267716535
0
LINE
8
BLACK
6
CONTINUOUS
10
0.7335011417322834
20
1.5353708267716535
11
0.7334677952755906
21
1.5354513385826771
0
LINE
8
BLACK
6
CONTINUOUS
10
0.7334677952755906
20
1.5354513385826771
11
0.733465905511811
21
1.5356088976377953
0
LINE
8
BLACK
6
CONTINUOUS
10
0.733465905511811
20
1.5356088976377953
11
0.7333612992125984
21
1.5363164173228345
0
LINE
8
BLACK
6
CONTINUOUS
10
0.7333612992125984
20
1.5363164173228345
11
0.7334504330708661
21
1.5369155905511811
0
LINE
8
BLACK
6
CONTINUOUS
10
0.7334504330708661
20
1.5369155905511811
11
0.7333543307086614
21
1.5450399212598425
0
LINE
8
BLACK
6
CONTINUOUS
10
0.7333543307086614
20
1.5450399212598425
11
0.7333740944881889
21
1.5452408267716535
0
LINE
8
BLACK
6
CONTINUOUS
10
0.7333740944881889
20
1.5452408267716535
11
0.7333612992125984
21
1.545326968503937
0
LINE
8
BLACK
6
CONTINUOUS
10
0.7333612992125984
20
1.545326968503937
11
0.7333973622047244
21
1.5454768503937009
0
LINE
8
BLACK
6
CONTINUOUS
10
0.7333973622047244
20
1.5454768503937009
11
0.7334677952755906
21
1.5461920472440944
0
LINE
8
BLACK
6
CONTINUOUS
10
0.7334677952755906
20
1.5461920472440944
11
0.733710157480315
21
1.546777125984252
0
LINE
8
BLACK
6
CONTINUOUS
10
0.733710157480315
20
1.546777125984252
11
0.7363427952755905
21
1.5577207874015748
0
LINE
8
BLACK
6
CONTINUOUS
10
0.7363427952755905
20
1.5577207874015748
11
0.7363731496062992
21
1.557805748031496
0
LINE
8
BLACK
6
CONTINUOUS
10
0.7363731496062992
20
1.557805748031496
11
0.7363761811023621
21
1.557848307086614
0
LINE
8
BLACK
6
CONTINUOUS
10
0.7363761811023621
20
1.557848307086614
11
0.7364234645669291
21
1.5579466141732283
0
LINE
8
BLACK
6
CONTINUOUS
10
0.7364234645669291
20
1.5579466141732283
11
0.7367322834645669
21
1.5588109842519684
0
LINE
8
BLACK
6
CONTINUOUS
10
0.7367322834645669
20
1.5588109842519684
11
0.7370374015748031
21
1.5592227952755906
0
LINE
8
BLACK
6
CONTINUOUS
10
0.7370374015748031
20
1.5592227952755906
11
0.7396020866141733
21
1.5645538188976378
0
LINE
8
BLACK
6
CONTINUOUS
10
0.7396020866141733
20
1.5645538188976378
11
0.7399141732283464
21
1.5650496062992125
0
LINE
8
BLACK
6
CONTINUOUS
10
0.7399141732283464
20
1.5650496062992125
11
0.7399738582677166
21
1.5651937007874015
0
LINE
8
BLACK
6
CONTINUOUS
10
0.7399738582677166
20
1.5651937007874015
11
0.7400612992125984
21
1.5652833464566929
0
LINE
8
BLACK
6
CONTINUOUS
10
0.7400612992125984
20
1.5652833464566929
11
0.7402188188976377
21
1.5655335826771652
0
LINE
8
BLACK
6
CONTINUOUS
10
0.7402188188976377
20
1.5655335826771652
11
0.7407805511811023
21
1.566020748031496
0
LINE
8
BLACK
6
CONTINUOUS
10
0.7407805511811023
20
1.566020748031496
11
0.7463325984251968
21
1.5717129133858267
0
LINE
8
BLACK
6
CONTINUOUS
10
0.7463325984251968
20
1.5717129133858267
11
0.7472274803149607
21
1.5724473622047244
0
LINE
8
BLACK
6
CONTINUOUS
10
0.7472274803149607
20
1.5724473622047244
11
0.7474235826771654
21
1.5725285826771653
0
LINE
8
BLACK
6
CONTINUOUS
10
0.7474235826771654
20
1.5725285826771653
11
0.7475838188976378
21
1.572667559055118
0
LINE
8
BLACK
6
CONTINUOUS
10
0.7475838188976378
20
1.572667559055118
11
0.7486473228346456
21
1.573035433070866
0
LINE
8
BLACK
6
CONTINUOUS
10
0.7486473228346456
20
1.573035433070866
11
0.7493563385826771
21
1.5733291338582678
0
LINE
8
BLACK
6
CONTINUOUS
10
0.7493563385826771
20
1.5733291338582678
11
0.7494962598425197
21
1.5733291338582678
0
LINE
8
BLACK
6
CONTINUOUS
10
0.7494962598425197
20
1.5733291338582678
11
0.7570773622047244
21
1.5759516929133859
0
LINE
8
BLACK
6
CONTINUOUS
10
0.7570773622047244
20
1.5759516929133859
11
0.7576485826771653
21
1.5760815748031496
0
LINE
8
BLACK
6
CONTINUOUS
10
0.7576485826771653
20
1.5760815748031496
11
0.7577927559055118
21
1.5761412992125985
0
LINE
8
BLACK
6
CONTINUOUS
10
0.7577927559055118
20
1.5761412992125985
11
0.7579177165354331
21
1.5761427559055117
0
LINE
8
BLACK
6
CONTINUOUS
10
0.7579177165354331
20
1.5761427559055117
11
0.7582062598425197
21
1.5762083858267717
0
LINE
8
BLACK
6
CONTINUOUS
10
0.7582062598425197
20
1.5762083858267717
11
0.7589564566929133
21
1.5761550393700787
0
LINE
8
BLACK
6
CONTINUOUS
10
0.7589564566929133
20
1.5761550393700787
11
0.7673813385826771
21
1.5762547637795274
0
LINE
8
BLACK
6
CONTINUOUS
10
0.7673813385826771
20
1.5762547637795274
11
0.7685334645669292
21
1.5761412992125985
0
LINE
8
BLACK
6
CONTINUOUS
10
0.8776382283464567
20
1.5761973228346455
11
0.8777937401574802
21
1.5762083858267717
0
LINE
8
BLACK
6
CONTINUOUS
10
0.8777937401574802
20
1.5762083858267717
11
0.877912283464567
21
1.5761703149606299
0
LINE
8
BLACK
6
CONTINUOUS
10
0.877912283464567
20
1.5761703149606299
11
0.8782072440944881
21
1.5761412992125985
0
LINE
8
BLACK
6
CONTINUOUS
10
0.8782072440944881
20
1.5761412992125985
11
0.8789093700787401
21
1.575850433070866
0
LINE
8
BLACK
6
CONTINUOUS
10
0.8789093700787401
20
1.575850433070866
11
0.8873590551181102
21
1.5731395669291339
0
LINE
8
BLACK
6
CONTINUOUS
10
0.8873590551181102
20
1.5731395669291339
11
0.8884161811023622
21
1.572667559055118
0
LINE
8
BLACK
6
CONTINUOUS
10
0.8884161811023622
20
1.572667559055118
11
0.8885764173228347
21
1.5725285433070866
0
LINE
8
BLACK
6
CONTINUOUS
10
0.8885764173228347
20
1.5725285433070866
11
0.8887724803149606
21
1.5724473622047244
0
LINE
8
BLACK
6
CONTINUOUS
10
0.8887724803149606
20
1.5724473622047244
11
0.8895942913385827
21
1.571645748031496
0
LINE
8
BLACK
6
CONTINUOUS
10
0.8895942913385827
20
1.571645748031496
11
0.8901568897637795
21
1.5711578346456692
0
LINE
8
BLACK
6
CONTINUOUS
10
0.8901568897637795
20
1.5711578346456692
11
0.890216220472441
21
1.5710391338582677
0
LINE
8
BLACK
6
CONTINUOUS
10
0.890216220472441
20
1.5710391338582677
11
0.8952916929133858
21
1.5660886220472441
0
LINE
8
BLACK
6
CONTINUOUS
10
0.8952916929133858
20
1.5660886220472441
11
0.8956633464566929
21
1.565635748031496
0
LINE
8
BLACK
6
CONTINUOUS
10
0.8956633464566929
20
1.565635748031496
11
0.8957811811023622
21
1.5655335826771652
0
LINE
8
BLACK
6
CONTINUOUS
10
0.8957811811023622
20
1.5655335826771652
11
0.8958396456692913
21
1.5654209448818897
0
LINE
8
BLACK
6
CONTINUOUS
10
0.8958396456692913
20
1.5654209448818897
11
0.8960261417322835
21
1.5651937401574803
0
LINE
8
BLACK
6
CONTINUOUS
10
0.8960261417322835
20
1.5651937401574803
11
0.8962963385826771
21
1.5645413385826772
0
LINE
8
BLACK
6
CONTINUOUS
10
0.8962963385826771
20
1.5645413385826772
11
0.8992100787401575
21
1.5589295669291339
0
LINE
8
BLACK
6
CONTINUOUS
10
0.8992100787401575
20
1.5589295669291339
11
0.8992423228346457
21
1.5588451968503936
0
LINE
8
BLACK
6
CONTINUOUS
10
0.8992423228346457
20
1.5588451968503936
11
0.899267716535433
21
1.5588109842519684
0
LINE
8
BLACK
6
CONTINUOUS
10
0.899267716535433
20
1.5588109842519684
11
0.8992935433070866
21
1.5587114173228347
0
LINE
8
BLACK
6
CONTINUOUS
10
0.8992935433070866
20
1.5587114173228347
11
0.8996238188976378
21
1.557848307086614
0
LINE
8
BLACK
6
CONTINUOUS
10
0.8996238188976378
20
1.557848307086614
11
0.8996638976377953
21
1.5572840157480314
0
LINE
8
BLACK
6
CONTINUOUS
10
0.8996638976377953
20
1.5572840157480314
11
0.9024693307086614
21
1.5464722047244095
0
LINE
8
BLACK
6
CONTINUOUS
10
0.9024693307086614
20
1.5464722047244095
11
0.9024988188976377
21
1.5462725196850393
0
LINE
8
BLACK
6
CONTINUOUS
10
0.9024988188976377
20
1.5462725196850393
11
0.9025322047244094
21
1.5461920472440944
0
LINE
8
BLACK
6
CONTINUOUS
10
0.9025322047244094
20
1.5461920472440944
11
0.9025340551181102
21
1.5460344488188975
0
LINE
8
BLACK
6
CONTINUOUS
10
0.9025340551181102
20
1.5460344488188975
11
0.9026387007874016
21
1.545326968503937
0
LINE
8
BLACK
6
CONTINUOUS
10
0.9026387007874016
20
1.545326968503937
11
0.902549527559055
21
1.5447277559055117
0
LINE
8
BLACK
6
CONTINUOUS
10
0.902549527559055
20
1.5447277559055117
11
0.9026456692913386
21
1.5366034645669291
0
LINE
8
BLACK
6
CONTINUOUS
10
0.9026456692913386
20
1.5366034645669291
11
0.9026258661417322
21
1.5364025196850393
0
LINE
8
BLACK
6
CONTINUOUS
10
0.9026258661417322
20
1.5364025196850393
11
0.9026387007874016
21
1.5363164173228345
0
LINE
8
BLACK
6
CONTINUOUS
10
0.9026387007874016
20
1.5363164173228345
11
0.9026025984251969
21
1.5361664960629922
0
LINE
8
BLACK
6
CONTINUOUS
10
0.9026025984251969
20
1.5361664960629922
11
0.9025322047244094
21
1.5354513385826771
0
LINE
8
BLACK
6
CONTINUOUS
10
0.9025322047244094
20
1.5354513385826771
11
0.9022898031496063
21
1.5348662204724408
0
LINE
8
BLACK
6
CONTINUOUS
10
0.9022898031496063
20
1.5348662204724408
11
0.8996572047244095
21
1.5239225984251967
0
LINE
8
BLACK
6
CONTINUOUS
10
0.8996572047244095
20
1.5239225984251967
11
0.8996268110236221
21
1.5238375984251968
0
LINE
8
BLACK
6
CONTINUOUS
10
0.8996268110236221
20
1.5238375984251968
11
0.8996238188976378
21
1.5237950787401575
0
LINE
8
BLACK
6
CONTINUOUS
10
0.8996238188976378
20
1.5237950787401575
11
0.8995764960629921
21
1.5236967322834645
0
LINE
8
BLACK
6
CONTINUOUS
10
0.8995764960629921
20
1.5236967322834645
11
0.899267716535433
21
1.5228324015748032
0
LINE
8
BLACK
6
CONTINUOUS
10
0.899267716535433
20
1.5228324015748032
11
0.8989625590551181
21
1.5224205511811024
0
LINE
8
BLACK
6
CONTINUOUS
10
0.8989625590551181
20
1.5224205511811024
11
0.8963979133858268
21
1.5170895669291338
0
LINE
8
BLACK
6
CONTINUOUS
10
0.8963979133858268
20
1.5170895669291338
11
0.8960858267716535
21
1.5165938188976378
0
LINE
8
BLACK
6
CONTINUOUS
10
0.8960858267716535
20
1.5165938188976378
11
0.8960261417322835
21
1.5164496456692913
0
LINE
8
BLACK
6
CONTINUOUS
10
0.8960261417322835
20
1.5164496456692913
11
0.8959385826771653
21
1.5163598818897637
0
LINE
8
BLACK
6
CONTINUOUS
10
0.8959385826771653
20
1.5163598818897637
11
0.8957811811023622
21
1.5161098031496063
0
LINE
8
BLACK
6
CONTINUOUS
10
0.8957811811023622
20
1.5161098031496063
11
0.8952195669291338
21
1.515622716535433
0
LINE
8
BLACK
6
CONTINUOUS
10
0.8952195669291338
20
1.515622716535433
11
0.8896674015748032
21
1.5099304724409448
0
LINE
8
BLACK
6
CONTINUOUS
10
0.8896674015748032
20
1.5099304724409448
11
0.8887724803149606
21
1.5091960236220472
0
LINE
8
BLACK
6
CONTINUOUS
10
0.8887724803149606
20
1.5091960236220472
11
0.8885764173228347
21
1.5091148031496062
0
LINE
8
BLACK
6
CONTINUOUS
10
0.8885764173228347
20
1.5091148031496062
11
0.8884161811023622
21
1.5089758267716535
0
LINE
8
BLACK
6
CONTINUOUS
10
0.8884161811023622
20
1.5089758267716535
11
0.8873525984251969
21
1.508607874015748
0
LINE
8
BLACK
6
CONTINUOUS
10
0.8873525984251969
20
1.508607874015748
11
0.8866436614173228
21
1.508314251968504
0
LINE
8
BLACK
6
CONTINUOUS
10
0.8866436614173228
20
1.508314251968504
11
0.8865037401574803
21
1.508314251968504
0
LINE
8
BLACK
6
CONTINUOUS
10
0.8865037401574803
20
1.508314251968504
11
0.8789225984251968
21
1.5056916929133859
0
LINE
8
BLACK
6
CONTINUOUS
10
0.8789225984251968
20
1.5056916929133859
11
0.8783514173228346
21
1.505561811023622
0
LINE
8
BLACK
6
CONTINUOUS
10
0.8783514173228346
20
1.505561811023622
11
0.8782072440944881
21
1.5055020866141733
0
LINE
8
BLACK
6
CONTINUOUS
10
0.8782072440944881
20
1.5055020866141733
11
0.8780847244094488
21
1.5055011417322834
0
LINE
8
BLACK
6
CONTINUOUS
10
0.8780847244094488
20
1.5055011417322834
11
0.8777937401574802
21
1.5054349999999999
0
LINE
8
BLACK
6
CONTINUOUS
10
0.8777937401574802
20
1.5054349999999999
11
0.8769787007874016
21
1.5054929133858268
0
LINE
8
BLACK
6
CONTINUOUS
10
0.8769787007874016
20
1.5054929133858268
11
0.8629943700787401
21
1.5053886220472441
0
LINE
8
BLACK
6
CONTINUOUS
10
0.8629943700787401
20
1.5053886220472441
11
0.8618422440944882
21
1.5055020866141733
0
LINE
8
BLACK
6
CONTINUOUS
10
0.8618422440944882
20
1.5055020866141733
11
0.8597134251968503
21
1.5063838976377952
0
LINE
8
BLACK
6
CONTINUOUS
10
0.8597134251968503
20
1.5063838976377952
11
0.8580841338582677
21
1.5080131889763779
0
LINE
8
BLACK
6
CONTINUOUS
10
0.8580841338582677
20
1.5080131889763779
11
0.8572023228346457
21
1.5101420078740158
0
LINE
8
BLACK
6
CONTINUOUS
10
0.8572023228346457
20
1.5101420078740158
11
0.8570888582677165
21
1.5703492519685038
0
LINE
8
BLACK
6
CONTINUOUS
10
0.8570888582677165
20
1.5703492519685038
11
0.8572023228346457
21
1.5715013779527558
0
LINE
8
BLACK
6
CONTINUOUS
10
0.8572023228346457
20
1.5715013779527558
11
0.8580841338582677
21
1.5736301968503936
0
LINE
8
BLACK
6
CONTINUOUS
10
0.8580841338582677
20
1.5736301968503936
11
0.8597134251968503
21
1.5752594881889763
0
LINE
8
BLACK
6
CONTINUOUS
10
0.8597134251968503
20
1.5752594881889763
11
0.8618422440944882
21
1.5761412992125985
0
LINE
8
BLACK
6
CONTINUOUS
10
0.8618422440944882
20
1.5761412992125985
11
0.8770551181102362
21
1.5762547637795274
0
LINE
8
BLACK
6
CONTINUOUS
10
0.8770551181102362
20
1.5762547637795274
11
0.8776382283464567
21
1.5761973228346455
0
LINE
8
BLACK
6
CONTINUOUS
10
0.8687996062992126
20
1.5644870078740156
11
0.8688888582677166
21
1.5171387007874015
0
LINE
8
BLACK
6
CONTINUOUS
10
0.8688888582677166
20
1.5171387007874015
11
0.8763558267716536
21
1.5171944094488188
0
LINE
8
BLACK
6
CONTINUOUS
10
0.8763558267716536
20
1.5171944094488188
11
0.8824492913385826
21
1.5193023228346456
0
LINE
8
BLACK
6
CONTINUOUS
10
0.8824492913385826
20
1.5193023228346456
11
0.8864241338582677
21
1.5233774803149607
0
LINE
8
BLACK
6
CONTINUOUS
10
0.8864241338582677
20
1.5233774803149607
11
0.8885455118110236
21
1.5277870866141732
0
LINE
8
BLACK
6
CONTINUOUS
10
0.8885455118110236
20
1.5277870866141732
11
0.8909218897637795
21
1.5376654724409449
0
LINE
8
BLACK
6
CONTINUOUS
10
0.8909218897637795
20
1.5376654724409449
11
0.8908388582677165
21
1.5446817322834645
0
LINE
8
BLACK
6
CONTINUOUS
10
0.8908388582677165
20
1.5446817322834645
11
0.8882712204724409
21
1.5545773228346456
0
LINE
8
BLACK
6
CONTINUOUS
10
0.8882712204724409
20
1.5545773228346456
11
0.8861676771653543
21
1.5586287007874016
0
LINE
8
BLACK
6
CONTINUOUS
10
0.8861676771653543
20
1.5586287007874016
11
0.8822026377952755
21
1.5624961417322834
0
LINE
8
BLACK
6
CONTINUOUS
10
0.8822026377952755
20
1.5624961417322834
11
0.875833779527559
21
1.5645394881889763
0
LINE
8
BLACK
6
CONTINUOUS
10
0.875833779527559
20
1.5645394881889763
11
0.8687996062992126
21
1.5644870078740156
0
LINE
8
BLACK
6
CONTINUOUS
10
0.8019027559055117
20
1.5761412992125985
11
0.8022792125984252
21
1.5761412992125985
0
LINE
8
BLACK
6
CONTINUOUS
10
0.8022792125984252
20
1.5761412992125985
11
0.8030048818897637
21
1.5758406692913385
0
LINE
8
BLACK
6
CONTINUOUS
10
0.8030048818897637
20
1.5758406692913385
11
0.8037625590551181
21
1.5756340551181103
0
LINE
8
BLACK
6
CONTINUOUS
10
0.8037625590551181
20
1.5756340551181103
11
0.8040601574803149
21
1.5754035433070865
0
LINE
8
BLACK
6
CONTINUOUS
10
0.8040601574803149
20
1.5754035433070865
11
0.804408031496063
21
1.5752594881889763
0
LINE
8
BLACK
6
CONTINUOUS
10
0.804408031496063
20
1.5752594881889763
11
0.8049634251968504
21
1.5747040551181102
0
LINE
8
BLACK
6
CONTINUOUS
10
0.8049634251968504
20
1.5747040551181102
11
0.8055843700787402
21
1.5742232283464566
0
LINE
8
BLACK
6
CONTINUOUS
10
0.8055843700787402
20
1.5742232283464566
11
0.8057727952755905
21
1.57389468503937
0
LINE
8
BLACK
6
CONTINUOUS
10
0.8057727952755905
20
1.57389468503937
11
0.8060373228346457
21
1.5736301968503936
0
LINE
8
BLACK
6
CONTINUOUS
10
0.8060373228346457
20
1.5736301968503936
11
0.8063304330708662
21
1.5729225196850394
0
LINE
8
BLACK
6
CONTINUOUS
10
0.8063304330708662
20
1.5729225196850394
11
0.8290370866141732
21
1.5333368110236221
0
LINE
8
BLACK
6
CONTINUOUS
10
0.8290370866141732
20
1.5333368110236221
11
0.8289673622047244
21
1.5703492519685038
0
LINE
8
BLACK
6
CONTINUOUS
10
0.8289673622047244
20
1.5703492519685038
11
0.8290808267716535
21
1.5715013779527558
0
LINE
8
BLACK
6
CONTINUOUS
10
0.8290808267716535
20
1.5715013779527558
11
0.8299626377952756
21
1.5736301968503936
0
LINE
8
BLACK
6
CONTINUOUS
10
0.8299626377952756
20
1.5736301968503936
11
0.8315919291338583
21
1.5752594881889763
0
LINE
8
BLACK
6
CONTINUOUS
10
0.8315919291338583
20
1.5752594881889763
11
0.8337207480314961
21
1.5761412992125985
0
LINE
8
BLACK
6
CONTINUOUS
10
0.8337207480314961
20
1.5761412992125985
11
0.836025
21
1.5761412992125985
0
LINE
8
BLACK
6
CONTINUOUS
10
0.836025
20
1.5761412992125985
11
0.8381538188976377
21
1.5752594881889763
0
LINE
8
BLACK
6
CONTINUOUS
10
0.8381538188976377
20
1.5752594881889763
11
0.8397831102362204
21
1.5736301968503936
0
LINE
8
BLACK
6
CONTINUOUS
10
0.8397831102362204
20
1.5736301968503936
11
0.8406649212598425
21
1.5715013779527558
0
LINE
8
BLACK
6
CONTINUOUS
10
0.8406649212598425
20
1.5715013779527558
11
0.8407783858267717
21
1.5112941338582677
0
LINE
8
BLACK
6
CONTINUOUS
10
0.8407783858267717
20
1.5112941338582677
11
0.8407491732283464
21
1.5109977952755904
0
LINE
8
BLACK
6
CONTINUOUS
10
0.8407491732283464
20
1.5109977952755904
11
0.8407639763779527
21
1.5108816141732284
0
LINE
8
BLACK
6
CONTINUOUS
10
0.8407639763779527
20
1.5108816141732284
11
0.8407229133858267
21
1.5107311417322835
0
LINE
8
BLACK
6
CONTINUOUS
10
0.8407229133858267
20
1.5107311417322835
11
0.8406649212598425
21
1.5101420078740158
0
LINE
8
BLACK
6
CONTINUOUS
10
0.8406649212598425
20
1.5101420078740158
11
0.8403642913385827
21
1.5094162992125983
0
LINE
8
BLACK
6
CONTINUOUS
10
0.8403642913385827
20
1.5094162992125983
11
0.8401576771653543
21
1.5086586614173227
0
LINE
8
BLACK
6
CONTINUOUS
10
0.8401576771653543
20
1.5086586614173227
11
0.8399271653543307
21
1.5083610236220473
0
LINE
8
BLACK
6
CONTINUOUS
10
0.8399271653543307
20
1.5083610236220473
11
0.8397831102362204
21
1.5080131889763779
0
LINE
8
BLACK
6
CONTINUOUS
10
0.8397831102362204
20
1.5080131889763779
11
0.8392276771653543
21
1.5074577559055118
0
LINE
8
BLACK
6
CONTINUOUS
10
0.8392276771653543
20
1.5074577559055118
11
0.8387468503937008
21
1.5068368503937009
0
LINE
8
BLACK
6
CONTINUOUS
10
0.8387468503937008
20
1.5068368503937009
11
0.8384199606299212
21
1.5066500393700788
0
LINE
8
BLACK
6
CONTINUOUS
10
0.8384199606299212
20
1.5066500393700788
11
0.8381538188976377
21
1.5063838976377952
0
LINE
8
BLACK
6
CONTINUOUS
10
0.8381538188976377
20
1.5063838976377952
11
0.8374281889763779
21
1.5060833070866142
0
LINE
8
BLACK
6
CONTINUOUS
10
0.8374281889763779
20
1.5060833070866142
11
0.836746220472441
21
1.5056936220472441
0
LINE
8
BLACK
6
CONTINUOUS
10
0.836746220472441
20
1.5056936220472441
11
0.8363727559055117
21
1.5056461417322835
0
LINE
8
BLACK
6
CONTINUOUS
10
0.8363727559055117
20
1.5056461417322835
11
0.836025
21
1.5055020866141733
0
LINE
8
BLACK
6
CONTINUOUS
10
0.836025
20
1.5055020866141733
11
0.8352395669291338
21
1.5055020866141733
0
LINE
8
BLACK
6
CONTINUOUS
10
0.8352395669291338
20
1.5055020866141733
11
0.8344603937007874
21
1.5054030314960629
0
LINE
8
BLACK
6
CONTINUOUS
10
0.8344603937007874
20
1.5054030314960629
11
0.8340972047244094
21
1.5055020866141733
0
LINE
8
BLACK
6
CONTINUOUS
10
0.8340972047244094
20
1.5055020866141733
11
0.8337207480314961
21
1.5055020866141733
0
LINE
8
BLACK
6
CONTINUOUS
10
0.8337207480314961
20
1.5055020866141733
11
0.8329951968503937
21
1.5058025984251968
0
LINE
8
BLACK
6
CONTINUOUS
10
0.8329951968503937
20
1.5058025984251968
11
0.8322374015748031
21
1.5060092913385827
0
LINE
8
BLACK
6
CONTINUOUS
10
0.8322374015748031
20
1.5060092913385827
11
0.8319396850393701
21
1.506239842519685
0
LINE
8
BLACK
6
CONTINUOUS
10
0.8319396850393701
20
1.506239842519685
11
0.8315919291338583
21
1.5063838976377952
0
LINE
8
BLACK
6
CONTINUOUS
10
0.8315919291338583
20
1.5063838976377952
11
0.8310365748031496
21
1.5069392125984251
0
LINE
8
BLACK
6
CONTINUOUS
10
0.8310365748031496
20
1.5069392125984251
11
0.8304155905511811
21
1.507420157480315
0
LINE
8
BLACK
6
CONTINUOUS
10
0.8304155905511811
20
1.507420157480315
11
0.830227125984252
21
1.5077486614173228
0
LINE
8
BLACK
6
CONTINUOUS
10
0.830227125984252
20
1.5077486614173228
11
0.8299626377952756
21
1.5080131889763779
0
LINE
8
BLACK
6
CONTINUOUS
10
0.8299626377952756
20
1.5080131889763779
11
0.8296694881889763
21
1.5087208267716534
0
LINE
8
BLACK
6
CONTINUOUS
10
0.8296694881889763
20
1.5087208267716534
11
0.8069628346456693
21
1.5483065748031495
0
LINE
8
BLACK
6
CONTINUOUS
10
0.8069628346456693
20
1.5483065748031495
11
0.8070325984251968
21
1.5112941338582677
0
LINE
8
BLACK
6
CONTINUOUS
10
0.8070325984251968
20
1.5112941338582677
11
0.8069191338582677
21
1.5101420078740158
0
LINE
8
BLACK
6
CONTINUOUS
10
0.8069191338582677
20
1.5101420078740158
11
0.8060373228346457
21
1.5080131889763779
0
LINE
8
BLACK
6
CONTINUOUS
10
0.8060373228346457
20
1.5080131889763779
11
0.804408031496063
21
1.5063838976377952
0
LINE
8
BLACK
6
CONTINUOUS
10
0.804408031496063
20
1.5063838976377952
11
0.8022792125984252
21
1.5055020866141733
0
LINE
8
BLACK
6
CONTINUOUS
10
0.8022792125984252
20
1.5055020866141733
11
0.7999749606299212
21
1.5055020866141733
0
LINE
8
BLACK
6
CONTINUOUS
10
0.7999749606299212
20
1.5055020866141733
11
0.7978461417322834
21
1.5063838976377952
0
LINE
8
BLACK
6
CONTINUOUS
10
0.7978461417322834
20
1.5063838976377952
11
0.7962168503937007
21
1.5080131889763779
0
LINE
8
BLACK
6
CONTINUOUS
10
0.7962168503937007
20
1.5080131889763779
11
0.7953350393700788
21
1.5101420078740158
0
LINE
8
BLACK
6
CONTINUOUS
10
0.7953350393700788
20
1.5101420078740158
11
0.7952215748031496
21
1.5703492519685038
0
LINE
8
BLACK
6
CONTINUOUS
10
0.7952215748031496
20
1.5703492519685038
11
0.7952507480314961
21
1.5706455118110236
0
LINE
8
BLACK
6
CONTINUOUS
10
0.7952507480314961
20
1.5706455118110236
11
0.7952359842519685
21
1.5707617322834646
0
LINE
8
BLACK
6
CONTINUOUS
10
0.7952359842519685
20
1.5707617322834646
11
0.7952770078740158
21
1.570912125984252
0
LINE
8
BLACK
6
CONTINUOUS
10
0.7952770078740158
20
1.570912125984252
11
0.7953350393700788
21
1.5715013779527558
0
LINE
8
BLACK
6
CONTINUOUS
10
0.7953350393700788
20
1.5715013779527558
11
0.7956356299212598
21
1.5722270472440945
0
LINE
8
BLACK
6
CONTINUOUS
10
0.7956356299212598
20
1.5722270472440945
11
0.7958422834645669
21
1.5729847244094488
0
LINE
8
BLACK
6
CONTINUOUS
10
0.7958422834645669
20
1.5729847244094488
11
0.7960727559055117
21
1.5732823228346455
0
LINE
8
BLACK
6
CONTINUOUS
10
0.7960727559055117
20
1.5732823228346455
11
0.7962168503937007
21
1.5736301968503936
0
LINE
8
BLACK
6
CONTINUOUS
10
0.7962168503937007
20
1.5736301968503936
11
0.7967722440944882
21
1.574185590551181
0
LINE
8
BLACK
6
CONTINUOUS
10
0.7967722440944882
20
1.574185590551181
11
0.7972531102362205
21
1.5748065354330709
0
LINE
8
BLACK
6
CONTINUOUS
10
0.7972531102362205
20
1.5748065354330709
11
0.7975799606299212
21
1.5749933070866142
0
LINE
8
BLACK
6
CONTINUOUS
10
0.7975799606299212
20
1.5749933070866142
11
0.7978461417322834
21
1.5752594881889763
0
LINE
8
BLACK
6
CONTINUOUS
10
0.7978461417322834
20
1.5752594881889763
11
0.7985717322834646
21
1.5755600393700786
0
LINE
8
BLACK
6
CONTINUOUS
10
0.7985717322834646
20
1.5755600393700786
11
0.7992537401574803
21
1.5759497637795274
0
LINE
8
BLACK
6
CONTINUOUS
10
0.7992537401574803
20
1.5759497637795274
11
0.7996271653543306
21
1.5759972047244095
0
LINE
8
BLACK
6
CONTINUOUS
10
0.7996271653543306
20
1.5759972047244095
11
0.7999749606299212
21
1.5761412992125985
0
LINE
8
BLACK
6
CONTINUOUS
10
0.7999749606299212
20
1.5761412992125985
11
0.8007603937007873
21
1.5761412992125985
0
LINE
8
BLACK
6
CONTINUOUS
10
0.8007603937007873
20
1.5761412992125985
11
0.8015395669291339
21
1.5762403543307086
0
LINE
8
BLACK
6
CONTINUOUS
10
0.8015395669291339
20
1.5762403543307086
11
0.8019027559055117
21
1.5761412992125985
0
LINE
8
BLACK
6
CONTINUOUS
10
0.3505334645669291
20
1.5781412992125985
11
0.3507295275590551
21
1.5780600393700788
0
LINE
8
BLACK
6
CONTINUOUS
10
0.3507295275590551
20
1.5780600393700788
11
0.3509411417322835
21
1.5780450393700787
0
LINE
8
BLACK
6
CONTINUOUS
10
0.3509411417322835
20
1.5780450393700787
11
0.3520271653543307
21
1.5775225196850393
0
LINE
8
BLACK
6
CONTINUOUS
10
0.3520271653543307
20
1.5775225196850393
11
0.3526622834645669
21
1.5772594881889763
0
LINE
8
BLACK
6
CONTINUOUS
10
0.3526622834645669
20
1.5772594881889763
11
0.3527440944881889
21
1.5771776377952755
0
LINE
8
BLACK
6
CONTINUOUS
10
0.3527440944881889
20
1.5771776377952755
11
0.3576466535433071
21
1.5748191338582678
0
LINE
8
BLACK
6
CONTINUOUS
10
0.3576466535433071
20
1.5748191338582678
11
0.3586264173228346
21
1.5742024015748031
0
LINE
8
BLACK
6
CONTINUOUS
10
0.3586264173228346
20
1.5742024015748031
11
0.3601361023622047
21
1.5724616535433071
0
LINE
8
BLACK
6
CONTINUOUS
10
0.3601361023622047
20
1.5724616535433071
11
0.3608647637795275
21
1.5702757086614172
0
LINE
8
BLACK
6
CONTINUOUS
10
0.3608647637795275
20
1.5702757086614172
11
0.3607014173228346
21
1.5679772834645669
0
LINE
8
BLACK
6
CONTINUOUS
10
0.3607014173228346
20
1.5679772834645669
11
0.3596709448818898
21
1.5659162992125983
0
LINE
8
BLACK
6
CONTINUOUS
10
0.3596709448818898
20
1.5659162992125983
11
0.3579301574803149
21
1.5644065748031495
0
LINE
8
BLACK
6
CONTINUOUS
10
0.3579301574803149
20
1.5644065748031495
11
0.355744251968504
21
1.5636779527559055
0
LINE
8
BLACK
6
CONTINUOUS
10
0.355744251968504
20
1.5636779527559055
11
0.3534458267716535
21
1.5638412992125983
0
LINE
8
BLACK
6
CONTINUOUS
10
0.3534458267716535
20
1.5638412992125983
11
0.3478660236220472
21
1.5665256299212598
0
LINE
8
BLACK
6
CONTINUOUS
10
0.3478660236220472
20
1.5665256299212598
11
0.3416532677165354
21
1.5664520866141731
0
LINE
8
BLACK
6
CONTINUOUS
10
0.3416532677165354
20
1.5664520866141731
11
0.335550748031496
21
1.5643410236220472
0
LINE
8
BLACK
6
CONTINUOUS
10
0.335550748031496
20
1.5643410236220472
11
0.3315758267716535
21
1.5602658267716536
0
LINE
8
BLACK
6
CONTINUOUS
10
0.3315758267716535
20
1.5602658267716536
11
0.3294544488188976
21
1.5558562598425196
0
LINE
8
BLACK
6
CONTINUOUS
10
0.3294544488188976
20
1.5558562598425196
11
0.3270780708661417
21
1.5459778740157479
0
LINE
8
BLACK
6
CONTINUOUS
10
0.3270780708661417
20
1.5459778740157479
11
0.3271611023622047
21
1.5389616141732283
0
LINE
8
BLACK
6
CONTINUOUS
10
0.3271611023622047
20
1.5389616141732283
11
0.3297287401574803
21
1.529066062992126
0
LINE
8
BLACK
6
CONTINUOUS
10
0.3297287401574803
20
1.529066062992126
11
0.3318323228346456
21
1.5250145669291337
0
LINE
8
BLACK
6
CONTINUOUS
10
0.3318323228346456
20
1.5250145669291337
11
0.3357972834645669
21
1.5211472047244095
0
LINE
8
BLACK
6
CONTINUOUS
10
0.3357972834645669
20
1.5211472047244095
11
0.3421010236220473
21
1.5191248031496063
0
LINE
8
BLACK
6
CONTINUOUS
10
0.3421010236220473
20
1.5191248031496063
11
0.3458501574803149
21
1.5191875984251968
0
LINE
8
BLACK
6
CONTINUOUS
10
0.3458501574803149
20
1.5191875984251968
11
0.3519098818897638
21
1.5212838582677164
0
LINE
8
BLACK
6
CONTINUOUS
10
0.3519098818897638
20
1.5212838582677164
11
0.3520059842519685
21
1.5213842913385827
0
LINE
8
BLACK
6
CONTINUOUS
10
0.3520059842519685
20
1.5213842913385827
11
0.351944094488189
21
1.532747125984252
0
LINE
8
BLACK
6
CONTINUOUS
10
0.351944094488189
20
1.532747125984252
11
0.3465691732283465
21
1.5326979527559055
0
LINE
8
BLACK
6
CONTINUOUS
10
0.3465691732283465
20
1.5326979527559055
11
0.3454170472440945
21
1.5328114173228347
0
LINE
8
BLACK
6
CONTINUOUS
10
0.3454170472440945
20
1.5328114173228347
11
0.3432882283464567
21
1.5336932283464566
0
LINE
8
BLACK
6
CONTINUOUS
10
0.3432882283464567
20
1.5336932283464566
11
0.341658937007874
21
1.5353225196850393
0
LINE
8
BLACK
6
CONTINUOUS
10
0.341658937007874
20
1.5353225196850393
11
0.340777125984252
21
1.5374513385826771
0
LINE
8
BLACK
6
CONTINUOUS
10
0.340777125984252
20
1.5374513385826771
11
0.340777125984252
21
1.5397555905511811
0
LINE
8
BLACK
6
CONTINUOUS
10
0.340777125984252
20
1.5397555905511811
11
0.341658937007874
21
1.5418844094488189
0
LINE
8
BLACK
6
CONTINUOUS
10
0.341658937007874
20
1.5418844094488189
11
0.3432882283464567
21
1.5435137007874016
0
LINE
8
BLACK
6
CONTINUOUS
10
0.3432882283464567
20
1.5435137007874016
11
0.3454170472440945
21
1.5443955118110235
0
LINE
8
BLACK
6
CONTINUOUS
10
0.3454170472440945
20
1.5443955118110235
11
0.3578177559055118
21
1.5445089763779527
0
LINE
8
BLACK
6
CONTINUOUS
10
0.3578177559055118
20
1.5445089763779527
11
0.3589698818897638
21
1.5443955118110235
0
LINE
8
BLACK
6
CONTINUOUS
10
0.3589698818897638
20
1.5443955118110235
11
0.3610987007874016
21
1.5435137007874016
0
LINE
8
BLACK
6
CONTINUOUS
10
0.3610987007874016
20
1.5435137007874016
11
0.3627279921259842
21
1.5418844094488189
0
LINE
8
BLACK
6
CONTINUOUS
10
0.3627279921259842
20
1.5418844094488189
11
0.3636098031496063
21
1.5397555905511811
0
LINE
8
BLACK
6
CONTINUOUS
10
0.3636098031496063
20
1.5397555905511811
11
0.3637232677165354
21
1.5189184251968504
0
LINE
8
BLACK
6
CONTINUOUS
10
0.3637232677165354
20
1.5189184251968504
11
0.3636098031496063
21
1.5177662992125984
0
LINE
8
BLACK
6
CONTINUOUS
10
0.3636098031496063
20
1.5177662992125984
11
0.3632281496062992
21
1.5168449212598425
0
LINE
8
BLACK
6
CONTINUOUS
10
0.3632281496062992
20
1.5168449212598425
11
0.362728031496063
21
1.5156374803149606
0
LINE
8
BLACK
6
CONTINUOUS
10
0.362728031496063
20
1.5156374803149606
11
0.3591814566929134
21
1.5119304724409448
0
LINE
8
BLACK
6
CONTINUOUS
10
0.3591814566929134
20
1.5119304724409448
11
0.3582865354330709
21
1.5111960236220472
0
LINE
8
BLACK
6
CONTINUOUS
10
0.3582865354330709
20
1.5111960236220472
11
0.3580904724409449
21
1.5111148031496062
0
LINE
8
BLACK
6
CONTINUOUS
10
0.3580904724409449
20
1.5111148031496062
11
0.3579302362204724
21
1.5109758267716535
0
LINE
8
BLACK
6
CONTINUOUS
10
0.3579302362204724
20
1.5109758267716535
11
0.3568666535433071
21
1.510607874015748
0
LINE
8
BLACK
6
CONTINUOUS
10
0.3568666535433071
20
1.510607874015748
11
0.356157716535433
21
1.510314251968504
0
LINE
8
BLACK
6
CONTINUOUS
10
0.356157716535433
20
1.510314251968504
11
0.3560177952755905
21
1.510314251968504
0
LINE
8
BLACK
6
CONTINUOUS
10
0.3560177952755905
20
1.510314251968504
11
0.3484366535433071
21
1.5076916929133859
0
LINE
8
BLACK
6
CONTINUOUS
10
0.3484366535433071
20
1.5076916929133859
11
0.3478654724409449
21
1.507561811023622
0
LINE
8
BLACK
6
CONTINUOUS
10
0.3478654724409449
20
1.507561811023622
11
0.3477212992125984
21
1.5075020866141733
0
LINE
8
BLACK
6
CONTINUOUS
10
0.3477212992125984
20
1.5075020866141733
11
0.3475933858267716
21
1.5074999212598426
0
LINE
8
BLACK
6
CONTINUOUS
10
0.3475933858267716
20
1.5074999212598426
11
0.3473077952755905
21
1.5074349999999999
0
LINE
8
BLACK
6
CONTINUOUS
10
0.3473077952755905
20
1.5074349999999999
11
0.3466226377952756
21
1.5074836614173228
0
LINE
8
BLACK
6
CONTINUOUS
10
0.3466226377952756
20
1.5074836614173228
11
0.3409448818897638
21
1.5073886220472441
0
LINE
8
BLACK
6
CONTINUOUS
10
0.3409448818897638
20
1.5073886220472441
11
0.3403617322834646
21
1.5074460236220473
0
LINE
8
BLACK
6
CONTINUOUS
10
0.3403617322834646
20
1.5074460236220473
11
0.3402062598425197
21
1.5074349999999999
0
LINE
8
BLACK
6
CONTINUOUS
10
0.3402062598425197
20
1.5074349999999999
11
0.3400876771653543
21
1.5074730314960629
0
LINE
8
BLACK
6
CONTINUOUS
10
0.3400876771653543
20
1.5074730314960629
11
0.3397927559055118
21
1.5075020866141733
0
LINE
8
BLACK
6
CONTINUOUS
10
0.3397927559055118
20
1.5075020866141733
11
0.3390905511811024
21
1.5077929133858268
0
LINE
8
BLACK
6
CONTINUOUS
10
0.3390905511811024
20
1.5077929133858268
11
0.3306409448818898
21
1.5105038582677166
0
LINE
8
BLACK
6
CONTINUOUS
10
0.3306409448818898
20
1.5105038582677166
11
0.3295838188976378
21
1.5109758267716535
0
LINE
8
BLACK
6
CONTINUOUS
10
0.3295838188976378
20
1.5109758267716535
11
0.3294235826771654
21
1.5111147637795275
0
LINE
8
BLACK
6
CONTINUOUS
10
0.3294235826771654
20
1.5111147637795275
11
0.3292274803149606
21
1.5111960236220472
0
LINE
8
BLACK
6
CONTINUOUS
10
0.3292274803149606
20
1.5111960236220472
11
0.3284053149606299
21
1.5119979133858268
0
LINE
8
BLACK
6
CONTINUOUS
10
0.3284053149606299
20
1.5119979133858268
11
0.3278430708661417
21
1.5124855905511811
0
LINE
8
BLACK
6
CONTINUOUS
10
0.3278430708661417
20
1.5124855905511811
11
0.3277837401574803
21
1.5126042125984251
0
LINE
8
BLACK
6
CONTINUOUS
10
0.3277837401574803
20
1.5126042125984251
11
0.3227083070866142
21
1.5175547637795275
0
LINE
8
BLACK
6
CONTINUOUS
10
0.3227083070866142
20
1.5175547637795275
11
0.3223366535433071
21
1.5180075590551181
0
LINE
8
BLACK
6
CONTINUOUS
10
0.3223366535433071
20
1.5180075590551181
11
0.3222188188976378
21
1.5181098031496063
0
LINE
8
BLACK
6
CONTINUOUS
10
0.3222188188976378
20
1.5181098031496063
11
0.3221602755905512
21
1.5182224803149607
0
LINE
8
BLACK
6
CONTINUOUS
10
0.3221602755905512
20
1.5182224803149607
11
0.3219738582677165
21
1.5184496850393701
0
LINE
8
BLACK
6
CONTINUOUS
10
0.3219738582677165
20
1.5184496850393701
11
0.3217036614173228
21
1.5191019291338583
0
LINE
8
BLACK
6
CONTINUOUS
10
0.3217036614173228
20
1.5191019291338583
11
0.3187899212598425
21
1.5247138582677164
0
LINE
8
BLACK
6
CONTINUOUS
10
0.3187899212598425
20
1.5247138582677164
11
0.3187576377952756
21
1.5247981102362205
0
LINE
8
BLACK
6
CONTINUOUS
10
0.3187576377952756
20
1.5247981102362205
11
0.3187322834645669
21
1.5248324015748032
0
LINE
8
BLACK
6
CONTINUOUS
10
0.3187322834645669
20
1.5248324015748032
11
0.3187064173228346
21
1.5249320472440944
0
LINE
8
BLACK
6
CONTINUOUS
10
0.3187064173228346
20
1.5249320472440944
11
0.3183761811023622
21
1.5257950787401575
0
LINE
8
BLACK
6
CONTINUOUS
10
0.3183761811023622
20
1.5257950787401575
11
0.318336062992126
21
1.5263593307086614
0
LINE
8
BLACK
6
CONTINUOUS
10
0.318336062992126
20
1.5263593307086614
11
0.3155306692913386
21
1.5371711811023621
0
LINE
8
BLACK
6
CONTINUOUS
10
0.3155306692913386
20
1.5371711811023621
11
0.3155011417322834
21
1.5373708267716535
0
LINE
8
BLACK
6
CONTINUOUS
10
0.3155011417322834
20
1.5373708267716535
11
0.3154677952755905
21
1.5374513385826771
0
LINE
8
BLACK
6
CONTINUOUS
10
0.3154677952755905
20
1.5374513385826771
11
0.315465905511811
21
1.5376088976377953
0
LINE
8
BLACK
6
CONTINUOUS
10
0.315465905511811
20
1.5376088976377953
11
0.3153612992125984
21
1.5383164173228345
0
LINE
8
BLACK
6
CONTINUOUS
10
0.3153612992125984
20
1.5383164173228345
11
0.3154504330708661
21
1.5389155905511811
0
LINE
8
BLACK
6
CONTINUOUS
10
0.3154504330708661
20
1.5389155905511811
11
0.3153543307086614
21
1.5470399212598425
0
LINE
8
BLACK
6
CONTINUOUS
10
0.3153543307086614
20
1.5470399212598425
11
0.315374094488189
21
1.5472408267716535
0
LINE
8
BLACK
6
CONTINUOUS
10
0.315374094488189
20
1.5472408267716535
11
0.3153612992125984
21
1.547326968503937
0
LINE
8
BLACK
6
CONTINUOUS
10
0.3153612992125984
20
1.547326968503937
11
0.3153973622047244
21
1.5474768503937006
0
LINE
8
BLACK
6
CONTINUOUS
10
0.3153973622047244
20
1.5474768503937006
11
0.3154677952755905
21
1.5481920472440944
0
LINE
8
BLACK
6
CONTINUOUS
10
0.3154677952755905
20
1.5481920472440944
11
0.3157101574803149
21
1.548777125984252
0
LINE
8
BLACK
6
CONTINUOUS
10
0.3157101574803149
20
1.548777125984252
11
0.3183427952755906
21
1.5597207874015748
0
LINE
8
BLACK
6
CONTINUOUS
10
0.3183427952755906
20
1.5597207874015748
11
0.3183731496062992
21
1.559805748031496
0
LINE
8
BLACK
6
CONTINUOUS
10
0.3183731496062992
20
1.559805748031496
11
0.3183761811023622
21
1.559848307086614
0
LINE
8
BLACK
6
CONTINUOUS
10
0.3183761811023622
20
1.559848307086614
11
0.3184234645669291
21
1.5599466141732283
0
LINE
8
BLACK
6
CONTINUOUS
10
0.3184234645669291
20
1.5599466141732283
11
0.3187322834645669
21
1.5608109842519684
0
LINE
8
BLACK
6
CONTINUOUS
10
0.3187322834645669
20
1.5608109842519684
11
0.3190374015748031
21
1.5612227952755906
0
LINE
8
BLACK
6
CONTINUOUS
10
0.3190374015748031
20
1.5612227952755906
11
0.3216020866141732
21
1.5665538188976378
0
LINE
8
BLACK
6
CONTINUOUS
10
0.3216020866141732
20
1.5665538188976378
11
0.3219141732283464
21
1.5670496062992125
0
LINE
8
BLACK
6
CONTINUOUS
10
0.3219141732283464
20
1.5670496062992125
11
0.3219738582677165
21
1.5671937007874015
0
LINE
8
BLACK
6
CONTINUOUS
10
0.3219738582677165
20
1.5671937007874015
11
0.3220612992125984
21
1.5672833464566929
0
LINE
8
BLACK
6
CONTINUOUS
10
0.3220612992125984
20
1.5672833464566929
11
0.3222188188976378
21
1.5675335826771652
0
LINE
8
BLACK
6
CONTINUOUS
10
0.3222188188976378
20
1.5675335826771652
11
0.3227805511811024
21
1.568020748031496
0
LINE
8
BLACK
6
CONTINUOUS
10
0.3227805511811024
20
1.568020748031496
11
0.3283325984251969
21
1.5737129133858268
0
LINE
8
BLACK
6
CONTINUOUS
10
0.3283325984251969
20
1.5737129133858268
11
0.3292274803149606
21
1.5744473622047244
0
LINE
8
BLACK
6
CONTINUOUS
10
0.3292274803149606
20
1.5744473622047244
11
0.3294235826771654
21
1.5745285826771653
0
LINE
8
BLACK
6
CONTINUOUS
10
0.3294235826771654
20
1.5745285826771653
11
0.3295838188976378
21
1.574667559055118
0
LINE
8
BLACK
6
CONTINUOUS
10
0.3295838188976378
20
1.574667559055118
11
0.3306473228346457
21
1.575035433070866
0
LINE
8
BLACK
6
CONTINUOUS
10
0.3306473228346457
20
1.575035433070866
11
0.3313563385826772
21
1.5753291338582678
0
LINE
8
BLACK
6
CONTINUOUS
10
0.3313563385826772
20
1.5753291338582678
11
0.3314962598425197
21
1.5753291338582678
0
LINE
8
BLACK
6
CONTINUOUS
10
0.3314962598425197
20
1.5753291338582678
11
0.3390773622047244
21
1.5779516929133859
0
LINE
8
BLACK
6
CONTINUOUS
10
0.3390773622047244
20
1.5779516929133859
11
0.3396485826771654
21
1.5780815748031496
0
LINE
8
BLACK
6
CONTINUOUS
10
0.3396485826771654
20
1.5780815748031496
11
0.3397927559055118
21
1.5781412992125985
0
LINE
8
BLACK
6
CONTINUOUS
10
0.3397927559055118
20
1.5781412992125985
11
0.3399177165354331
21
1.5781427559055117
0
LINE
8
BLACK
6
CONTINUOUS
10
0.3399177165354331
20
1.5781427559055117
11
0.3402062598425197
21
1.5782083858267717
0
LINE
8
BLACK
6
CONTINUOUS
10
0.3402062598425197
20
1.5782083858267717
11
0.3409564566929134
21
1.5781550393700787
0
LINE
8
BLACK
6
CONTINUOUS
10
0.3409564566929134
20
1.5781550393700787
11
0.3493813385826772
21
1.5782547637795274
0
LINE
8
BLACK
6
CONTINUOUS
10
0.3493813385826772
20
1.5782547637795274
11
0.3505334645669291
21
1.5781412992125985
0
LINE
8
BLACK
6
CONTINUOUS
10
0.4596382283464567
20
1.5781973228346455
11
0.4597937401574803
21
1.5782083858267717
0
LINE
8
BLACK
6
CONTINUOUS
10
0.4597937401574803
20
1.5782083858267717
11
0.4599122834645669
21
1.5781703149606299
0
LINE
8
BLACK
6
CONTINUOUS
10
0.4599122834645669
20
1.5781703149606299
11
0.4602072440944882
21
1.5781412992125985
0
LINE
8
BLACK
6
CONTINUOUS
10
0.4602072440944882
20
1.5781412992125985
11
0.4609093700787402
21
1.577850433070866
0
LINE
8
BLACK
6
CONTINUOUS
10
0.4609093700787402
20
1.577850433070866
11
0.4693590551181102
21
1.5751395669291339
0
LINE
8
BLACK
6
CONTINUOUS
10
0.4693590551181102
20
1.5751395669291339
11
0.4704161811023622
21
1.574667559055118
0
LINE
8
BLACK
6
CONTINUOUS
10
0.4704161811023622
20
1.574667559055118
11
0.4705764173228346
21
1.5745285433070866
0
LINE
8
BLACK
6
CONTINUOUS
10
0.4705764173228346
20
1.5745285433070866
11
0.4707724803149606
21
1.5744473622047244
0
LINE
8
BLACK
6
CONTINUOUS
10
0.4707724803149606
20
1.5744473622047244
11
0.4715942913385827
21
1.573645748031496
0
LINE
8
BLACK
6
CONTINUOUS
10
0.4715942913385827
20
1.573645748031496
11
0.4721568897637795
21
1.5731578346456692
0
LINE
8
BLACK
6
CONTINUOUS
10
0.4721568897637795
20
1.5731578346456692
11
0.4722162204724409
21
1.5730391338582677
0
LINE
8
BLACK
6
CONTINUOUS
10
0.4722162204724409
20
1.5730391338582677
11
0.4772916929133858
21
1.5680886220472441
0
LINE
8
BLACK
6
CONTINUOUS
10
0.4772916929133858
20
1.5680886220472441
11
0.4776633464566929
21
1.567635748031496
0
LINE
8
BLACK
6
CONTINUOUS
10
0.4776633464566929
20
1.567635748031496
11
0.4777811811023622
21
1.5675335826771652
0
LINE
8
BLACK
6
CONTINUOUS
10
0.4777811811023622
20
1.5675335826771652
11
0.4778396456692913
21
1.5674209448818897
0
LINE
8
BLACK
6
CONTINUOUS
10
0.4778396456692913
20
1.5674209448818897
11
0.4780261417322835
21
1.5671937401574803
0
LINE
8
BLACK
6
CONTINUOUS
10
0.4780261417322835
20
1.5671937401574803
11
0.4782963385826772
21
1.5665413385826772
0
LINE
8
BLACK
6
CONTINUOUS
10
0.4782963385826772
20
1.5665413385826772
11
0.4812100787401575
21
1.5609295669291339
0
LINE
8
BLACK
6
CONTINUOUS
10
0.4812100787401575
20
1.5609295669291339
11
0.4812423228346457
21
1.5608451968503936
0
LINE
8
BLACK
6
CONTINUOUS
10
0.4812423228346457
20
1.5608451968503936
11
0.481267716535433
21
1.5608109842519684
0
LINE
8
BLACK
6
CONTINUOUS
10
0.481267716535433
20
1.5608109842519684
11
0.4812935433070866
21
1.5607114173228347
0
LINE
8
BLACK
6
CONTINUOUS
10
0.4812935433070866
20
1.5607114173228347
11
0.4816238188976378
21
1.559848307086614
0
LINE
8
BLACK
6
CONTINUOUS
10
0.4816238188976378
20
1.559848307086614
11
0.4816638976377953
21
1.5592840157480314
0
LINE
8
BLACK
6
CONTINUOUS
10
0.4816638976377953
20
1.5592840157480314
11
0.4844693307086614
21
1.5484722047244095
0
LINE
8
BLACK
6
CONTINUOUS
10
0.4844693307086614
20
1.5484722047244095
11
0.4844988188976378
21
1.5482725196850393
0
LINE
8
BLACK
6
CONTINUOUS
10
0.4844988188976378
20
1.5482725196850393
11
0.4845322047244094
21
1.5481920472440944
0
LINE
8
BLACK
6
CONTINUOUS
10
0.4845322047244094
20
1.5481920472440944
11
0.4845340551181102
21
1.5480344488188975
0
LINE
8
BLACK
6
CONTINUOUS
10
0.4845340551181102
20
1.5480344488188975
11
0.4846387007874016
21
1.547326968503937
0
LINE
8
BLACK
6
CONTINUOUS
10
0.4846387007874016
20
1.547326968503937
11
0.4845495275590551
21
1.5467277559055117
0
LINE
8
BLACK
6
CONTINUOUS
10
0.4845495275590551
20
1.5467277559055117
11
0.4846456692913386
21
1.5386034645669291
0
LINE
8
BLACK
6
CONTINUOUS
10
0.4846456692913386
20
1.5386034645669291
11
0.4846258661417323
21
1.5384025196850393
0
LINE
8
BLACK
6
CONTINUOUS
10
0.4846258661417323
20
1.5384025196850393
11
0.4846387007874016
21
1.5383164173228345
0
LINE
8
BLACK
6
CONTINUOUS
10
0.4846387007874016
20
1.5383164173228345
11
0.4846025984251968
21
1.5381664960629922
0
LINE
8
BLACK
6
CONTINUOUS
10
0.4846025984251968
20
1.5381664960629922
11
0.4845322047244094
21
1.5374513385826771
0
LINE
8
BLACK
6
CONTINUOUS
10
0.4845322047244094
20
1.5374513385826771
11
0.4842898031496063
21
1.5368662204724408
0
LINE
8
BLACK
6
CONTINUOUS
10
0.4842898031496063
20
1.5368662204724408
11
0.4816572047244094
21
1.5259225984251967
0
LINE
8
BLACK
6
CONTINUOUS
10
0.4816572047244094
20
1.5259225984251967
11
0.481626811023622
21
1.5258375984251968
0
LINE
8
BLACK
6
CONTINUOUS
10
0.481626811023622
20
1.5258375984251968
11
0.4816238188976378
21
1.5257950787401575
0
LINE
8
BLACK
6
CONTINUOUS
10
0.4816238188976378
20
1.5257950787401575
11
0.4815764960629921
21
1.5256967322834645
0
LINE
8
BLACK
6
CONTINUOUS
10
0.4815764960629921
20
1.5256967322834645
11
0.481267716535433
21
1.5248324015748032
0
LINE
8
BLACK
6
CONTINUOUS
10
0.481267716535433
20
1.5248324015748032
11
0.4809625590551181
21
1.5244205511811024
0
LINE
8
BLACK
6
CONTINUOUS
10
0.4809625590551181
20
1.5244205511811024
11
0.4783979133858268
21
1.5190895669291338
0
LINE
8
BLACK
6
CONTINUOUS
10
0.4783979133858268
20
1.5190895669291338
11
0.4780858267716535
21
1.5185938188976378
0
LINE
8
BLACK
6
CONTINUOUS
10
0.4780858267716535
20
1.5185938188976378
11
0.4780261417322835
21
1.5184496456692913
0
LINE
8
BLACK
6
CONTINUOUS
10
0.4780261417322835
20
1.5184496456692913
11
0.4779385826771653
21
1.5183598818897637
0
LINE
8
BLACK
6
CONTINUOUS
10
0.4779385826771653
20
1.5183598818897637
11
0.4777811811023622
21
1.5181098031496063
0
LINE
8
BLACK
6
CONTINUOUS
10
0.4777811811023622
20
1.5181098031496063
11
0.4772195669291339
21
1.517622716535433
0
LINE
8
BLACK
6
CONTINUOUS
10
0.4772195669291339
20
1.517622716535433
11
0.4716674015748031
21
1.5119304724409448
0
LINE
8
BLACK
6
CONTINUOUS
10
0.4716674015748031
20
1.5119304724409448
11
0.4707724803149606
21
1.5111960236220472
0
LINE
8
BLACK
6
CONTINUOUS
10
0.4707724803149606
20
1.5111960236220472
11
0.4705764173228346
21
1.5111148031496062
0
LINE
8
BLACK
6
CONTINUOUS
10
0.4705764173228346
20
1.5111148031496062
11
0.4704161811023622
21
1.5109758267716535
0
LINE
8
BLACK
6
CONTINUOUS
10
0.4704161811023622
20
1.5109758267716535
11
0.4693525984251968
21
1.510607874015748
0
LINE
8
BLACK
6
CONTINUOUS
10
0.4693525984251968
20
1.510607874015748
11
0.4686436614173228
21
1.510314251968504
0
LINE
8
BLACK
6
CONTINUOUS
10
0.4686436614173228
20
1.510314251968504
11
0.4685037401574803
21
1.510314251968504
0
LINE
8
BLACK
6
CONTINUOUS
10
0.4685037401574803
20
1.510314251968504
11
0.4609225984251968
21
1.5076916929133859
0
LINE
8
BLACK
6
CONTINUOUS
10
0.4609225984251968
20
1.5076916929133859
11
0.4603514173228346
21
1.507561811023622
0
LINE
8
BLACK
6
CONTINUOUS
10
0.4603514173228346
20
1.507561811023622
11
0.4602072440944882
21
1.5075020866141733
0
LINE
8
BLACK
6
CONTINUOUS
10
0.4602072440944882
20
1.5075020866141733
11
0.4600847244094488
21
1.5075011417322834
0
LINE
8
BLACK
6
CONTINUOUS
10
0.4600847244094488
20
1.5075011417322834
11
0.4597937401574803
21
1.5074349999999999
0
LINE
8
BLACK
6
CONTINUOUS
10
0.4597937401574803
20
1.5074349999999999
11
0.4589787007874016
21
1.5074929133858268
0
LINE
8
BLACK
6
CONTINUOUS
10
0.4589787007874016
20
1.5074929133858268
11
0.4449943700787402
21
1.5073886220472441
0
LINE
8
BLACK
6
CONTINUOUS
10
0.4449943700787402
20
1.5073886220472441
11
0.4438422440944882
21
1.5075020866141733
0
LINE
8
BLACK
6
CONTINUOUS
10
0.4438422440944882
20
1.5075020866141733
11
0.4417134251968504
21
1.5083838976377952
0
LINE
8
BLACK
6
CONTINUOUS
10
0.4417134251968504
20
1.5083838976377952
11
0.4400841338582677
21
1.5100131889763779
0
LINE
8
BLACK
6
CONTINUOUS
10
0.4400841338582677
20
1.5100131889763779
11
0.4392023228346457
21
1.5121420078740158
0
LINE
8
BLACK
6
CONTINUOUS
10
0.4392023228346457
20
1.5121420078740158
11
0.4390888582677165
21
1.5723492519685038
0
LINE
8
BLACK
6
CONTINUOUS
10
0.4390888582677165
20
1.5723492519685038
11
0.4392023228346457
21
1.5735013779527558
0
LINE
8
BLACK
6
CONTINUOUS
10
0.4392023228346457
20
1.5735013779527558
11
0.4400841338582677
21
1.5756301968503936
0
LINE
8
BLACK
6
CONTINUOUS
10
0.4400841338582677
20
1.5756301968503936
11
0.4417134251968504
21
1.5772594881889763
0
LINE
8
BLACK
6
CONTINUOUS
10
0.4417134251968504
20
1.5772594881889763
11
0.4438422440944882
21
1.5781412992125985
0
LINE
8
BLACK
6
CONTINUOUS
10
0.4438422440944882
20
1.5781412992125985
11
0.4590551181102362
21
1.5782547637795274
0
LINE
8
BLACK
6
CONTINUOUS
10
0.4590551181102362
20
1.5782547637795274
11
0.4596382283464567
21
1.5781973228346455
0
LINE
8
BLACK
6
CONTINUOUS
10
0.4507996062992126
20
1.5664870078740156
11
0.4508888582677165
21
1.5191387007874015
0
LINE
8
BLACK
6
CONTINUOUS
10
0.4508888582677165
20
1.5191387007874015
11
0.4583558267716535
21
1.5191944094488188
0
LINE
8
BLACK
6
CONTINUOUS
10
0.4583558267716535
20
1.5191944094488188
11
0.4644492913385826
21
1.5213023228346456
0
LINE
8
BLACK
6
CONTINUOUS
10
0.4644492913385826
20
1.5213023228346456
11
0.4684241338582677
21
1.5253774803149607
0
LINE
8
BLACK
6
CONTINUOUS
10
0.4684241338582677
20
1.5253774803149607
11
0.4705455118110236
21
1.5297870866141732
0
LINE
8
BLACK
6
CONTINUOUS
10
0.4705455118110236
20
1.5297870866141732
11
0.4729218897637795
21
1.5396654724409449
0
LINE
8
BLACK
6
CONTINUOUS
10
0.4729218897637795
20
1.5396654724409449
11
0.4728388582677165
21
1.5466817322834645
0
LINE
8
BLACK
6
CONTINUOUS
10
0.4728388582677165
20
1.5466817322834645
11
0.4702712204724409
21
1.5565773228346456
0
LINE
8
BLACK
6
CONTINUOUS
10
0.4702712204724409
20
1.5565773228346456
11
0.4681676771653543
21
1.5606287007874016
0
LINE
8
BLACK
6
CONTINUOUS
10
0.4681676771653543
20
1.5606287007874016
11
0.4642026377952756
21
1.5644961417322834
0
LINE
8
BLACK
6
CONTINUOUS
10
0.4642026377952756
20
1.5644961417322834
11
0.457833779527559
21
1.5665394881889763
0
LINE
8
BLACK
6
CONTINUOUS
10
0.457833779527559
20
1.5665394881889763
11
0.4507996062992126
21
1.5664870078740156
0
LINE
8
BLACK
6
CONTINUOUS
10
0.594958779527559
20
1.5781973228346455
11
0.5951142913385826
21
1.5782083858267717
0
LINE
8
BLACK
6
CONTINUOUS
10
0.5951142913385826
20
1.5782083858267717
11
0.5952328346456692
21
1.5781703149606299
0
LINE
8
BLACK
6
CONTINUOUS
10
0.5952328346456692
20
1.5781703149606299
11
0.5955277952755905
21
1.5781412992125985
0
LINE
8
BLACK
6
CONTINUOUS
10
0.5955277952755905
20
1.5781412992125985
11
0.5962299212598425
21
1.577850433070866
0
LINE
8
BLACK
6
CONTINUOUS
10
0.5962299212598425
20
1.577850433070866
11
0.6046796062992126
21
1.5751395669291339
0
LINE
8
BLACK
6
CONTINUOUS
10
0.6046796062992126
20
1.5751395669291339
11
0.6057367322834646
21
1.574667559055118
0
LINE
8
BLACK
6
CONTINUOUS
10
0.6057367322834646
20
1.574667559055118
11
0.605896968503937
21
1.5745285433070866
0
LINE
8
BLACK
6
CONTINUOUS
10
0.605896968503937
20
1.5745285433070866
11
0.606093031496063
21
1.5744473622047244
0
LINE
8
BLACK
6
CONTINUOUS
10
0.606093031496063
20
1.5744473622047244
11
0.606914842519685
21
1.573645748031496
0
LINE
8
BLACK
6
CONTINUOUS
10
0.606914842519685
20
1.573645748031496
11
0.6074774409448819
21
1.5731578346456692
0
LINE
8
BLACK
6
CONTINUOUS
10
0.6074774409448819
20
1.5731578346456692
11
0.6075367716535433
21
1.5730391338582677
0
LINE
8
BLACK
6
CONTINUOUS
10
0.6075367716535433
20
1.5730391338582677
11
0.6126122440944882
21
1.5680886220472441
0
LINE
8
BLACK
6
CONTINUOUS
10
0.6126122440944882
20
1.5680886220472441
11
0.6129838976377953
21
1.567635748031496
0
LINE
8
BLACK
6
CONTINUOUS
10
0.6129838976377953
20
1.567635748031496
11
0.6131017322834645
21
1.5675335826771652
0
LINE
8
BLACK
6
CONTINUOUS
10
0.6131017322834645
20
1.5675335826771652
11
0.6131601968503937
21
1.5674209448818897
0
LINE
8
BLACK
6
CONTINUOUS
10
0.6131601968503937
20
1.5674209448818897
11
0.6133466929133858
21
1.5671937401574803
0
LINE
8
BLACK
6
CONTINUOUS
10
0.6133466929133858
20
1.5671937401574803
11
0.6136168897637795
21
1.5665413385826772
0
LINE
8
BLACK
6
CONTINUOUS
10
0.6136168897637795
20
1.5665413385826772
11
0.6165306299212598
21
1.5609295669291339
0
LINE
8
BLACK
6
CONTINUOUS
10
0.6165306299212598
20
1.5609295669291339
11
0.6165628740157481
21
1.5608451968503936
0
LINE
8
BLACK
6
CONTINUOUS
10
0.6165628740157481
20
1.5608451968503936
11
0.6165882677165354
21
1.5608109842519684
0
LINE
8
BLACK
6
CONTINUOUS
10
0.6165882677165354
20
1.5608109842519684
11
0.6166140944881889
21
1.5607114173228347
0
LINE
8
BLACK
6
CONTINUOUS
10
0.6166140944881889
20
1.5607114173228347
11
0.6169443700787401
21
1.559848307086614
0
LINE
8
BLACK
6
CONTINUOUS
10
0.6169443700787401
20
1.559848307086614
11
0.6169844488188976
21
1.5592840157480314
0
LINE
8
BLACK
6
CONTINUOUS
10
0.6169844488188976
20
1.5592840157480314
11
0.6197898818897638
21
1.5484722047244095
0
LINE
8
BLACK
6
CONTINUOUS
10
0.6197898818897638
20
1.5484722047244095
11
0.6198193700787401
21
1.5482725196850393
0
LINE
8
BLACK
6
CONTINUOUS
10
0.6198193700787401
20
1.5482725196850393
11
0.6198527559055118
21
1.5481920472440944
0
LINE
8
BLACK
6
CONTINUOUS
10
0.6198527559055118
20
1.5481920472440944
11
0.6198546062992126
21
1.5480344488188975
0
LINE
8
BLACK
6
CONTINUOUS
10
0.6198546062992126
20
1.5480344488188975
11
0.6199592519685039
21
1.547326968503937
0
LINE
8
BLACK
6
CONTINUOUS
10
0.6199592519685039
20
1.547326968503937
11
0.6198700787401574
21
1.5467277559055117
0
LINE
8
BLACK
6
CONTINUOUS
10
0.6198700787401574
20
1.5467277559055117
11
0.6199662204724409
21
1.5386034645669291
0
LINE
8
BLACK
6
CONTINUOUS
10
0.6199662204724409
20
1.5386034645669291
11
0.6199464173228346
21
1.5384025196850393
0
LINE
8
BLACK
6
CONTINUOUS
10
0.6199464173228346
20
1.5384025196850393
11
0.6199592519685039
21
1.5383164173228345
0
LINE
8
BLACK
6
CONTINUOUS
10
0.6199592519685039
20
1.5383164173228345
11
0.6199231496062992
21
1.5381664960629922
0
LINE
8
BLACK
6
CONTINUOUS
10
0.6199231496062992
20
1.5381664960629922
11
0.6198527559055118
21
1.5374513385826771
0
LINE
8
BLACK
6
CONTINUOUS
10
0.6198527559055118
20
1.5374513385826771
11
0.6196103543307087
21
1.5368662204724408
0
LINE
8
BLACK
6
CONTINUOUS
10
0.6196103543307087
20
1.5368662204724408
11
0.6169777559055118
21
1.5259225984251967
0
LINE
8
BLACK
6
CONTINUOUS
10
0.6169777559055118
20
1.5259225984251967
11
0.6169473622047243
21
1.5258375984251968
0
LINE
8
BLACK
6
CONTINUOUS
10
0.6169473622047243
20
1.5258375984251968
11
0.6169443700787401
21
1.5257950787401575
0
LINE
8
BLACK
6
CONTINUOUS
10
0.6169443700787401
20
1.5257950787401575
11
0.6168970472440944
21
1.5256967322834645
0
LINE
8
BLACK
6
CONTINUOUS
10
0.6168970472440944
20
1.5256967322834645
11
0.6165882677165354
21
1.5248324015748032
0
LINE
8
BLACK
6
CONTINUOUS
10
0.6165882677165354
20
1.5248324015748032
11
0.6162831102362205
21
1.5244205511811024
0
LINE
8
BLACK
6
CONTINUOUS
10
0.6162831102362205
20
1.5244205511811024
11
0.6137184645669291
21
1.5190895669291338
0
LINE
8
BLACK
6
CONTINUOUS
10
0.6137184645669291
20
1.5190895669291338
11
0.6134063779527559
21
1.5185938188976378
0
LINE
8
BLACK
6
CONTINUOUS
10
0.6134063779527559
20
1.5185938188976378
11
0.6133466929133858
21
1.5184496456692913
0
LINE
8
BLACK
6
CONTINUOUS
10
0.6133466929133858
20
1.5184496456692913
11
0.6132591338582677
21
1.5183598818897637
0
LINE
8
BLACK
6
CONTINUOUS
10
0.6132591338582677
20
1.5183598818897637
11
0.6131017322834645
21
1.5181098031496063
0
LINE
8
BLACK
6
CONTINUOUS
10
0.6131017322834645
20
1.5181098031496063
11
0.6125401181102362
21
1.517622716535433
0
LINE
8
BLACK
6
CONTINUOUS
10
0.6125401181102362
20
1.517622716535433
11
0.6069879527559054
21
1.5119304724409448
0
LINE
8
BLACK
6
CONTINUOUS
10
0.6069879527559054
20
1.5119304724409448
11
0.606093031496063
21
1.5111960236220472
0
LINE
8
BLACK
6
CONTINUOUS
10
0.606093031496063
20
1.5111960236220472
11
0.605896968503937
21
1.5111148031496062
0
LINE
8
BLACK
6
CONTINUOUS
10
0.605896968503937
20
1.5111148031496062
11
0.6057367322834646
21
1.5109758267716535
0
LINE
8
BLACK
6
CONTINUOUS
10
0.6057367322834646
20
1.5109758267716535
11
0.6046731496062993
21
1.510607874015748
0
LINE
8
BLACK
6
CONTINUOUS
10
0.6046731496062993
20
1.510607874015748
11
0.6039642125984251
21
1.510314251968504
0
LINE
8
BLACK
6
CONTINUOUS
10
0.6039642125984251
20
1.510314251968504
11
0.6038242913385826
21
1.510314251968504
0
LINE
8
BLACK
6
CONTINUOUS
10
0.6038242913385826
20
1.510314251968504
11
0.5962431496062992
21
1.5076916929133859
0
LINE
8
BLACK
6
CONTINUOUS
10
0.5962431496062992
20
1.5076916929133859
11
0.595671968503937
21
1.507561811023622
0
LINE
8
BLACK
6
CONTINUOUS
10
0.595671968503937
20
1.507561811023622
11
0.5955277952755905
21
1.5075020866141733
0
LINE
8
BLACK
6
CONTINUOUS
10
0.5955277952755905
20
1.5075020866141733
11
0.5954052755905511
21
1.5075011417322834
0
LINE
8
BLACK
6
CONTINUOUS
10
0.5954052755905511
20
1.5075011417322834
11
0.5951142913385826
21
1.5074349999999999
0
LINE
8
BLACK
6
CONTINUOUS
10
0.5951142913385826
20
1.5074349999999999
11
0.594299251968504
21
1.5074929133858268
0
LINE
8
BLACK
6
CONTINUOUS
10
0.594299251968504
20
1.5074929133858268
11
0.5803149212598425
21
1.5073886220472441
0
LINE
8
BLACK
6
CONTINUOUS
10
0.5803149212598425
20
1.5073886220472441
11
0.5791627952755906
21
1.5075020866141733
0
LINE
8
BLACK
6
CONTINUOUS
10
0.5791627952755906
20
1.5075020866141733
11
0.5770339763779527
21
1.5083838976377952
0
LINE
8
BLACK
6
CONTINUOUS
10
0.5770339763779527
20
1.5083838976377952
11
0.57540468503937
21
1.5100131889763779
0
LINE
8
BLACK
6
CONTINUOUS
10
0.57540468503937
20
1.5100131889763779
11
0.574522874015748
21
1.5121420078740158
0
LINE
8
BLACK
6
CONTINUOUS
10
0.574522874015748
20
1.5121420078740158
11
0.5744094094488189
21
1.5723492519685038
0
LINE
8
BLACK
6
CONTINUOUS
10
0.5744094094488189
20
1.5723492519685038
11
0.574522874015748
21
1.5735013779527558
0
LINE
8
BLACK
6
CONTINUOUS
10
0.574522874015748
20
1.5735013779527558
11
0.57540468503937
21
1.5756301968503936
0
LINE
8
BLACK
6
CONTINUOUS
10
0.57540468503937
20
1.5756301968503936
11
0.5770339763779527
21
1.5772594881889763
0
LINE
8
BLACK
6
CONTINUOUS
10
0.5770339763779527
20
1.5772594881889763
11
0.5791627952755906
21
1.5781412992125985
0
LINE
8
BLACK
6
CONTINUOUS
10
0.5791627952755906
20
1.5781412992125985
11
0.5943756692913386
21
1.5782547637795274
0
LINE
8
BLACK
6
CONTINUOUS
10
0.5943756692913386
20
1.5782547637795274
11
0.594958779527559
21
1.5781973228346455
0
LINE
8
BLACK
6
CONTINUOUS
10
0.586120157480315
20
1.5664870078740156
11
0.5862094094488188
21
1.5191387007874015
0
LINE
8
BLACK
6
CONTINUOUS
10
0.5862094094488188
20
1.5191387007874015
11
0.5936763779527559
21
1.5191944094488188
0
LINE
8
BLACK
6
CONTINUOUS
10
0.5936763779527559
20
1.5191944094488188
11
0.599769842519685
21
1.5213023228346456
0
LINE
8
BLACK
6
CONTINUOUS
10
0.599769842519685
20
1.5213023228346456
11
0.6037446850393701
21
1.5253774803149607
0
LINE
8
BLACK
6
CONTINUOUS
10
0.6037446850393701
20
1.5253774803149607
11
0.605866062992126
21
1.5297870866141732
0
LINE
8
BLACK
6
CONTINUOUS
10
0.605866062992126
20
1.5297870866141732
11
0.6082424409448819
21
1.5396654724409449
0
LINE
8
BLACK
6
CONTINUOUS
10
0.6082424409448819
20
1.5396654724409449
11
0.6081594094488189
21
1.5466817322834645
0
LINE
8
BLACK
6
CONTINUOUS
10
0.6081594094488189
20
1.5466817322834645
11
0.6055917716535433
21
1.5565773228346456
0
LINE
8
BLACK
6
CONTINUOUS
10
0.6055917716535433
20
1.5565773228346456
11
0.6034882283464567
21
1.5606287007874016
0
LINE
8
BLACK
6
CONTINUOUS
10
0.6034882283464567
20
1.5606287007874016
11
0.5995231889763779
21
1.5644961417322834
0
LINE
8
BLACK
6
CONTINUOUS
10
0.5995231889763779
20
1.5644961417322834
11
0.5931543307086614
21
1.5665394881889763
0
LINE
8
BLACK
6
CONTINUOUS
10
0.5931543307086614
20
1.5665394881889763
11
0.586120157480315
21
1.5664870078740156
0
LINE
8
BLACK
6
CONTINUOUS
10
0.6540138976377953
20
1.5781973228346455
11
0.6541694094488189
21
1.5782083858267717
0
LINE
8
BLACK
6
CONTINUOUS
10
0.6541694094488189
20
1.5782083858267717
11
0.6542879527559055
21
1.5781703149606299
0
LINE
8
BLACK
6
CONTINUOUS
10
0.6542879527559055
20
1.5781703149606299
11
0.6545829133858267
21
1.5781412992125985
0
LINE
8
BLACK
6
CONTINUOUS
10
0.6545829133858267
20
1.5781412992125985
11
0.6552850393700788
21
1.577850433070866
0
LINE
8
BLACK
6
CONTINUOUS
10
0.6552850393700788
20
1.577850433070866
11
0.6637347244094488
21
1.5751395669291339
0
LINE
8
BLACK
6
CONTINUOUS
10
0.6637347244094488
20
1.5751395669291339
11
0.6647918503937008
21
1.574667559055118
0
LINE
8
BLACK
6
CONTINUOUS
10
0.6647918503937008
20
1.574667559055118
11
0.6649520866141733
21
1.5745285433070866
0
LINE
8
BLACK
6
CONTINUOUS
10
0.6649520866141733
20
1.5745285433070866
11
0.6651481496062992
21
1.5744473622047244
0
LINE
8
BLACK
6
CONTINUOUS
10
0.6651481496062992
20
1.5744473622047244
11
0.6659699606299212
21
1.573645748031496
0
LINE
8
BLACK
6
CONTINUOUS
10
0.6659699606299212
20
1.573645748031496
11
0.6665325590551181
21
1.5731578346456692
0
LINE
8
BLACK
6
CONTINUOUS
10
0.6665325590551181
20
1.5731578346456692
11
0.6665918897637795
21
1.5730391338582677
0
LINE
8
BLACK
6
CONTINUOUS
10
0.6665918897637795
20
1.5730391338582677
11
0.6716673622047244
21
1.5680886220472441
0
LINE
8
BLACK
6
CONTINUOUS
10
0.6716673622047244
20
1.5680886220472441
11
0.6720390157480315
21
1.567635748031496
0
LINE
8
BLACK
6
CONTINUOUS
10
0.6720390157480315
20
1.567635748031496
11
0.6721568503937008
21
1.5675335826771652
0
LINE
8
BLACK
6
CONTINUOUS
10
0.6721568503937008
20
1.5675335826771652
11
0.6722153149606299
21
1.5674209448818897
0
LINE
8
BLACK
6
CONTINUOUS
10
0.6722153149606299
20
1.5674209448818897
11
0.6724018110236221
21
1.5671937401574803
0
LINE
8
BLACK
6
CONTINUOUS
10
0.6724018110236221
20
1.5671937401574803
11
0.6726720078740157
21
1.5665413385826772
0
LINE
8
BLACK
6
CONTINUOUS
10
0.6726720078740157
20
1.5665413385826772
11
0.6755857480314961
21
1.5609295669291339
0
LINE
8
BLACK
6
CONTINUOUS
10
0.6755857480314961
20
1.5609295669291339
11
0.6756179921259843
21
1.5608451968503936
0
LINE
8
BLACK
6
CONTINUOUS
10
0.6756179921259843
20
1.5608451968503936
11
0.6756433858267716
21
1.5608109842519684
0
LINE
8
BLACK
6
CONTINUOUS
10
0.6756433858267716
20
1.5608109842519684
11
0.6756692125984252
21
1.5607114173228347
0
LINE
8
BLACK
6
CONTINUOUS
10
0.6756692125984252
20
1.5607114173228347
11
0.6759994881889764
21
1.559848307086614
0
LINE
8
BLACK
6
CONTINUOUS
10
0.6759994881889764
20
1.559848307086614
11
0.6760395669291338
21
1.5592840157480314
0
LINE
8
BLACK
6
CONTINUOUS
10
0.6760395669291338
20
1.5592840157480314
11
0.678845
21
1.5484722047244095
0
LINE
8
BLACK
6
CONTINUOUS
10
0.678845
20
1.5484722047244095
11
0.6788744881889763
21
1.5482725196850393
0
LINE
8
BLACK
6
CONTINUOUS
10
0.6788744881889763
20
1.5482725196850393
11
0.678907874015748
21
1.5481920472440944
0
LINE
8
BLACK
6
CONTINUOUS
10
0.678907874015748
20
1.5481920472440944
11
0.6789097244094489
21
1.5480344488188975
0
LINE
8
BLACK
6
CONTINUOUS
10
0.6789097244094489
20
1.5480344488188975
11
0.6790143700787401
21
1.547326968503937
0
LINE
8
BLACK
6
CONTINUOUS
10
0.6790143700787401
20
1.547326968503937
11
0.6789251968503937
21
1.5467277559055117
0
LINE
8
BLACK
6
CONTINUOUS
10
0.6789251968503937
20
1.5467277559055117
11
0.6790213385826771
21
1.5386034645669291
0
LINE
8
BLACK
6
CONTINUOUS
10
0.6790213385826771
20
1.5386034645669291
11
0.6790015354330708
21
1.5384025196850393
0
LINE
8
BLACK
6
CONTINUOUS
10
0.6790015354330708
20
1.5384025196850393
11
0.6790143700787401
21
1.5383164173228345
0
LINE
8
BLACK
6
CONTINUOUS
10
0.6790143700787401
20
1.5383164173228345
11
0.6789782677165355
21
1.5381664960629922
0
LINE
8
BLACK
6
CONTINUOUS
10
0.6789782677165355
20
1.5381664960629922
11
0.678907874015748
21
1.5374513385826771
0
LINE
8
BLACK
6
CONTINUOUS
10
0.678907874015748
20
1.5374513385826771
11
0.6786654724409449
21
1.5368662204724408
0
LINE
8
BLACK
6
CONTINUOUS
10
0.6786654724409449
20
1.5368662204724408
11
0.676032874015748
21
1.5259225984251967
0
LINE
8
BLACK
6
CONTINUOUS
10
0.676032874015748
20
1.5259225984251967
11
0.6760024803149606
21
1.5258375984251968
0
LINE
8
BLACK
6
CONTINUOUS
10
0.6760024803149606
20
1.5258375984251968
11
0.6759994881889764
21
1.5257950787401575
0
LINE
8
BLACK
6
CONTINUOUS
10
0.6759994881889764
20
1.5257950787401575
11
0.6759521653543307
21
1.5256967322834645
0
LINE
8
BLACK
6
CONTINUOUS
10
0.6759521653543307
20
1.5256967322834645
11
0.6756433858267716
21
1.5248324015748032
0
LINE
8
BLACK
6
CONTINUOUS
10
0.6756433858267716
20
1.5248324015748032
11
0.6753382283464566
21
1.5244205511811024
0
LINE
8
BLACK
6
CONTINUOUS
10
0.6753382283464566
20
1.5244205511811024
11
0.6727735826771654
21
1.5190895669291338
0
LINE
8
BLACK
6
CONTINUOUS
10
0.6727735826771654
20
1.5190895669291338
11
0.6724614960629921
21
1.5185938188976378
0
LINE
8
BLACK
6
CONTINUOUS
10
0.6724614960629921
20
1.5185938188976378
11
0.6724018110236221
21
1.5184496456692913
0
LINE
8
BLACK
6
CONTINUOUS
10
0.6724018110236221
20
1.5184496456692913
11
0.6723142519685039
21
1.5183598818897637
0
LINE
8
BLACK
6
CONTINUOUS
10
0.6723142519685039
20
1.5183598818897637
11
0.6721568503937008
21
1.5181098031496063
0
LINE
8
BLACK
6
CONTINUOUS
10
0.6721568503937008
20
1.5181098031496063
11
0.6715952362204725
21
1.517622716535433
0
LINE
8
BLACK
6
CONTINUOUS
10
0.6715952362204725
20
1.517622716535433
11
0.6660430708661417
21
1.5119304724409448
0
LINE
8
BLACK
6
CONTINUOUS
10
0.6660430708661417
20
1.5119304724409448
11
0.6651481496062992
21
1.5111960236220472
0
LINE
8
BLACK
6
CONTINUOUS
10
0.6651481496062992
20
1.5111960236220472
11
0.6649520866141733
21
1.5111148031496062
0
LINE
8
BLACK
6
CONTINUOUS
10
0.6649520866141733
20
1.5111148031496062
11
0.6647918503937008
21
1.5109758267716535
0
LINE
8
BLACK
6
CONTINUOUS
10
0.6647918503937008
20
1.5109758267716535
11
0.6637282677165354
21
1.510607874015748
0
LINE
8
BLACK
6
CONTINUOUS
10
0.6637282677165354
20
1.510607874015748
11
0.6630193307086614
21
1.510314251968504
0
LINE
8
BLACK
6
CONTINUOUS
10
0.6630193307086614
20
1.510314251968504
11
0.6628794094488188
21
1.510314251968504
0
LINE
8
BLACK
6
CONTINUOUS
10
0.6628794094488188
20
1.510314251968504
11
0.6552982677165354
21
1.5076916929133859
0
LINE
8
BLACK
6
CONTINUOUS
10
0.6552982677165354
20
1.5076916929133859
11
0.6547270866141732
21
1.507561811023622
0
LINE
8
BLACK
6
CONTINUOUS
10
0.6547270866141732
20
1.507561811023622
11
0.6545829133858267
21
1.5075020866141733
0
LINE
8
BLACK
6
CONTINUOUS
10
0.6545829133858267
20
1.5075020866141733
11
0.6544603937007873
21
1.5075011417322834
0
LINE
8
BLACK
6
CONTINUOUS
10
0.6544603937007873
20
1.5075011417322834
11
0.6541694094488189
21
1.5074349999999999
0
LINE
8
BLACK
6
CONTINUOUS
10
0.6541694094488189
20
1.5074349999999999
11
0.6533543700787401
21
1.5074929133858268
0
LINE
8
BLACK
6
CONTINUOUS
10
0.6533543700787401
20
1.5074929133858268
11
0.6393700393700787
21
1.5073886220472441
0
LINE
8
BLACK
6
CONTINUOUS
10
0.6393700393700787
20
1.5073886220472441
11
0.6382179133858268
21
1.5075020866141733
0
LINE
8
BLACK
6
CONTINUOUS
10
0.6382179133858268
20
1.5075020866141733
11
0.636089094488189
21
1.5083838976377952
0
LINE
8
BLACK
6
CONTINUOUS
10
0.636089094488189
20
1.5083838976377952
11
0.6344598031496063
21
1.5100131889763779
0
LINE
8
BLACK
6
CONTINUOUS
10
0.6344598031496063
20
1.5100131889763779
11
0.6335779921259842
21
1.5121420078740158
0
LINE
8
BLACK
6
CONTINUOUS
10
0.6335779921259842
20
1.5121420078740158
11
0.6334645275590551
21
1.5723492519685038
0
LINE
8
BLACK
6
CONTINUOUS
10
0.6334645275590551
20
1.5723492519685038
11
0.6335779921259842
21
1.5735013779527558
0
LINE
8
BLACK
6
CONTINUOUS
10
0.6335779921259842
20
1.5735013779527558
11
0.6344598031496063
21
1.5756301968503936
0
LINE
8
BLACK
6
CONTINUOUS
10
0.6344598031496063
20
1.5756301968503936
11
0.636089094488189
21
1.5772594881889763
0
LINE
8
BLACK
6
CONTINUOUS
10
0.636089094488189
20
1.5772594881889763
11
0.6382179133858268
21
1.5781412992125985
0
LINE
8
BLACK
6
CONTINUOUS
10
0.6382179133858268
20
1.5781412992125985
11
0.6534307874015748
21
1.5782547637795274
0
LINE
8
BLACK
6
CONTINUOUS
10
0.6534307874015748
20
1.5782547637795274
11
0.6540138976377953
21
1.5781973228346455
0
LINE
8
BLACK
6
CONTINUOUS
10
0.6451752755905512
20
1.5664870078740156
11
0.6452645275590551
21
1.5191387007874015
0
LINE
8
BLACK
6
CONTINUOUS
10
0.6452645275590551
20
1.5191387007874015
11
0.6527314960629921
21
1.5191944094488188
0
LINE
8
BLACK
6
CONTINUOUS
10
0.6527314960629921
20
1.5191944094488188
11
0.6588249606299212
21
1.5213023228346456
0
LINE
8
BLACK
6
CONTINUOUS
10
0.6588249606299212
20
1.5213023228346456
11
0.6627998031496063
21
1.5253774803149607
0
LINE
8
BLACK
6
CONTINUOUS
10
0.6627998031496063
20
1.5253774803149607
11
0.6649211811023622
21
1.5297870866141732
0
LINE
8
BLACK
6
CONTINUOUS
10
0.6649211811023622
20
1.5297870866141732
11
0.6672975590551181
21
1.5396654724409449
0
LINE
8
BLACK
6
CONTINUOUS
10
0.6672975590551181
20
1.5396654724409449
11
0.6672145275590551
21
1.5466817322834645
0
LINE
8
BLACK
6
CONTINUOUS
10
0.6672145275590551
20
1.5466817322834645
11
0.6646468897637795
21
1.5565773228346456
0
LINE
8
BLACK
6
CONTINUOUS
10
0.6646468897637795
20
1.5565773228346456
11
0.6625433464566929
21
1.5606287007874016
0
LINE
8
BLACK
6
CONTINUOUS
10
0.6625433464566929
20
1.5606287007874016
11
0.6585783070866141
21
1.5644961417322834
0
LINE
8
BLACK
6
CONTINUOUS
10
0.6585783070866141
20
1.5644961417322834
11
0.6522094488188976
21
1.5665394881889763
0
LINE
8
BLACK
6
CONTINUOUS
10
0.6522094488188976
20
1.5665394881889763
11
0.6451752755905512
21
1.5664870078740156
0
LINE
8
BLACK
6
CONTINUOUS
10
0.3839027559055118
20
1.5781412992125985
11
0.3842792125984252
21
1.5781412992125985
0
LINE
8
BLACK
6
CONTINUOUS
10
0.3842792125984252
20
1.5781412992125985
11
0.3850048818897638
21
1.5778406692913385
0
LINE
8
BLACK
6
CONTINUOUS
10
0.3850048818897638
20
1.5778406692913385
11
0.3857625590551181
21
1.5776340551181103
0
LINE
8
BLACK
6
CONTINUOUS
10
0.3857625590551181
20
1.5776340551181103
11
0.386060157480315
21
1.5774035433070865
0
LINE
8
BLACK
6
CONTINUOUS
10
0.386060157480315
20
1.5774035433070865
11
0.386408031496063
21
1.5772594881889763
0
LINE
8
BLACK
6
CONTINUOUS
10
0.386408031496063
20
1.5772594881889763
11
0.3869634251968504
21
1.5767040551181102
0
LINE
8
BLACK
6
CONTINUOUS
10
0.3869634251968504
20
1.5767040551181102
11
0.3875843700787401
21
1.5762232283464566
0
LINE
8
BLACK
6
CONTINUOUS
10
0.3875843700787401
20
1.5762232283464566
11
0.3877727952755906
21
1.57589468503937
0
LINE
8
BLACK
6
CONTINUOUS
10
0.3877727952755906
20
1.57589468503937
11
0.3880373228346456
21
1.5756301968503936
0
LINE
8
BLACK
6
CONTINUOUS
10
0.3880373228346456
20
1.5756301968503936
11
0.3883304330708661
21
1.5749225196850394
0
LINE
8
BLACK
6
CONTINUOUS
10
0.3883304330708661
20
1.5749225196850394
11
0.4110370866141732
21
1.5353368110236221
0
LINE
8
BLACK
6
CONTINUOUS
10
0.4110370866141732
20
1.5353368110236221
11
0.4109673622047244
21
1.5723492519685038
0
LINE
8
BLACK
6
CONTINUOUS
10
0.4109673622047244
20
1.5723492519685038
11
0.4110808267716535
21
1.5735013779527558
0
LINE
8
BLACK
6
CONTINUOUS
10
0.4110808267716535
20
1.5735013779527558
11
0.4119626377952756
21
1.5756301968503936
0
LINE
8
BLACK
6
CONTINUOUS
10
0.4119626377952756
20
1.5756301968503936
11
0.4135919291338583
21
1.5772594881889763
0
LINE
8
BLACK
6
CONTINUOUS
10
0.4135919291338583
20
1.5772594881889763
11
0.4157207480314961
21
1.5781412992125985
0
LINE
8
BLACK
6
CONTINUOUS
10
0.4157207480314961
20
1.5781412992125985
11
0.418025
21
1.5781412992125985
0
LINE
8
BLACK
6
CONTINUOUS
10
0.418025
20
1.5781412992125985
11
0.4201538188976378
21
1.5772594881889763
0
LINE
8
BLACK
6
CONTINUOUS
10
0.4201538188976378
20
1.5772594881889763
11
0.4217831102362204
21
1.5756301968503936
0
LINE
8
BLACK
6
CONTINUOUS
10
0.4217831102362204
20
1.5756301968503936
11
0.4226649212598425
21
1.5735013779527558
0
LINE
8
BLACK
6
CONTINUOUS
10
0.4226649212598425
20
1.5735013779527558
11
0.4227783858267716
21
1.5132941338582677
0
LINE
8
BLACK
6
CONTINUOUS
10
0.4227783858267716
20
1.5132941338582677
11
0.4227491732283464
21
1.5129977952755904
0
LINE
8
BLACK
6
CONTINUOUS
10
0.4227491732283464
20
1.5129977952755904
11
0.4227639763779528
21
1.5128816141732284
0
LINE
8
BLACK
6
CONTINUOUS
10
0.4227639763779528
20
1.5128816141732284
11
0.4227229133858267
21
1.5127311417322835
0
LINE
8
BLACK
6
CONTINUOUS
10
0.4227229133858267
20
1.5127311417322835
11
0.4226649212598425
21
1.5121420078740158
0
LINE
8
BLACK
6
CONTINUOUS
10
0.4226649212598425
20
1.5121420078740158
11
0.4223642913385827
21
1.5114162992125983
0
LINE
8
BLACK
6
CONTINUOUS
10
0.4223642913385827
20
1.5114162992125983
11
0.4221576771653543
21
1.5106586614173227
0
LINE
8
BLACK
6
CONTINUOUS
10
0.4221576771653543
20
1.5106586614173227
11
0.4219271653543307
21
1.5103610236220473
0
LINE
8
BLACK
6
CONTINUOUS
10
0.4219271653543307
20
1.5103610236220473
11
0.4217831102362204
21
1.5100131889763779
0
LINE
8
BLACK
6
CONTINUOUS
10
0.4217831102362204
20
1.5100131889763779
11
0.4212276771653543
21
1.5094577559055118
0
LINE
8
BLACK
6
CONTINUOUS
10
0.4212276771653543
20
1.5094577559055118
11
0.4207468503937008
21
1.5088368503937009
0
LINE
8
BLACK
6
CONTINUOUS
10
0.4207468503937008
20
1.5088368503937009
11
0.4204199606299213
21
1.5086500393700788
0
LINE
8
BLACK
6
CONTINUOUS
10
0.4204199606299213
20
1.5086500393700788
11
0.4201538188976378
21
1.5083838976377952
0
LINE
8
BLACK
6
CONTINUOUS
10
0.4201538188976378
20
1.5083838976377952
11
0.419428188976378
21
1.5080833070866142
0
LINE
8
BLACK
6
CONTINUOUS
10
0.419428188976378
20
1.5080833070866142
11
0.4187462204724409
21
1.5076936220472441
0
LINE
8
BLACK
6
CONTINUOUS
10
0.4187462204724409
20
1.5076936220472441
11
0.4183727559055118
21
1.5076461417322835
0
LINE
8
BLACK
6
CONTINUOUS
10
0.4183727559055118
20
1.5076461417322835
11
0.418025
21
1.5075020866141733
0
LINE
8
BLACK
6
CONTINUOUS
10
0.418025
20
1.5075020866141733
11
0.4172395669291338
21
1.5075020866141733
0
LINE
8
BLACK
6
CONTINUOUS
10
0.4172395669291338
20
1.5075020866141733
11
0.4164603937007874
21
1.5074030314960629
0
LINE
8
BLACK
6
CONTINUOUS
10
0.4164603937007874
20
1.5074030314960629
11
0.4160972047244094
21
1.5075020866141733
0
LINE
8
BLACK
6
CONTINUOUS
10
0.4160972047244094
20
1.5075020866141733
11
0.4157207480314961
21
1.5075020866141733
0
LINE
8
BLACK
6
CONTINUOUS
10
0.4157207480314961
20
1.5075020866141733
11
0.4149951968503937
21
1.5078025984251968
0
LINE
8
BLACK
6
CONTINUOUS
10
0.4149951968503937
20
1.5078025984251968
11
0.4142374015748032
21
1.5080092913385827
0
LINE
8
BLACK
6
CONTINUOUS
10
0.4142374015748032
20
1.5080092913385827
11
0.4139396850393701
21
1.508239842519685
0
LINE
8
BLACK
6
CONTINUOUS
10
0.4139396850393701
20
1.508239842519685
11
0.4135919291338583
21
1.5083838976377952
0
LINE
8
BLACK
6
CONTINUOUS
10
0.4135919291338583
20
1.5083838976377952
11
0.4130365748031496
21
1.5089392125984251
0
LINE
8
BLACK
6
CONTINUOUS
10
0.4130365748031496
20
1.5089392125984251
11
0.4124155905511811
21
1.509420157480315
0
LINE
8
BLACK
6
CONTINUOUS
10
0.4124155905511811
20
1.509420157480315
11
0.412227125984252
21
1.5097486614173228
0
LINE
8
BLACK
6
CONTINUOUS
10
0.412227125984252
20
1.5097486614173228
11
0.4119626377952756
21
1.5100131889763779
0
LINE
8
BLACK
6
CONTINUOUS
10
0.4119626377952756
20
1.5100131889763779
11
0.4116694881889764
21
1.5107208267716534
0
LINE
8
BLACK
6
CONTINUOUS
10
0.4116694881889764
20
1.5107208267716534
11
0.3889628346456693
21
1.5503065748031495
0
LINE
8
BLACK
6
CONTINUOUS
10
0.3889628346456693
20
1.5503065748031495
11
0.3890325984251968
21
1.5132941338582677
0
LINE
8
BLACK
6
CONTINUOUS
10
0.3890325984251968
20
1.5132941338582677
11
0.3889191338582677
21
1.5121420078740158
0
LINE
8
BLACK
6
CONTINUOUS
10
0.3889191338582677
20
1.5121420078740158
11
0.3880373228346456
21
1.5100131889763779
0
LINE
8
BLACK
6
CONTINUOUS
10
0.3880373228346456
20
1.5100131889763779
11
0.386408031496063
21
1.5083838976377952
0
LINE
8
BLACK
6
CONTINUOUS
10
0.386408031496063
20
1.5083838976377952
11
0.3842792125984252
21
1.5075020866141733
0
LINE
8
BLACK
6
CONTINUOUS
10
0.3842792125984252
20
1.5075020866141733
11
0.3819749606299213
21
1.5075020866141733
0
LINE
8
BLACK
6
CONTINUOUS
10
0.3819749606299213
20
1.5075020866141733
11
0.3798461417322835
21
1.5083838976377952
0
LINE
8
BLACK
6
CONTINUOUS
10
0.3798461417322835
20
1.5083838976377952
11
0.3782168503937008
21
1.5100131889763779
0
LINE
8
BLACK
6
CONTINUOUS
10
0.3782168503937008
20
1.5100131889763779
11
0.3773350393700787
21
1.5121420078740158
0
LINE
8
BLACK
6
CONTINUOUS
10
0.3773350393700787
20
1.5121420078740158
11
0.3772215748031496
21
1.5723492519685038
0
LINE
8
BLACK
6
CONTINUOUS
10
0.3772215748031496
20
1.5723492519685038
11
0.3772507480314961
21
1.5726455118110236
0
LINE
8
BLACK
6
CONTINUOUS
10
0.3772507480314961
20
1.5726455118110236
11
0.3772359842519685
21
1.5727617322834646
0
LINE
8
BLACK
6
CONTINUOUS
10
0.3772359842519685
20
1.5727617322834646
11
0.3772770078740157
21
1.572912125984252
0
LINE
8
BLACK
6
CONTINUOUS
10
0.3772770078740157
20
1.572912125984252
11
0.3773350393700787
21
1.5735013779527558
0
LINE
8
BLACK
6
CONTINUOUS
10
0.3773350393700787
20
1.5735013779527558
11
0.3776356299212598
21
1.5742270472440945
0
LINE
8
BLACK
6
CONTINUOUS
10
0.3776356299212598
20
1.5742270472440945
11
0.3778422834645669
21
1.5749847244094488
0
LINE
8
BLACK
6
CONTINUOUS
10
0.3778422834645669
20
1.5749847244094488
11
0.3780727559055118
21
1.5752823228346455
0
LINE
8
BLACK
6
CONTINUOUS
10
0.3780727559055118
20
1.5752823228346455
11
0.3782168503937008
21
1.5756301968503936
0
LINE
8
BLACK
6
CONTINUOUS
10
0.3782168503937008
20
1.5756301968503936
11
0.3787722440944882
21
1.576185590551181
0
LINE
8
BLACK
6
CONTINUOUS
10
0.3787722440944882
20
1.576185590551181
11
0.3792531102362204
21
1.5768065354330709
0
LINE
8
BLACK
6
CONTINUOUS
10
0.3792531102362204
20
1.5768065354330709
11
0.3795799606299213
21
1.5769933070866142
0
LINE
8
BLACK
6
CONTINUOUS
10
0.3795799606299213
20
1.5769933070866142
11
0.3798461417322835
21
1.5772594881889763
0
LINE
8
BLACK
6
CONTINUOUS
10
0.3798461417322835
20
1.5772594881889763
11
0.3805717322834646
21
1.5775600393700786
0
LINE
8
BLACK
6
CONTINUOUS
10
0.3805717322834646
20
1.5775600393700786
11
0.3812537401574803
21
1.5779497637795274
0
LINE
8
BLACK
6
CONTINUOUS
10
0.3812537401574803
20
1.5779497637795274
11
0.3816271653543307
21
1.5779972047244095
0
LINE
8
BLACK
6
CONTINUOUS
10
0.3816271653543307
20
1.5779972047244095
11
0.3819749606299213
21
1.5781412992125985
0
LINE
8
BLACK
6
CONTINUOUS
10
0.3819749606299213
20
1.5781412992125985
11
0.3827603937007874
21
1.5781412992125985
0
LINE
8
BLACK
6
CONTINUOUS
10
0.3827603937007874
20
1.5781412992125985
11
0.3835395669291338
21
1.5782403543307086
0
LINE
8
BLACK
6
CONTINUOUS
10
0.3835395669291338
20
1.5782403543307086
11
0.3839027559055118
21
1.5781412992125985
0
LINE
8
BLACK
6
CONTINUOUS
10
0.5635545275590551
20
1.5774797244094487
11
0.5652952362204724
21
1.5759699999999999
0
LINE
8
BLACK
6
CONTINUOUS
10
0.5652952362204724
20
1.5759699999999999
11
0.5663257086614173
21
1.5739090944881888
0
LINE
8
BLACK
6
CONTINUOUS
10
0.5663257086614173
20
1.5739090944881888
11
0.566489094488189
21
1.5716106692913385
0
LINE
8
BLACK
6
CONTINUOUS
10
0.566489094488189
20
1.5716106692913385
11
0.5465473228346457
21
1.511426653543307
0
LINE
8
BLACK
6
CONTINUOUS
10
0.5465473228346457
20
1.511426653543307
11
0.5460753543307086
21
1.5103695275590552
0
LINE
8
BLACK
6
CONTINUOUS
10
0.5460753543307086
20
1.5103695275590552
11
0.5457988582677166
21
1.510050748031496
0
LINE
8
BLACK
6
CONTINUOUS
10
0.5457988582677166
20
1.510050748031496
11
0.5456101968503937
21
1.5096733858267717
0
LINE
8
BLACK
6
CONTINUOUS
10
0.5456101968503937
20
1.5096733858267717
11
0.5450507874015748
21
1.5091881889763779
0
LINE
8
BLACK
6
CONTINUOUS
10
0.5450507874015748
20
1.5091881889763779
11
0.5445656299212598
21
1.5086288188976378
0
LINE
8
BLACK
6
CONTINUOUS
10
0.5445656299212598
20
1.5086288188976378
11
0.5441882283464566
21
1.5084401181102363
0
LINE
8
BLACK
6
CONTINUOUS
10
0.5441882283464566
20
1.5084401181102363
11
0.5438694881889764
21
1.5081636614173228
0
LINE
8
BLACK
6
CONTINUOUS
10
0.5438694881889764
20
1.5081636614173228
11
0.543166968503937
21
1.5079294488188977
0
LINE
8
BLACK
6
CONTINUOUS
10
0.543166968503937
20
1.5079294488188977
11
0.5425047244094489
21
1.5075983464566929
0
LINE
8
BLACK
6
CONTINUOUS
10
0.5425047244094489
20
1.5075983464566929
11
0.5420838976377953
21
1.5075684251968504
0
LINE
8
BLACK
6
CONTINUOUS
10
0.5420838976377953
20
1.5075684251968504
11
0.5416835039370078
21
1.5074349606299213
0
LINE
8
BLACK
6
CONTINUOUS
10
0.5416835039370078
20
1.5074349606299213
11
0.5409446850393701
21
1.507487440944882
0
LINE
8
BLACK
6
CONTINUOUS
10
0.5409446850393701
20
1.507487440944882
11
0.5402062598425197
21
1.5074349999999999
0
LINE
8
BLACK
6
CONTINUOUS
10
0.5402062598425197
20
1.5074349999999999
11
0.5398059448818897
21
1.5075684251968504
0
LINE
8
BLACK
6
CONTINUOUS
10
0.5398059448818897
20
1.5075684251968504
11
0.5393850787401575
21
1.5075983464566929
0
LINE
8
BLACK
6
CONTINUOUS
10
0.5393850787401575
20
1.5075983464566929
11
0.538722716535433
21
1.5079294881889764
0
LINE
8
BLACK
6
CONTINUOUS
10
0.538722716535433
20
1.5079294881889764
11
0.5380202755905512
21
1.5081636614173228
0
LINE
8
BLACK
6
CONTINUOUS
10
0.5380202755905512
20
1.5081636614173228
11
0.5377015748031496
21
1.5084400393700788
0
LINE
8
BLACK
6
CONTINUOUS
10
0.5377015748031496
20
1.5084400393700788
11
0.5373241338582677
21
1.508628779527559
0
LINE
8
BLACK
6
CONTINUOUS
10
0.5373241338582677
20
1.508628779527559
11
0.5368388582677165
21
1.5091882677165354
0
LINE
8
BLACK
6
CONTINUOUS
10
0.5368388582677165
20
1.5091882677165354
11
0.5362795669291338
21
1.5096733858267717
0
LINE
8
BLACK
6
CONTINUOUS
10
0.5362795669291338
20
1.5096733858267717
11
0.5360908661417323
21
1.5100507086614172
0
LINE
8
BLACK
6
CONTINUOUS
10
0.5360908661417323
20
1.5100507086614172
11
0.5358144094488189
21
1.5103695275590552
0
LINE
8
BLACK
6
CONTINUOUS
10
0.5358144094488189
20
1.5103695275590552
11
0.5355759842519685
21
1.511080433070866
0
LINE
8
BLACK
6
CONTINUOUS
10
0.5355759842519685
20
1.511080433070866
11
0.5352490944881889
21
1.5117342913385827
0
LINE
8
BLACK
6
CONTINUOUS
10
0.5352490944881889
20
1.5117342913385827
11
0.5352201181102362
21
1.5121417322834645
0
LINE
8
BLACK
6
CONTINUOUS
10
0.5352201181102362
20
1.5121417322834645
11
0.5156574015748031
21
1.5704817716535433
0
LINE
8
BLACK
6
CONTINUOUS
10
0.5156574015748031
20
1.5704817716535433
11
0.5154007086614173
21
1.5716106299212598
0
LINE
8
BLACK
6
CONTINUOUS
10
0.5154007086614173
20
1.5716106299212598
11
0.5155640551181102
21
1.5739090944881888
0
LINE
8
BLACK
6
CONTINUOUS
10
0.5155640551181102
20
1.5739090944881888
11
0.5165945275590551
21
1.5759699999999999
0
LINE
8
BLACK
6
CONTINUOUS
10
0.5165945275590551
20
1.5759699999999999
11
0.5183352362204724
21
1.5774797244094487
0
LINE
8
BLACK
6
CONTINUOUS
10
0.5183352362204724
20
1.5774797244094487
11
0.520521220472441
21
1.5782083858267717
0
LINE
8
BLACK
6
CONTINUOUS
10
0.520521220472441
20
1.5782083858267717
11
0.52281968503937
21
1.5780450393700787
0
LINE
8
BLACK
6
CONTINUOUS
10
0.52281968503937
20
1.5780450393700787
11
0.5248805905511811
21
1.5770145669291338
0
LINE
8
BLACK
6
CONTINUOUS
10
0.5248805905511811
20
1.5770145669291338
11
0.5263903149606299
21
1.5752738582677166
0
LINE
8
BLACK
6
CONTINUOUS
10
0.5263903149606299
20
1.5752738582677166
11
0.5409704724409449
21
1.531792874015748
0
LINE
8
BLACK
6
CONTINUOUS
10
0.5409704724409449
20
1.531792874015748
11
0.5550274803149606
21
1.5742167322834646
0
LINE
8
BLACK
6
CONTINUOUS
10
0.5550274803149606
20
1.5742167322834646
11
0.5554994488188977
21
1.5752738582677166
0
LINE
8
BLACK
6
CONTINUOUS
10
0.5554994488188977
20
1.5752738582677166
11
0.5570091732283464
21
1.5770146062992125
0
LINE
8
BLACK
6
CONTINUOUS
10
0.5570091732283464
20
1.5770146062992125
11
0.5590701181102362
21
1.5780450393700787
0
LINE
8
BLACK
6
CONTINUOUS
10
0.5590701181102362
20
1.5780450393700787
11
0.5613685433070866
21
1.5782084251968505
0
LINE
8
BLACK
6
CONTINUOUS
10
0.5613685433070866
20
1.5782084251968505
11
0.5635545275590551
21
1.5774797244094487
0
CIRCLE
8
BLACK
10
0.15
20
0.61
40
0.0068897637795276
0
CIRCLE
8
BLACK
10
0.25
20
0.61
40
0.0068897637795276
0
CIRCLE
8
BLACK
10
0.15
20
0.51
40
0.0068897637795276
0
CIRCLE
8
BLACK
10
0.25
20
0.51
40
0.0068897637795276
0
CIRCLE
8
BLACK
10
0.15
20
0.41
40
0.0068897637795276
0
CIRCLE
8
BLACK
10
0.25
20
0.41
40
0.0068897637795276
0
CIRCLE
8
BLACK
10
0.89
20
0.83
40
0.0068897637795276
0
CIRCLE
8
BLACK
10
0.79
20
0.83
40
0.0068897637795276
0
CIRCLE
8
BLACK
10
1.04
20
1.0600000000000001
40
0.0068897637795276
0
CIRCLE
8
BLACK
10
0.9399999999999999
20
1.0600000000000001
40
0.0068897637795276
0
CIRCLE
8
BLACK
10
1.04
20
1.1599999999999999
40
0.0068897637795276
0
CIRCLE
8
BLACK
10
0.9399999999999999
20
1.1599999999999999
40
0.0068897637795276
0
CIRCLE
8
BLACK
10
0.7999999999999999
20
1.4475
40
0.0068897637795276
0
CIRCLE
8
BLACK
10
0.7999999999999999
20
1.3474999999999999
40
0.0068897637795276
0
CIRCLE
8
BLACK
10
0.7
20
1.4475
40
0.0068897637795276
0
CIRCLE
8
BLACK
10
0.7
20
1.3474999999999999
40
0.0068897637795276
0
CIRCLE
8
BLACK
10
0.6
20
1.4475
40
0.0068897637795276
0
CIRCLE
8
BLACK
10
0.6
20
1.3474999999999999
40
0.0068897637795276
0
CIRCLE
8
BLACK
10
0.5
20
1.4475
40
0.0068897637795276
0
CIRCLE
8
BLACK
10
0.5
20
1.3474999999999999
40
0.0068897637795276
0
CIRCLE
8
BLACK
10
0.4
20
1.4475
40
0.0068897637795276
0
CIRCLE
8
BLACK
10
0.4
20
1.3474999999999999
40
0.0068897637795276
0
CIRCLE
8
BLACK
10
0.2
20
1.3999999999999999
40
0.0068897637795276
0
CIRCLE
8
BLACK
10
1.
20
0.2
40
0.0068897637795276
0
CIRCLE
8
BLACK
10
1.
20
1.3999999999999999
40
0.0068897637795276
0
CIRCLE
8
BLACK
10
0.2
20
0.2
40
0.0068897637795276
0
CIRCLE
8
BLACK
10
0.72
20
0.2131496062992126
40
0.0068897637795276
0
CIRCLE
8
BLACK
10
0.72
20
0.41
40
0.0068897637795276
0
CIRCLE
8
BLACK
10
0.52
20
0.2131496062992126
40
0.0068897637795276
0
CIRCLE
8
BLACK
10
0.52
20
0.41
40
0.0068897637795276
0
CIRCLE
8
BLACK
10
0.1525
20
1.175
40
0.0068897637795276
0
CIRCLE
8
BLACK
10
0.1525
20
1.075
40
0.0068897637795276
0
CIRCLE
8
BLACK
10
0.1525
20
0.975
40
0.0068897637795276
0
CIRCLE
8
BLACK
10
0.84
20
1.0600000000000001
40
0.0068897637795276
0
CIRCLE
8
BLACK
10
0.84
20
1.1599999999999999
40
0.0068897637795276
  0
ENDSEC
  0
EOF
